#,company,domain,hq_country,sector,subsector,employees_est,affordability,why_f1
1,Anaplan,anaplan.com,United States,B2B Spend & Corporate Cards,Financial planning & analysis (office of the CFO),2400,Revenue ~$700M; Thoma Bravo-owned ($10.7B take-private),"Sells scenario-planning to the same CFO buyer; deep sports-analytics sponsorship heritage (sailing, NFL) suggests appetite for a global performance-data property."
2,Atradius,atradius.com,Netherlands,B2B Spend & Corporate Cards,Trade credit insurance & B2B trade credit,3700,"Revenue ~€2.5B, consistently profitable (Grupo Catalana Occidente)","Global trade-credit leader insuring B2B receivables in 50+ countries; F1 reaches the exporters and CFOs who buy credit cover, in a category with no F1 presence."
3,Avalara,avalara.com,United States,B2B Spend & Corporate Cards,Tax compliance automation (invoice-adjacent),4500,Revenue >$1B; Vista Equity-owned ($8.4B take-private),"History of quirky big-stage brand marketing (orange brand, stadium deals); global e-invoicing mandate wave gives it reason to build awareness in Europe/LatAm/India."
4,Basware,basware.com,Finland,B2B Spend & Corporate Cards,E-invoicing & AP automation,1680,"Revenue ~€180M, profitable; Accel-KKR-owned; $10T+ spend handled","Invoice-lifecycle AI leader with 6,500+ enterprise customers; a global sponsorship would cement category leadership vs SAP/Coupa in its European heartland. (Affordability at lower bound — flag for qualification.)"
5,BlackLine,blackline.com,United States,B2B Spend & Corporate Cards,Financial close & invoice-to-cash automation,1900,"Public (NASDAQ: BL); revenue ~$650M+, profitable",Global office-of-the-CFO brand seeking differentiation vs SAP/Oracle; precision/control messaging fits F1; strong EMEA/APAC customer base.
6,Bottomline Technologies,bottomline.com,United States,B2B Spend & Corporate Cards,B2B payments & AP automation,2700,Revenue ~$500M+; Thoma Bravo-owned ($2.6B take-private),Established but low-profile B2B payments network (Paymode-X) needing brand refresh; strong US/UK presence matches F1's growth markets.
7,Convera,convera.com,United States,B2B Spend & Corporate Cards,B2B cross-border payments & FX,2000,Revenue ~$600M; $170B+ annual payment volume,Ex-Western Union Business Solutions rebuilding a standalone brand from scratch — exactly the profile that buys a global platform like F1.
8,dLocal,dlocal.com,Uruguay,B2B Spend & Corporate Cards,Cross-border payments for emerging markets,1000,"Public (NASDAQ: DLO); revenue ~$750M, profitable","Emerging-markets payments champion (LatAm/Africa/Asia) as F1 grows exactly there; profitable with net cash, and rival Nubank just joined F1 — competitive trigger."
9,EBANX,ebanx.com,Brazil,B2B Spend & Corporate Cards,Cross-border payments infrastructure (LatAm),1100,Revenue ~$360M; long-standing profitability; pre-IPO,Brazilian fintech connecting global merchants to LatAm; São Paulo GP home race and F1's LatAm fanbase align with its brand-awareness needs among global enterprises.
10,Ebury,ebury.com,United Kingdom,B2B Spend & Corporate Cards,"SMB cross-border payments, FX & trade finance",2030,Revenue £220M FY24; Santander majority-owned; IPO candidate,Pre-IPO visibility push across 25+ markets; trade/FX-for-business message suits F1's international commerce audience (Ebury itself holds no F1 deal; parent Santander's Ferrari deal has ended).
11,Flywire,flywire.com,United States,B2B Spend & Corporate Cards,Cross-border B2B & institutional payments,1300,Public (NASDAQ: FLYW); revenue ~$490M+,Cross-border payments across 140+ currencies is an inherently global story; travel vertical growth aligns with F1 host-market audiences.
12,Fortnox,fortnox.se,Sweden,B2B Spend & Corporate Cards,"SMB accounting, invoicing & payments",600,Revenue ~SEK 2.5B with ~50% EBITDA margin; EQT/First Kraft take-private at $5.5B (2025),Extraordinarily profitable Nordic platform whose new owners want growth beyond Sweden; a statement sponsorship would announce international ambitions.
13,G-P (Globalization Partners),globalization-partners.com,United States,B2B Spend & Corporate Cards,Employer of record & global payroll,1500,"Revenue ~$384M (2024), record 2025; ~$4B+ valuation",EOR category leader in a brand war with Deel/Remote; 'hire anywhere' message is a natural fit for a 24-country championship.
14,Gusto,gusto.com,United States,B2B Spend & Corporate Cards,SMB payroll & benefits with wallet/money products,3700,"Revenue ~$1B (2025), cash-flow positive; $9.3B valuation, pre-IPO",Pre-IPO awareness build; F1's fast-growing US audience of business owners matches its SMB payroll buyer.
15,HighRadius,highradius.com,United States,B2B Spend & Corporate Cards,Autonomous AR / order-to-cash & treasury,4450,"~$300M ARR, profitable; $3.1B valuation, pre-IPO",Pre-IPO brand-building window; 'autonomous finance' AI positioning pairs naturally with F1 data/speed storytelling; already active in sports-adjacent marketing.
16,IRIS Software Group,irisglobal.com,United Kingdom,B2B Spend & Corporate Cards,Accountancy & payroll software,2600,"Revenue £310M+ (90% subscription), highly profitable; Hg/Leonard Green-backed at £3.2B",Cash-generative UK champion expanding hard into US payroll/accounting; British-based F1 platform is a natural transatlantic brand vehicle.
17,Ivalua,ivalua.com,France,B2B Spend & Corporate Cards,Source-to-pay procurement software,1070,Profitable with zero debt; unicorn; +24% subscription growth 2025 with strong cash flow,Enterprise procurement unicorn expanding in APAC/US; profitable self-funded growth and a performance-engineering brand story that fits F1.
18,Justworks,justworks.com,United States,B2B Spend & Corporate Cards,PEO / SMB payroll & benefits,1400,"GAAP revenue ~$1B+ (incl. benefits pass-through), profitable; shelved IPO ready to revive",Profitable at scale with an IPO on the horizon; F1's surging US SMB-owner viewership is its core demo.
19,Kyriba,kyriba.com,United States,B2B Spend & Corporate Cards,Treasury & liquidity management,1400,Revenue ~$280M; Bridgepoint majority ($3B valuation); $15T payments managed annually,Treasury category leader selling to the same CFO/treasurer audience F1 hospitality convenes; 'liquidity performance' tagline built for a performance-sport tie-in.
20,MYOB,myob.com,Australia,B2B Spend & Corporate Cards,"SMB accounting, payroll & business management",2000,Revenue ~A$700M scale (~$470M USD reported); KKR-owned,ANZ market leader defending against Xero; home-market Melbourne GP anchor plus KKR backing for a bolder brand play.
21,OneStream,onestream.com,United States,B2B Spend & Corporate Cards,"CFO platform: close, consolidation & planning",1500,Public (NASDAQ: OS); revenue ~$500M,Already spends on motorsport (IndyCar Detroit GP title) — proven appetite for racing; F1 is the logical global step-up for its enterprise finance brand.
22,Paymentus,paymentus.com,United States,B2B Spend & Corporate Cards,Billing & payments platform (biller-direct),2000,"Public (NYSE: PAY); revenue >$1B, profitable, ~$10B market cap",Quietly one of the most profitable billing platforms with near-zero brand awareness; sponsorship would support enterprise and international push.
23,Sovos,sovos.com,United States,B2B Spend & Corporate Cards,"Tax, e-invoicing & regulatory compliance",3240,Revenue ~$475M; Hg and TA Associates-backed,"Strong LatAm/Europe e-invoicing franchise — F1's calendar covers its priority compliance markets (Brazil, Mexico, Spain, Italy)."
24,Thunes,thunes.com,Singapore,B2B Spend & Corporate Cards,Cross-border B2B payments network,560,"$150M Series D (Apr 2025, Apis/Vitruvian); ~$150M revenue run-rate, EBITDA positive","Fresh capital earmarked for US/global expansion; network-reach story (130+ countries) mirrors F1's footprint, and rivals (Visa, Airwallex) are already on the grid."
25,Unit4,unit4.com,Netherlands,B2B Spend & Corporate Cards,Financial management ERP for services firms,2600,Revenue ~$380M; TA Associates-owned ($2B deal),Mid-market ERP challenger to SAP/Workday needing top-of-funnel awareness in Northern Europe and North America — F1's core corporate audiences.
26,Vertex Inc,vertexinc.com,United States,B2B Spend & Corporate Cards,Indirect tax & e-invoicing compliance,1500,Public (NASDAQ: VERX); revenue ~$700M,"Competes with Avalara/Sovos for the same CFO buyer; profitable, global expansion phase, and virtually unknown outside tax — high upside from a marquee property."
27,Xero,xero.com,New Zealand,B2B Spend & Corporate Cards,"Cloud accounting, invoicing & bill pay (owns Melio)",4610,"Public (ASX: XRO); revenue ~NZ$2.1B, profitable; $2.5B Melio acquisition funds US B2B payments push",Big global sports-sponsorship history (FIFA); needs US awareness for the Melio-powered payments push — F1's US growth and global SMB reach fit.
28,Zip,ziphq.com,United States,B2B Spend & Corporate Cards,Procurement orchestration / intake-to-pay,1360,$190M Series D (Oct 2024) at $2.2B valuation; $371M total raised,Fast-scaling challenger brand entering EMEA/APAC; F1 would leapfrog awareness against incumbent Coupa/SAP Ariba among enterprise buyers.
29,Zuora,zuora.com,United States,B2B Spend & Corporate Cards,Subscription billing & monetization,1600,"Revenue ~$450M; Silver Lake take-private ($1.7B, 2025)",Post-buyout growth push into usage-based monetization; F1's own subscription/streaming economy makes a credible product tie-in.
30,Aspire,aspireapp.com,Singapore,B2B Spend & Corporate Cards,"All-in-one business finance: corporate cards, expense & payables (SEA)",1151,"Profitable since 2023; revenue $75-200M (Clay-verified band); $406M total raised, backed by Sequoia/Lightspeed","Southeast Asia's leading SMB finance OS — Singapore GP is the region's marquee corporate-hospitality event and its literal home race; profitable and expansion-minded (borderline on scale, flagged)."
31,AvidXchange,avidxchange.com,United States,B2B Spend & Corporate Cards,AP automation & virtual card B2B payments,1600,Revenue ~$440M; taken private by TPG/Corpay at $2.2B (2025),Virtual-card monetization engine needs mid-market brand reach; new PE owners investing in growth; motorsport hospitality suits its US mid-market finance-exec buyers.
32,BILL (Bill.com),bill.com,United States,B2B Spend & Corporate Cards,AP/AR automation & Divvy spend/corporate cards,2400,"Public (NYSE: BILL); revenue ~$1.4B FY25, non-GAAP profitable","Owns Divvy card/spend platform; needs consumer-grade brand awareness among SMB owners globally — F1's US+global growth audience fits, and no card-network conflict of its own."
33,Brex,brex.com,United States,B2B Spend & Corporate Cards,Corporate cards & spend management,1100,"Net revenue ~$400-500M annualized, approaching profitability; $12B+ prior valuation",Enterprise push (Brex Empower) needs global B2B brand credibility; verified no existing F1 sponsorship — F1 paddock hospitality maps directly to CFO/enterprise buyer entertainment.
34,bunq,bunq.com,Netherlands,B2B Spend & Corporate Cards,Business banking with card programs (SME & freelancer accounts),700,"Profitable at scale (net profit €85M+ 2024, deposits €8B+); EU's second-largest neobank","Profitable, founder-led, marketing-forward challenger expanding to UK/US; digital-nomad and entrepreneur base matches F1's international audience."
35,Capital on Tap,capitalontap.com,United Kingdom,B2B Spend & Corporate Cards,Small business credit cards (UK & US),700,"Profitable since 2017; revenue ~$400M; 200,000+ business customers; $870M+ credit facilities","Pure-play SMB credit card issuer expanding in the US — exactly the audience F1's US boom reaches; long profitable, already spends on mainstream sports-adjacent marketing."
36,Clara,clara.com,Mexico,B2B Spend & Corporate Cards,Corporate cards & spend management (LatAm),600,"$80M equity/growth (Apr 2025) + $70M IFC/BBVA debt (Nov 2025) = $150M raised in last 24 months; near consolidated profitability, unicorn","LatAm spend-management leader in Mexico/Brazil/Colombia — Mexico City and São Paulo GPs are home races; regional fintechs (Nubank, Mercado Pago) have validated F1's LatAm ROI."
37,Corporate Travel Management (CTM),travelctm.com,Australia,B2B Spend & Corporate Cards,Business travel management & expense,2600,"Public (ASX: CTD); revenue ~AU$700M (~$460M), profitable","Global corporate travel manager (ANZ, Asia, Europe, North America); F1 hospitality is a natural client-entertainment and travel-logistics showcase; profitable public company."
38,Coupa Software,coupa.com,United States,B2B Spend & Corporate Cards,Business spend management (procure-to-pay),3300,Revenue >$1B; owned by Thoma Bravo ($8B take-private),Literally brands itself 'Business Spend Management'; enterprise buyer entertainment at Paddock Club and data/AI storytelling with a team fits its ERP-displacement sales motion.
39,Emburse,emburse.com,United States,B2B Spend & Corporate Cards,"Travel & expense management, corporate cards",927,"Revenue ~$300M reported; PE-backed (K1/TA), 20,000+ org customers — profitable at scale",Clay-verified 927 employees; competes head-on with SAP Concur (a Mercedes partner) — F1 gives it equivalent global stage; travel-expense category has natural race-travel activation.
40,Esker,esker.com,France,B2B Spend & Corporate Cards,Procure-to-pay & AP automation (spend management suite),1050,"Revenue ~€205M, consistently profitable; acquired by Bridgepoint/General Atlantic at ~€1.6B — profitable at scale",French champion in AI-driven spend/AP automation with new PE owners funding global brand growth; enterprise CFO audience at Paul Ricard-heritage French fanbase and beyond.
41,Finom,finom.co,Netherlands,B2B Spend & Corporate Cards,SME business banking & cards (pan-European),800,Raised ~€208M in last 18 months (€92.7M General Catalyst Feb 2025 + €115M Series C Jun 2025),Racing to one million European SME customers; needs fast brand recognition across Germany/France/Italy/Spain/Netherlands — five F1 race markets; Dutch HQ ties to Zandvoort-era fan surge.
42,JAGGAER,jaggaer.com,United States,B2B Spend & Corporate Cards,Enterprise spend management / source-to-pay,1250,"Revenue ~$300M+; Vista Equity-owned, profitable enterprise SaaS",Global enterprise spend platform competing with Coupa/SAP Ariba; F1 tech-partnership model (supply-chain/procurement of a race team) is a proven B2B story.
43,Marqeta,marqeta.com,United States,B2B Spend & Corporate Cards,Card issuing infrastructure powering corporate card programs,800,"Public (NASDAQ: MQ); net revenue ~$500M+, ~$1B cash on balance sheet",Issuing rails behind many corporate card programs; F1 lets it build a brand above its fintech customers as networks (Visa/Mastercard) already do on the grid.
44,Mercury,mercury.com,United States,B2B Spend & Corporate Cards,Business banking with corporate card program (IO card),850,"Raised $300M Series C (Mar 2025, $3.5B valuation); 10+ consecutive profitable quarters, revenue $500M+",Profitable startup-banking leader expanding beyond tech founders; F1's innovation/precision branding fits its design-led positioning; verified no current F1 deal.
45,Money Forward,moneyforward.com,Japan,B2B Spend & Corporate Cards,Expense management & business cards (Money Forward Cloud/Pay for Business),2300,"Public (TSE: 3994); revenue ~¥40B+ (~$270M), EBITDA positive",Japan's leading corporate expense/back-office SaaS with its own business card; Suzuka and Honda's return give Japanese B2B brands renewed F1 relevance.
46,Monzo,monzo.com,United Kingdom,B2B Spend & Corporate Cards,Business banking arm (Monzo Business) with card programs,4300,"Revenue ~£1.2B, profitable; ~$5.9B valuation",Profitable neobank scaling Monzo Business and US/Europe expansion; young-professional and business-owner audience overlaps F1's fastest-growing demographics.
47,Motive,gomotive.com,United States,B2B Spend & Corporate Cards,Fleet spend management & Motive Card (fuel/fleet corporate card),4000,ARR $501M (up 28%); filed for NYSE IPO Dec 2025 (ticker MTVE),Vehicles + telematics + spend cards — motorsport is the most on-brand sponsorship category possible; IPO-year brand budget and precedent of fleet-tech firms in racing.
48,Navan,navan.com,United States,B2B Spend & Corporate Cards,Business travel & expense management,3000,Revenue ~$500M+; IPO on Nasdaq (2025) provides public-market capital,"Travel & expense platform — F1's global race calendar is a literal showcase for corporate travel; newly public, needs global brand campaigns to win enterprise T&E share from Amex GBT/Concur."
49,Payoneer,payoneer.com,United States,B2B Spend & Corporate Cards,Cross-border B2B payments & commercial Mastercard program,2000,"Public (NASDAQ: PAYO); revenue ~$1B, GAAP profitable","Serves SMB exporters in 190 countries — F1's global footprint (Gulf, APAC, LatAm races) mirrors its customer geographies; profitable with sponsorship-scale marketing budget."
50,Qonto,qonto.com,France,B2B Spend & Corporate Cards,SMB business banking & corporate cards,1600,"Profitable since 2023 at scale (600,000+ SME customers); €5B valuation, ~€500M cash raised",Europe's largest SMB finance platform seeking pan-European brand ubiquity ahead of possible IPO; French/Italian/Spanish/German race markets = its exact expansion map.
51,Ramp,ramp.com,United States,B2B Spend & Corporate Cards,Spend management & corporate cards,1200,"Raised ~$700M+ equity in last 24 months ($200M Mar 2025, $500M Jul 2025 at $22.5B valuation); annualized revenue ~$700M","Category leader hungry for global brand awareness vs Amex/SAP Concur incumbents; no F1 deal today while rivals (Visa, Mastercard, Amex) own the grid — F1's affluent business-decision-maker audience is exactly its buyer."
52,Razorpay,razorpay.com,India,B2B Spend & Corporate Cards,RazorpayX business banking & corporate cards,3000,"Revenue ~$300M+ FY25, turned profitable; $7.5B valuation",India's business-payments leader redomiciling for IPO; F1's massive Indian fanbase (Drive to Survive era) offers brand scale no domestic property matches.
53,Rippling,rippling.com,United States,B2B Spend & Corporate Cards,Workforce platform with Rippling Spend (corporate cards & expense),4000,"Raised $450M Series G (Jun 2025, $16.8B valuation); >$570M ARR","Aggressively cross-selling Rippling Spend cards against Ramp/Brex; huge capital reserves and a founder known for splashy brand marketing; global expansion into F1 markets (UK, Europe, APAC)."
54,Starling Bank,starlingbank.com,United Kingdom,B2B Spend & Corporate Cards,Business banking with card programs (500k+ SME accounts),3900,"Revenue ~£700M, pre-tax profit ~£220M — profitable at scale","Highly profitable UK bank with major SME banking arm and Engine software expansion abroad; F1 (Silverstone heritage, global reach) supports international licensing push."
55,Tide,tide.co,United Kingdom,B2B Spend & Corporate Cards,SME business banking platform with cards & expense tools,3427,"$120M TPG-led round (Sep 2025, $1.5B valuation); revenue ~£250M+ run-rate, 1.6M SME members (Clay-verified headcount & revenue band)",UK-India-Europe footprint matches F1 growth markets (Silverstone + India diaspora audience); TPG capital backing an aggressive international brand push.
56,Tipalti,tipalti.com,United States,B2B Spend & Corporate Cards,"AP automation, mass payables & spend management cards",1300,"$200M growth financing (Sep 2025); $200M+ ARR, $75B annualized payment volume",Fresh $200M war chest earmarked for brand/AI expansion; global payables story matches F1's multi-country logistics narrative.
57,TravelPerk,travelperk.com,Spain,B2B Spend & Corporate Cards,Business travel & expense (acquired Yokoy spend management),1500,"Raised $200M Series E (Jan 2025, $2.7B valuation); >$200M ARR",Business-travel platform whose product is getting teams to global venues — direct activation at 24 races; fresh $200M raise partly earmarked for US brand push.
58,Adyen,adyen.com,Netherlands,B2B Spend & Corporate Cards,Global unified payments platform,4527,"Public (Euronext: ADYEN); Q1 2026 net revenue €620.8M, +20% constant currency, profitable at scale","One of the world's largest unified payments platforms (Uber, Spotify, Meta); global scale and profitability easily support a marquee sponsorship; not a current F1 partner."
59,Billtrust,billtrust.com,United States,B2B Spend & Corporate Cards,B2B AR automation & payments,805,"EQT-owned since 2022 (~$1.7B take-private); revenue est. $230M+ (flagged, near affordability threshold)",AI-powered B2B accounts-receivable and payment platform; PE ownership funding renewed growth needs a marquee brand vehicle vs larger AR-automation peers.
60,BlueVine,bluevine.com,United States,B2B Spend & Corporate Cards,SMB banking & credit,614,"Revenue est. $200-500M (Clay-verified band, near threshold); $14B+ in loans delivered","SMB business-banking platform (checking, credit, cards) targeting the same small-business-owner audience F1's US growth is courting."
61,C2FO,c2fo.com,United States,B2B Spend & Corporate Cards,Working capital / supply chain finance marketplace,584,Revenue est. $200-500M (Clay-verified band); delivered $360B+ in funding globally,On-demand working-capital platform serving the world's largest enterprises; global supply-chain-finance story fits F1's international logistics narrative.
62,Checkout.com,checkout.com,United Kingdom,B2B Spend & Corporate Cards,Global payments orchestration,2397,Privately held; processed >$300B in ecommerce volume (2025); revenue est. $1B-10B (Clay-verified band),"Enterprise payments platform behind Spotify, Uber and eBay; needs a global brand stage to compete with Stripe/Adyen for the largest merchant logos."
63,ClearTax,cleartax.in,India,B2B Spend & Corporate Cards,Tax / e-invoicing compliance platform,2500,"Revenue est. $200-500M (Clay-verified band); LinkedIn-verified headcount band 1,001-5,000",India's leading tax/GST e-invoicing compliance platform amid a huge India e-invoicing mandate wave; F1's enormous Indian fanbase is a direct brand match.
64,Cross River Bank,crossriver.com,United States,B2B Spend & Corporate Cards,Embedded banking/payments infrastructure,1656,Profitable fintech-infrastructure bank powering embedded payments/lending for major fintechs,The regulated banking rail behind many top fintech card and lending programs; needs broader brand recognition beyond its fintech-partner circle.
65,Enova International,enova.com,United States,B2B Spend & Corporate Cards,Online lending & working-capital platform,1581,"Public (NYSE: ENVA); $72B+ in loans originated over 20 years, profitable at scale",Public online lender providing working capital to underserved small businesses and consumers; long profitable track record supports a marquee brand investment.
66,Forter,forter.com,United States,B2B Spend & Corporate Cards,AI fraud & trust decisioning for commerce,711,"Revenue est. $200-500M (Clay-verified band); powers trust decisions for Nordstrom, Instacart, Priceline","AI decisioning platform protecting checkout for nearly 1M businesses; real-time, high-stakes trust decisions echo F1's split-second race strategy."
67,i2c Inc,i2cinc.com,United States,B2B Spend & Corporate Cards,Card issuing & core banking platform,1847,Revenue est. $1B-10B (Clay-verified band); 25+ years powering billions of transactions globally,"Card-issuing/core-banking infrastructure behind many bank and fintech card programs; F1 lets it build a brand above its issuer customers, as Visa/Mastercard do on the grid."
68,Juspay,juspay.io,India,B2B Spend & Corporate Cards,Enterprise payment orchestration,2057,Revenue est. $200-500M (Clay-verified band); SoftBank/Accel-backed; $1T+ annualized GMV processed,"Powers payments for Amazon, Google and major banks across India/LatAm; F1's fast-growing Indian audience is its core expansion market."
69,Klarna,klarna.com,Sweden,B2B Spend & Corporate Cards,BNPL & AI-driven commerce payments,4000,"Public (NYSE: KLAR, 2025 IPO); revenue >$2.3B","Newly public global BNPL/commerce leader famous for aggressive AI adoption; needs a global consumer stage post-IPO (headcount Clay-verified mid-band, still rebuilding post AI-driven cuts)."
70,Mindbody,mindbodyonline.com,United States,B2B Spend & Corporate Cards,Vertical payments SaaS (fitness/wellness),1434,Vista Equity-owned; revenue est. $500M-1B (Clay-verified band),Dominant fitness/wellness vertical-SaaS platform with embedded payments; F1's global lifestyle/fitness-adjacent fanbase fits its studio and gym customer base.
71,Nium,nium.com,Singapore,B2B Spend & Corporate Cards,Real-time cross-border payments infrastructure,1094,Revenue est. $1B-10B (Clay-verified band); payout network spans 220+ markets,Cross-border payments infrastructure spanning F1's exact global footprint; card-issuance already live in 34 countries needing brand lift.
72,Nuvei,nuvei.com,Canada,B2B Spend & Corporate Cards,Global payment technology platform,2741,"Advent International-owned (~$6.3B take-private, 2024); estimated revenue $900M+",Global payments platform spanning 200+ markets; new PE ownership funding aggressive growth needs a marquee global brand vehicle.
73,Paysafe,paysafe.com,United Kingdom,B2B Spend & Corporate Cards,Payments platform (iGaming/gaming focus),3541,Public (NYSE: PSFE); $167B annualized transaction volume (2025),Public payments platform deeply embedded in gaming/iGaming and travel — sectors with strong F1 fan overlap; needs mainstream brand credibility.
74,PayU,payu.com,Netherlands,B2B Spend & Corporate Cards,Emerging-markets payments (Prosus fintech arm),3341,Revenue est. $1B-10B (Clay-verified band); Prosus-backed with $1B+ invested in fintech,"Emerging-markets payments leader across 50+ high-growth markets, squarely overlapping F1's expansion geographies (India, LatAm, MEA)."
75,Priority (Priority Commerce),prioritycommerce.com,United States,B2B Spend & Corporate Cards,"Payments, banking & treasury platform",1536,Public company; revenue est. $500M-1B (Clay-verified band),"Unified payables, merchant-services and treasury platform for US businesses; public-company scale supports a marquee brand push into new verticals."
76,Procore Technologies,procore.com,United States,B2B Spend & Corporate Cards,Construction vertical SaaS with embedded payments,4792,Public (NYSE: PCOR); revenue ~$1.15B (2024),Global construction platform (150+ countries) with Procore Pay embedded finance; infrastructure/engineering theme aligns naturally with F1's engineering-heritage brand.
77,Remote,remote.com,United States,B2B Spend & Corporate Cards,Global payroll/EOR & compliant payments infrastructure,2000,Owned payments/EOR infrastructure across 180+ countries; trusted by leading HR platforms; est. revenue $300M+ ARR,Global employment/payroll infrastructure competing head-to-head with Deel; F1's 24-country calendar is a natural proof point for 'global infrastructure.'
78,REPAY,repay.com,United States,B2B Spend & Corporate Cards,B2B/consumer payment processing,544,Public (NASDAQ: RPAY); estimated revenue >$300M,"Public omnichannel payments platform spanning consumer and B2B AP; needs broader brand recognition beyond its niche verticals (lending, auto, healthcare)."
79,SEEBURGER,seeburger.com,Germany,B2B Spend & Corporate Cards,B2B integration & e-invoicing platform,1012,"Family-owned, profitable; revenue est. $200-500M (Clay-verified band); 14,000+ customers",Germany's leading B2B integration/e-invoicing platform amid the EU's e-invoicing mandate wave; F1's German/European heartland matches its core market.
80,ServiceTitan,servicetitan.com,United States,B2B Spend & Corporate Cards,Vertical SaaS with embedded payments (trades),3359,"Public (NASDAQ: TTAN); revenue ~$772M (FY2025), high growth",Newly public 'operating system for the trades' with ServiceTitan Payments embedded; needs mainstream brand recognition beyond its core trades-industry base.
81,Shift4 Payments,shift4.com,United States,B2B Spend & Corporate Cards,Unified commerce payments platform,2552,"Public (NYSE: FOUR); estimated revenue >$1.3B, high growth","Powers payments for hospitality, sports and entertainment venues at massive scale; F1's live-event, hospitality-heavy business model is a direct category fit."
82,SumUp,sumup.com,United Kingdom,B2B Spend & Corporate Cards,SMB card payments & business tools,4413,"Revenue est. $500M-1B (Clay-verified band); profitable at scale, 4M+ merchants",Europe's leading SMB payments brand across 37 markets; profitable scale and a pan-European footprint match F1's core race calendar.
83,Trustly,trustly.com,Sweden,B2B Spend & Corporate Cards,Open banking payments,903,"Revenue est. $1B-10B (Clay-verified band); processes payments for PayPal, eBay, FanDuel, Coinbase","Open-banking payments platform connecting 650M+ consumers to 12,000+ banks; needs a global consumer-facing brand boost scaling in North America."
84,Tungsten Automation,tungstenautomation.com,United States,B2B Spend & Corporate Cards,AI document/AP automation (formerly Kofax),1591,"Revenue est. $500M-1B (Clay-verified band); 25,000+ global enterprise customers",AI-powered document/AP automation platform (DocAI) processing document-heavy workflows for thousands of enterprises; needs renewed brand visibility post-rebrand from Kofax.
85,ADATA Technology,adata.com,TW,GPU & AI Cloud,Memory/SSD for AI servers,753,"Public (TWSE: 3260); world's #2 branded DRAM/SSD module maker, ~$900M-1B annual revenue",Consumer-facing memory brand (also active in gaming/esports sponsorships) expanding into AI-server/enterprise storage — F1 fits its brand-building playbook.
86,Alchip Technologies,alchip.com,TW,GPU & AI Cloud,ASIC design services for AI chips,345,"Public (TWSE: 3661); annual revenue in the $500M-1B range, custom silicon partner for major AI accelerator programs","Behind-the-scenes enabler of custom AI silicon (2.5D/3D packaging, chiplets); Taiwan HQ strengthens APAC representation in a sponsorship portfolio."
87,Astera Labs,asteralabs.com,US,GPU & AI Cloud,AI networking/interconnect (PCIe/CXL connectivity),756,"Public (NASDAQ: ALAB); FY2025 revenue $852.5M, up from $396M in 2024",Public high-growth connectivity supplier to every major AI cluster; strong balance sheet and a growth story that benefits from marquee brand-building.
88,Axelera AI,axelera.ai,NL,GPU & AI Cloud,Edge AI chips,287,"Raised ~$200M cumulative, backed by Samsung and Arm",European edge-AI challenger with strategic backing from Samsung/Arm; a European F1 audience fit and ambition to scale brand recognition beyond the Netherlands.
89,Ayar Labs,ayarlabs.com,US,GPU & AI Cloud,Photonics for AI (optical I/O / co-packaged optics),253,"Raised ~$870M total incl. $500M Series E (Mar 2026), backed by Nvidia and AMD",Nvidia/AMD-backed optical interconnect leader with a large recent raise; benefits from a premium global stage to reach enterprise buyers beyond its investor base.
90,Cambricon Technologies,cambricon.com,CN,GPU & AI Cloud,AI accelerator chips,1107,"Public (SSE: 688256); trailing 12-month revenue ~$1.16-1.2B, turned profitable in 2025","China's leading listed AI chip designer, now profitable with an aggressive multi-year revenue target; global marketing platform fits its scale-up ambitions."
91,Credo Technology Group,credosemi.com,US,GPU & AI Cloud,"AI networking/interconnect (SerDes, active electrical cables)",700,"Public (NASDAQ: CRDO); FY2025 revenue $1.06B, >200% YoY growth, back to profitability","Public AI-datacenter connectivity supplier riding the AI networking boom; well-capitalized and profitable, a strong sponsorship affordability profile."
92,d-Matrix,d-matrix.ai,US,GPU & AI Cloud,AI inference chips (in-memory compute),300,"Raised $450M total incl. $275M Series C (Nov 2025, $2B val.)",Fast-growing inference chip challenger ($65M+ revenue in 2025) with fresh capital and ambition to build a consumer-facing brand beyond hyperscaler customers.
93,Hailo,hailo.ai,IL,GPU & AI Cloud,Edge AI chips,290,Raised $340-425M total incl. $120M Series C (Apr 2024),Edge AI for vision/robotics pairs well with trackside camera and driver-assist storytelling; Israeli deep-tech brand seeking Western consumer visibility.
94,Horizon Robotics,horizon.ai,CN,GPU & AI Cloud,Automotive/edge AI chips,2391,"Public (HKEX: 9660, IPO 2024 raised >$700M); substantial and growing revenue","Automotive/edge AI silicon leader with a natural motorsport tie-in (ADAS, real-time perception) and a public listing that supports premium sponsorship spend."
95,Kingston Technology,kingston.com,US,GPU & AI Cloud,Memory/storage for AI data centers,1723,"Privately held; world's largest independent memory maker, multi-billion-dollar annual revenue, consistently profitable","Deep-pocketed, profitable memory brand with existing esports/gaming sponsorship experience (Kingston FURY) — a logical step up into F1-scale sponsorship."
96,Lattice Semiconductor,latticesemi.com,US,GPU & AI Cloud,Low-power FPGAs for edge AI inference,800,"Public (NASDAQ: LSCC); annual revenue in the $400-500M range, historically profitable","Public, profitable low-power FPGA maker positioning into edge-AI inference; a mid-cap semiconductor brand that could use F1 to build broader recognition."
97,Lightmatter,lightmatter.co,US,GPU & AI Cloud,Photonics for AI (interconnect),363,"Raised $850M total incl. $400M Series D (Oct 2024, $4.4B val.)",Photonic computing/interconnect is a frontier-tech story; F1's precision-engineering audience is a natural fit for a company selling light-speed data movement.
98,Macronix International,macronix.com,TW,GPU & AI Cloud,NOR/NAND flash memory for edge AI,1345,Public (TWSE: 2337); annual revenue in the $500M-1B range,Leading non-volatile memory supplier for embedded/edge-AI and automotive code storage; global public semiconductor brand seeking premium visibility.
99,Monolithic Power Systems,monolithicpower.com,US,GPU & AI Cloud,Power management chips for AI servers/GPUs,3600,"Public (NASDAQ: MPWR); ~$2B+ annual revenue, consistently profitable","Power-delivery silicon powering AI GPU racks; profitable, well-capitalized public company for which F1's precision/performance branding is an easy narrative fit."
100,Moore Threads,mthreads.com,CN,GPU & AI Cloud,AI GPU / accelerator chips,1122,"Public (SSE: 688795, STAR Market IPO Dec 2025); IPO raised ~$1.1B net proceeds",China's flagship domestic GPU IPO (2025's largest STAR Market listing); a global stage supports its ambitions beyond the domestic Nvidia-alternative narrative.
101,Nanya Technology,nanya.com,TW,GPU & AI Cloud,DRAM memory for AI servers,1322,"Public (TWSE: 2408); DRAM revenue benefiting from the current AI memory supercycle, several hundred million to $1B+ annually",Pure-play DRAM maker riding the AI memory boom; a public Taiwanese semiconductor brand looking to build global recognition beyond commodity DRAM.
102,NextSilicon,nextsilicon.com,IL,GPU & AI Cloud,AI/HPC accelerator chips,381,"Raised $303M total, $1.6B valuation",Software-defined hardware challenger targeting HPC/AI workloads; sponsorship would build brand recognition to match its unicorn valuation.
103,Phison Electronics,phison.com,TW,GPU & AI Cloud,Storage/NAND controllers for AI servers,1200,Public (TWSE: 8299); trailing 12-month revenue ~$2.3B,Major storage-silicon supplier for AI/data-center SSDs with strong revenue growth; sponsorship would raise brand awareness beyond its OEM customer base.
104,Rambus,rambus.com,US,GPU & AI Cloud,Memory & interconnect IP/chips for AI,1156,"Public (NASDAQ: RMBS); established profitable semiconductor IP/chip business, hundreds of millions in annual revenue","Decades-old, profitable memory-interconnect innovator repositioning around AI memory bandwidth; fits a 'engineering heritage meets AI era' sponsorship story."
105,Rebellions,rebellions.ai,KR,GPU & AI Cloud,AI inference chips,315,Raised $850M+ total incl. $250M Series C (Sep 2025) and $400M pre-IPO round (Mar 2026),Korea's flagship 'sovereign AI chip' challenger heading toward IPO; global sponsorship would support its US/Japan/Middle East expansion narrative.
106,SambaNova Systems,sambanova.ai,US,GPU & AI Cloud,AI accelerator chips (reconfigurable dataflow),410,Raised >$1.1B total incl. $676M Series D; $5B valuation,Enterprise AI chip challenger needing marquee global exposure against hyperscaler-owned silicon; F1's data/telemetry theme fits SambaNova's inference pitch.
107,Silicon Motion Technology,siliconmotion.com,TW,GPU & AI Cloud,Storage controllers for AI/enterprise SSD,1819,"Public (NASDAQ: SIMO); 2025 revenue $885.6M, up 10.2% YoY","Public, profitable storage-controller leader supplying the SSDs behind AI data pipelines; global customer base supports a global sponsorship platform."
108,SiMa.ai,sima.ai,US,GPU & AI Cloud,Edge/physical AI chips,260,Raised $355M total incl. $85M round (Aug 2025),"'Physical AI' chip maker for robotics/automotive/drones — a strong creative fit for F1's real-time, physical-world performance narrative."
109,Socionext,socionext.com,JP,GPU & AI Cloud,ASIC/SoC design for AI infrastructure,2500,Public (TSE: 6526); annual revenue in the $700-800M range,Public Japanese ASIC/SoC design house (ex-Fujitsu/Panasonic semiconductor businesses) expanding into AI/data-center custom silicon; adds Japan market presence.
110,Vicor Corporation,vicorpower.com,US,GPU & AI Cloud,Power delivery modules for AI data centers,1400,"Public (NASDAQ: VICR); annual revenue ~$400M, power modules supply chain into major AI GPU platforms","High-density power delivery (48V-to-chip) for AI GPU racks — an engineering story (power density, efficiency) that maps naturally onto F1 power-unit marketing."
111,Winbond Electronics,winbond.com,TW,GPU & AI Cloud,Specialty memory (DRAM/NOR flash) for AI/edge devices,1557,Public (TWSE: 2244); annual revenue in the $1B+ range,Established public memory maker supplying specialty DRAM/flash for edge-AI and automotive; global sponsorship raises brand awareness beyond component-level B2B.
112,AirTrunk,airtrunk.com,Australia,GPU & AI Cloud,APAC hyperscale data center operator,944,Acquired by Blackstone/CPP Investments for A$24B (~US$16B) in the largest data center deal on record,"Largest APAC hyperscale data center platform (Australia, Japan, Malaysia, HK, Singapore) now backed by Blackstone's balance sheet"
113,Aligned Data Centers,aligneddc.com,USA,GPU & AI Cloud,Hyperscale/AI data center developer-operator (incl. ODATA LatAm),576,Annual revenue est. $200-500M; $250M+ raised/financed; backed by Macquarie Asset Management,"PE-backed hyperscale AI data center platform spanning US and Latin America (via ODATA), scaling fast and building enterprise brand recognition"
114,Applied Digital Corporation,applieddigital.com,USA,GPU & AI Cloud,Bitcoin-miner-turned-AI/HPC data center developer,256,FY2026 revenue $611.3M (+167% YoY); $36B+ in contracted AI data center lease revenue (Nasdaq: APLD),Nasdaq-listed HPC hosting operator with explosive AI-driven growth narrative and Texas/North Dakota megasites needing consumer-facing brand awareness
115,CleanSpark,cleanspark.com,USA,GPU & AI Cloud,Bitcoin-miner-turned-AI/HPC data center operator,314,"FY2026 revenue trending to ~$1.04B; signed 20-year, ~$6.6B AI hosting lease in Georgia","Nasdaq-listed (CLSK) 1.8GW+ power/land platform executing a large-scale pivot into AI/HPC hosting, seeking brand credibility with hyperscaler-grade tenants"
116,CoolIT Systems,coolitsystems.com,Canada,GPU & AI Cloud,Liquid cooling infrastructure for AI data centers,528,Annual revenue est. $200-500M; leading direct-liquid-cooling supplier to hyperscale/AI data centers globally,Calgary-based direct-liquid-cooling leader powering high-density AI/GPU racks for hyperscalers worldwide; a hardware-side AI infra story
117,CtrlS Datacenters,ctrls.in,India,GPU & AI Cloud,Data center operator / AI infrastructure,4000,"CPP Investments committing up to C$1B (~₹7,000 crore) for expansion (2026); Asia's largest Rated-4 data center network",India's largest hyperscale/Rated-4 data center network scaling aggressively with global pension-fund capital behind it
118,DAMAC Digital (Edgnex),damacdigital.com,United Arab Emirates,GPU & AI Cloud,Sovereign/regional data center operator,283,Annual revenue est. $200-500M; DAMAC Group-backed; 25+ data centers and 4+GW planned capacity across 12+ countries,Dubai-based digital infrastructure arm of DAMAC Group aggressively expanding across MENA/Asia to serve AI-driven hyperscaler demand
119,Data4 Group,data4group.com,France,GPU & AI Cloud,European hyperscale data center developer-operator,306,"PE-backed (AXA IM Alts/Vauban) pan-European platform with large-scale, multi-hundred-million-euro campus financing across 6 countries","Fast-expanding French/European data center operator serving neoclouds and hyperscalers, growing brand presence across France, Italy, Spain, Poland, Germany"
120,Digital Edge DC,digitaledgedc.com,Singapore,GPU & AI Cloud,APAC data center developer-operator,669,"$250M+ raised/financed; Stonepeak-backed platform spanning Singapore, HK, Japan, Korea, India, Indonesia, Philippines, China",Stonepeak-backed emerging-Asia data center platform ('makes Asia easy') building brand across nine APAC markets
121,Fluidstack,fluidstack.com,USA,GPU & AI Cloud,GPU cloud / AI infrastructure,329,"Backed by Google; signed ~$3B, 10-year AI hosting deal with Cipher Mining plus multiple hyperscale contracts",Google-backed GPU cloud provider deploying scaled AI infrastructure at speed for major AI labs; building brand against larger neoclouds
122,Galaxy Digital (Galaxy),galaxy.com,USA,GPU & AI Cloud,Digital-asset merchant bank turned AI data center operator (Helios campus),2637,"Nasdaq-listed (GLXY); multi-billion quarterly revenue; delivered first CoreWeave-leased AI data center hall at Helios (15-year, $1B+ lease)","Novogratz-led public company positioning its Helios AI-compute campus as its 'cornerstone' growth driver, wants a marquee global brand platform"
123,GDS Holdings,gds-services.com,China,GPU & AI Cloud,AI-driven hyperscale data center developer-operator,2276,FY2026 revenue guidance RMB12.4-12.9B (~$1.8-1.9B); Nasdaq-listed (GDS),"China's leading independent high-performance data center operator riding AI-driven demand, positioning as a key AI infrastructure pick"
124,Hut 8 Corp,hut8.com,USA,GPU & AI Cloud,Bitcoin-miner-turned-energy/AI-infrastructure platform,348,$9.8B 15-year AI data center lease at Beacon Point (TX); ~$26.6B contracted AI/HPC value; $250M+ funding,"Miami-based 'power-first' AI infrastructure platform mid-pivot from bitcoin mining, needs a mainstream brand story to match its multi-billion-dollar AI contracts"
125,Khazna Data Centers,khazna.ae,United Arab Emirates,GPU & AI Cloud,Sovereign/regional data center operator,518,"Closed $2.62B financing facility (2026) with ADCB/FAB; backed by G42, e& (Etisalat), Mubadala","UAE's largest data center platform executing one of MENA's biggest digital-infrastructure financings, expanding internationally and building brand"
126,Nxtra by Airtel,nxtra.in,India,GPU & AI Cloud,Sovereign/regional data center operator (AI-ready hyperscale),629,Carlyle Group invested for a 20%+ stake (~$1.4B enterprise-level deal); doubling capacity to 400MW+ across 120+ locations,"Bharti Airtel's data center arm, India's largest hyperscale network with major PE backing, expanding AI-ready capacity nationwide"
127,Princeton Digital Group,princetondg.com,Singapore,GPU & AI Cloud,APAC hyperscale/AI data center developer,423,"$250M+ raised/financed; Warburg Pincus-backed platform across Singapore, China, India, Japan, Indonesia, Malaysia, South Korea",Warburg Pincus-backed pan-Asian AI/cloud data center platform in fast build-out mode across seven countries
128,Riot Platforms,riotplatforms.com,USA,GPU & AI Cloud,Bitcoin-miner-turned-AI/HPC hosting operator,816,Q1 2026 revenue $167.2M; first AI data center revenue booked; AMD lease expanded to 50MW,"Publicly-traded (Nasdaq: RIOT) Texas power-and-compute platform pivoting into AI hosting, actively rebuilding its public image"
129,Scala Data Centers,scaladatacenters.com,Brazil,GPU & AI Cloud,LatAm hyperscale data center developer-operator,1000,"$500M-894M total raised/financed incl. BNDES facility; DigitalBridge-backed platform across Brazil, Chile, Mexico, Colombia","Latin America's leading AI/hyperscale data center platform, DigitalBridge-backed and expanding across five countries in the region"
130,ST Telemedia Global Data Centres (STT GDC),sttelemediagdc.com,Singapore,GPU & AI Cloud,Pan-Asian/EU hyperscale data center operator,681,"$250M+ raised/financed; backed by Temasek-linked ST Telemedia; operations across 12 countries incl. Singapore, India, UK, Germany, Japan","Singapore sovereign-wealth-linked data center operator with a genuinely global (SEA, South Asia, East Asia, Europe) hyperscale footprint"
131,Vantage Data Centers,vantage-dc.com,USA,GPU & AI Cloud,Hyperscale/AI data center developer-operator,2583,Annual revenue est. $200-500M; $250M+ raised/financed; global hyperscale platform across NAM/EMEA/APAC,Global-scale AI/cloud data center platform (30+ countries) with sponsorship budget headroom and an audience-building need beyond enterprise buyers
132,Yondr Group,yondrgroup.com,United Kingdom,GPU & AI Cloud,Hyperscale data center developer-operator,312,"Annual revenue est. $200-500M; $250M+ raised/financed; global hyperscale campuses across UK, EU, US, APAC","London-HQ'd global hyperscale data center developer serving the largest AI/cloud tenants, well-capitalized and internationally expanding"
133,Aruba S.p.A.,aruba.it,Italy,GPU & AI Cloud,Cloud & data centers with GPU/AI services,"~1,350","(a/c) Revenue in €300M+ range, long profitable; Italy's leading cloud/data-center operator",Already a motorsport-savvy brand (sponsored SBK/MotoGP teams via Aruba.it Racing); stepping up to F1 fits its Italian identity and enterprise cloud/AI push.
134,Baseten,baseten.co,United States,GPU & AI Cloud,Inference cloud / model serving,~310,(b) Raised $225M+ in last 24 months incl. $150M Series D (Sep 2025) at $2.1B valuation,"Mission-critical inference performance brand scaling into enterprise; low-latency messaging fits F1, and it needs global awareness against Together/Fireworks."
135,Bitdeer (Bitdeer AI),bitdeer.com,Singapore,GPU & AI Cloud,Bare-metal GPU hosting & AI cloud,"~1,500",(a) Public (Nasdaq: BTDR); revenue ~$350M+ and scaling AI cloud arm; Nvidia partner with large convert raises in last 24 months,Singapore-based compute platform pivoting hard into AI cloud; Singapore GP home-race activation plus need to rebrand from mining to AI makes F1 attractive.
136,Cerebras,cerebras.ai,United States,GPU & AI Cloud,AI compute / inference cloud (wafer-scale),~500,(b) Raised $1.1B Series G (Sep 2025) at $8.1B valuation; large G42/Middle East revenue base,Claims world's fastest AI inference — a natural F1 'fastest lap'-style sponsorship story; G42/UAE ties fit Abu Dhabi GP activation.
137,Core42,core42.ai,United Arab Emirates,GPU & AI Cloud,Sovereign AI cloud & GPU platform (G42 group),"~1,500",(c) G42 group backing (Microsoft $1.5B strategic investment; sovereign-scale AI contracts incl. US/France/UAE deployments),Abu Dhabi hosts the season finale; Core42 is the UAE's AI infrastructure flagship seeking global enterprise credibility — F1 fits national AI ambitions.
138,Crusoe,crusoe.ai,United States,GPU & AI Cloud,AI factories / GPU compute cloud (energy-first),~800,(b) Raised $686M (Dec 2024) and a further ~$1.4B round (late 2025) at ~$10B valuation; Stargate data-center builder,Energy-efficient AI infrastructure story pairs naturally with F1's sustainability and engineering narrative; Mubadala backing gives Gulf-race activation angles.
139,DigitalOcean,digitalocean.com,United States,GPU & AI Cloud,Developer cloud with GPU/AI platform (Gradient),"~1,300","(a) Public (NYSE: DOCN); revenue ~$820M+, profitable and cash-generative",Pushing upmarket with its Gradient AI cloud against hyperscalers; F1's global developer-and-SMB audience is exactly its customer base.
140,Fireworks AI,fireworks.ai,United States,GPU & AI Cloud,Inference cloud,~300 (scaling to ~600 by end-2026),(b) Raised $1.5B Series D (Jul 2026) at $17.5B valuation; $250M Series C (Oct 2025); Nvidia-backed,Newly mega-funded inference cloud in a land-grab for enterprise AI workloads; F1 offers instant global B2B brand building versus better-known rivals.
141,Hetzner,hetzner.com,Germany,GPU & AI Cloud,Dedicated/bare-metal hosting with GPU servers,"~1,400","(c) Profitable at scale; estimated €400M+ revenue, self-funded infrastructure across Europe and US",Developer-beloved value cloud expanding internationally; F1 would be an uncharacteristic but affordable leap to global brand status against hyperscaler pricing.
142,Humain,humain.com,Saudi Arabia,GPU & AI Cloud,"Sovereign AI company: data centers, GPU cloud, models",~900,"(b) PIF-owned; ~$19B in committed capital/partnerships (Nvidia, AMD, Qualcomm, xAI deals) since May 2025 launch","Saudi Arabia hosts the Jeddah GP and PIF entities (Aramco, stc) already sponsor F1; Humain is the Kingdom's global AI brand-building vehicle with enormous budget."
143,IONOS Group,ionos.com,Germany,GPU & AI Cloud,Hosting & sovereign cloud with AI Model Hub / GPU cloud,"~4,000","(a) Public (Frankfurt); revenue ~€1.6B, profitable",Mass-market hosting brand (formerly 1&1) that historically used big sports marketing; pushing its European sovereign AI cloud story to SMBs worldwide.
144,IREN,iren.com,Australia,GPU & AI Cloud,AI cloud & GPU data centers (renewables-powered),~640,(a/b) Public (Nasdaq: IREN); FY25 revenue ~$500M; $9.7B multi-year Microsoft AI cloud contract; ~$7.6B cash (Jun 2026); AI cloud ARR target $4B+,"Explosive miner-to-neocloud success story (customers: Microsoft, Nvidia, Together, Fal); renewable-powered AI narrative suits F1 sustainability push and Melbourne GP home race."
145,KT Cloud,ktcloud.com,South Korea,GPU & AI Cloud,GPU cloud & AI data centers (KT Group),~500,(a/c) Revenue ~$500M; backed by profitable KT Corp; IPO-track with major AI DC expansion,Korea's leading domestic GPU cloud needs international profile ahead of IPO; F1 aligns with KT Group's history of large sports sponsorships.
146,Lambda,lambda.ai,United States,GPU & AI Cloud,GPU compute cloud,~600,(b) Raised $480M Series D (Feb 2025) plus $500M+ GPU-backed debt facilities; multi-billion valuation,Direct rival to CoreWeave (Aston Martin sponsor); needs global enterprise brand awareness in the AI training/inference race and F1's tech-forward audience matches its developer-to-enterprise motion.
147,Mistral AI,mistral.ai,France,GPU & AI Cloud,AI cloud (Mistral Compute) + frontier models,~700,"(b) Raised €1.7B Series C (Sep 2025, ASML-led) at ~€11.7B valuation",Launching Mistral Compute sovereign AI cloud; Europe's AI champion with consumer app (Le Chat) — F1's European heartland and global reach fit both B2B and consumer pushes.
148,Naver Cloud,navercloudcorp.com,South Korea,GPU & AI Cloud,Sovereign AI cloud & GPU services (HyperCLOVA X),"~1,800",(a) Revenue ~$800-900M; arm of profitable Naver Corp; exporting sovereign AI infrastructure (e.g. Saudi partnerships),Korea's hyperscaler-challenger exporting sovereign AI to the Gulf and Asia; F1 provides the global B2B stage Korean tech brands traditionally buy.
149,Nebius,nebius.com,Netherlands,GPU & AI Cloud,Full-stack AI/GPU cloud,"~1,700",(a/b) Public (Nasdaq: NBIS); ~$1B+ 2026 revenue run-rate; raised $700M equity + $3B+ converts; multi-billion Microsoft/Meta capacity deals,Europe's flagship neocloud scaling globally; needs Western brand awareness post-Yandex spin-off — F1 is the fastest route to global enterprise credibility.
150,Nscale,nscale.com,United Kingdom,GPU & AI Cloud,AI hyperscaler / GPU cloud,~700,"(b) Raised $2B Series C (Mar 2026, $14.6B valuation), $1.1B Series B (Dec 2025), $433M pre-C; Microsoft/OpenAI Stargate UK partner",UK-headquartered AI hyperscaler with Nvidia/Microsoft/OpenAI deals; F1's British engineering heartland (7 teams UK-based) is a natural brand stage.
151,OVHcloud,ovhcloud.com,France,GPU & AI Cloud,European sovereign cloud with GPU/AI services,"~3,000","(a) Public (Euronext); revenue ~€1B+, EBITDA-positive",European sovereignty champion competing with US hyperscalers; French heritage plus global data centers align with F1's European core and worldwide calendar.
152,Penguin Solutions,penguinsolutions.com,United States,GPU & AI Cloud,AI infrastructure & managed GPU clusters,"~2,000",(a) Public (Nasdaq: PENG); revenue ~$1.3-1.4B; deployed 100k+ GPUs for enterprise clients,Designs and operates large-scale AI clusters for Fortune 500s; F1's engineering-excellence platform suits its 'AI infrastructure experts' positioning as it rebrands from SGH.
153,Sakura Internet,sakura.ad.jp,Japan,GPU & AI Cloud,Japanese sovereign GPU cloud (Koukaryoku),~700,(b/c) TSE Prime-listed and profitable; ¥50B+ (>$300M) METI-backed subsidies/investment for GPU cloud buildout in last 24 months,Japan's designated sovereign GPU cloud provider expanding beyond domestic market; Suzuka GP and Honda ties make F1 a strong fit for national tech branding.
154,Scaleway,scaleway.com,France,GPU & AI Cloud,European AI cloud (Iliad Group),~600,"(c) Backed by Iliad Group (€10B revenue, profitable) which committed €3B to AI infrastructure; hosts Europe's largest Nvidia clusters",Iliad/Xavier Niel are aggressive consumer-brand marketers; Scaleway already sponsors ai-PULSE and seeks pan-European AI leadership visibility.
155,Schwarz Digits,schwarz-digits.de,Germany,GPU & AI Cloud,Sovereign cloud & AI (StackIT),"~2,500","(c) Digital arm of Schwarz Group (€175B revenue, profitable); building sovereign AI cloud and European AI infrastructure",Schwarz Group already does major sports sponsorships (e.g. Lidl in cycling/football); StackIT needs pan-European enterprise awareness for its sovereign cloud.
156,Sify Technologies,sifytechnologies.com,India,GPU & AI Cloud,"Data centers, network & GPU/AI cloud services","~3,500",(a) Public (Nasdaq: SIFY); revenue ~$470M; investing heavily in Nvidia-ready AI data centers,Enterprise digital-infrastructure leader courting global clients for AI capacity in India; F1 sponsorship differentiates it against Tata/Airtel-scale rivals.
157,Tenstorrent,tenstorrent.com,United States,GPU & AI Cloud,AI compute (accelerators + Tenstorrent cloud),~800,"(b) Raised $693M Series D (Dec 2024) at $2.6B+ valuation (Samsung, Bezos Expeditions, LG)","Jim Keller-led challenger to Nvidia with a developer cloud; automotive silicon partnerships (LG, Hyundai heritage) give natural motorsport-technology crossover."
158,Together AI,together.ai,United States,GPU & AI Cloud,AI acceleration / inference cloud,~410,(b) Raised $305M Series B (Feb 2025) at $3.3B valuation; reported later rounds at much higher marks,Fast-scaling open-source inference cloud competing on speed — 'fastest inference' messaging maps perfectly onto F1 speed branding to reach enterprise AI buyers.
159,Vercel,vercel.com,United States,GPU & AI Cloud,"Developer/AI cloud (v0, AI SDK)",~650,(b) Raised $300M Series F (Sep 2025) at $9.3B valuation ($250M Series E May 2024),High-velocity developer brand ('ship at the speed of AI'); F1 sponsorship would be a category-defining brand move to reach enterprise CTOs globally.
160,Vultr,vultr.com,United States,GPU & AI Cloud,Independent GPU + developer cloud,~350,"(b/c) Profitable, bootstrapped history; raised $333M (Dec 2024) at $3.5B valuation to fund GPU expansion",Challenger cloud brand fighting hyperscalers for developer and enterprise mindshare across 32 global regions — global F1 reach matches its worldwide footprint; already active in sports marketing.
161,Yotta Data Services,yotta.com,India,GPU & AI Cloud,GPU cloud & AI data centers (Shakti Cloud),~800,(c) Backed by Hiranandani Group (major profitable conglomerate); $500M+ committed to Nvidia GPU fleet; India's largest commercial GPU deployment,India's AI-cloud champion under the IndiaAI Mission wants international stature; F1's huge Indian fanbase offers brand lift at home and credibility abroad.
162,AppsFlyer,appsflyer.com,IL,GPU & AI Cloud,Mobile marketing/attribution data platform,1577,Estimated revenue $400M+; General Atlantic-backed,"Mobile measurement/attribution platform powering AI-driven marketing decisions for 15,000+ businesses; global footprint matches F1's audience map."
163,Chainguard,chainguard.dev,US,GPU & AI Cloud,Secure software supply chain for AI-era builds,737,"Raised $356M Series C (Nov 2024, within last ~24 months) at a $3.5B+ valuation","Secures the open-source software (including AI agent dependencies) OpenAI, Anduril and others rely on; flush with capital for global brand-building."
164,Commvault,commvault.com,US,GPU & AI Cloud,Data protection/cyber resilience for AI workloads,3300,"Public (NASDAQ: CVLT); revenue ~$1.05B TTM, profitable","Public, profitable data-resilience platform protecting the data behind enterprise AI; global footprint and growth ambitions support a marquee sponsorship."
165,Druva,druva.com,US,GPU & AI Cloud,Cloud data resilience/backup for the AI era,1400,Revenue est. $260-400M (Clay-verified band); $2B valuation (2025),Cloud-native data protection safeguarding the datasets that feed enterprise AI; global customer base needs stronger brand recognition vs legacy backup vendors.
166,Fastly,fastly.com,US,GPU & AI Cloud,Edge/CDN with AI inference,1140,"Public (NYSE: FSLY); FY2025 revenue $624M, up ~15% YoY","Edge/CDN platform embedding AI inference at the edge; global network footprint mirrors F1's international broadcast map; needs brand differentiation vs Cloudflare/Akamai, neither of which is on the grid."
167,GitLab,gitlab.com,US,GPU & AI Cloud,AI-assisted DevSecOps/software delivery platform,2375,"Public (NASDAQ: GTLB); FY2025 revenue $759.2M, up 31% YoY",Developer platform underpinning AI-assisted software delivery for enterprises worldwide; F1's huge developer/engineer fanbase overlaps its buyer base.
168,Harness,harness.io,US,GPU & AI Cloud,AI-native software delivery platform,1722,Raised $240M Series E (Dec 2025) at a $5.5B valuation; revenue ~$250M ARR,Automates the 'after-code' software delivery pipeline for the AI era; fresh Goldman-backed capital supports a global brand push against GitLab/CircleCI.
169,LaunchDarkly,launchdarkly.com,US,GPU & AI Cloud,Feature management / AI agent control plane,651,Revenue est. $200-500M (Clay-verified band); processes 50 trillion+ flag evaluations daily,Runtime control layer now governing AI agent behavior in production for a quarter of the Fortune 500; category-defining as agentic AI scales.
170,Netskope,netskope.com,US,GPU & AI Cloud,Cloud/AI security platform,3391,Public (NASDAQ: NTSK); revenue est. $500M-1B (Clay-verified band),"Newly public security platform built for 'the cloud and AI era,' securing enterprise AI/agent traffic; IPO-year brand-building window."
171,OneTrust,onetrust.com,US,GPU & AI Cloud,Data privacy & AI governance platform,2493,Revenue ~$550M ARR (2025); $4.5B valuation,Privacy/AI-governance layer global enterprises rely on to deploy AI responsibly; needs a marquee global stage as regulatory scrutiny of AI grows worldwide.
172,Plaid,plaid.com,US,GPU & AI Cloud,Financial data API / developer platform,900,"Raised $575M (Apr 2025) at a $6.1B valuation, then an $8B valuation liquidity round (Feb 2026); revenue ~$575M ARR",Financial-data infrastructure powering thousands of AI-driven fintech apps; needs consumer-facing brand credibility as it approaches IPO readiness.
173,Qlik,qlik.com,US,GPU & AI Cloud,Data analytics & BI platform for AI,4586,"Thoma Bravo/ADIA-backed; estimated revenue $600M+, profitable enterprise SaaS at scale",Long-established BI/analytics platform repositioning around AI-ready data pipelines; new PE capital is funding aggressive growth that needs global enterprise brand recognition.
174,Redis,redis.io,US,GPU & AI Cloud,In-memory data platform / AI feature store,1454,"Revenue ~$272.6M ARR (2025), up from $209M in 2024; $2B valuation",In-memory database powering real-time AI feature stores and caching for the world's largest apps; a speed-obsessed brand story is a natural F1 fit and the category has no F1 presence.
175,Sigma Computing,sigmacomputing.com,US,GPU & AI Cloud,Cloud BI/analytics platform,1400,Raised $264M (Jan 2025) plus an $80M round (2026) — $340M+ in the last 24 months at $1.5B+ valuation,Fast-scaling cloud analytics challenger flush with new capital; needs global enterprise brand awareness against Tableau/Power BI incumbents.
176,Sinch,sinch.com,SE,GPU & AI Cloud,CPaaS / AI customer communications platform,4398,"Public (Nasdaq Stockholm: SINCH); net sales ~$3B (2024), profitable since founding",Profitable-since-inception public communications platform powering 900M+ AI-era customer interactions annually; needs a marquee global stage.
177,Temporal Technologies,temporal.io,US,GPU & AI Cloud,Workflow orchestration for AI agents,368,Raised $146M Series C (Mar 2025) + $105M secondary (Oct 2025) = $251M in the last 24 months at $2.5B valuation,"Orchestration backbone for agentic-AI workloads at OpenAI, Netflix and Coinbase; fresh capital earmarked for agentic-AI expansion needs a global brand moment."
178,AgiBot (Zhiyuan Robotics),agibot.com,China,Generative AI & Model Labs,Humanoid Robotics AI,800,Raised >$700M across 2024-2025 rounds (multiple within last 24mo) at multi-billion valuation,One of China's best-funded humanoid-robot/embodied-AI startups in 2024-2025's funding boom; global expansion ambitions and a technology story well suited to motorsport-adjacent marketing.
179,Gupshup,gupshup.io,India,Generative AI & Model Labs,Conversational AI / Messaging,770,Revenue est. $120-360M range (sources vary); total funding $447M incl. 2025 debt round,"Global conversational-commerce/agentic-AI platform (WhatsApp Business, RCS) serving enterprises across 100+ countries; consumer-messaging brand exposure fits sports sponsorship well."
180,Megvii (Face++),megvii.com,China,Generative AI & Model Labs,Computer Vision AI,540,STAR Market IPO completed 2025 (Series E round closed Apr 2025); historic lifetime funding ~$4.6B,"World's largest independent computer-vision platform (Face++), newly public with fresh capital; global enterprise/consumer identity business wants international credibility boost."
181,SenseTime,sensetime.com,China,Generative AI & Model Labs,Computer Vision / Enterprise AI,2900,TTM revenue ~$697M; 1H2025 revenue +36% YoY; public (HKG:0020),"Major listed AI platform (SenseNova models, smart auto/metaverse units) with global ambitions in AI+auto and generative AI; needs brand rehabilitation/visibility after US sanctions era, motorsport is a clean global stage."
182,Space42 (Bayanat),space42.ai,United Arab Emirates,Generative AI & Model Labs,Geospatial AI / Satellite Intelligence,1600,Public (ADX); merged Bayanat+Yahsat entity with combined revenue well above $250M,UAE's national AI-geospatial/space champion (formed from Bayanat-Yahsat merger); Abu Dhabi's push for global tech prestige naturally extends to marquee sports sponsorship.
183,Trax,traxretail.com,Singapore,Generative AI & Model Labs,Computer Vision / Retail AI,830,"Total funding $1.1B+ from SoftBank Vision Fund, Sing Investments etc.; Singapore's most-funded AI startup","Global retail computer-vision AI platform (shelf analytics) serving CPG giants across 100+ countries; well-capitalized, brand-building consumer-goods client base makes global sports sponsorship plausible."
184,UBTECH Robotics,ubtrobot.com,China,Generative AI & Model Labs,AI Robotics / Humanoid Robots,2500,"Public (HKEX:9880); large 2025 humanoid-robot order book, substantial IPO/follow-on capital raised",Global humanoid-robot + AI brand (Walker series) that already markets at international tech and consumer events; motorsport gives a performance-engineering stage matching its brand positioning.
185,Verbit.ai,verbit.ai,Israel,Generative AI & Model Labs,AI Transcription / Speech AI,1600,"Revenue est. $500M-1B (per enrichment); large scale AI speech/transcription platform for global media, legal, education clients",Israeli-founded (dual HQ NY/Tel Aviv) AI speech-intelligence platform serving the world's most-watched live events and broadcasters; direct thematic overlap with F1's global broadcast footprint.
186,WEKA,weka.io,Israel,Generative AI & Model Labs,AI Data Infrastructure,560,Revenue est. $200-500M; total funding $250M+; trusted by 30% of Fortune 50 for AI/GPU workloads,"Israeli-founded AI data/storage infrastructure company powering GPU-scale AI training globally; performance/speed brand story (""eliminate bottlenecks, accelerate"") maps naturally onto racing."
187,1X Technologies,1x.tech,US,Generative AI & Model Labs,Humanoid Robotics,1100,$100-250M+ raised (plus recent tender at $8.5B valuation); revenue est. $500M-1B,"Norwegian-founded, Palo Alto-based humanoid-robot maker (Neo) with Nvidia-adjacent, EQT-backed investor base and strong consumer-tech ambitions."
188,AI21 Labs,ai21.com,IL,Generative AI & Model Labs,Enterprise LLM Labs,255,"$636M raised total; $300M Series D (May 2025, Google/Nvidia participated)","Leading Israeli frontier-model lab (Jurassic/Jamba); headcount recently crossed the 250 mark on the back of its 2025 raise, giving room to grow into a sponsorship."
189,Apptronik,apptronik.com,US,Generative AI & Model Labs,Humanoid Robotics,400,"~$1B raised total; $520M Series A extension (Feb 2026, Google/Mercedes-Benz)","Austin-based humanoid-robot maker (Apollo) racing Tesla Optimus and Chinese rivals to market, with automaker backers who understand motorsport marketing value."
190,Cohere,cohere.com,CA,Generative AI & Model Labs,Enterprise LLM Platforms,1100,$1.67B raised total; $500M round Aug 2025 at $6.8-7B valuation,Well-capitalized Canadian enterprise-LLM leader (Salesforce/Oracle-backed) pushing global enterprise adoption; distinct from Anthropic/Google and unattached to any 2026 F1 deal.
191,DeepL,deepl.com,DE,Generative AI & Model Labs,AI Language & Translation Models,1200,~€300M ($320M+) ARR (2025); large enterprise customer base,"Germany's largest independent language-AI company, revenue comfortably above the $250M affordability bar, looking to extend its consumer brand beyond translation."
192,Figure AI,figure.ai,US,Generative AI & Model Labs,Humanoid Robotics Foundation Models,500,$1.9B raised total; Series C at $39B valuation (Sep 2025),"One of the best-funded humanoid-robotics foundation-model companies globally, building a consumer-facing brand well beyond its factory-floor customer base."
193,Hugging Face,huggingface.co,US,Generative AI & Model Labs,Open-Source Model Platform & AI Community,870,$235M+ raised at a $4.5B valuation (historical round); central infrastructure for the global open-source AI ecosystem,"The most globally recognized brand among AI developers (NYC/Paris dual base); sponsorship would reach a huge, highly engaged technical audience worldwide."
194,Krutrim,olakrutrim.com,IN,Generative AI & Model Labs,Sovereign LLM & AI Cloud,420,$250M+ raised total; India's first AI unicorn,India's leading sovereign LLM + AI-cloud company (Ola-backed); a flagship national-champion brand for a market F1 is actively courting.
195,MiniMax,minimaxi.com,CN,Generative AI & Model Labs,Multimodal Foundation Models,400,"$1.15B raised total; Hong Kong IPO raised $619M (late 2025/early 2026), ~$6B valuation","Shanghai multimodal (text/image/video/audio) model leader, newly public, actively building global brand recognition outside China."
196,Perplexity AI,perplexity.ai,US,Generative AI & Model Labs,AI Search & Answer Engines,1400,"$1.72B raised total; $500M Series E (May 2025, Accel/Nvidia/Bezos); $22.6B valuation (Jan 2026)","Mainstream consumer AI brand (backed by Nvidia, Jeff Bezos, SoftBank) racing Google/OpenAI for search mindshare; global sports sponsorship fits its consumer-brand ambitions and it is not affiliated with any current F1 partner."
197,Pony.ai,pony.ai,CN,Generative AI & Model Labs,Autonomous-Driving AI (Robotaxi),510,Nasdaq-listed public company; revenue est. $500M-1B,"Leading Chinese robotaxi/autonomous-driving AI company, publicly listed with strong balance sheet, expanding into the Middle East and Europe."
198,Poolside,poolside.ai,US,Generative AI & Model Labs,Code Foundation Models,350,$250M+ raised total; revenue est. $75-200M,"French-founded, SF-based frontier code-generation lab building AGI for software engineering, well capitalized and expanding enterprise footprint in Europe and the US."
199,Preferred Networks,preferred.jp,JP,Generative AI & Model Labs,AI & Robotics Research,700,"Valuation >$2B (Japan's most valuable AI unicorn); backed by Toyota, Fanuc, NTT","Japan's premier deep-learning/robotics/chip research company, with industrial-giant backers already comfortable with large sponsorship spend."
200,Runway,runwayml.com,US,Generative AI & Model Labs,Video & World-Model Generation,380,$860M raised total; $315M Series E Feb 2026 at $5.3B valuation,"Pioneer of AI video/world models with strong ties to film, advertising and now automakers (AMD/Adobe Ventures backing) — visual-media DNA suited to motorsport content."
201,Sakana AI,sakana.ai,JP,Generative AI & Model Labs,Foundation Model R&D,250,$365M raised total; $135M Series B (Nov 2025) at $2.6B valuation,"Japan's leading independent frontier-AI lab (founded by ex-Google Brain researchers), now pushing into defense and banking verticals that value global visibility."
202,StepFun,stepfun.com,CN,Generative AI & Model Labs,Multimodal Foundation Models,400,$1.2B+ raised total (incl. $718M round Jan 2026); planned HK IPO 2026 at ~$10B valuation,"Tencent-backed multimodal/agent foundation-model company scaling fast toward an IPO, with clear appetite for global-brand investment."
203,Suno,suno.com,US,Generative AI & Model Labs,AI Music Generation,450,$100-250M raised; revenue est. $25-75M and growing fast,"Leading AI music-generation platform with strong entertainment/consumer-culture appeal, a natural fit for F1's music and lifestyle-adjacent activations."
204,Synthesia,synthesia.io,GB,Generative AI & Model Labs,AI Video & Avatar Generation,780,$536M raised total; ~$150M ARR (2026) and $4B valuation (GV/Nvidia-backed),"UK's leading AI video-avatar company, well past profitability thresholds on revenue growth, expanding into enterprise and broadcast use cases globally."
205,Technology Innovation Institute (TII),tii.ae,AE,Generative AI & Model Labs,Government-Backed Foundation Model Research,1250,Revenue est. $200-500M; government-funded (Abu Dhabi Advanced Technology Research Council),Builds the open-weight Falcon LLM family for Abu Dhabi; state-backed research institute in a market already deeply tied to F1 (Abu Dhabi GP host).
206,Uniphore,uniphore.com,US,Generative AI & Model Labs,Enterprise Conversational & Agentic AI,880,"$600M+ raised historically; 2,500+ enterprise customers across US, India, Israel, APAC","Global ""Business AI"" platform (Palo Alto HQ, deep India/Israel/APAC footprint) with the multi-region presence a global F1 calendar rewards."
207,Waabi,waabi.ai,CA,Generative AI & Model Labs,Autonomous-Trucking World Models,330,$280M+ raised across rounds (incl. $200M Series B),"Toronto-based world-model company for autonomous trucking, founded by ex-Uber ATG chief scientist Raquel Urtasun, well capitalized and US-expanding."
208,Wayve,wayve.ai,GB,Generative AI & Model Labs,Autonomous-Driving World Models,1200,$2.5B+ raised total; $1.2B Series D Feb 2026 at $8.6B valuation (SoftBank/Nvidia/Microsoft/Uber),"UK embodied-AI/world-model leader for autonomous driving, backed by automotive-adjacent investors (Nvidia, Uber, Microsoft) — a natural motorsport-tech story."
209,WeRide,weride.ai,CN,Generative AI & Model Labs,Autonomous-Driving AI (Robotaxi),570,Dual-listed public company (Nasdaq: WRD / HKEX: 0800),"First dual-US/HK-listed robotaxi company, licensed to operate in the UAE, Saudi Arabia, France, Switzerland and Singapore — an international footprint mirroring F1's calendar."
210,Writer,writer.com,US,Generative AI & Model Labs,Enterprise Agentic AI,550,$369M+ raised total; $200M Series C at $1.9B valuation,"Enterprise generative-AI platform with full-stack proprietary models, scaling internationally and seeking brand differentiation from larger rivals."
211,Zhipu AI (Z.ai),z.ai,CN,Generative AI & Model Labs,Frontier LLM Labs,1100,"$1.5B raised total; Hong Kong-listed, market cap peaked ~$112B (May 2026)",China's first publicly listed frontier-LLM company (GLM models); now needs an international consumer brand story to match its listed-company scale.
212,4Paradigm,4paradigm.com,China,Generative AI & Model Labs,Enterprise AI platform,1300,HKEX-listed (6682.HK); revenue ~RMB 5.3B (~$730M) 2024,Leading Chinese enterprise-AI vendor internationalizing beyond China; F1's Shanghai GP and global footprint aid expansion.
213,Airtable,airtable.com,United States,Generative AI & Model Labs,AI-native app platform,700,Reported ARR >$350M; cash-flow positive; $11B peak valuation,Repositioned in 2025 as an AI-native app platform; needs to re-ignite brand momentum with business builders globally.
214,Boomi,boomi.com,United States,Generative AI & Model Labs,Integration & AI agent management (Agentstudio),1800,ARR ~$500M; Francisco Partners/TPG-owned,"Agentstudio push into agentic AI with 25,000+ customers; PE owners funding aggressive category marketing."
215,ClickHouse,clickhouse.com,United States,Generative AI & Model Labs,Real-time analytics / vector database for AI,500,$350M Series C (May 2025) at $6.35B valuation,Powers observability and analytics for AI-native companies; real-time speed narrative is a natural F1 fit.
216,Cloudera,cloudera.com,United States,Generative AI & Model Labs,Hybrid data & AI platform,2800,Revenue ~$1B; KKR/CD&R-owned,Private-equity-backed data/AI platform relaunching around enterprise AI; needs global brand refresh vs Databricks/Snowflake.
217,Cribl,cribl.io,United States,Generative AI & Model Labs,Telemetry data engine for IT & AI,800,$319M Series E (Aug 2024) at $3.5B valuation; ARR >$200M,Data-engine challenger to excluded incumbents (Splunk); bold goat-mascot marketing culture suits high-visibility sport plays.
218,Dataiku,dataiku.com,United States,Generative AI & Model Labs,MLOps / enterprise AI platform,1400,ARR >$300M; raised ~$1B total (last round at $3.7B valuation),Enterprise AI platform selling to CIOs/CDOs globally; French-founded with strong EMEA presence aligned to F1 markets.
219,DataRobot,datarobot.com,United States,Generative AI & Model Labs,MLOps / automated ML platform,835,Est. revenue ~$285M; >$1B raised historically ($6.3B peak valuation),Proven F1 category buyer (former BWT Alpine partner); agentic AI repositioning needs visibility; warm re-entry pitch.
220,DDN,ddn.com,United States,Generative AI & Model Labs,AI data intelligence / storage software,1000,"$300M Blackstone investment (Jan 2025) at $5B valuation; profitable, self-reported revenue >$500M",Powers data infrastructure behind NVIDIA-scale AI factories; direct rival VAST Data just bought into F1 — category is moving.
221,Elastic,elastic.co,Netherlands,Generative AI & Model Labs,Search AI / vector database & observability,3300,Public (NYSE: ESTC); revenue ~$1.5B FY2025,Search AI and vector database leader in a crowded GenAI stack fight; global developer and enterprise audience.
222,Fivetran,fivetran.com,United States,Generative AI & Model Labs,Data movement / AI data pipelines,1300,"ARR >$300M standalone (~$600M combined post dbt Labs merger, 2025)",Post-merger data platform positioning itself as the data layer for enterprise AI; needs a global brand moment vs Databricks/Snowflake.
223,Fractal Analytics,fractal.ai,India,Generative AI & Model Labs,Enterprise AI platforms & services,4300,Revenue ~$300M; IPO filed 2025 (~$3.5B valuation),India's AI flagship heading into IPO; global Fortune 500 client base and a brand-building window that F1 accelerates.
224,Grafana Labs,grafana.com,United States,Generative AI & Model Labs,Observability / AI & LLM monitoring,1300,$270M round (Aug 2024) at $6B valuation; ARR >$350M,Dashboards beloved by the engineers who already watch F1 telemetry graphics; huge open-source community for activation.
225,JFrog,jfrog.com,Israel,Generative AI & Model Labs,Software supply chain / MLOps (JFrog ML),1700,"Public (NASDAQ: FROG); revenue ~$500M, FCF positive",'Liquid software' delivery brand extending into ML model management; speed-of-release narrative pairs with F1 engineering.
226,LogicMonitor,logicmonitor.com,United States,Generative AI & Model Labs,AI observability (Edwin AI),1100,$800M PE investment (Nov 2024) at $2.4B valuation; ARR ~$300M,Freshly capitalized for an AI-ops land grab; needs brand awareness against Datadog/Dynatrace — a sponsor-driven playbook.
227,Mercor,mercor.com,United States,Generative AI & Model Labs,Expert data / RLHF talent marketplace,400,$350M Series C at $10B valuation (Oct 2025); >$150M raised in last 24 months,Hypergrowth AI-data challenger competing with Scale/Surge for lab and enterprise contracts; global talent marketplace narrative fits F1's worldwide reach. (Clay-verified 201-500 core employees)
228,n8n,n8n.io,Germany,Generative AI & Model Labs,AI workflow automation / agent orchestration,450,~$240M raised across 2025-26 rounds (incl. $180M at $2.5B valuation); Clay shows total funding $250M+,Breakout European AI-automation brand with viral developer community; German HQ adds European anchor for F1. (Clay-verified funding; headcount scaled ~4x in 2025)
229,New Relic,newrelic.com,United States,Generative AI & Model Labs,Observability / AI monitoring,2500,Revenue ~$1B; owned by Francisco Partners & TPG ($6.5B take-private),Competitor Dynatrace proved observability works in F1; New Relic's intelligent-observability relaunch needs a marquee platform.
230,Palantir,palantir.com,United States,Generative AI & Model Labs,AI platform (AIP) / decision intelligence,4100,"Public (NASDAQ: PLTR); revenue >$3.4B, strongly profitable",Former Scuderia Ferrari partner (through 2024) — a lapsed F1 buyer with vastly larger budget today; AIP commercial push targets global enterprises.
231,Presight AI,presight.ai,United Arab Emirates,Generative AI & Model Labs,Big data & AI analytics platform,600,"ADX-listed (G42 group); FY2025 revenue AED 3.03B (~$825M), profitable",Gulf AI champion expanding internationally (revenue +130% abroad); Abu Dhabi GP home-race synergy and sovereign backing.
232,Quantexa,quantexa.com,United Kingdom,Generative AI & Model Labs,Decision intelligence / AI data analytics,800,$175M Series F (Mar 2025) at $2.6B valuation,"British AI scale-up selling to global banks and governments; London HQ near F1's commercial heart, Silverstone halo."
233,Replit,replit.com,United States,Generative AI & Model Labs,AI app platform / agentic software creation,642,$250M raise (Sep 2025) at $3B valuation; ARR grew ~10x in 2025,Consumer-scale AI builder brand ('anyone can build software') that benefits from mass-audience reach beyond developers. (Clay-verified 642 employees)
234,Sumo Logic,sumologic.com,United States,Generative AI & Model Labs,Observability / log analytics with AI,800,Revenue ~$300M; Francisco Partners-owned ($1.7B take-private),Rebranding around AI-powered log analytics; needs differentiation in a category where rivals already use F1.
235,Surge AI,surgehq.ai,United States,Generative AI & Model Labs,RLHF / human data for frontier models,411,"Bootstrapped, profitable; reported >$1B revenue (2024); exploring raise at ~$25B valuation",Quiet market leader out-earning rivals with zero brand spend to date; F1 would be a statement launch for enterprise credibility. (Clay-verified 411 employees)
236,Turing,turing.com,United States,Generative AI & Model Labs,LLM training data & AGI advancement services,900,$300M ARR announced 2025; $111M Series E (Mar 2025) at $2.2B,Serves frontier labs and Global 2000 enterprises; needs global brand elevation against Scale/Accenture-tier rivals.
237,Zapier,zapier.com,United States,Generative AI & Model Labs,AI orchestration / agent automation,750,Profitable since inception; ARR >$300M,Profitable automation leader repositioning as an AI orchestration platform for SMBs and enterprise; mass business audience.
238,Babbel,babbel.com,Germany,Generative AI & Model Labs,AI language learning,750,"~€300M revenue, profitable; 16M+ subscriptions sold","Profitable European language-learning leader adding AI conversation tutors; competes with Duolingo for the same global, travel-minded F1 demo."
239,Bending Spoons,bendingspoons.com,Italy,Generative AI & Model Labs,"AI consumer app portfolio (Remini AI photo, Evernote, Meetup)",1000,Profitable; ~$1B revenue run-rate; raised ~$710M (Nov 2025) at $11B valuation,Italy's biggest consumer-app powerhouse with viral AI photo app Remini; Italian F1 heritage plus global app marketing budget make it a natural fit.
240,Coursera,coursera.org,United States,Generative AI & Model Labs,AI-powered online education (Coursera Coach),1300,"NYSE: COUR; ~$700M revenue; strong balance sheet, adjusted-profitable",Global upskilling platform leaning into AI tutoring and AI-skills content; F1's international professional audience is its core learner demo.
241,Duolingo,duolingo.com,United States,Generative AI & Model Labs,AI language learning & education apps,900,"NASDAQ: DUOL; ~$1B revenue (2025), profitable; GenAI-powered Duolingo Max tier",Playful global consumer brand (100M+ MAU) with proven appetite for viral sports-adjacent marketing; F1's young international fanbase maps to its user growth markets.
242,Figma,figma.com,United States,Generative AI & Model Labs,"AI design & creative suite (Figma Make, Weave)",1700,"NYSE: FIG (IPO Jul 2025); ~$900M+ revenue, high growth",Post-IPO push to own AI-native design for prosumers; big-stage global brand building against Adobe and Canva fits an F1 platform.
243,Freepik (Magnific),freepik.com,Spain,Generative AI & Model Labs,AI image/video creative suite,550,"$230M ARR (2025), profitable, bootstrapped; 1M+ paying subscribers",Spain's breakout AI creative platform rebranding to Magnific; needs global brand elevation vs Adobe/Canva and has Spanish F1 star power to activate around.
244,Glance (InMobi Group),glance.com,India,Generative AI & Model Labs,AI lockscreen & generative AI shopping,1500,"Parent InMobi Group profitable at scale with $500M+ revenue and IPO track; Glance raised $200M+ (Jio, Mithril, Google-adjacent backers)",India's biggest consumer AI surface (230M+ lockscreen users) rolling out gen-AI commerce in the US; F1's booming Indian fanbase and global reach fit its expansion.
245,Grammarly (Superhuman Platform),grammarly.com,United States,Generative AI & Model Labs,AI writing assistant & productivity suite,1000,"~$700M ARR (2025), long profitable; $13B valuation; acquired Superhuman and rebranded parent to Superhuman Platform Inc.","Household-name AI writing tool with 40M+ daily users relaunching as an AI productivity super-app; needs big global brand moments to reposition, which F1 delivers."
246,IXL Learning,ixl.com,United States,Generative AI & Model Labs,"AI education & language apps (IXL, Rosetta Stone, Wyzant)",1800,Profitable at scale; est. $500M+ revenue across IXL and Rosetta Stone; 16M+ learners,Owner of Rosetta Stone pushing AI-driven language learning globally; F1's international footprint mirrors its market expansion.
247,Kunlun Tech,kunlun-inc.com,China,Generative AI & Model Labs,"AI music/video/agents (Skywork, Mureka, SkyReels)",2000,Shenzhen-listed; ~RMB 5.7B (~$780M) revenue 2024; owns majority of Opera,'All in AGI' listed group with global consumer AI apps in music and video; already spends on international consumer marketing at scale.
248,Learneo,learneo.com,United States,Generative AI & Model Labs,"AI writing & study apps (QuillBot, Course Hero, LanguageTool, Scribbr)",350,"$200M+ revenue, profitable for a decade; $395M Series C at $3.6B valuation",Portfolio of AI writing/study brands with 100M+ MAU across 150+ countries; QuillBot needs global brand lift against ChatGPT-native habits.
249,Meitu,meitu.com,China,Generative AI & Model Labs,"AI photo/design apps (Meitu, BeautyCam, Wink)",2000,"HKEX: 1357; ~RMB 3.3B (~$470M) revenue 2024, profitable; 260M+ MAU",Profitable AI imaging leader expanding aggressively in Southeast Asia and beyond; global lifestyle audience of F1 suits its beauty/creative apps.
250,Moonshot AI (Kimi),moonshot.ai,China,Generative AI & Model Labs,Kimi AI assistant & open models,800,$3.5B raised (Jul 2026) at $35B valuation; $200M+ ARR; pre-IPO round underway,Kimi's open-source models made it a global developer darling; flush with capital and chasing worldwide consumer awareness ahead of a Hong Kong IPO.
251,NetEase Youdao,youdao.com,China,Generative AI & Model Labs,"AI translation, dictionary & learning apps",2500,"NYSE: DAO; ~RMB 5.6B (~$790M) revenue, operating profitable; Ziyue education LLM",China's leading AI translation/learning brand with global ambitions for its dictionary and smart-device lines; F1 bridges its domestic strength to overseas users.
252,Notion,notion.com,United States,Generative AI & Model Labs,AI productivity & writing workspace,800,Est. $400M+ ARR (2025); 100M+ users; ~$10B valuation; near-profitable SaaS economics,Prosumer AI workspace in a global land-grab against Microsoft Copilot and Google Gemini; young professional F1 demo is its exact growth audience.
253,Opera,opera.com,Norway,Generative AI & Model Labs,"AI browser & assistant (Aria, Opera Neon)",900,"NASDAQ: OPRA; ~$570M revenue (2025), solidly profitable",AI-first browser maker with hundreds of millions of users and gaming/esports sponsorship history (Opera GX); F1 extends its performance-tech image.
254,Picsart,picsart.com,United States,Generative AI & Model Labs,AI photo & design app,1399,"Clay-verified 1,399 employees and revenue band $500M-1B; 150M+ MAU; SoftBank/Sequoia-backed unicorn (Clay verification used)",Mass-market mobile AI creative app in 30+ languages; F1's Gen-Z/millennial global fanbase is its exact creator audience.
255,Plaud,plaud.ai,United States,Generative AI & Model Labs,Consumer AI hardware + AI notetaking app,284,"~$250M revenue (2025) per founder, largely self-funded and profitable; $2B valuation (2025)",Breakout consumer AI device brand (1M+ units) targeting global professionals; premium tech positioning and paddock-friendly product demo well at F1.
256,Soul App,soulapp.cn,China,Generative AI & Model Labs,AI social & companion platform,1400,"RMB 2.2B (~$305M) 2024 revenue, profitable since 2023; HK IPO filed Nov 2025","China's first 'AI social' stock-in-waiting, 11M DAU of Gen-Z users; IPO-driven brand elevation and youth-culture alignment fit F1's growth demo."
257,Wondershare,wondershare.com,China,Generative AI & Model Labs,"AI creative suites (Filmora, Virbo, EdrawMax)",1500,Shenzhen-listed and profitable; Clay revenue band $500M-1B; 100M+ users in 150 countries (Clay verification used),Global prosumer video-editing brand (Filmora) monetizing heavily outside China; sponsors would reach its core creator demo trackside and on broadcast.
258,Abnormal AI,abnormal.ai,US,Generative AI & Model Labs,AI security/agent platforms,1500,Raised $580M cumulative incl. $250M Series D at $5.1B valuation; ARR >$200M growing 100%+ YoY,AI-native cybersecurity brand needing enterprise-trust signaling to global CISOs; F1 sponsor roster already features cybersecurity peers
259,Abridge,abridge.com,US,Generative AI & Model Labs,Vertical AI - Healthcare,600,Raised $250M+ Series E (2025) at $5.3B valuation; deployed across major US health systems,Fast-scaling clinical AI scribe brand seeking category-defining awareness beyond healthcare IT buyers
260,Aidoc,aidoc.com,Israel,Generative AI & Model Labs,Vertical AI - Healthcare,550,"Raised $534M cumulative incl. $150M round (2025); deployed in 1,900+ hospitals globally",Clinical AI decision-support platform expanding globally; F1's international footprint matches its hospital-network expansion targets
261,AlphaSense,alpha-sense.com,US,Generative AI & Model Labs,Vertical AI - Finance,1700,Raised $650M+ cumulative at $4B valuation; ARR reported well above $300M,Market-intelligence AI platform selling into global banks/asset managers who are core F1 corporate-hospitality buyers
262,Anysphere (Cursor),cursor.com,US,Generative AI & Model Labs,AI coding tools/agents,1800,Raised $2.3B+ cumulative incl. a 2025/26 round at a ~$29B valuation; fastest-growing AI coding tool by ARR (>$1B run-rate),"Explosive brand awareness need among global developer/enterprise-eng audience; F1's tech-forward, precision-engineering fanbase overlaps heavily with software engineers"
263,C3.ai,c3.ai,US,Generative AI & Model Labs,AI-native SaaS at scale,850,Public company (NYSE: AI); FY2025 revenue ~$390M,"Enterprise AI platform for industrial/energy clients; F1's engineering-heavy, data-driven fanbase is a natural fit"
264,Celonis,celonis.com,Germany,Generative AI & Model Labs,AI security/agent platforms,3000,Raised $1B+ cumulative at $13B valuation; ARR estimated near $1B,Process-intelligence/AI-agent platform for global manufacturing & logistics enterprises; strong fit with F1's operational-excellence story
265,Clio,clio.com,Canada,Generative AI & Model Labs,Vertical AI - Legal,2450,Raised $1.79B cumulative incl. $500M (Nov 2025) at $5B valuation; profitable growth trajectory,Legal practice-management platform now leaning on AI (Clio Duo) for global expansion into enterprise law firms
266,Contentsquare,contentsquare.com,France,Generative AI & Model Labs,AI-native SaaS at scale,1800,Raised $600M+ cumulative at ~$5.6B valuation; large global enterprise digital-experience customer base,AI-powered digital experience analytics platform with major European base seeking global enterprise expansion
267,Cyera,cyera.io,Israel,Generative AI & Model Labs,AI security/agent platforms,700,"Raised $1.5B+ in 2025-2026 alone (incl. $540M, $400M, $600M rounds) at $12B valuation","Fastest-growing AI-native data security unicorn; needs global enterprise-trust brand halo fast, F1 offers rapid awareness"
268,Five9,five9.com,US,Generative AI & Model Labs,AI customer service agents,2600,Public company (NASDAQ: FIVN); revenue >$1B,Public AI-powered contact-center leader with global customer base seeking premium brand differentiation
269,Glean,glean.com,US,Generative AI & Model Labs,Enterprise AI assistant/search,1700,Series F $150M (June 2025) at $7.2B valuation; ARR tripled to $300M by mid-2026,Enterprise work-AI platform scaling fast into Fortune 500 accounts; needs premium B2B brand halo for global enterprise sales motion
270,Gong.io,gong.io,US,Generative AI & Model Labs,Vertical AI - Sales,1300,Raised $584M cumulative at $7.25B valuation; ARR estimated well above $300M,Category-leading revenue-intelligence AI brand seeking premium enterprise visibility for global GTM expansion
271,Harvey AI,harvey.ai,US,Generative AI & Model Labs,Vertical AI - Legal,450,Raised $1.2B+ total incl. $300M (2025) and $200M (Mar 2026) rounds at $11B valuation; $300M ARR,Legal AI targeting global law firms and asset managers; F1 hospitality is a proven channel to reach senior legal/finance decision-makers
272,Highspot,highspot.com,US,Generative AI & Model Labs,Vertical AI - Sales,1200,"Raised $644M cumulative; $3.5B valuation, large global enterprise customer base",Sales-enablement AI platform for global enterprise sales orgs; F1 corporate hospitality reaches its exact CRO/CMO buyer
273,Hippocratic AI,hippocraticai.com,US,Generative AI & Model Labs,Vertical AI - Healthcare,350,Raised $278M Series C (2025) at $3.5B valuation,Fast-scaling healthcare AI-agent brand looking to build trust and awareness with a mainstream global audience
274,Innovaccer,innovaccer.com,US,Generative AI & Model Labs,Vertical AI - Healthcare,2000,Raised $675M+ cumulative incl. $150M round (2025) at $3.2B valuation,Healthcare data/AI platform with US and India engineering base; F1 provides global enterprise credibility play
275,Ironclad,ironcladapp.com,US,Generative AI & Model Labs,Vertical AI - Legal,500,Raised $333M cumulative at $3.2B valuation; enterprise contract-AI customer base incl. Fortune 500s,"AI contract lifecycle management brand aiming at general counsels/CFOs globally, a strong F1 hospitality audience"
276,Komodo Health,komodohealth.com,US,Generative AI & Model Labs,Vertical AI - Healthcare,700,Raised $314M cumulative at $3.3B valuation; large healthcare/life-sciences enterprise customer base,Healthcare AI data platform serving global life-sciences enterprises with sizable marketing budgets
277,Kore.ai,kore.ai,India,Generative AI & Model Labs,AI customer service agents,1250,Raised $220M+ cumulative incl. $150M growth round with NVIDIA participation; ~500 Global 2000 customers,India/US enterprise agentic-AI platform serving Fortune 500 clients globally; needs stronger brand recognition vs. larger rivals
278,PathAI,pathai.com,US,Generative AI & Model Labs,Vertical AI - Healthcare,350,Raised $255M+ cumulative at $1B+ valuation; partnerships with major pharma and diagnostics companies,AI pathology platform seeking category awareness among global pharma/biotech decision-makers
279,Scale AI,scale.com,US,Generative AI & Model Labs,AI-native SaaS at scale,900,Raised $1B+ cumulative incl. 2024 Meta-led round at $13.8B valuation,AI data/evaluation platform for enterprise and government; global visibility play to reinforce category leadership
280,Seismic,seismic.com,US,Generative AI & Model Labs,Vertical AI - Sales,2000,"Raised $270M+ cumulative at $3B+ valuation; large global enterprise revenue base, PE-backed scale",Enterprise sales-enablement AI at scale; global footprint fits F1 international calendar for account-based marketing
281,Sierra AI,sierra.ai,US,Generative AI & Model Labs,AI customer service agents,700,Raised $950M Series E (May 2026) at $15.8B valuation; ~$200M ARR,Bret Taylor-led consumer-facing AI agent brand needs premium global visibility to win enterprise CX budgets against incumbents
282,Sprinklr,sprinklr.com,US,Generative AI & Model Labs,AI customer service agents,3800,Public company (NYSE: CXM); FY2026 revenue $857M,"Public unified customer-experience/AI platform (Sprinklr AI+) with global enterprise brand roster, founded by Indian-American entrepreneur"
283,Talkdesk,talkdesk.com,US,Generative AI & Model Labs,AI customer service agents,1400,"Raised $700M+ cumulative, peaked at $10B valuation; long operating history serving global enterprise brands","AI customer-experience automation platform with EMEA hub (Portugal, UK) seeking global enterprise brand lift"
284,Tempus AI,tempus.com,US,Generative AI & Model Labs,Vertical AI - Healthcare,2700,Public company (NASDAQ: TEM); FY2024 revenue >$700M and growing,Public precision-medicine AI company wanting consumer and investor visibility; data/precision narrative fits F1 well
285,UiPath,uipath.com,US,Generative AI & Model Labs,AI security/agent platforms,4200,Public company (NYSE: PATH); revenue >$1.4B,Public agentic-automation leader repositioning around AI agents; needs mainstream visibility beyond RPA legacy image
286,Verint,verint.com,US,Generative AI & Model Labs,AI customer service agents,4000,Public company (NASDAQ: VRNT); revenue ~$900M,Public AI-powered customer-engagement platform with long-tenured global enterprise base seeking renewed brand energy
287,Viz.ai,viz.ai,US,Generative AI & Model Labs,Vertical AI - Healthcare,500,"Raised $250M+ cumulative incl. Series E at $1.2B+ valuation; deployed in 1,500+ hospitals",Real-time clinical AI workflow brand; speed/precision-to-decision narrative mirrors F1 race strategy storytelling
288,6sense,6sense.com,United States,Generative AI & Model Labs,AI account-based marketing / predictive intelligence,1600,"Revenue est. ~$250-265M ARR (2025); $5.2B valuation; $524M raised (borderline on revenue threshold, flagged for qualification)",Predictive-intelligence ABM platform selling 'AI that knows who's buying' to the same enterprise CMOs/CROs F1 hospitality entertains; high-valuation challenger needing brand differentiation beyond its core ABM category.
289,Ada,ada.cx,Canada,Generative AI & Model Labs,AI customer service agents,780,"Clay-verified revenue band $200-500M; 550+ AI agents deployed globally, 6.4B+ interactions powered","Toronto-based agentic-CX leader (Ancestry, Pinterest, Square, Sky as customers) competing directly with Sierra/Intercom for enterprise AI-agent budget; global brand deployments mirror F1's international broadcast footprint."
290,Addepar,addepar.com,United States,Generative AI & Model Labs,AI-powered wealth management data platform,1448,$230M Series G (May 2025) at $3.25B valuation; $759M raised total,"AI-driven investment data platform for the wealth-management industry, whose RIA and family-office clients are prime F1 Paddock Club hospitality targets; fresh capital funds brand expansion beyond its finance-insider niche."
291,Agility Robotics,agilityrobotics.com,United States,Generative AI & Model Labs,Humanoid robotics,450,$400M Series C (Mar 2025) at ~$2.1B valuation; $641M raised total,"Maker of the Digit humanoid robot (backed by Nvidia's NVentures, Amazon, Sony); fresh nine-figure capital and an industrial-performance narrative pair naturally with F1's engineering-precision storytelling."
292,Ambience Healthcare,ambiencehealthcare.com,United States,Generative AI & Model Labs,Vertical AI - Healthcare (ambient clinical documentation),250,"$243M Series C (2025, Oak HC/FT & a16z) at $1.25B valuation; $373M raised total (headcount at the 250-employee floor, flagged for qualification)","Fast-scaling ambient clinical-AI platform for health systems, freshly capitalized in 2025's AI-scribe funding wave; category leadership push needs a category-defining global brand moment beyond healthcare-IT trade press."
293,Amplitude,amplitude.com,United States,Generative AI & Model Labs,AI-heavy public SaaS (product analytics),1000,Public (NASDAQ: AMPL); revenue ~$300M+,Product-analytics platform building out AI-native marketing/product-analytics agents; public-market discipline plus a 'data-driven decisions in real time' story that echoes F1's own telemetry-and-strategy broadcast content.
294,Appian,appian.com,United States,Generative AI & Model Labs,AI-heavy public SaaS (low-code process automation),2592,Public (NASDAQ: APPN); Clay-verified revenue band $500M-1B,25-year-old process-automation platform rebranding hard around 'Serious AI. Built on Process.'; enterprise and government customer base plus a public-market profile give it the affordability and motive for a global brand statement.
295,Applied Intuition,appliedintuition.com,United States,Generative AI & Model Labs,Autonomous-vehicle software & simulation,1300,$600M Series F + tender (Jun 2025) at $15B valuation; $1.5B raised total,The dominant AV/ADAS software and simulation platform behind most major automakers' autonomy programs; motorsport is the most credible brand adjacency available for a company selling vehicle-software tools to the entire auto industry.
296,Asana,asana.com,United States,Generative AI & Model Labs,AI-heavy public SaaS (work management),4400,"Public (NYSE: ASAN); revenue ~$700M+, repositioned around 'human + AI collaboration' and its Work Graph","170,000+ organizations run critical work on Asana's AI-native work platform; global brand-awareness campaign would support its post-repositioning growth push against Monday.com and Smartsheet."
297,Boston Dynamics,bostondynamics.com,United States,Generative AI & Model Labs,AI robotics (mobile manipulation),1688,"Clay-verified revenue band $500M-1B; owned by Hyundai Motor Group since 2021, deep-pocketed strategic backing","The most globally recognized robotics brand (Atlas, Spot), backed by Hyundai; a mainstream-consumer-facing robotics icon whose viral video culture already resembles motorsport-style engineering spectacle."
298,Braze,braze.com,United States,Generative AI & Model Labs,AI customer engagement platform,1600,"Public (NASDAQ: BRZE); revenue ~$525M FY25, growing 20%+",Customer-engagement AI platform embedding Sage AI agents; global enterprise brand customers (many auto/lifestyle) make F1's international consumer reach a natural fit for a still under-the-radar public SaaS name.
299,Clari,clari.com,United States,Generative AI & Model Labs,Revenue AI / forecasting platform,950,Revenue est. ~$450M; $2.6B valuation; acquired Salesloft (Dec 2025) to become a combined revenue-AI platform,Newly combined with Salesloft into the largest independent revenue-AI platform; needs a marquee global brand moment to cement category leadership against Gong/Outreach and reach its enterprise RevOps buyer.
300,Commure,commure.com,United States,Generative AI & Model Labs,Vertical AI - Healthcare operations,1572,Clay-verified revenue band $200-500M; $250M+ raised; 300%+ YoY growth for two straight years; named to Fortune Future 50 (2025),"Ambient AI documentation, coding, and revenue-cycle platform powering 500,000+ clinicians; hypergrowth trajectory and General Catalyst/Sequoia backing support a bold global brand-building bet."
301,Cresta,cresta.com,United States,Generative AI & Model Labs,AI contact-center / conversation intelligence,775,"$1.6B valuation (2024); $247M+ raised; enterprise customers incl. Alaska Airlines, Cox, Intuit",Contact-center AI platform (agent assist + AI agents) with a real-time coaching pitch that maps naturally to F1 pit-wall/strategy storytelling; needs brand lift to compete with better-known Sierra/Decagon in enterprise CX AI.
302,Darktrace,darktrace.com,United Kingdom,Generative AI & Model Labs,AI-native cybersecurity,2400,"Revenue ~$545M+ (2023, targeting $1B); Thoma Bravo-owned since Oct 2024 ($5.3B take-private)","Pioneer of self-learning AI cybersecurity, now backed by Thoma Bravo's cybersecurity-portfolio playbook and pushing hard into US expansion; British engineering heritage and a 'defend at machine speed' story suit F1's UK-heavy team base."
303,Darwinbox,darwinbox.com,India,Generative AI & Model Labs,AI HR & workforce management platform,1372,"Clay-verified revenue band $500M-1B; $100-250M raised; serves 1,000+ enterprises and 4M+ employees across 130+ countries","India's leading AI-powered HCM suite (Gartner Magic Quadrant, 4 years running) expanding globally from a Hyderabad/San Mateo dual base; F1's huge and growing Indian fanbase gives it a home-market brand platform with international reach."
304,Doximity,doximity.com,United States,Generative AI & Model Labs,Vertical AI - Healthcare (clinician workflow),939,"Public (NYSE: DOCS); revenue band $500M-1B, consistently profitable","The 'leading clinical AI company' for US physicians (85%+ penetration), profitable and public with a large cash balance; a household-adjacent healthcare AI brand looking to extend beyond its clinician-only user base."
305,Eightfold AI,eightfold.ai,United States,Generative AI & Model Labs,AI talent intelligence platform,880,$397M+ raised total incl. $220M Series E at $2.1B valuation; headcount ~3x'd through 2025,Talent-intelligence AI platform (SoftBank Vision Fund-backed) serving global enterprise HR leaders; fast-scaling headcount and capital reserve give room to fund a global-visibility play against Workday/LinkedIn-adjacent incumbents.
306,Employment Hero,employmenthero.com,Australia,Generative AI & Model Labs,AI HR & payroll platform,1846,"Clay-verified revenue band $200-500M; $100-250M raised; unicorn since 2022, serves 350,000+ businesses globally",Australia's AI-powered employment-platform unicorn (100% YoY growth) expanding into UK/Singapore/Canada; Melbourne GP home-race anchor plus an SME-owner audience that mirrors F1's fastest-growing viewer segment.
307,Filevine,filevine.com,United States,Generative AI & Model Labs,Vertical AI - Legal (case & practice management),951,Clay-verified revenue band $200-500M; $250M+ raised; named to Inc 5000 and Deloitte Fast 500 (2024),"Fast-growing legal-work AI platform (125,000+ legal professionals) building a dedicated AI-products team; needs a category-defining global brand play as it challenges larger incumbents like Clio and Litera."
308,freee,corp.freee.co.jp,Japan,Generative AI & Model Labs,AI-heavy public SaaS (accounting & HR),1900,"Public (TSE: 4478); revenue ~$240M (FY2025) and growing 30%+ YoY (just under the $250M affordability bar, flagged for qualification)","Japan's leading cloud accounting/payroll AI platform, publicly listed with fast-accelerating growth; a Suzuka-anchored Japanese enterprise-software brand seeking international profile as it scales past domestic saturation."
309,Gainsight,gainsight.com,United States,Generative AI & Model Labs,AI customer success platform,1139,"Clay-verified revenue band $500M-1B; 2,000+ enterprise customers","The 'retention engine' behind the world's most customer-centric SaaS companies, now layering in AI agents for customer success; sizeable, profitable-scale platform seeking a marquee brand move beyond its CS-software niche."
310,Helsing,helsing.ai,Germany,Generative AI & Model Labs,Defense AI,800,"$1.8B Series E (Jul 2026) at $18B valuation, Europe's biggest defense-startup round; $3.43B raised total","Europe's flagship defense-AI company (autonomous systems, AI for military decision-making), freshly capitalized at an $18B valuation; German engineering-precision narrative and enormous war-chest support a bold European brand statement."
311,Icertis,icertis.com,United States,Generative AI & Model Labs,AI-native contract intelligence,2404,"$500M+ raised historically at $5B+ valuation; enterprise customer base incl. Microsoft, Airbus",Self-described 'AI-native contract intelligence company' (Vera platform) serving the world's largest enterprises out of a US/India (Pune) engineering base; global Fortune 500 customer overlap fits F1's corporate-hospitality buyer.
312,iCIMS,icims.com,United States,Generative AI & Model Labs,AI talent acquisition platform,1200,"Revenue ~$400M; Vista Equity/TA Associates co-owned since 2018/2022, PE-backed at scale",Long-established talent-acquisition platform now repositioning around agentic AI recruiting (recently named a Chief AI Officer); PE ownership and enterprise customer base support a global brand-awareness push against Workday.
313,Intercom,intercom.com,United States,Generative AI & Model Labs,AI customer service platform (Fin),1800,ARR ~$400M (Apr 2026); AI agent Fin passed $100M ARR growing 350%/yr; rebranded around AI in 2026,Category-defining CX AI brand (recently rebranded to lead with its Fin AI agent) needing a global stage to win the 'best AI support agent' narrative against Sierra/Zendesk; F1's enterprise buyer audience overlaps its SaaS customer base.
314,Klaviyo,klaviyo.com,United States,Generative AI & Model Labs,AI marketing & customer data platform,1800,"Public (NYSE: KVYO); revenue ~$935M (2024), growing 30%+; profitable on adjusted basis",AI-driven marketing/CDP platform selling to the same DTC and e-commerce brands that flock to F1 hospitality; post-IPO brand-building budget and a consumer-facing growth story that benefits from global stage exposure.
315,monday.com,monday.com,Israel,Generative AI & Model Labs,AI-heavy public SaaS (work management),3200,Public (NASDAQ: MNDY); revenue >$1B run-rate; restructured 20% of workforce in 2026 to fund its AI work-platform pivot,Publicly executing the largest platform transformation in its history around an 'AI-based work platform' vision; needs a marquee global brand moment to justify the AI repositioning to investors and win enterprise mindshare from Asana/ClickUp.
316,Netradyne,netradyne.com,United States,Generative AI & Model Labs,AI fleet safety & computer vision,1193,Clay-verified revenue band $500M-1B; $100-250M raised,"Computer-vision/edge-AI fleet-safety leader (India-founded, San Diego HQ'd) improving driver behavior across commercial fleets globally; a real-time driver-performance data story is a near-literal match for F1 telemetry and driver-coaching content."
317,Nuro,nuro.ai,United States,Generative AI & Model Labs,Autonomous-vehicle software (delivery/robotaxi),1050,"$203M Series E (Aug 2025) at $6B valuation, backed by Nvidia, Uber, T. Rowe Price","AI-first self-driving technology company (licensing its Nuro Driver to Uber, Lucid) renewing investor confidence after a fresh 2025 raise; global autonomy race narrative fits F1's technology-forward audience."
318,Outreach,outreach.io,United States,Generative AI & Model Labs,AI sales engagement platform,1500,Revenue ~$250-300M ARR; $4.4B peak valuation; $538M+ raised historically,Category-creating sales-engagement AI platform locked in a brand war with Salesloft/Clari-Salesloft and Gong; F1's global enterprise-buyer hospitality is exactly the audience its CRO/VP Sales customers sit in.
319,PagerDuty,pagerduty.com,United States,Generative AI & Model Labs,AI-heavy public SaaS (AIOps / incident response),1437,Public (NASDAQ: PD); revenue ~$470M and profitable on a non-GAAP basis,"'Central nervous system for digital operations' brand increasingly powered by AI agents for automated incident response; real-time, mission-critical response is a direct storytelling parallel to F1 pit-wall decision-making."
320,Personio,personio.com,Germany,Generative AI & Model Labs,AI HR & people platform,1800,Revenue ~$435.6M ARR (2024); $772M raised total; $8.5B valuation,"Europe's leading mid-market HR platform, layering AI throughout its 2025/26 product roadmap; German HQ and pan-European SME customer base align tightly with F1's European heartland races and its push for continued category leadership vs. Workday/SAP."
321,Phenom,phenom.com,United States,Generative AI & Model Labs,AI talent experience platform,2000,"Revenue ~$232M ARR (2024) and growing fast, approaching the $250M affordability bar; $1.4B valuation","AI-native talent-experience platform (candidate, employee, and internal-mobility AI) at real HR-tech scale; growth trajectory and enterprise Fortune 500 customer base fit F1's global corporate-hospitality audience."
322,Pigment,pigment.com,France,Generative AI & Model Labs,AI-powered FP&A / business planning platform,720,"$145M Series D (2025) at $1B valuation; $453.9M total raised (funding just under the $150M/24mo threshold, flagged for qualification)",French-founded AI planning platform (ICONIQ-backed) challenging Anaplan/Workday Adaptive for the CFO office; fresh capital and a French/European growth story make it a natural fit for F1's home-market and CFO-hospitality audience.
323,Relativity,relativity.com,United States,Generative AI & Model Labs,Vertical AI - Legal (eDiscovery),1800,Revenue ~$325.6M (2025); $3.6B+ valuation; filed confidentially for IPO (2025),"The dominant AI-powered eDiscovery platform for law firms, corporations, and government (DOJ, 70+ Fortune 100 companies); pre-IPO brand-building window is exactly the moment sponsors use F1 to build institutional recognition."
324,Riskified,riskified.com,Israel,Generative AI & Model Labs,AI-heavy public SaaS (fraud & risk),670,"Public (NYSE: RSKD); FY2025 revenue $344.6M, first-ever GAAP-profitable quarter in Q4 2025",AI fraud-prevention platform protecting e-commerce transactions for global retail brands; newly GAAP-profitable public company with a 'trust at scale' narrative that suits F1's global commerce audience.
325,Sansan,corp-sansan.com,Japan,Generative AI & Model Labs,AI-heavy public SaaS (business contact/relationship intelligence),3159,"Public (TSE: 4443); trailing 12-month revenue ~$324M, ~15%/yr projected growth","Japan's leading AI-driven business-relationship intelligence platform, publicly listed and growing faster than the broader Japanese market; Suzuka GP and Honda's F1 return give Japanese enterprise-software brands renewed reason to engage."
326,Similarweb,similarweb.com,Israel,Generative AI & Model Labs,AI-heavy public SaaS (digital intelligence),1120,"Public (NYSE: SMWB); revenue ~$282.6M (2025), up 13-15% YoY","Web/AI-traffic intelligence platform increasingly selling 'AI visibility' analytics as brands optimize for LLM-driven search; a data-and-speed brand story fits F1's real-time analytics culture, and it's just crossed the affordability bar as a newly profitable-trending public company."
327,Snyk,snyk.io,United Kingdom,Generative AI & Model Labs,AI-heavy developer/application security,1600,Revenue est. $326-408M ARR; $1.3B+ raised historically at $7.4B valuation,Developer-security platform increasingly selling AI-code and MCP-security tooling as coding agents proliferate; London/Tel Aviv-founded with a huge global developer community that overlaps F1's tech-forward fanbase.
328,Symbotic,symbotic.com,United States,Generative AI & Model Labs,AI-powered warehouse robotics,2161,Public (NASDAQ: SYM); revenue band $1B-10B,AI-powered robotic/software platform reinventing warehouse automation for the world's largest retailers (Walmart is a key investor/customer); public-market scale and a 'speed and precision at the warehouse' story map onto F1 branding.
329,Torq,torq.io,Israel,Generative AI & Model Labs,AI security automation (agentic SOC),443,"$140M Series D (Jan 2026) at $1.2B valuation; $332M total raised (single round just under the $150M/24mo threshold, flagged for qualification)","Newly minted Israeli unicorn leading the 'AI SOC' and agentic-security category, with offices already spanning Japan, Germany, Amsterdam, and London; hiring 200+ in 2026 to match its global ambitions."
330,Translated,translated.com,Italy,Generative AI & Model Labs,AI translation & language services,2083,Clay-verified revenue band $200-500M; 25-year profitable operating history; funds startups via its Pi Campus vehicle,"Rome-founded human+AI translation leader (ModernMT) serving hundreds of thousands of global clients in 200+ languages; Italian F1 heritage (Ferrari, Monza) plus a genuinely global enterprise customer base make it a strong cultural and commercial fit."
331,Truveta,truveta.com,United States,Generative AI & Model Labs,Vertical AI - Healthcare data & genomics,430,$320M Series C (Jan 2025) at $1B+ valuation; $515M raised total,"Seattle unicorn building the world's largest clinical-genomic AI dataset from 30+ US health systems; fresh capital and a 'precision medicine at population scale' story suit a global, data-driven sponsorship narrative."
332,Zeta Global,zetaglobal.com,United States,Generative AI & Model Labs,AI marketing & CDP platform,2400,"Public (NYSE: ZETA); revenue ~$1.05B (2024), growing 30%+","Built its brand around 'the AI marketing cloud' positioning; public-market scale, existing sports-sponsorship marketing instincts (David Steinberg is an active brand marketer), and a consumer-data story that plays well against F1's audience-data-rich fanbase."
