list,rank,company,hq,ownership,sells (what & to whom),headcount_band,"revenue (date, source)",valuation (date),latest raise & use,fit 0-4,fit detail,soft flags,verdict,verdict reason,best angle
batch,1,LSEG (London Stock Exchange Group),United Kingdom (London),Public (LSE-listed: LSEG),"Exchange operations, financial data & analytics (Refinitiv/Workspace), clearing (LCH)","~25,000+ employees (est) — comfortably clears the 10k+ pass","~GBP8.2B (~$10.5B) FY2024 actual base, similar-to-higher for FY2025 (est) — precise FY2025 figure not independently pinned down this pass","~GBP40-46B market cap as of Sept 2026 (~$52-60B USD, sources vary by date: GBP39.58B and GBP46.49B both cited in 2026) — comfortably clears $1B",N/A — public company,4,"Global exchange/data business selling into 3+ F1 markets (UK, US, Italy via Borsa Italiana, Asia); buyers of its core products are institutional/senior financial decision-makers; brand story (exchange infrastructure, real-time data, global market ambition) maps very well to performance/technology/global-ambition; exchange/market-infrastructure-and-data category is fresh vs. rest of batch (which is mostly IDBs and software).",,Yes,"Headcount (10k+), revenue (>$100M by a wide margin), market cap far above $1B, clearly profitable/growing diversified business, thousands of institutional clients, and no F1 sponsorship/exposure found in search.","Global market-infrastructure prestige brand; angle is 'the exchange that keeps global markets moving in real time' aligned with F1's live, split-second global broadcast stage — good fit for a data/analytics or timing-adjacent partnership rather than team livery."
batch,2,Marex Group,"United Kingdom (London), Nasdaq-listed","Public (Nasdaq: MRX, IPO April 2024)","Commodities & financial brokerage, clearing, market making, prime services","~2,000+ employees (est, growing via 2025 acquisitions: Aarna, Agrinvest, Hamilton Court, Winterflood) — within 51-10,000 band",$2.02B actual FY2025 (+27% YoY) — updated from input's $1.6B est,"~$5.0-5.1B market cap as of Sept 2026, up sharply from ~$2.9B in Feb 2026 — updated from input's $2B, comfortably clears $1B",Public; issued $500M senior notes in 2025 and expanded free float above 80%,4,"Truly global footprint (US, UK, Europe, Middle East, Brazil per 2025 expansion) clearing 3+ F1 markets easily; buyers are institutional trading-desk decision-makers; market-making/execution speed story maps well to performance/precision; category (diversified commodities/financial brokerage + market making + prime services) is distinct enough from the pure interdealer-broking trio (TP ICAP/BGC/Tradition) to count as a fresher category on the grid.",,Yes,"Record profit for an 11th consecutive year, revenue and profit both up strongly (not cost-cutting), market cap well above $1B and rising fast, thousands of institutional clients, headcount in-band, no F1 sponsorship found (searches surfaced Marsh, an unrelated insurance broker, as F1's actual insurance partner — no Marex link).","Strongest growth-momentum story in the batch (market cap +75% in 2026 alone, 11-year profit streak); global multi-market expansion narrative (incl. Middle East/Brazil) pairs naturally with F1's global-ambition storyline."
batch,3,MarketAxess,USA,public,Electronic bond trading platform for institutional investors and dealers,501-1k,"$219.5M Q2 2025 (record, +11% YoY), source: MarketAxess Q2 2025 results; ~$850-900M annualized run-rate","~$8-9B market cap, Sept 2026, Nasdaq: MKTX",public,4,Global institutional footprint across US/UK/EU (yes); institutional dealer/investor decision-makers (yes); technology/precision trading story (yes); category open on the grid (yes),,Yes,"Trajectory has turned back up — record Q2 2025 revenue and market-share gains in portfolio trading — addressing earlier competitive-pressure concerns; thousands of institutional users, no restructuring or F1 exposure.",Precision execution in bond markets paired with F1's precision engineering — an underused 'fixed income meets speed' angle.
batch,4,Mirae Asset Securities,South Korea,"Public (KOSPI: 006800), founder-controlled group (Mirae Asset)","Brokerage & wealth management with global footprint (US, UK, Hong Kong, Vietnam, Indonesia, Brazil, India offices)","51-10,000 (~5,000, est)",~$2B (est),"~$12.2B market cap (16.83 trillion KRW as of Sept 1, 2026, per stockanalysis.com); highly volatile in 2026, peaking near $27.8B (40.2 trillion KRW) in Feb 2026 on SpaceX-investment gains before pulling back",Public company,4,"Genuine multi-market international footprint including US, UK, Brazil (1/1); HNW/institutional and senior decision-maker buyers (1/1); global-ambition wealth-manager brand story (1/1); category open (1/1)",,Yes,"Comfortably passes all hard filters: strong revenue, verified multi-billion-dollar valuation, strong earnings momentum in 2026 (improving), millions of clients, no F1 exposure found for Mirae Asset group.","The only Korean financial name here with a genuinely global footprint — fits a 'global ambition' brand story spanning multiple F1 host markets (US, UK, Brazil)."
batch,5,Tradeweb Markets,USA,public,"Electronic trading platform for fixed income, rates and ETFs",1k-5k,"$2.1B, FY2025, source: Tradeweb FY2025 results (+18.9% YoY; 26th consecutive record year)","~$25-28B market cap, Sept 2026, Nasdaq: TW",public,4,Global trading venues across US/UK/EU/Asia (yes); institutional trading decision-makers (yes); speed/precision/technology story maps directly to F1 (yes); electronic-trading category open on the grid (yes),,Yes,"Record revenue growth (+18.9% YoY), expanding EBITDA margin, rising free cash flow, thousands of institutional users, no F1 exposure or restructuring signals.",'Milliseconds matter' — electronic-trading speed and precision is a near-perfect brand match for F1's performance-engineering narrative.
batch,6,Aura,USA,VC-backed,"Identity theft protection, credit monitoring and family online-safety subscriptions, direct to consumers",1k-5k,"~$250-385M ARR (est, conflicting figures following Sept-2024 corporate split of Aura/Pango Group and 2025 Qoria integration), growing >40% YoY on core business","$1.6B, March 24, 2025 (Series G)","March 24, 2025, $140M (equity + debt), use: further development of intelligent safety features",3,Primarily US-centric distribution (no); affluent 25-54 families as core buyer (yes); safety/protection/technology brand story (yes); consumer identity-protection category distinct from F1's existing B2B cybersecurity sponsors — Keeper/1Password/CrowdStrike (yes),,Yes,"Fresh $140M raise in March 2025 explicitly for product expansion, valuation $1.6B, millions of subscribers, and its consumer-safety category is distinct from F1's existing B2B cybersecurity sponsors.","'Protecting what matters most' — family/identity-safety story paired with F1's affluent, family-attending audience; open category versus existing enterprise-security sponsors."
batch,7,BGC Group,United States (New York),Public (Nasdaq: BGC),"Interdealer broking, Fenics electronic markets/fintech","~3,300 employees (est) — within 51-10,000 band","$2,941.5M actual FY2025 (+30% YoY, +14.9% organic ex-OTC acquisition) — updated from input's $2.7B est","~$5.2-5.8B market cap as of Sept 2026 (fluctuated through the year) — updated from input's $5.5B, comfortably clears $1B",N/A — public; grew via OTC acquisition in 2025,3,"Global broking + electronic-markets tech business selling into 3+ F1 markets (US, UK, Asia); buyers are institutional trading-desk decision-makers; Fenics' electronic/algorithmic trading angle maps well to performance/technology/precision; category (interdealer broker) again overlaps with TP ICAP and Tradition in this batch, docking the category-freshness dimension.",,Yes,"Record revenue growth (+30%), rising adjusted earnings (+20.4%), market cap well above $1B, thousands of institutional clients, headcount in-band, no F1 sponsorship link found (BGC's signature sponsorship property is its annual 9/11 Charity Day, not F1).","Electronic/algorithmic trading (Fenics) narrative fits precision/speed positioning; BGC's existing celebrity-driven Charity Day shows appetite for high-profile brand activations, a useful opening hook."
batch,8,Compagnie Financière Tradition,Switzerland (Lausanne/Geneva),"Public (SIX-listed: CFT), founder/family-influenced (Viel family)",Interdealer broking; online FX for Japanese retail investors (non-IDB),"~2,700 employees (est) — within 51-10,000 band","CHF1,203.6M actual FY2025 (+11.4% at constant FX; ~$1.3-1.4B) — updated from input's $950M est","~CHF2.0-2.2B market cap (~$2.3-2.5B) as of 2026 — updated from input's $1.2B, comfortably clears $1B",N/A — public,3,"Sells into 3+ F1 markets (Europe, Japan, Asia broadly); buyers are institutional trading-desk decision-makers; broking story maps reasonably to precision/global-markets; category (interdealer broker) again overlaps with TP ICAP and BGC in this batch, docking category-freshness; also smallest and most family/founder-influenced of the three IDBs, giving it a slightly different brand angle (heritage/family stewardship).",,Yes,"Revenue growing double digits, net income and ROE both improving (27.6% ROE, +16% net income), market cap above $1B, thousands of institutional counterparties, headcount in-band, no F1 exposure found in search.",Family/founder-stewardship heritage (Viel family) plus strong Japan retail-FX franchise gives a distinct 'legacy meets modern markets' angle versus the more corporate TP ICAP/BGC positioning.
batch,9,Credit Saison,Japan,"Public (TSE: 8253), founding-family-linked group","Credit cards & consumer/SME finance, primarily Japan with some Asia expansion (India, Vietnam)","51-10,000 (~4,500, est)",~$1.5B (est),"$3.81B market cap as of June 29, 2026 (Yahoo Finance/stockanalysis, TYO:8253)",Public company,3,"Primarily Japan-domestic with minor Asia expansion, short of 3+ F1 markets (0/1); broad consumer credit base, moderate affluent skew (1/1); consumer-finance modernization story, moderate tech fit (1/1); category open (1/1)",,Yes,"Valuation and scale verified well above thresholds (30M+ cardholders); no F1 exposure found for Credit Saison or its founding-family group. Capacity/profitability improvement trend is estimated, not independently verified this cycle.",Japan's established consumer-finance modernizer — a steady 'trusted precision' story for a Japanese GP-adjacent audience.
batch,10,EVERTEC,Puerto Rico / USA,public,Payment processing and transaction acquiring for merchants and banks across Latin America/Caribbean,1k-5k,"$931.8M, FY2025, source: EVERTEC FY2025 results (+10.2% YoY; FY2026 guidance $1.02-1.04B)","~$2.5-3B market cap, Sept 2026, NYSE: EVTC",public,3,Sells across US + Brazil/LatAm F1 markets (yes); bank/merchant senior decision-makers (yes); technology/precision payments story (yes); payments category already held by Mastercard-McLaren (no),,Yes,"Profitable with double-digit revenue growth (+10.2% FY2025) and positive FY2026 guidance, thousands of merchant/bank customers, $2.5B+ market cap, no F1 exposure or restructuring found.","Position as the payments engine powering LatAm/Caribbean commerce, resonating with F1's growth push into Brazil/Mexico — but must differentiate from Mastercard's existing McLaren deal."
batch,11,GMO Payment Gateway,Japan,"Public (TSE: 3769), part of founder-controlled GMO Internet Group","Online payment processing infrastructure, primarily Japan-focused","51-10,000 (~1,500, est)","$583M TTM as of March 31, 2026 (verified, up from ~$500M est)","~$4.36-4.43B market cap as of Sept 2026 (companiesmarketcap.com/tipranks, TYO:3769)",Public company,3,"Japan-domestic only, not 3+ F1 markets (0/1); B2B merchant decision-makers are senior/business-owner buyers (1/1); fintech infrastructure brand fits tech/precision narrative (1/1); category open (1/1)",,Yes,"Revenue and valuation verified and comfortably above thresholds; 170,000+ merchant customers; no F1 exposure found for GMO Payment Gateway or GMO Internet Group.","Payments infrastructure backbone for Japanese e-commerce — 'invisible precision at scale' angle, B2B decision-maker audience."
batch,12,Hyundai Card,South Korea,"Private, family/corporate-owned (Hyundai Motor Group majority) — no public listing",Credit card issuing (domestic Korea),"51-10,000 (~1,800, est)","~$1.6-3.4B range: H1 2026 operating revenue was 2.3372 trillion KRW (~$1.7B for 6 months, ~$3.4B annualized run-rate) per Asia Business Daily; FY2025 net profit was 350 billion KRW (~$250M), up >10% YoY, overtaking KB Kookmin Card for 3rd place by profit",No published market valuation (privately/family-held) — passes on strong verified revenue and profit instead,"None recent (self-funded, profitable)",3,"Domestic-only, not an F1 market (0/1); Hyundai Card is known for design-forward premium cards skewing affluent 25-54 (1/1); design/performance brand DNA linked to Hyundai Motor Group (1/1); category open (1/1)","Family/corporate-owned, no published valuation — revenue-pass flagged per hard-filter exception",Yes,"Revenue and profit verified strong and clearly improving (net profit +11.9% H1 2026, only major issuer growing during an otherwise tough industry period); valuation unpublished but flagged as a family-owned revenue-pass per rules; 10M+ cardholders; F1 exposure check confirms Hyundai Motor Group is in WRC, not F1 — no F1 tie found.","Design-led, performance-branded card issuer already culturally adjacent to motorsport via Hyundai Motor's WRC program — an easy narrative bridge to F1-adjacent precision/performance messaging without any conflicting exposure."
batch,13,InCred,"Mumbai, India","VC/PE-backed (KKR India Financial Services merger 2024; backers incl. Ranjan Pai, Ravi Pillai); IPO-bound, not yet listed","Consumer & SME lending, wealth management NBFC — India domestic only","~2,000 (est)","$222.8M, FY2025 (operating revenue ₹1,871.9cr, +47% YoY), source: Inc42/Entrepreneur","$1.78B–$2.68B IPO target (₹15,000–22,500cr), 2026 — pending listing, SEBI approval secured","2026: IPO process underway (SEBI/UDRHP approved, targeting ~₹5,000cr raise incl. ₹1,250cr fresh issue); use: capital base/growth ahead of listing (not yet closed)",3,Domestic-only (0/1). Wealth-management arm serves HNI/affluent clientele — buyers criterion met (1/1). Digital-first NBFC brand story has some tech/performance framing (1/1). Lending/wealth category not claimed on grid (1/1).,,Yes,"Revenue clears $100M threshold with strong growth (+47%), profit +18% to ₹372cr, loan book +37% — capacity clearly improving. IPO target valuation clears $1B even at the low end. Customer base (hundreds of thousands) passes. No F1 exposure identified for InCred, KKR, or its backers.","Position as a fast-scaling, tech-led NBFC with a wealth-management (affluent-buyer) angle — good story for a founder-led 'challenger brand' partnership."
batch,14,Judo Bank,Australia,Public (ASX: JDO),SME-focused digital bank/lending in Australia,"~900 (passes 51-10,000 band)","H1 FY26 revenue A$205.6M (implies ~A$400M+ annualized, ~US$270-280M); FY26 statutory profit after tax A$111.1M (+29% YoY), profit before tax A$168.1M (+34% YoY)","Market cap ~AUD 1.95B as of most recent Sept 2026 data (post FY26 results rally on Aug 18, 2026, shares up as much as ~17% on the day) - roughly USD 1.2-1.3B, clearing the $1B threshold; intra-2026 range was as low as ~AUD 1.0B before the results-driven re-rating",Public company - no private raise applicable; capital position strengthened by FY26 profit growth,3,"Sells only in Australia (1 of the listed F1 markets - Australia hosts an F1 race); buyers are SME owner-operators, i.e., senior business decision-makers, a strong match; the 'Judo' brand (discipline, technique, agility) maps naturally to a performance/precision story; SME challenger-bank is likely an open category on the grid.",,Yes,Public and clearly profitable with improving (not cost-cutting) trajectory; market cap now above $1B post-results rally; headcount and SME customer base both pass; no F1 exposure identified. Market cap has been volatile through 2026 (as low as ~AUD 1.0B mid-year) so the >$1B USD reading should be reconfirmed closer to outreach.,"Australian F1 race market + Judo brand's built-in performance/precision metaphor + SME decision-maker audience is a strong, differentiated combination."
batch,15,K bank,South Korea,"Public (KOSPI: 452690) since IPO March 5, 2026; consortium of KT, Woori, NH Investment & others remain large shareholders (input's 'planning IPO' is now outdated)",Mobile-only digital banking for Korean retail consumers (domestic only),"51-10,000 (~600)","~$400M+ (est, unverified segment detail); improving profitability post-IPO","~$2.4-2.9B market cap (IPO priced at 3.37 trillion KRW / ~$2.4B on March 5, 2026 debut; stock rose as much as 16% on debut day, per Korea Herald/KED Global)","IPO completed March 5, 2026, raising ~498 billion KRW (~$360M) on its third listing attempt",3,"Sells only in South Korea, which is not on the F1-market list (0/1); digital-savvy urban 25-54 customer base (1/1); tech-forward neobank brand story fits performance/tech narrative (1/1); category (neobank) likely open on grid (1/1)",,Yes,"Passes all hard filters: headcount, revenue, valuation (>$1B verified via IPO market cap), 13M+ customers, clearly improving profitability post-IPO, and no F1 exposure found at company or consortium-shareholder (KT, Woori, NH) level.",Newly-public Korean challenger bank turning its IPO momentum into a global-ambition brand story — 'from mobile-only disruptor to national stage.'
batch,16,Kakao Pay,South Korea,Public (KOSPI: 377300); majority-owned by Kakao Corp,"Mobile payments, insurance & investing super-app for Korean consumers (domestic only)","51-10,000 (~2,000)","~$500M+ (est); Q1 2026 reported record revenue and profit per stockanalysis.com/companiesmarketcap.com data, financial services now ~half of total revenue","$4.64B market cap as of Aug 28, 2026 (stockanalysis.com, KRX:377300)",Public company; no recent raise needed,3,"Domestic Korea-only sales, not an F1 market (0/1); broad but tech-savvy 25-54 urban consumer base (1/1); fintech/super-app brand maps to tech/precision narrative (1/1); category open on grid (1/1)",,Yes,"Clears all hard filters: valuation verified >$1B, revenue and profit record in Q1 2026 (clearly improving, not cost-cutting), 40M+ registered users, and no F1 exposure found for Kakao Group.",Korea's leading fintech super-app leaning into a 'speed and precision' performance narrative that echoes its record 2026 growth trajectory.
batch,17,Kiwoom Securities,South Korea,Public (KOSPI: 039490),"Online brokerage (domestic Korea-focused, largest retail broker)","51-10,000 (~2,000, est)",~$1.2B (est),"~$5.0-5.2B market cap (7.24 trillion KRW as of Sept 2, 2026, per stockanalysis.com/Morningstar; market cap up ~41.6% YoY)",Public company,3,"Domestic-only, not an F1 market (0/1); active retail/HNW traders skew affluent 25-54 (1/1); trading-platform brand fits precision/performance narrative (1/1); category open (1/1)",,Yes,"Passes all hard filters: revenue and valuation well above thresholds, market cap growing 41.6% YoY (improving, not cost-cutting), millions of retail accounts, no F1 exposure found.",Korea's #1 retail broker platform — 'precision execution at speed' resonates directly with trading-floor-to-pit-lane performance messaging.
batch,18,Pine Labs,"Noida, India","Public (NSE/BSE, listed Nov 14 2025); backers/shareholders incl. PayPal, Mastercard, Peak XV, Actis, Vitruvian","Merchant payments & SMB fintech platform — India, UAE, Malaysia, Singapore, Australia, US, parts of Africa (~20 international markets)","~2,500 (est)","$273M, FY2025 (operating revenue ~₹2,300cr, +28% YoY), source: YourStory","$2.65B market cap, Sept 16 2026 (₹22,254cr; down from ~$3.3B at Nov 2025 debut), source: exchange data","public (IPO completed Nov 14, 2025, raised $440M)",3,"Genuinely multi-market — UAE (Gulf), Singapore, Australia, US all count as F1 markets (1/1). B2B buyers are merchant/SMB decision-makers (1/1). Global-expansion, tech-forward brand story fits performance/technology positioning (1/1). BUT payments/fintech category is now taken on the grid — Mastercard (a Pine Labs shareholder) became McLaren's title sponsor ('McLaren Mastercard F1 Team') from 2026 in a ~$100M/year deal (0/1).",Mastercard is a Pine Labs shareholder AND is McLaren's 2026 F1 title sponsor — a direct conflict-of-interest/category-taken issue worth flagging even though Mastercard is not Pine Labs' controlling promoter,Yes,"Now public and profitable/improving (turned profitable in 9M FY25, Q2 FY26 net profit up), revenue and valuation clear thresholds, 900K+ merchant customers. No direct F1 exposure via Pine Labs itself or its founders/promoters, though its investor Mastercard's new McLaren F1 deal is a notable adjacency to flag before outreach.",Strongest fit of the group given real international footprint — but the Mastercard/McLaren overlap should be raised early with the prospect to avoid an awkward conflict; consider a non-payments-category activation angle (SMB growth/technology) to differentiate.
batch,19,Samsung Card,South Korea,"Public (KOSPI: 029780), Samsung Group majority-controlled (~72%)",Credit card issuing & consumer finance (domestic Korea),"51-10,000 (~2,700, est)",~$2B (est),"~$3.1-3.3B market cap (4.3-4.6 trillion KRW, most recent available data ~2025-2026)",Public company,3,"Domestic Korea-only, not an F1 market (0/1); premium card tiers skew affluent 25-54 (1/1); Samsung-ecosystem tech brand halo (1/1); category open (1/1)",,Yes,"Passes hard filters on revenue, valuation, scale (10M+ cardholders). Checked explicitly for Samsung Group F1 activity: no current Samsung Group F1 sponsorship or team/broadcast tie found (a 2004-era 'Samsung and Formula One' reference is historical and unconnected to any present-day deal) — company and parent group both clear.",Samsung ecosystem halo plus premium-card affluent base — a 'precision engineering meets everyday life' angle borrowed from the parent brand's tech credibility.
batch,20,SeaMoney (Sea Limited),Singapore,Public (NYSE: SE) - digital financial services segment ('Monee'),"digital wallet & lending (SPayLater) across Singapore, Indonesia, Philippines, Vietnam, Thailand, Malaysia, plus Brazil, Mexico, Chile, Colombia (via Shopee)","51-10,000+ (~5,000 est., segment)",Digital financial services segment $787M in Q1 2025 (+58% YoY); ~$1.7B in Q1 2026 (+58% YoY) - annualized run-rate well over $3B,"Parent-attributed via Sea Ltd market cap (~$90B+, NYSE-listed, public)",Public company; segment has posted 4+ consecutive profitable quarters (adjusted EBITDA $241M in Q1 2025) with loan book +75% YoY - decisively passes the public-parent profitability test,3,"Sells in 3+ F1 host markets (Singapore, Brazil, Mexico, via Shopee/SeaMoney footprint); Shopee's buyer base skews mass-market rather than narrowly affluent (partial credit); Sea's 'global digital-economy ambition' (gaming+ecommerce+fintech) maps well to global-ambition/technology; digital-wallet/BNPL category open",,Yes,"Revenue, valuation (parent market cap), scale and capacity (via strong, growing public-parent profitability) all clear the bar decisively; no F1 exposure found via Sea, Shopee or Garena","Strongest fit-score of the group given genuine multi-F1-market presence (SG/BR/MX) and a public, fast-growing, profitable fintech arm inside a global digital-economy champion - the most activatable option in this batch"
batch,21,TP ICAP Group,United Kingdom (London),Public (LSE-listed: TCAP),Interdealer broking & market data,"~5,500 employees (est) — within 51-10,000 band","GBP2.4B / $3.15B actual FY2025 (record, +6% GBP / +10% in global broking) — updated from input's $2.1B est","~GBP1.9-2.3B market cap (~$2.6-3.1B) as of 2026 (sources vary by date/currency) — updated from input's $1.8B, comfortably clears $1B",N/A — public; announced $107M buyback alongside FY2025 results,3,"Global broking business selling into 3+ F1 markets (UK, US, Singapore, etc.); buyers are institutional trading-desk decision-makers (scores on senior-decision-maker path); broking/market-infrastructure story maps reasonably to performance/precision; category (interdealer broker) is shared with BGC and Tradition in this same batch, so it is NOT a fresh category on the grid — docks the category dimension.",,Yes,"Record revenue and profit growth (buyback funded from strength, not cost-cutting), market cap well above $1B, thousands of institutional counterparties, headcount in-band, no F1 exposure found in search.","Frame around 'record year, record growth' momentum and global broking reach; given category overlap with BGC/Tradition in this list, differentiate via data/analytics arm rather than generic broking positioning."
batch,22,Avanza Bank Holding,Sweden,Public (Nasdaq Stockholm: AZA),"Online brokerage and banking platform, primarily Sweden","501-1,000 (~600 est., unverified)","~$512M (as of June 2026, stockanalysis.com) — well above input's ~$250M estimate.",Market cap ~$6B (SEK ~54.7-63B range across 2026 sources) — above input's ~$4B estimate.,"N/A — public company; +171,000 new customers in 2025, net inflow SEK54B; record customer growth reported through Nov 2025",2,"Sells almost exclusively in Sweden — single-market footprint, fails the '3+ F1 markets' criterion cleanly; buyer base (affluent retail investors) fits demographic target well; brand story (performance, financial growth) fits; trading/brokerage category risk of overlap with existing F1 grid sponsors (same caveat as Nordnet).",,Yes,"Revenue (~$512M), valuation (~$6B market cap), profitability and growth, and customer scale (2.23M+ and rising) all comfortably clear the hard filters. No F1 exposure found. Single-market (Sweden-only) footprint is a fit-score drag, not a hard-filter fail.","Similar to Nordnet — affluent Nordic investor demographic; weaker international story than Nordnet since it's Sweden-only, so best positioned as a market-specific (e.g., Nordic GP or Swedish-driver-linked) activation rather than a global partnership."
batch,23,CDSL (Central Depository Services),"Mumbai, India","Public (NSE-listed), professionally managed (BSE is a major shareholder)",Securities depository services — India domestic only,~700 (est),"$140.4M, FY2025 (₹1,179cr), source: Screener/company filings","$3.46B market cap, Sept 2026 (₹29,051cr), source: exchange data",public,2,Domestic-only (0/1). Depository-participant/institutional buyers are senior decision-makers (1/1). Market-infrastructure brand doesn't map to performance/global-ambition themes (0/1). Category (securities depository) available on grid (1/1).,,Yes,Revenue and valuation both clear hard thresholds; strong profitability (~48.6% margin); 100M+ demat accounts easily passes the customer-scale filter. No F1 exposure identified.,Weak thematic fit for F1 specifically (infrastructure/back-office brand) — best used as a capital-markets-literacy or 'invest with confidence' storyline rather than performance/glamour positioning.
batch,24,GoTo Financial (GoPay),Indonesia,"Public (GoTo Group, IDX-listed) - fintech segment","e-wallet, lending & merchant payments, primarily Indonesia","51-10,000+ (~3,000 est., segment)","FinTech segment net revenue growing 55-90% YoY through 2025 (e.g., Rp1.54T in Q3 2025, +55% YoY); annualized ~$350-400M","Parent-attributed via GoTo Group market cap (~$5B+, public, IDX-listed)","Public company; FinTech/GoPay segment hit its first full year of positive adjusted EBITDA in 2025 (Rp2T, +544% YoY) and 6 straight profitable quarters into 2026 - passes the public-parent 'profitable/improving' test decisively",2,"Indonesia is not an F1 host market and GoPay's footprint is overwhelmingly domestic (fails 3+ markets); mass consumer/merchant base; 'Indonesia's tech champion, first-ever profit' is a usable tech/turnaround story; category open",,Yes,"Segment revenue growth and a clear, accelerating swing to profitability satisfy the public-parent capacity test; scale (20M+ MTUs) also passes",'Super-app turned profitable' turnaround/tech-champion story; single-market (non-F1) footprint caps this to brand-awareness rather than home-race activation
batch,25,Home Credit Group,Netherlands (Czech origin; PPF Group ultimate parent),Family-owned (PPF Group / Kellner family),"Consumer installment lending across CEE, CIS and Asia","~50,000+ (passes 10k+ band)","Consolidated current-year figure not independently reconfirmed this session (search budget constraint); historical scale is large (2019 operating income was reported at ~EUR4.25B); China subsidiary (Home Credit Consumer Finance) saw a 35% revenue decline and 88% profit decline in recent reporting, suggesting group mix is shifting away from China - overall estimate ~EUR4B+ (est), flagged","Family-owned, no published valuation - per filter rules, passes on revenue alone (flagged)",N/A - family-owned; funds itself via bond issuance to institutional/bond investors rather than equity rounds,2,"Operates mainly in EU (Czech/Slovak) plus CIS and Asian markets not on the core F1 market list, so effectively only 1 qualifying market; buyers are mass-market installment-loan consumers, not affluent; but the group's massive multi-country footprint supports a global-ambition brand story, and 'consumer installment lending' is a category likely still open on the grid.",,Yes,"Family-owned with no published valuation passes on revenue alone per the filter rules; scale (50,000+ employees, 30M+ active customers) comfortably clears headcount and customer-scale bars; no F1 exposure found for Home Credit or parent PPF Group in search. Flagged because the exact current-year consolidated revenue figure could not be reconfirmed within the search budget and one major subsidiary (China) is shrinking sharply.","One of the largest global consumer lenders outside the US/EU core - a 'financial access at global scale' story, though CEE/Asia footprint overlaps only lightly with F1's core markets."
batch,26,MCX (Multi Commodity Exchange of India),"Mumbai, India","Public (NSE-listed), widely held, no controlling promoter",Commodity derivatives exchange — India domestic only,~300 (est),"$83.6M, FY2025 (₹702cr, +88% YoY), source: company results/MarketScreener","$9.9B market cap, Sept 2026 (₹83,127cr, +102% over 1 year), source: exchange data",public,2,"Domestic-only (0/1). Broker/trader buyers count loosely as senior decision-makers (1/1). Commodity-exchange brand doesn't map cleanly to performance/precision/global themes, though 'data-driven markets' offers a thin hook (0/1). Category (exchange/market infrastructure) available (1/1).",Valuation is ~118x FY2025 revenue ($9.9B vs $83.6M) — well above the 50x revenue soft-flag threshold,Yes,"Revenue passes via the growth alternative ($83.6M >$50M and +88% YoY, well above the 50% growth bar); valuation clears $1B by a wide margin; profit more than doubled YoY (capacity clearly improving); thousands of active brokers/traders. No F1 exposure identified. Flagged for its very high revenue multiple.","Weak direct brand fit — better suited to a data/precision-in-markets narrative than a mainstream consumer story; treat as a lower-priority, opportunistic lead given the extreme valuation-to-revenue multiple."
batch,27,Nordnet,Sweden,Public (Nasdaq Stockholm: SAVE),"Retail brokerage/savings and trading platform for the Nordics (Sweden, Norway, Denmark, Finland)","501-1,000 (~700 est., unverified)","Q2 2025 adjusted revenue SEK1,293M (flat YoY); full-year run-rate implies roughly SEK5.0-5.2B (~$490-500M) — well above input's ~$300M estimate. Source: Nordnet Q2 2025 interim report / Investing.com.",Market cap ~$9B (SEK ~87.7B) as of June 2026 — well above input's ~$3B estimate. Source: stockanalysis.com / companiesmarketcap.com.,N/A — public company; Q2 2026 reported record profit with accelerating customer growth (per Investing.com),2,"Sells only in 4 Nordic countries — narrow footprint relative to '3+ F1 markets' unless counted individually; buyer base (affluent retail investors, 25-54) fits very well; brand story (performance, wealth growth) fits strongly; BUT trading/brokerage category is likely already represented on the current F1 grid (e.g., eToro/Plus500-style sponsors) — real category-conflict risk to check before pitching.",,Yes,"Revenue (~$490-500M), valuation (~$9B market cap), profitability/growth (record profit, accelerating customer growth), and customer scale (1.9M+, still growing) all comfortably clear the hard filters. No F1 exposure found.",Affluent retail-investor demographic overlap with F1 fandom; 'invest like a champion' performance narrative — but verify the trading-platform category isn't already sponsored elsewhere on the grid.
batch,28,OPay,Nigeria,"VC-backed (SoftBank Vision Fund, Sequoia)","mobile money, payments & lending super-app for Nigerian consumers/merchants (some presence in Egypt/other African markets)","51-10,000+ (~2,000)","$536.3M FY2025, up 161% YoY (Nairametrics, citing Opera SEC filings)",~$2.75-3.1B (2025 mark via Opera stake filings); IPO target ~$4B,No new equity round confirmed since 2021 Series C ($400M); BUT FY2025 net profit ~$72.5M / operating income $107.1M (swing from loss) - profitability substitutes for capacity,2,"No F1 host market in its core footprint (fails 3+ markets); mass-market unbanked user base, not affluent buyers; 'global ambition' (US IPO push) is a usable brand thread; mobile-money category open on the grid",,Yes,"Revenue, valuation, customer scale, and capacity (via clear FY2025 profitability) all clear the bar; no F1 exposure found via OPay or backers","Pre-IPO 'fastest-growing African fintech' growth and global-ambition story, though no home F1 market limits activation depth"
batch,29,TrueMoney (Ascend Money),Thailand,"Private (Charoen Pokphand Group majority, Ant Group, MUFG)","e-wallet, lending & payments super-app across Thailand, Cambodia, Myanmar, Vietnam, Indonesia, Philippines","51-10,000+ (~2,000)",~$750M (2025 est.) - large but treat as a directional estimate,Confirmed $1.5B (Sept 2021 priced round); industry estimates of $4.2-4.5B (2025) ahead of a planned SET/Singapore dual-listing in 2026-27,"$195M investment led by MUFG, March 2025 - squarely inside the capacity window",2,"No F1 host market among Thailand/Cambodia/Myanmar/Vietnam/Indonesia/Philippines (fails 3+ markets); mass consumer wallet base, not affluent; pre-IPO 'regional super-app, global ambition' narrative is usable; super-app finance category open",,Yes,"March-2025 MUFG raise cleanly satisfies the capacity killer criterion; revenue, valuation (even at the conservative $1.5B confirmed figure) and 30M+ user scale all clear the bar",Pre-IPO regional super-app growth story with a fresh 2025 strategic raise as proof point; weak F1-market overlap caps upside to brand/awareness plays
batch,30,Atome (Advance Intelligence Group),Singapore,"VC-backed (SoftBank Vision Fund 2, Warburg Pincus, Northstar)","BNPL app across Singapore, Hong Kong, Malaysia, Indonesia, Philippines, Vietnam, Thailand","51-10,000+ (~1,500)",Atome Financial: $470M FY2025 (+80% YoY); annualized run-rate ~$800M as of mid-2026 (+55% YoY),~$2B confirmed (2021 Series D); $3B+ discussed for a prospective 2025/26 raise and in Grab-acquisition-interest rumors (unconfirmed),"No confirmed priced equity round since May 2023 ($80M); BUT Atome Financial pre-tax profitable for 2 consecutive years (2024 & 2025), plus closed an upsized $345M debt facility in early 2026 - profitability substitutes for capacity",1,Only Singapore is an F1 market in its footprint (fails 3+ markets); BNPL skews younger/mass-market rather than the 25-54 affluent target; consumer-credit growth story doesn't map cleanly to performance/precision; BNPL category open,,Yes,Revenue growth and two straight profitable years clear both the revenue and capacity bars despite no fresh equity round since 2023; valuation and user scale also pass,High-growth BNPL/consumer-fintech story for Singapore GP activation; limited beyond Singapore given no other F1 markets in its footprint
batch,31,Bajaj Finance,"Pune, India","Public (NSE/BSE), promoter-controlled (Bajaj Finserv/Bajaj family)","Consumer & SME lending, insurance distribution — India domestic only","~60,000+ (est)","$8.3B, FY2025 (total income ₹69,725cr, +26.8% YoY), source: Business Standard/company results","$77B market cap, Sept 18 2026 (₹6.48 lakh crore), source: company/exchange data",public,1,"Domestic-only sales (0/1). Buyers are mass-market EMI/retail borrowers, not clearly affluent/senior-DM (0/1). Brand story = trust/reliability, weak performance/global-ambition mapping (0/1). Category (consumer lending) not directly claimed on grid (1/1).",,Yes,"Revenue, valuation, profitability growth (+19% Q4 net profit), and 90M+ customer base all comfortably clear hard filters; no F1 exposure identified.",Position around financial empowerment/trust for a scaled Indian audience; best as a market-access/paddock-club partner rather than performance-brand story.
batch,32,Bajaj Finserv,"Pune, India","Public (NSE/BSE), Bajaj family promoter group (~52%)","Consumer & SMB lending, insurance, wealth products — India domestic only","10,000+ (group)","$15.9B, FY2025 (consolidated total income ₹133,822cr), source: Bajaj Finserv FY25 annual report / Business Standard","$36B market cap, Sept 18 2026 (₹~3.0 lakh crore), source: Business Standard/company data",public,1,"Sells only in India, not an F1 market (0/1). Buyers skew mass-retail rather than affluent/senior DM, though premium EMI-card segment gives partial credit (1/1). Brand story (financial protection/growth) doesn't map strongly to performance/precision/global ambition (0/1). Category (insurance/financial services) already taken on the grid by Allianz global partnership (0/1).",Insurance/financial-services sponsorship category already held by Allianz on the F1 grid,Yes,"Passes all hard filters clearly: revenue and valuation far exceed thresholds, profitable and growing, tens of millions of customers, no F1 exposure (related Bajaj Auto/KTM is MotoGP, not F1).",Frame as India's largest diversified financial-services brand backing precision/performance — leverage its huge retail base for a regional (non-title) activation rather than a taken global category.
batch,33,bKash,Bangladesh,"Private (BRAC Bank majority, Ant Group ~20%, SoftBank Vision Fund)",mobile money & micro-financial services - Bangladesh only,"51-10,000+ (~2,000)","BDT 65.65B (~$540M) FY2025, with net profit BDT 6.61B (~$54M), profit up from BDT 3.16B (2024) and BDT 170M (2022)",$2B (Nov 2021 SoftBank Series C) - unchanged/stale since,"No equity round since 2021; BUT sharply rising, record profitability in 2025 (net profit nearly doubled YoY) - profitability substitutes for capacity",1,"Single-market (Bangladesh), not an F1 host market - fails 3+ markets test; mass/unbanked consumer base; financial-inclusion story doesn't map to performance/precision; category open",valuation figure is 5 years stale (2021),Yes,Revenue (>$500M) and rapidly compounding profitability clear the capacity bar despite no raise since 2021; valuation (even using the stale $2B figure) and 82M-user scale pass,Financial-inclusion/growth story for a bank turned reliable profit engine; no home F1 market limits this to a brand-awareness rather than activation play
batch,34,Capitec Bank,South Africa,Public (JSE: CPI),Retail digital banking,"~15,000 (est) (passes 10k+ band)","TTM revenue ~$2.98-3.27B USD as of mid/late 2026 (sources vary slightly by date), up from ~$2.37B in 2025",Market cap ~$31.8-34.1B USD as of Aug/Sept 2026 (R566B locally) - the largest market cap among South African banks,Public - no raise needed; consistently profitable and growing,1,"South Africa is not on the core F1 market list (though it has hosted F1 historically and there is ongoing talk of a return), so this scores as 0 qualifying markets; buyers are mass-market retail banking customers rather than an affluent segment; brand story ('digital-first retail bank') is fairly generic rather than performance/precision-coded; retail banking is likely an open category on the grid.",,Yes,"Overwhelmingly clears every hard filter: revenue (~$3B), valuation (~$32B+), headcount (10k+ band), and customer scale (24M+ clients) all pass by wide margins; public and clearly profitable/growing; no F1 exposure found. Financially the strongest candidate in the set, though its market fit (South Africa, mass-market retail) is comparatively weaker on the fit-score dimensions.","Financially the most bulletproof prospect in this batch; the pitch would need to lean on South Africa's potential F1 return and Capitec's brand as Africa's largest retail bank by customers, since its natural F1-market overlap today is limited."
batch,35,Lendable,UK,VC-backed,Online personal loans marketplace for UK consumers (expanding to US and Mexico),"~500 (passes 51-10,000 band)","GBP446M in 2025 (+90% YoY, ~US$565M); GBP11M profit in 2025 (+120% YoY)","GBP3.5B at last confirmed round (2022, Ontario Teachers' Pension Plan-led, GBP210M raise); company has not raised equity since and 'declined to comment' on current valuation as of 2026 reporting - stale but comfortably above $1B even if unchanged",No new equity round since 2022; raised GBP500M via its first public asset-backed securities (ABS) deal in July 2026 to fund continued UK lending and support US/Mexico expansion plans,1,"Currently UK-only in live operations (1 F1 market), with US and Mexico expansion only announced/planned, not yet live; mass-market personal-loan borrowers, not affluent; brand story is solid growth/fintech but not distinctly performance-coded; category likely open.",,Yes,"Revenue (GBP446M, +90% YoY) clearly passes; capacity passes via clear, accelerating profitability (GBP11M, +120% YoY) even though the last equity valuation (GBP3.5B) is stale from 2022 - profitability substitutes per the filter rules; headcount, customer scale (hundreds of thousands of borrowers), and F1 exposure are all clean. Valuation recency is the only flag, but even a static GBP3.5B figure clears the $1B bar by a wide margin.","Fast-growing, newly-scaled-profit UK lender with announced US/Mexico expansion - a 'accelerating performance' growth narrative, strongest once US/Mexico operations go live for multi-market F1 relevance."
batch,36,M-Pesa (Safaricom),Kenya,Public (via Safaricom; majority Vodacom/Vodafone plc & Kenyan government stake),"mobile money, payments & micro-lending across Kenya, Tanzania, DRC, Mozambique, Ethiopia","51-10,000+ (part of Safaricom, ~6,000+ total)","M-Pesa segment KES 182.7B FY2026 (~$1.4B at ~130 KES/USD), +13.4% YoY",Parent-attributed: Safaricom market cap ~$8-10B (public),Public company; M-Pesa segment growing double digits and remains a profit engine (45.6% of Safaricom Kenya revenue) - passes public-parent 'profitable/improving' test,1,"No F1 host market among its operating countries (fails 3+ markets); mass-market/unbanked consumer base, not affluent; brand story is financial-inclusion, not performance/precision; category open","telecom/state-linked governance (Kenyan govt + Vodafone/Vodacom parent) - added sign-off complexity; Vodafone was a past F1 title sponsor (McLaren, through ~2013) - historic, not current, exposure via ultimate parent",Yes,"Revenue, scale and public-parent profitability/improvement all clear the bar; no current F1 sponsorship found via Safaricom, Vodacom or Vodafone, though Vodafone's historic McLaren tie is worth a compliance check",Financial-inclusion/tech-for-good narrative; weak direct F1-market overlap so best suited to a corporate/parent-level (Vodafone Group) conversation rather than M-Pesa standalone
batch,37,Maya (Voyager Innovations),Philippines,"VC-backed (PLDT/First Pacific ~39%, KKR, Tencent, IFC)",digital bank & e-wallet super-app - Philippines only,"51-10,000+ (~1,500)",$226.2M ARR (2025),$2B (2023 round); analyst estimates of $3-3.5B+ for a 2026 IPO given profitability and growth,"No new equity round confirmed since 2023 (KKR was exploring a stake sale in 2025, not a primary raise); BUT Maya turned its first full-year profit in 2025 (₱1.7B, ~$30M) - profitability substitutes for capacity",1,"Single-market (Philippines), not an F1 host market - fails 3+ markets test; digital-banking customer base skews mass-to-mid-affluent (partial credit only); 'first profitable year, IPO-bound' maps loosely to global ambition; category open",,Yes,"Revenue, valuation, customer scale (10.7M bank customers) and capacity (via 2025 full-year profitability) all clear; no F1 exposure found via Maya, PLDT or its shareholders","Newly-profitable, pre-IPO 'Philippine fintech champion' story; no home F1 market so best used as a global-ambition/brand-awareness pitch rather than a home-race activation"
batch,38,MoMo (M_Service),Vietnam,"VC-backed (Warburg Pincus, Mizuho, Goodwater, Standard Chartered)","e-wallet & super-app for payments, lending & insurance - Vietnam only","51-10,000+ (~3,000)","$482M (2024, +27% YoY); first full-year profit posted in 2024","$2B (Series E, ~$200-300M raised, closed Jan/Feb 2025) - Vietnam's 4th unicorn","Series E closed Jan/Feb 2025, just before the Mar-2025 cutoff (borderline on date), but company is now profitable - profitability substitutes for capacity either way",1,"Single-market (Vietnam), which is not an F1 host market - fails 3+ markets test outright; mass consumer wallet base; digital-economy/tech story has some 'technology' resonance; category open",,Yes,"Revenue >$100M, valuation >$1B, capacity satisfied via profitability (and a Series E that closed only weeks before the window), and 40M+ users all clear the bar",Domestic Vietnamese growth/tech-champion story only - no F1-market overlap limits this to a brand-awareness or supplier-market play rather than a home-race activation
batch,39,MoneyView,"Bengaluru, India","VC-backed (Accel, Tiger Global, Apis Partners, Winter Capital, Evolvence, RevX Capital); IPO-bound, not yet listed",Personal loans / consumer credit app — India domestic only,"~1,200 (est)","$278.5M, FY2025 (₹2,339cr, +74% YoY), source: Entrackr","$1.2B, Mar 2025 (Series E/unicorn round); DRHP filed with SEBI Mar 2026 for IPO (later trimmed to ~₹750cr fresh issue), not yet listed","Nov 27 2025, $11.4M round led by RevX Capital; use: growth ahead of planned IPO",1,"Domestic-only (0/1). Mass-market personal-loan borrowers, not clearly affluent/senior-DM (0/1). App-based, digitally native brand has mild tech-story credit (1/1). Category (consumer lending app) available (0/1 net).",,Yes,Revenue ($278.5M) and growth (+74%) far exceed the ARR/growth alternative threshold; valuation ~$1.2B clears $1B; funding since March 2025 (Nov 2025 round) satisfies VC-backed recency; millions of users. No F1 exposure identified among its investor base.,"Best pitched as a growth-story fintech unicorn nearing IPO — good for a 'rising challenger' narrative, though brand-buyer fit (affluent audience) is weak."
batch,40,Muthoot Finance,"Kochi, India","Public (NSE/BSE), family-owned (Muthoot family, ~73% promoter holding)","Gold-backed consumer loans — India (small Sri Lanka/UK/US presence, not core)","~28,000 (est)","$3.7B, FY2026 (year ended Mar 2026, revenue ₹31,209cr, +54% YoY); FY2025 was ~$2.4B (₹20,214cr), source: Business Standard","$14.3B market cap, Jul 2026 (₹119,750cr; ₹1.31 lakh crore reported Mar 2026), source: Business Standard/Tickertape",public,0,"Effectively India-only (0/1). Mass retail gold-loan borrowers, not affluent/senior-DM target (0/1). Brand story (trust, gold, family legacy) doesn't map to performance/tech/global ambition (0/1). Category (consumer lending) available (still 0 net given other misses weigh down overall theme fit).",,Yes,"Revenue and valuation are both very large multiples of thresholds; net profit nearly doubled YoY; millions of borrowers; no F1 exposure (Muthoot Group sponsors cricket, not motorsport).",Weak brand fit for F1 specifically — better suited to a value/trust-driven regional sponsorship than a global performance story; only pursue opportunistically.
batch,41,Coupa,USA,"PE-owned (Thoma Bravo, since Feb 2023)",Business spend management / procurement software for enterprises,1k-5k,"~$900M+ (est) / >$1B in billings, FY2024, source: Thoma Bravo/Coupa press release; first GAAP-profitable year FY2025","$8B, Feb 2023 take-private (Thoma Bravo)",PE-owned since 2023; no new capital raise disclosed,4,Global enterprise footprint across US/UK/EU/APAC (yes); senior procurement/finance executives (yes); efficiency/technology/global-scale story (yes); spend-management niche distinct from Workday's broader HR/finance turf already on the F1 grid (yes),,Stretch,"Now profitable with >$1B billings and thousands of enterprise customers, but recurring layoffs (June 2025, Jan 2026) under PE ownership sit uneasily with the 'not in cost-cutting/restructuring' capacity requirement.",'Precision spend management for peak performance' — appeals to enterprise CFOs and is distinct from Workday's existing McLaren tie-up.
batch,42,FactSet Research Systems,USA,public,"Financial data, analytics and workflow APIs for investment professionals",10k+,"~$2.2-2.3B revenue / $2.28B ASV, FY2025, source: FactSet quarterly results (+4-5% YoY)","~$15-18B market cap, Sept 2026, NYSE: FDS",public,4,Global institutional client base across US/UK/EU/Japan/Singapore (yes); senior investment decision-makers (yes); precision/data/technology story (yes); financial-data-terminal category open on the F1 grid (yes),,Stretch,"Still large, profitable and growing modestly, but announced layoffs (June 2026) tied to asset-management industry contraction put it in active restructuring — conflicts with the 'not in cost-cutting' capacity requirement.",'The data behind every decision' — precision analytics fits F1's data-driven performance culture; no financial-data-terminal sponsor is currently on the grid.
batch,43,Murex,France (Paris),Family/founder-owned (Laurent Trentesaux + employee ownership) — no PE/VC,"Capital markets trading, treasury & risk management software (MX.3)","~3,000 employees (est) — within 51-10,000 band",€453.56M actual FY2024 (~$490M); ~$650M (est FY2025) — company does not publish audited financials broadly,"No published valuation (family/founder-owned, no PE/VC) — passes on revenue alone per family-owned exemption, flagged as unverifiable","None — self-funded, no external capital raised",4,"Sells worldwide (60+ countries incl. multiple F1 markets: France, UK, US, Singapore, UAE); buyers are bank trading-desk/treasury technology decision-makers (strong senior-decision-maker fit); low-latency trading & risk software maps directly to performance/precision/technology brand narrative; capital-markets trading-software category is not duplicated elsewhere in this batch.",,Stretch,"Revenue (>$100M) clears easily; family-owned with no published valuation passes on revenue per rule (flagged); self-funded and long profitable, so capacity is fine; no F1 exposure found. But customer count is ~200-300 institutions (300 clients/60,000 users per Murex materials, ~200+ per input) — squarely in the 'a few hundred' bucket, not thousands, so customer-scale is the one Stretch criterion.",Best pure 'trading technology' story in the batch — MX.3 literally runs bank trading floors; angle is precision/low-latency execution mirroring F1 pit-wall decision systems; family-owned status also fits a founder-led/legacy-brand narrative.
batch,44,"Remote (Remote Technology, Inc.)",USA (remote-first),VC-backed,"Global payroll, EOR and HR platform for distributed teams",1k-5k,"$300M+ ARR (payroll segment), FY2025/26, source: company press release (May 2026), +300% YoY payroll growth, cash-flow positive","$3B, April 2022 Series C (no confirmed update since)","April 2022, $300M Series C — none since; company now reports organic/cash-flow-positive growth (fails strict post-Mar-2025 recency window)",4,"Sells across US/UK/EU/APAC distributed workforces (yes); HR/finance decision-makers (yes); borderless, global-ambition brand story (yes); payroll/EOR niche distinct from Workday's HRIS on the grid (yes)",,Stretch,"Strong growth (payroll +300% YoY) and cash-flow-positive status, but no fresh funding round since 2022 — the VC-backed recency criterion (raise since ~Mar 2025) is not strictly met even though fundamentals look self-sustaining.","'Borderless performance' — Remote's global, distributed-teams infrastructure mirrors F1's international operations across every race market."
batch,45,360 DigiTech (Qifu Technology),China,"Public (NASDAQ/NYSE-style ADR: QFIN, formally Qfin Holdings)",Consumer credit facilitation platform in China; some overseas expansion,"51-10,000 (~3,000)","~$1.7B (est), profitable","~$1.1-1.83B market cap across 2026 (volatile: $1.83B in March 2026, down to ~$1.1B by Aug 31, 2026, per companiesmarketcap.com/eToro)",Public company,3,"China-domestic focus, not 3+ F1 markets (0/1); mass-market borrower base, moderate affluent skew (1/1); fintech/AI-driven brand story (1/1); category open (1/1)",China optics — compliance review; Valuation borderline/volatile around the $1B threshold,Stretch,Revenue and profitability pass comfortably; valuation is the borderline criterion — market cap has fluctuated between ~$1.1B and $1.83B through 2026 and sits close to the $1B threshold at the most recent snapshot. No F1 exposure found for the company; China-HQ soft flag applies (not a fail).,"China consumer-lending fintech with AI-driven underwriting — a 'data precision' story, pending valuation stability confirmation."
batch,46,Backbase,Netherlands (Amsterdam),PE-backed — Motive Partners majority stake since 2023 (~3 yrs),Digital banking engagement platform (retail/SMB/private banking/wealth),"~2,200 employees (est) — within 51-10,000 band","~$260-350M (private, vendor-stated/unaudited): 2024 ~$200M, 2025 reported to have 'surpassed $350M' per Latka/Built In; exceeded ARR targets 5 consecutive quarters through Q4 2025 (est, unverified)","~$2.6B (2023 Motive Partners round; no newer disclosed round found) — private, PE-backed basis","Motive Partners majority investment, 2023 (no confirmed raise since ~March 2025)",3,Sells globally (~50 countries) so clears 3+ F1 markets; buyers are bank C-suite/IT decision-makers (senior-decision-maker path scores); brand story (digital engagement/technology) maps to 'technology/global ambition' but less directly to trading precision; category (digital banking software) is fresh vs. rest of this capital-markets-heavy batch.,PE-owned ~3 yrs (Motive Partners) — approaching but under the 4-yr flag threshold,Stretch,"Revenue, valuation (>$1B), headcount and no-F1 all clear; customer base is only ~120-150 named banks (per company messaging) — above the 20-customer fail line but below 'a few hundred', so customer-scale criterion is borderline (Stretch). No confirmed fresh capital raise since March 2025 to independently re-confirm valuation/capacity.","Digital banking 'engagement platform' story pairs with F1's real-time, high-stakes decision-making narrative; target bank CIOs/CTOs who are F1 fans via hospitality, not consumer-facing activation."
batch,47,Banking Circle,Luxembourg,"PE-owned — EQT majority stake since 2018 (increased 2023), ~8 years current ownership (as of 2026)",Wholesale cross-border payment infrastructure/banking-as-a-service for banks and PSPs,"501-1,000 (~700 est., unverified)","Net operating income EUR 220.7M in FY2024 (up from EUR 125.2M in FY2023, +76%); fee/commission income +83% YoY; gross revenue cited at ~$400M (various trade press, 2024/2025). Source: Banking Circle S.A. 2024 audited financial statements.","No completed recent transaction. EQT reportedly explored a sale in 2024 valuing Banking Circle at $2B+ (incl. debt) — unconfirmed/in-process, not a closed mark. 2018 EQT acquisition was ~$310M (DKK 2bn).","N/A (PE-owned, no growth raise since March 2025); EQT explored partial/majority sale in 2024 (not completed)",3,"Sells across EU, UK, and increasingly Asia/global corridors (3+ F1 markets); buyer is senior bank/PSP decision-makers, not consumers; brand story (speed, reliability, cross-border infrastructure) maps well to performance/precision/technology; payments-infrastructure category may already be crowded on the F1 grid (check for existing fintech/payments sponsors before pitching).","PE-owned 4+ years (EQT since 2018, ~8 yrs)",Stretch,"Revenue, valuation (via last credible transaction context) and profitability/capacity all check out, but the customer base is 'hundreds' of institutional banks/PSPs, not thousands — borderline on the customer-scale filter. No F1 exposure found.","Behind-the-scenes 'infrastructure that moves money at F1 speed' — B2B trust/reliability story to banks and PSPs, not a consumer-facing brand play."
batch,48,FinVolution Group,China,Public (NYSE: FINV),"Online consumer lending platform in China and emerging markets (Indonesia, Philippines, Pakistan)","51-10,000 (~3,000)","~$1.3B (est), profitable","$810.98M market cap as of Sept 1, 2026 (stockanalysis.com, NYSE:FINV) — down from $1.27B in Feb 2026, a ~31% one-year decline",Public company,3,"China + emerging-market focus, none of the markets are on the F1 list at meaningful scale (0/1); mass-market borrower base (1/1); fintech growth-market brand story (1/1); category open (1/1)",China optics — compliance review; Valuation currently below the $1B hard-filter threshold,Stretch,"Revenue and profitability are strong and pass comfortably, but current market cap ($811M) sits below the $1B hard-filter threshold, having declined from $1.27B earlier in 2026 — this is the one borderline/failing criterion. No F1 exposure found for the company. China-HQ soft flag applies.","Emerging-markets consumer fintech story — global ambition angle (China plus Southeast Asia/South Asia expansion), contingent on valuation recovery."
batch,49,Naver Financial (Naver Pay),South Korea,Private subsidiary of public Naver Corp (KOSPI: 035420),"Digital payments, lending & insurance embedded in Naver's platform (domestic Korea)","51-10,000 (~1,000)","~$500M+ (est), growing","Not separately public. Parent Naver Corp market cap ~$22.1B as of Aug 7, 2026 (stockanalysis.com, KRX:035420), fluctuating $22-26B across 2026 — valued honestly as a subsidiary, not a standalone $1B+ entity","N/A — corporate subsidiary, no independent fundraising",3,"Domestic Korea-only, not an F1 market (0/1); broad consumer base skewing digital-savvy 25-54 (1/1); tech-platform brand story (1/1); category open (1/1)","Subsidiary valuation is parent-attributed, not independently verifiable at the unit level",Stretch,"Revenue, capacity, customer scale and F1-clearance (no Naver Group F1 ties found) all pass, but standalone valuation is unverifiable — Naver Financial is not separately listed or valued, only the parent Naver Corp's ~$22B market cap can be cited, which does not honestly represent this specific unit. Flagged per the rule to value subsidiaries honestly.","Korea's dominant platform-embedded fintech — pending clearer standalone financial disclosure, a 'seamless everyday finance' angle tied to Naver's tech ecosystem."
batch,50,SmartStream Technologies,United Kingdom (London),PE-owned — Symphony Technology Group/STG since 2018 (~8 yrs),"Post-trade reconciliation, reference data & transaction lifecycle software for banks","~2,000 employees (est) — within 51-10,000 band",Uncertain range: 2023 actual revenue ~GBP97.4M (~$120M) per filed accounts with thin ~6% EBITDA margin; other estimates place revenue at $100-250M (2025-26 est). Input's ~$300M could not be corroborated (est/uncertain),Not disclosed. One data provider shows a historical disclosed valuation of only ~$235.7M — well short of $1B evidence; input's '~$1B est' is unverified,None since STG's 2018 acquisition; no confirmed fresh capital since ~March 2025,3,"Sells globally to banks (UK/US/Asia), clearing the 3+ market bar; buyers are bank operations/technology executives (senior-decision-maker path); brand story ('getting complex post-trade data right') maps moderately to precision/technology but is less visually compelling than trading tech; post-trade-software category is not duplicated elsewhere in this batch.",PE-owned 8 yrs (STG/Symphony Technology Group since 2018) — triggers 4+ yr PE-ownership flag,Stretch,"PE-owned without corroborated $1B+ valuation evidence = Stretch at best per rule; disclosed 2023 financials show thin (~6%) margins, raising a capacity/profitability question mark; customer count (1,500+ financial institutions per input) is the one clearly strong criterion if accurate. No F1 exposure found.","If pursued, lead with customer-scale (1,500+ institutions) and 'invisible plumbing that keeps markets accurate' angle — but valuation/financial verification should be done before outreach given PE-ownership tenure and thin disclosed margins."
bench,1,Teya,United Kingdom,"VC-backed — Tencent, Corvus Capital, VNV Global, Hedosophia, Tiger Global (Series C, 2022)",SME payments/POS technology across Europe,"1,001-2,500 (reported range ~958-1,184 employees per 2026 sources, versus ~2,500 in input estimate — flagged discrepancy)","~$220M ARR reported for 2024 (Getlatka, single-source/unverified) — broadly consistent with input's ~$200M estimate. No independently corroborated audited figure found.","Credible mark: unicorn status (~$1B) achieved April 2021/2022 Series C (Dealroom, Crunchbase). A separate single source (Getlatka) claims $9B, which could not be corroborated and looks likely inflated/erroneous — treat with caution.","Series C, 2022 (~$345M + $500M rounds cited); no raise found since March 2025",3,"Sells across multiple European markets (3+ F1 markets plausible: UK, Central/Eastern Europe, etc.); buyer is SME business owners (senior decision-makers); brand story (fast-growing tech disruptor) fits performance/technology narrative; payments/POS category risks overlap with other candidates on this list.","Valuation source conflict ($1B credible vs. $9B single unverified source — if $9B were real, that would be a >40x revenue soft flag)",Stretch,"Revenue, valuation (using the credible ~$1B mark), customers (hundreds of thousands of SME merchants) and headcount all pass or are reasonably supported. The unverifiable/borderline item is capacity: no confirmed growth raise since March 2025 and profitability status is not independently confirmed — VC-backed capacity test not clearly met.",Challenger fintech growth story targeting SME owners; pair with a team narrative around disruption/ambition rather than scale.
bench,2,Viva.com (Viva Wallet),Greece,Corporate/VC-backed — JPMorgan holds a ~48.5% minority stake since 2022 (contested valuation dispute ongoing in court),Pan-European neobank/acquiring and payments platform for SMEs across 24 EU markets,"1,001-2,500 (~1,300 est., unverified)","EUR 205.9M in FY2024 (up ~26-31% YoY), EUR88.9M gross profit, EBITDA improved >19% and reached break-even in H2 2024. Source: Viva.com company disclosures/press (2025).",Contested: JPMorgan's valuer (Houlihan Lokey) pegs Viva at ~$1.2B; Viva's own valuer (EY) argues >$3B; original 2022 JPMorgan deal implied ~$2B. Even the bear-case figure clears the >$1B threshold. JPMorgan's contract allows a full buyout if valuation falls below EUR5B by July 2025 — litigation ongoing as of 2026.,2022 JPMorgan ~EUR800M investment for 48.5% (no raise since March 2025 found),3,"Sells across 24 EU markets (well over 3+ F1 markets); buyer is SME merchant owners/decision-makers; brand story (pan-European tech-bank for businesses, growth/ambition) fits well; payments/acquiring category may already be represented on the grid by other fintech sponsors — check before pitching.",Valuation dispute with JPMorgan is active litigation — reputational/timing risk to flag before outreach,Stretch,"Revenue and (even bear-case) valuation clearly pass; customer scale (hundreds of thousands of merchants) passes. Capacity is the soft spot: Viva is VC/corporate-backed and has not raised fresh growth capital since 2022 JPMorgan deal, and full-year profitability (targeted for 2025) is not yet independently confirmed — 'improving' but not confirmed profitable.",European growth-story sponsorship — 'the tech bank powering Europe's SMEs' — pairs well with an EU-headquartered team's home-market narrative.
bench,3,VNPay,Vietnam,"Family/founder-owned (VNLIFE), with minority stakes held by GIC, Dragoneer, General Atlantic, PayPal Ventures, SoftBank Vision Fund, EDBI",QR payments & banking infrastructure - Vietnam only (40+ partner banks),"51-10,000+ (~2,000 est.)",Not disclosed; estimated >$100M given scale (unconfirmed),"Reported >$1B, implied by the 2021 Series B ($250M, General Atlantic/Dragoneer/PayPal Ventures); a further 2023 GIC/Dragoneer minority stake was reported in secondary sourcing but not independently corroborated here",Last independently confirmed priced round was the $250M Series B in July 2021; no raise confirmed since March 2025; profitability plausible given its entrenched bank-infrastructure position but not publicly confirmed,3,"Single-market (Vietnam), not an F1 host market (fails 3+ markets); bank/enterprise buyers fit 'senior decision-makers' well; payments-infrastructure/technology-backbone story maps well to performance/precision; category open",family-owned; revenue undisclosed so the 'family-owned revenue pass' exception cannot be confirmed either way,Stretch,Revenue is undisclosed/estimated and the last confirmed raise was 2021 with no public profitability confirmation - capacity and revenue are both borderline/unverifiable rather than clear passes or fails,"Payments-infrastructure/technology-backbone story with strong decision-maker fit, but financial opacity and single non-F1 market are real gaps to close before pitching"
bench,4,Xendit,Indonesia,VC-backed,"payment infrastructure/API for businesses across Indonesia, Philippines, Malaysia, Vietnam, Thailand","51-10,000+ (~1,200 est.)","~$97-100M ARR (2024/2025, multiple estimates agree in this range); one outlier estimate of $265M FY2025 ARR could not be corroborated","$2.7B (2025 estimate, appears to be an unpriced markup, not a confirmed priced round); last confirmed priced valuation was ~$1B (May 2022)","Last confirmed priced equity round was the $300M Series D in May 2022; no confirmed raise since March 2025, and no confirmed profitability found",3,No F1 host market among Indonesia/Philippines/Malaysia/Vietnam/Thailand (fails 3+ markets); B2B buyers are enterprise/platform decision-makers (passes 'senior decision-makers'); payment-rails/API story maps well to technology/precision; payment-infrastructure category distinct and open,,Stretch,"Revenue sits right at the ~$100M ARR line and the capacity killer criterion is unverifiable/borderline - no confirmed priced round or public profitability since the 2022 Series D, with the 2025 $2.7B figure looking like an unpriced markup rather than a real raise","Best brand-story fit of the group (payment-rails 'technology/precision' narrative, enterprise decision-maker audience) but no F1-market overlap and unverified recent capacity/raise are real risks"
bench,5,CAMS (Computer Age Management Services),"Chennai, India","Public (NSE-listed), professionally managed, no controlling promoter family",Mutual fund registrar & transfer agency (RTA) services — India domestic only,"~6,000 (est)","$169.6M, FY2025 (₹1,424.48cr, +25.2% YoY), source: CAMS press release/Business Standard","$2.1B market cap, Sept 18 2026 (₹17,700cr), source: exchange data",public,2,Domestic-only (0/1). AMC-executive buyers count as senior decision-makers (1/1). B2B infrastructure brand doesn't map to performance/precision/global ambition well (0/1). RTA/fund-infrastructure category available on grid (1/1).,,Stretch,"Revenue, valuation, and profitability (net profit +33% YoY) all clear hard filters comfortably. However, CAMS's direct paying customer base is concentrated to roughly 25–30 major Indian AMCs (it serves ~68% of the mutual-fund RTA market) — this sits right at/below the '~20 institutional = fail' line even though it indirectly touches tens of millions of retail investor folios. No F1 exposure identified.","If pursued, lean on the ~68% market share / hundreds of millions of underlying investor folios as the real audience reach, since the direct B2B customer count alone is thin."
bench,6,Lulu Financial Holdings,UAE,Family-owned (Yusuffali M.A. / Lulu Group),Money exchange & remittances (Lulu Exchange/Lulu Money) across GCC/South Asia,"~3,500 (est) (passes 51-10,000 band)","Not disclosed; no independent revenue figure found for the financial-services entity specifically (distinct from Lulu Group's retail/hypermarket arm, which reported ~$7.87B TTM revenue as of March 2026 - a different business line). Input's >$100M estimate (based on remittance volume) remains unverified","Family-owned, no published valuation - per filter rules would pass on revenue alone if revenue were confirmed","None / self-funded, consistent with family ownership",2,"Operates mainly in the Gulf (1 qualifying F1 market) plus South Asia remittance corridors not on the list; remittance customers are largely migrant workers, not an affluent segment, though the broader Lulu Group/Yusuffali brand has real wealth and global-ambition cachet (considering a Kerala football club, group turnover ~$8B); exchange-house/remittances is a distinctive, likely open category on the grid.",,Stretch,"Scale is strong (15M+ remittance customers, 140+ UAE branches, 350+ locations worldwide) and no F1 exposure was found for Lulu Group or Yusuffali M.A. (search turned up interest in football/cricket, not F1). However, because revenue for Lulu Financial Holdings specifically (as opposed to the much larger Lulu Group retail arm) could not be independently verified, the 'passes on revenue alone' family-owned exemption cannot be confidently applied - revenue is the unresolved criterion.",Deep-pocketed Gulf family conglomerate with global retail ambitions (pursuing its own ADX IPO) - a credible 'the world's Lulu' growth story if the financial-services entity's own revenue can be confirmed.
bench,7,NSDL (National Securities Depository Ltd),"Mumbai, India","Public (IPO Aug 6 2025), promoted by NSE, IDBI Bank and other financial institutions",Securities depository services — India domestic only,~900 (est),"$183.8M (est), FY2025 (derived: ~31% higher than CDSL's ₹1,179cr ≈ ₹1,544cr), source: sector comparison data (est)","$1.89B market cap, Sept 2026 (₹15,905cr) — down sharply from a post-IPO peak of ~₹28,000cr (~$3.3B) in Aug 2025, source: exchange data","public (IPO Aug 2025, raised ₹4,011cr)",2,Domestic-only (0/1). Institutional/DP buyers count as senior decision-makers (1/1). Market-infrastructure brand story doesn't map to performance/global themes (0/1). Category available (1/1).,,Stretch,"Revenue and customer scale (large institutional & retail base) clear hard filters. Valuation is the weak point: it has fallen roughly 43% from its post-IPO peak to ~$1.89B, sitting only narrowly above the $1B floor and on a declining trend as of Sept 2026 — a genuinely borderline call. No F1 exposure identified.","Monitor valuation stabilization before a full pitch; if pursued now, position around India's capital-markets growth story rather than a performance/global narrative."
bench,8,Addi,Colombia,VC-backed,BNPL and consumer credit for Latin American (Colombian) shoppers,"~600 (passes 51-10,000 band)","$200M FY2025 (reached Oct 2025); $150M+ ARR as of June 2025; 4 consecutive quarters of profitability confirmed (BusinessWire/Victory Park Capital, Sept 2025)","Not currently confirmed above $1B: 2021 round valued Addi at ~$700M, later cut to roughly half (~$350M) per PitchBook-sourced reporting; July 2026 $85M Series D (co-led Citius, BTG Pactual) did not disclose a new valuation","$85M Series D, July 2026 (Citius/BTG Pactual co-lead; GIC, Quona, Monashees, USV, a16z participated) - for growth as Addi becomes a regulated deposit-taking entity",1,"Sells only in Colombia (1 of the listed F1 markets, and not a strong match); mass-market BNPL buyers skew younger/broad rather than affluent 25-54; brand story is fast-growth fintech but not distinctly performance/precision; category (LatAm BNPL) likely open on the grid.",,Stretch,"Revenue ($200M), capacity (fresh raise + 4 quarters of profitability), headcount, customer scale, and no F1 exposure all pass. Valuation is the unresolved criterion: last confirmed data point (~$350M) is below the $1B threshold, but it predates the 2026 raise and continued profitable growth, so current valuation is unverifiable rather than a clean fail.","Fast-scaling, newly-profitable LatAm fintech pursuing a banking license - a growth/ambition story, but weak on multi-market F1 reach today."
bench,9,Concora Credit,USA,"PE-owned (Castlelake, acquired July 2024 - roughly 2 years as of Sept 2026)","Credit cards for near-prime/subprime consumers (Destiny, Milestone, Indigo Mastercards)","~600 (passes 51-10,000 band)","Reported figures are inconsistent across sources: one figure cites $346.6M, another describes a $500M-$1B range; treated as ~$500M+ (est), unverified with confidence","No published valuation as a private, PE-owned company; in mid-2024 Castlelake explored a sale that could have valued Concora at ~$1B, but no completed transaction or updated 2025/2026 valuation was found","N/A - PE-owned, no public raise; profitability/capacity data not disclosed publicly",1,"US-only (1 market); target customers are near-prime/subprime cardholders, the opposite of an affluent buyer profile; brand story doesn't map to performance/precision/global ambition; near-prime credit card issuing is likely already represented elsewhere on a lending-category grid.",,Stretch,"Revenue plausibly clears $100M (though figures are inconsistent - flagged est.) and customer scale (millions of cardholders) and headcount pass, with no F1 exposure found. Valuation and capacity are both unconfirmed: no published valuation (the ~$1B figure was only an exploratory sale price, not a completed deal), and no public profitability data was found. Note: Castlelake has owned Concora only ~2 years (since July 2024), so the '4+ year PE-owned' soft flag does NOT apply.",Weak fit - subprime-credit brand story and audience don't align well with F1's premium/performance positioning; lower priority even if verified financially.
bench,10,"CSI (Computer Services, Inc.)","United States (Paducah, Kentucky)","PE-owned — Centerbridge Partners & Bridgeport Partners, deal announced Aug 2022 / closed Nov 2022 (~3.8-4 years, NOT 2024 as in the input — correction)","Core banking, lending, digital banking, and compliance software for U.S. community/regional banks","1,001-2,500 (~1,800 est., unverified)","Last public figure: $316.6M in FY2022 (year ended Feb 2022, final year before going private). Since privatization, CSI has repeatedly reported 'record revenue growth' (FY2025 H1 press release, Sept 2024) — current revenue likely materially higher but not disclosed. Source: CSI FY2022 earnings release; CSI newsroom FY2025 H1 release.",$1.6B all-cash take-private transaction (2022) — not $2.6B as estimated in input. No newer published mark since; using last transaction value per PE-with-no-published-mark convention.,"Centerbridge/Bridgeport buyout, Aug-Nov 2022 (no raise since March 2025 found)",1,"Sells almost exclusively to U.S. community/regional banks — fails the '3+ F1 markets' criterion (domestic-only B2B software vendor); buyer is bank executives (senior decision-makers, fits that sub-criterion); brand story (compliance/core-banking software) does not map naturally to performance/precision/global-ambition; low consumer visibility.",PE-owned ~4 years (Centerbridge since Nov 2022) — approaching/at the 4+ year threshold,Stretch,"Revenue (last public $316.6M, growing since) and valuation ($1.6B 2022 transaction) clear the hard filters; capacity is supported by repeated 'record revenue growth' language (treated as clearly profitable/growing). The borderline item is customer scale: ~1,300+ banks is institutional and meaningfully more than a ~150-bank core-banking vendor, but still not 'thousands' in the way a consumer or platform business would show — judged as Stretch, not a clean pass.","Not a strong consumer-facing F1 fit given single-market, B2B-only, low-visibility profile — if pursued, would need to be positioned purely as a hospitality/relationship play with U.S. banking clients, not a brand campaign."
bench,11,DailyPay,USA,VC-backed,Earned wage access / on-demand pay via employer partnerships,"~800 (passes 51-10,000 band)","$235M (2024, per PitchBook/CB Insights); no confirmed 2025/2026 update found","$1.75B as of June 2024 (last confirmed equity valuation); IPO chatter in 2025 press pointed to a possible $3-4B valuation, unconfirmed as completed","No confirmed equity round since March 2025; recent activity is debt-only - $195M line of credit (Dec 2025) and $200M line of credit (Feb 2026), both funding the pay-advance receivables book rather than clearly GTM/expansion equity",1,"US-only (1 market); core end-users are hourly/shift workers (not an affluent 25-54 target), though the actual buyers are employer HR/finance leaders (senior decision-makers) - partial credit; brand story (financial wellness) doesn't map cleanly to performance/precision; category likely open.",,Stretch,"Revenue ($235M) and valuation ($1.75B, both above thresholds) pass; headcount, customer scale (millions of workers via employer partners), and F1 exposure are clean. Capacity is the unresolved criterion: no confirmed equity raise for GTM/expansion since March 2025 (only debt facilities for the pay-advance float), and public profitability data isn't available to substitute.","Large-scale US earned-wage-access platform; B2B sale to enterprise HR/finance decision-makers could map to a 'take control of your pay, on your terms' precision/control narrative if capacity firms up."
bench,12,Funding Societies (Modalku),Singapore,VC-backed,"SMB lending & digital banking in Singapore, Indonesia, Malaysia, Thailand, Vietnam","51-10,000+ (~1,000)","~$54.3M (2024, est per Owler/Tracxn; some estimates range $25-100M); no confirmed >50% YoY growth for 2025 despite 'tripled revenue post-2022 CardUp deal' claim",~$1.4B (2024 unicorn round w/ Maybank),Series D closed 20 Mar 2025 (amount undisclosed) - within capacity window,1,"Only Singapore is an F1 market among its SEA footprint (fails 3+ markets test); buyers are SME owners, not affluent consumers or C-suite; B2B lending story doesn't map to performance/precision; category (SME fintech) is open",revenue estimate near hard-filter threshold and unverified,Stretch,"Capacity, valuation, and customer scale all pass, but revenue (~$54M est) is clearly below the $100M/ $50M-ARR-growing-50%+ bar and 2025 growth rate is unconfirmed - the one borderline/unverifiable criterion",SME-growth/enablement narrative for a Singapore GP B2B hospitality activation; weak standalone F1 fit given single-market F1 exposure
bench,13,KOHO,Canada,VC-backed,Prepaid/spending & credit-building neobank app for Canadian consumers,"~300 (passes 51-10,000 band)",$100M+ USD revenue run rate as of Feb 2026 (doubled YoY); 2M+ users (up from 1M+ in Dec 2023),"$1.33B CAD at June 2026 Series E (unicorn round) - approximately US$960-980M at prevailing FX, just under the $1B USD threshold","$130M CAD Series E, June 2026 (new investors Mubadala, Savano Capital plus Tobi Lutke, Michael Linford; existing: Portage, Drive Capital, BDC Capital, HOOPP, Eldridge) - explicitly for growth and pursuit of a federal banking license",1,"Canada-only (1 F1 market, but Canada does host an F1 race - Montreal); mass-market consumer neobank users, not an affluent segment; brand story is modern/digital but not distinctly performance-coded; consumer neobank category may already be adjacent to other lending/neobank picks on the grid.",,Stretch,"Revenue/ARR clearly passes ($100M+ run rate, doubled YoY, well above the 50%-growth ARR bar); capacity strongly passes (large fresh raise, June 2026, explicitly for growth); headcount, customers, and F1 exposure are clean. Valuation is the borderline criterion: CAD 1.33B converts to just under US$1B, missing the hard threshold by a narrow margin depending on FX.",Canadian market presence (Montreal GP) plus 'unicorn' momentum from a fresh raise; valuation is a hair below threshold in USD terms but trending up fast.
bench,14,Kueski,Mexico,VC-backed,Consumer lending and BNPL (Kueski Pay) in Mexico,"~800 (passes 51-10,000 band)",~$417.6M annual revenue reported (CB Insights); figure may blend interest/fee income with loan-book metrics - flagged (est),"Sub-$1B as of 2025 reporting (LatAm Republic: 'close to unicorn status,' not yet reached); no confirmed post-2025 valuation above $1B found","Series D-II, $35M, March 30, 2025 (post-money valuation undisclosed)",1,"Sells only in Mexico (1 F1 market); mass-market BNPL/lending customers, not an affluent buyer base; brand story is digital-lending growth in an emerging market but not strongly performance/precision-coded; category likely open.",,Stretch,"Revenue plausibly clears $100M (flagged as est.), capacity supported by a March 2025 raise (within window), headcount/customers/F1 all clean. Valuation is the weak point: multiple 2025 sources describe Kueski as approaching but not yet at unicorn ($1B) status, so it fails the valuation bar as best verified, but the March 2025 raise's actual post-money is undisclosed, leaving room it has since crossed $1B.","Mexico's largest online consumer/BNPL lender - relevant if SPORTFIVE is building a Mexico-market angle, but valuation needs firming up before a pitch."
bench,15,MeridianLink,United States,"CORRECTED: PE-owned — acquired and taken private by Centerbridge Partners for $2.0B, deal completed Oct 24, 2025 (delisted from NYSE). Input's 'public (NYSE)' status is now OUT OF DATE.",Loan origination and digital banking/lending software for U.S. banks and credit unions,"501-1,000 (~900 est., unverified)",Q2 2025 revenue $84.6M (+8% YoY); FY2025 guidance $326-334M; Adjusted EBITDA $38.4M in Q2 2025 (~45% margin). Source: MeridianLink Q2 2025 press release/10-Q.,"$2.0B all-cash acquisition by Centerbridge Partners, completed Oct 2025 ($20.00/share) — recent and clear.","N/A (going-private transaction, Oct 2025) — not a growth raise, but very recent and clean valuation mark",1,"Sells almost exclusively to U.S. banks/credit unions — domestic-only B2B footprint, fails '3+ F1 markets'; buyer is senior bank/CU executives; brand story (lending software) doesn't map well to performance/technology/global-ambition narrative; low consumer visibility.",,Stretch,"Revenue (~$326-334M FY2025) and valuation ($2.0B, Oct 2025, very fresh) clearly pass; capacity is supported by a strong EBITDA margin (~45%) indicating clear profitability. Customer scale (1,900+ banks/credit unions) is the borderline item — just under a clean 'thousands' read for an institutional B2B vendor. IMPORTANT: ownership classification changed from public to PE-owned (Centerbridge) as of Oct 2025 — the input list's 'public (NYSE)' status needs correcting.","Same limitation as CSI — narrow U.S.-only B2B footprint makes this a weak F1 brand fit; would only work as a relationship/hospitality play, not a marketing campaign."
bench,16,MNT-Halan,Egypt,Reported as public via 2025 SPAC merger (Nasdaq/EGX) per input; independently unconfirmed,"Microfinance, lending and payments super-app for Egyptian consumers/SMBs","~5,000 (passes 51-10,000 band)",~$500M+ (est) per input; not independently verified within search budget,"Conflicting/unclear: most recent verifiable private growth-round valuation found was ~$1.4B (undated precisely in search results, likely pre-2025), following a $1B valuation reported in a $400M round in Jan 2023; no confirmed public market cap or ticker was found for a completed SPAC listing, and an October 2025 $71M securitized bond issuance suggests the company may still be operating/financing itself privately","October 2025: $71M raised in a seventh securitized bond issuance (debt, not equity/GTM); SPAC-merger completion and resulting public valuation could not be confirmed",1,"MENA-focused (Egypt and broader region), not clearly matching the Gulf market on the F1 list (Egypt is not a Gulf state); buyers are mass-market/underbanked consumers and SMBs, not affluent; brand story has some emerging-market growth ambition; super-app lending category likely open.",,Stretch,"Headcount, customer scale (millions of users), and F1 exposure (none found) are fine, and the input's revenue estimate is plausible for the company's scale but unverified. The core issue is valuation/listing status: the claimed 2025 SPAC-merger public listing could not be confirmed via search (no ticker or market cap found), and the best-documented valuation (~$1.4B private round) is undated/stale, so both the $1B threshold and the public-vs-private ownership classification are unresolved.","Large, fast-growing Egyptian financial super-app with real global-ambition potential, but needs its public-listing/valuation status independently confirmed before a pitch."
bench,17,Navi,"Bengaluru, India","Founder-led/VC-backed (Sachin Bansal, Executive Chairman); NOT yet public — IPO planned FY26","Personal loans, insurance, mutual funds, UPI — India domestic only","~4,000 (est)","$305M, FY2025 (₹2,565cr, +18% YoY), source: Entrackr/Inc42","$2B target (est), Aug 2026 — pending IPO; not yet a confirmed market valuation","Aug 2026: IPO announced targeting ~₹3,000cr (~$357M) raise, DRHP/prospectus targeted for Dec 2026 submission; use: capital base/IPO (not yet closed) — no completed private round since ~March 2025 (fails recency as a closed raise)",1,"Domestic-only (0/1). Digital-first urban customer base has some affluent/25-54 overlap (1/1). Some tech-forward brand story but no global ambition evidence (0/1). Category (fintech lending) available (0/1, netted against weak overall theme).",,Stretch,"Input mischaracterized Navi as already public/listed 2024 — it is still private as of Sept 2026, with IPO only announced in Aug 2026 (DRHP pending Dec 2026) and a $2B target valuation not yet confirmed. Compounding this, FY25 swung to a ₹126cr net loss despite revenue growth, and no completed funding round since March 2025 — capacity criterion is borderline. Revenue ($305M) and customer scale (millions) otherwise clear the bar, and no F1 exposure found.","Hold until IPO closes and profitability stabilizes; if pursued now, frame around Sachin Bansal's high-growth fintech story for a digitally-savvy 25-40 demographic."
reject,1,Perfios,"Bengaluru, India","VC/PE-backed — Warburg Pincus (41%, since 2019) and Bessemer (32.1%) largest shareholders","Financial data & underwriting SaaS for banks/NBFCs — India, MENA, Southeast Asia, expanding to US","~2,500 (est)","$83.3M, FY2025 (crossed ₹700cr, +37% YoY), source: Inc42","$1.17B, 2024 (Ontario Teachers'/TVG-led round), source: Business Standard",2024 ($80M from Ontario Teachers' TVG); none since (fails recency — no closed round since ~March 2025; IPO only at 'planning' stage),4,"Sells in MENA, SEA and targeting US — 3+ F1 markets (1/1). Buyers are bank/NBFC executives — senior decision-makers (1/1). B2B SaaS/data brand story fits technology/precision (1/1). Underwriting-SaaS category not claimed on the grid (1/1). Strong brand fit, but disqualified on hard financial filters below.","PE-owned 4+ years (Warburg Pincus since 2019, Bessemer even longer)",No,"FY2025 revenue of $83.3M falls below the $100M hard threshold, and 37% YoY growth doesn't meet the >50% growth alternative either — fails the revenue hard filter outright. Compounding this, no funding round has closed since 2024 (before the ~March 2025 recency cutoff), so the VC-backed capacity criterion also fails. Valuation ($1.17B) and brand fit are otherwise strong.","Revisit if/when Perfios closes a 2026+ funding round or IPO with revenue crossing $100M+ — brand and market fit (MENA/SEA/US, B2B decision-makers, tech story) would otherwise make it a strong candidate."
reject,2,Mangopay,Luxembourg,"PE-owned — Advent International majority since April 2022 (~4.4 years, not 2023 as estimated)",White-label payment infrastructure for marketplaces and platforms,"251-500 (~450 est., unverified)",Last disclosed figure: ~EUR 30M net revenue expected for 2022 at time of Advent deal. No confirmed 2024/2025 revenue found despite cumulative >EUR100B processed and 250M+ end users cited (Sept 2024 press). Source: PYMNTS/Finextra/Silicon Canals (2022); Mangopay press materials (2024).,Not publicly disclosed. Advent's 2022 majority-stake purchase price was undisclosed; Advent committed EUR75M primary growth capital. No published >$1B mark found (input's ~EUR1.7B figure could not be verified).,"Advent International majority investment + EUR75M primary capital, April 2022 (pre-dates March 2025 window; no raise since)",3,"Sells into multiple EU markets plus expansion beyond (3+ F1 markets plausible); B2B buyer = platform/marketplace operators (senior decision-makers); brand story is technology/scale-of-commerce, fits performance/technology narrative; payments-infrastructure category likely to overlap with other candidates on this same list (Banking Circle, Viva, Teya) — category crowding risk.","PE-owned 4+ years (Advent since April 2022, ~4.4 yrs)",No,"Revenue is very likely well under the $100M/$50M-ARR hard filter (last disclosed ~EUR30M net revenue in 2022, no verified evidence of 3x+ growth since); valuation is not published and no >$1B evidence exists (PE-owned, not family-owned, so the family-owned exception does not apply). Customer count (2,500+ platforms) does pass, but two hard filters (revenue, valuation) fail/are unverifiable in Mangopay's favor.",Not recommended given financial-verification gaps; would need private financials before any outreach case could be built.
reject,3,PPRO,UK,VC-backed,"Local payment methods infrastructure/APIs for PSPs, platforms and merchants globally",501-1k,"$54-100M ARR range (est, conflicting sources: Latka ~$53.7M vs. prior industry estimate ~$100M+), unverified","$1B+, 2021 round (stale; no confirmed update since)","March 2024, €85M/$93M dual-tranche, use: fuel growth (fails ~Mar-2025 recency window)",3,Sells in 3+ F1 markets globally (yes); enterprise PSP/platform decision-makers (yes); global payments-infra performance story (yes); payments category already crowded on F1 grid via Mastercard-McLaren title deal (no),,No,"Revenue is uncertain and likely near/below the ARR threshold, last raise (Mar 2024) falls outside the post-Mar-2025 recency window required for VC-backed capacity, and payments infrastructure is an increasingly crowded F1 sponsor category.","If revenue and a fresh raise can be confirmed, position as 'the infrastructure behind global payments' echoing F1's cross-border operations — but weak fit today given category crowding and financial uncertainty."
reject,4,Rakuten Bank,Japan,"Public (TSE: 5838), majority-owned by Rakuten Group",Digital retail banking for Japanese consumers (domestic),"51-10,000 (~2,000)","~$700M+ (est), profitable","~$6.7-9.9B market cap (985B-1.46T JPY across 2026 snapshots, TYO:5838)","Public company, IPO 2023",3,N/A — disqualified on F1 exposure regardless of other scoring,,No,"FAILS on F1 exposure: parent Rakuten Group, Inc. announced a multi-year global partnership with Scuderia Ferrari HP on Sept 17, 2026 (three days before this review), making Rakuten a Ferrari F1 Team Partner in telecommunications and e-commerce starting Jan 1, 2027 (Rakuten press release, Ferrari.com, Investing.com). This is fresh, confirmed, active F1 sponsorship at the parent/group level and directly taints Rakuten Bank per the chaebol/parent-exposure rule, despite otherwise strong financials.",N/A — disqualified
reject,5,WeBank,China,"Private, Tencent-backed (~30% stake, largest shareholder)",Mobile-only digital banking & microloans for Chinese consumers and SMBs (domestic China),"51-10,000 (~5,000)","CNY36.2B (~$5.06B) in 2025, down 4.8% YoY (verified, Yicai Global); still generated ~60% of all Chinese private banks' profits in 2025",No recent published standalone valuation; total assets CNY766.3B (~$107B) at end-2025. Revenue scale and profitability strongly suggest >$1B value but this is unverified/estimated,None needed — profitable and self-funding,3,N/A — disqualified on F1 exposure regardless of other scoring,China optics — compliance review,No,"FAILS on F1 exposure: Tencent Holdings — WeBank's largest shareholder (~30%) and namesake backer ('Tencent's WeBank') — holds an active, renewed multi-year Formula 1 exclusive digital broadcast partnership in mainland China running through 2027 (Formula1.com/Sportcal). This is a direct, current F1 commercial relationship at the parent/major-backer level, which taints WeBank per the parent-exposure rule. China-HQ soft flag also applies.",N/A — disqualified
reject,6,i3 Verticals,USA,public,"Payment processing embedded into vertical software for public sector, healthcare and education merchants",1k-5k,"~$300M (est), FY2024, source: company estimate; divested Healthcare RCM unit (~$96M sale) in 2025","$266-593M market cap (varies by source), Sept 2026, Nasdaq: IIIV — down ~32% YoY",public,2,Primarily US-only distribution (no); public-sector/institutional decision-makers (yes); vertical-software precision story (weak); payments category taken by Mastercard-McLaren (no),,No,"Market cap has fallen well below the $1B threshold (~$266-593M, down ~32% YoY) and the company is actively divesting business lines (Healthcare RCM sale, 2025), signaling restructuring rather than expansion.",Not recommended at current scale/valuation; revisit only if market cap recovers above $1B.
reject,7,Lithic,USA,VC-backed,Card issuing API platform for fintechs and enterprises,51-500,"$50-80M ARR (est), unverified",$800M (2021/2024) — below the $1B threshold,"2024, ~$96M (labeled Series C) — no raise since; fails the post-Mar-2025 recency window",2,Mostly US-focused distribution (no); enterprise/fintech product decision-makers (yes); API-infra performance story (yes); payments category already taken by Mastercard-McLaren (no),,No,"Valuation ($800M) sits below the $1B threshold, revenue is unverified and possibly below the $50M ARR bar, and there has been no funding round since 2024 — fails the VC-backed recency requirement.",Not recommended at current valuation and funding recency.
reject,8,SmartAsset,USA,VC-backed,Financial-advisor matching and personal-finance content marketplace for consumers,51-500,"~$150M+ (est), unverified",~$850M-1B (rumored/unconfirmed since 2021 Series D),"June 2021, $110M Series D — none since (fails recency by a wide margin)",2,"US-only distribution (no); affluent individuals seeking financial advice (yes); consumer marketing/content story, weak on performance/global-ambition (weak); financial-marketplace/lead-gen category open (yes)",,No,"No funding activity since 2021 (five years), valuation is unconfirmed and likely below the $1B threshold today, and the paying customer base (advisor firms) may number only in the hundreds rather than thousands — multiple hard-filter concerns.",Not recommended at current scale and funding staleness.
reject,9,DANA Indonesia,Indonesia,"Private (Emtek majority via PT Elang Sejahtera Mandiri, Ant Group minority)",e-wallet & digital payments - Indonesia only,"51-10,000+ (~1,500)",Est. $50-75M annual revenue; no standalone financials disclosed,"$1.04-1.2B (Aug 2022 round with Sinar Mas/Lazada) - stale, no update since",$250M raised Aug 2022 from Sinar Mas & Lazada; no raise since; no confirmed profitability found,1,"Single-market (Indonesia), not an F1 host market; mass consumer wallet; weak brand-story mapping; category open",valuation and funding data 3+ years stale,No,"Fails revenue (~$50-75M est., clearly under the $100M/ARR bar) AND fails capacity (no raise since 2022, no confirmed profitability) - two clear hard-filter fails, not one borderline item",Not recommended given weak financial transparency and stale capitalization; would need a confirmed 2025/26 raise or disclosed profitability to revisit
reject,10,Interswitch,Nigeria,Family/founder-owned with Visa holding a minority (non-controlling) stake since 2019,Payment switching/processing infrastructure across Africa,"1,001-2,500 (~1,500 est., unverified)","FY2025 (year ended March 2025) revenue NGN137.5B, up 50% YoY — converts to roughly $86-92M USD at prevailing 2025 exchange rates (~NGN1,500-1,600/$1). This is BELOW the $100M hard-filter threshold, though growth rate (+50%) is strong. Nigeria accounts for >90% of revenue. Source: Techpoint Africa (2025), Innovation Village (2025).","2019 Visa minority investment ($200M for ~20%) valued Interswitch at $1B (unicorn status). Independent analysis (notadeepdive.com, 2025/2026) argues Interswitch has since LOST unicorn status — applying current price/sales multiples implies a valuation closer to ~$476M, well under $1B, due to Naira devaluation. IPO chatter cited a possible $1.5B valuation, but no IPO or new transaction has closed. No credible current mark above $1B exists.",2019 Visa minority stake ($200M); IPO discussed but not executed as of Sept 2026,1,"Sells almost exclusively within Africa (primarily Nigeria) — F1 does not currently race in Africa and Africa is not a core F1 commercial market, so this fails '3+ F1 markets'; buyer mix includes both banks (senior decision-makers) and consumers/merchants; brand story (African fintech growth/ambition) could map to global-ambition narrative but has low brand recognition in F1's core markets.",,No,"Two hard filters are compromised simultaneously: (1) revenue ~$86-92M is below the $100M threshold (and this isn't a SaaS ARR business, so the ARR-growth alternate test doesn't cleanly apply); (2) valuation has no credible current mark above $1B — independent analysis says Interswitch has lost unicorn status (implied ~$476M), and the 2019 $1B mark is now 7 years stale. Customer scale (thousands of merchants) and capacity (profitable, +50% revenue growth) do pass. F1 EXPOSURE FLAG: Visa holds a ~20% minority, non-controlling stake — per the minority-stake carve-out this does NOT itself fail the F1 filter, but should be verified/disclosed before outreach given Visa's broad sponsorship footprint.",Not recommended at this time given revenue/valuation gaps and narrow African market — worth revisiting if Interswitch closes an IPO or new funding round establishing a clear >$1B mark and expands revenue past $100M.
reject,11,Newfront,USA,"Acquired by WTW (Willis Towers Watson); deal closed Jan 28, 2026 — no longer independent",Digital insurance brokerage platform for businesses and individuals (now integrated into WTW),501-1k,"~$200M+ (est), pre-acquisition figure, source: input estimate, unverified","$1.3B acquisition value (WTW deal, closed Jan 2026); no independent valuation post-close","Acquired, not raised — last independent round was April 2022 ($200M Series D at $2.2B)",1,US-only distribution (no); business/individual clients incl. some senior decision-makers (partial); tech-driven brokerage story but weak on 'global ambition' (weak); insurance-brokerage category already held by Marsh as F1's Official Risk/Insurance Partner (no),,No,"Newfront was acquired by WTW (deal closed Jan 2026) and is being integrated into WTW's brand, so it is no longer an independent sponsorship prospect — and F1 already has an official insurance-broker partner (Marsh), so the category is taken regardless.","Not recommended; if revisited, would need to be pitched as 'WTW' broadly, but Marsh already owns F1's insurance-partner slot."
reject,12,Uplift,USA,"Acquired (formerly VC-backed; now a business unit of Upgrade, Inc.)","Travel BNPL (airlines, hotels, cruises) - now branded 'Flex Pay' inside Upgrade",Not independently reported post-acquisition,"No standalone figures; Upgrade's Flex Pay unit (former Uplift) has 'doubled its annual revenue run rate' since the acquisition and partners with 750+ brands, per Finovate/Skift Oct 2025 coverage - but this is Upgrade's segment revenue, not an Uplift company figure","N/A as an independent company; parent Upgrade, Inc. raised at a $7.3-7.4B valuation (Series G, Oct 2025)",N/A for Uplift; Upgrade closed $165M Series G in Oct 2025,1,"Even reassessed as Upgrade/Flex Pay: US-only presence (1 market), buyers are leisure/business travelers booking flights and hotels (partially affluent), but there is no standalone 'Uplift' entity or decision-making team left to sponsor.",,No,"Uplift was acquired by Upgrade, Inc. in 2023 and no longer exists as an independent company - it operates as 'Flex Pay,' a product line inside Upgrade. There is no standalone Uplift brand, leadership, or marketing budget to sponsor; any deal would need to be pitched to Upgrade corporate instead, which is a different company than the one profiled.","N/A - redirect any future outreach to Upgrade, Inc. corporate marketing if Flex Pay/travel-BNPL remains a strategic priority."
reject,13,Younited,France,"Public (Euronext Paris/Amsterdam listing, Dec 2024 IPO)",Instant consumer credit / personal loans across 5+ European markets,"~700 (passes 51-10,000 band)","EUR146M in FY2025, +54% YoY; loan stock EUR1.1B (+44% YoY); first profitable quarter in Q4 2025, adjusted net income EUR1.6M for FY2025","Market cap ~EUR360M as of Aug 2026 (~US$385M), down from EUR622M at IPO close (Jan 2025, EUR9.50/share) to EUR6.90/share in Aug 2026",Public - IPO on Euronext (Dec 2024) raised EUR153M; no subsequent equity raise (stock has since declined ~27% from IPO level),1,"Sells across several EU countries but that counts as one 'EU' market on the F1 list, so only 1 qualifying market; mass-market personal-loan borrowers, not affluent; brand story is a turnaround/growth narrative but modest; consumer lending category likely open.",,No,"Clear hard-filter fail on valuation: as a public (non-family-owned) company, market cap of ~US$385M is well below the $1B threshold, and the stock has declined since its Dec 2024 IPO rather than appreciated. Revenue (EUR146M, +54%) and improving profitability (first profitable quarter Q4 2025) both pass, and headcount/customers/F1 exposure are fine, but valuation alone is a disqualifying miss.",Not recommended given the valuation gap; revisit only if the stock re-rates meaningfully above EUR1B market cap.
