list,rank,company,hq,ownership,sells (what & to whom),headcount_band,"revenue (date, source)",valuation (date),latest raise & use,fit 0-4,fit detail,soft flags,verdict,verdict reason,best angle
batch,1,Amadeus IT Group S.A.,"Madrid, Spain",Public (BME: AMS),"Travel technology platform (airline/hotel reservation, distribution) to hundreds of airlines and thousands of travel agencies/hotels","~19,000 — passes 51-10,000+ band (10k+ allowed)","€6.35B TTM (as of Q2 2025; FY2024 was €6.14B, +12.9% YoY), source: company results/stock data aggregators","~€22.75-30B (~$26-35B) market cap across 2025-2026, source: stock data aggregators","Public, profitable, growing; no external raise needed",4,Global travel-tech footprint spanning nearly all F1 markets (US/UK/EU/Gulf/Japan/Singapore/Australia); senior airline/hotel decision-makers; 'powers global travel' story maps strongly to performance/technology/global-ambition; travel-tech distribution software category is untaken on the grid.,,Yes,"Public, profitable, growing double digits, multi-billion revenue and market cap, thousands of travel-agency/hotel customers, and no F1 sponsorship found in research (input's 'verify no conflicting sponsorships' flag checked out clean).","Global mobility/travel-technology backbone — natural tie-in to F1's own global-travel logistics story (fans, teams, freight) across nearly every race market."
batch,2,"Bentley Systems, Incorporated","Exton, Pennsylvania, United States",Family-controlled public company (Bentley family holds dual-class voting control); NASDAQ: BSY (unrelated to Bentley Motors),"Infrastructure engineering software (civil, structural, geotechnical, digital twins) to tens of thousands of engineering firms/infrastructure owners globally","~5,000 (est) — passes 51-10,000+ band","$1.5B, FY2025, +11% YoY, source: Bentley Systems FY2025 results release / SEC 8-K","$10-16B market cap range across 2025-2026 (e.g., $16.4B Sept-2025, $10.1B May-2026), source: company market-cap trackers","Public, profitable, improving margins; no external raise needed",4,Global infrastructure-engineering footprint (US/UK/EU/Gulf/APAC major projects); senior infrastructure decision-makers; digital-twin/engineering-precision story is a strong performance/technology/global-ambition fit; AEC/infrastructure-engineering category is untaken on the grid.,,Yes,"Public, profitable, growing 11% YoY, tens of thousands of customers, multi-billion-dollar market cap, no F1 exposure (name-alike Bentley Motors is unrelated).",Infrastructure/digital-twin engineering precision story — direct thematic tie to race-track/circuit engineering and F1's own digital-twin/simulation narrative.
batch,3,CompuGroup Medical SE & Co. KGaA,Germany,"MATERIAL UPDATE vs. input: no longer purely 'Public' — CompuGroup Medical was taken private via a CVC Capital Partners tender offer and delisted from the Frankfurt Stock Exchange on June 24, 2025. CVC now holds ~24-28% of shares; founding family Gotthardt retains majority control (~50.12%). Current structure: majority family-owned with a large PE minority partner, effective mid-2025 (<1 year).","Healthcare IT software (EHR, practice management)","~9,500 (near the 10,000+ band)",€1.25B confirmed for 2025 (+5.1% YoY vs. €1.19B prior year),~$1.39B implied at the CVC take-private tender offer (€22.00/share) — clears the >$1B threshold,"CVC Capital Partners strategic investment/take-private, completed 2025 (<1 yr old)",4,"3+ F1 markets: yes, operates across Germany and broader Europe [pass]; senior buyers (practice owners/health-system executives) [pass]; performance/precision-tech story (EHR/practice-management software) [pass]; category open on grid [pass].","Ownership transition to a family-majority + PE-minority structure is very recent (2025, <1 year) — not the '4+ year PE' pattern, but worth noting as a change in governance",Yes,"Clears all hard filters: revenue (€1.25B confirmed, growing +5.1%), valuation (~$1.39B confirmed via CVC tender offer), headcount (~9,500), customers (hundreds of thousands of healthcare providers), capacity (steady growth, stable profitable operations), and no F1 exposure found for CompuGroup Medical or CVC Capital Partners.","Europe's leading healthcare-IT platform serving hundreds of thousands of practices — strong multi-market fit for F1's European-heavy calendar, framed as precision and reliability at massive scale."
batch,4,Dedalus Group,Italy/France,"PE-owned — Ardian-led consortium now holds ~92% (increased from a majority stake acquired in 2020, ~6 years — meets the 4+ year PE soft-flag threshold); founder Giorgio Moretti retains ~6% and a board seat","Healthcare IT software (EHR, lab, imaging)","~7,500 (1,001-10,000 band)",~€900M (input); one older projection cited ~€700M future turnover — using ~€900M-1B range,"Est. ~€2-3B EV (input); consistent with scale (largest EMR footprint in general hospitals per KLAS — 1,612 hospitals — and a network serving 540M+ patients across 40+ countries)","Ardian majority stake since 2020 (~5-6 yrs); Ardian continues to increase its stake and fund M&A (e.g., DXC Technology healthcare software division acquisition)",4,"3+ F1 markets: yes, 40+ countries incl. Italy/France/UK/Germany [pass]; senior enterprise buyers (hospital/health-system IT leadership) [pass]; performance/precision-tech story (mission-critical clinical/imaging/lab software) [pass]; category open on grid (no European healthcare-IT sponsor currently) [pass].",PE-owned 4+ years (Ardian since 2020),Yes,"Clears all hard filters: revenue (~€900M-1B, >$100M), valuation (~€2-3B EV, >$1B), headcount (~7,500), customers (6,700+ hospitals/labs across 40+ countries, far above the 20-customer fail line), capacity (active growth investment/M&A, not cost-cutting), and no F1 exposure found for Dedalus or Ardian.","Pan-European, mission-critical clinical software across 40+ countries — genuine multi-market F1 fit (especially given F1's heavy European calendar and Dedalus's Italian roots), framed as precision engineering for hospitals worldwide."
batch,5,HighLevel (GoHighLevel),USA,"Bootstrapped/profitable, with a Feb 2025 PE minority stake (PeakEquity Partners)",All-in-one marketing/CRM SaaS for agencies and SMBs,"~1,000+ est. (1,001-5,000)","Reported annual revenue $311.5M (current), up sharply from ~$82.7M (2024 est.) -- clears >$100M revenue with very strong growth; powers 2.2M end-businesses via 60,000+ agency customers, $4.2B in platform sales facilitated","PitchBook institutional estimate: $1-1.3B unicorn status (early 2025), corroborated by a Feb 2025 $60M minority investment from PeakEquity Partners","$60M minority stake from PeakEquity Partners, Feb 2025 (non-dilutive-style PE capital on top of self-funded profitability)",4,"Markets: agency customer base spans US, UK, Canada, Australia = 1. Buyers: agency owners/SMB operators = 1. Performance-tech story: agencies run performance-marketing campaigns, natural precision/results narrative = 1. Category open = 1.",,Yes,"Profitable plus a recent (Feb 2025) capital event covers capacity; revenue $311.5M and unicorn-range valuation ($1-1.3B, institutionally estimated) both confirmed; tens of thousands of customers; no F1 exposure.","Profitable, high-growth performance-marketing infrastructure for tens of thousands of agencies and SMBs -- 'performance marketing meets performance racing' is a direct, low-lift narrative fit."
batch,6,InterSystems Corporation,United States,"Private, founder-owned (Phillip Ragon, founder & CEO) — no PE/VC, confirmed one of the largest private software firms","Database platform (IRIS/Cache) and health IT platform (HealthShare, TrakCare) to thousands of enterprises/health systems in 80+ countries","~3,000 (1,001-10,000 band)",$1B+ confirmed for FY2025 (consistent with prior-year reporting of $1.1B+),"None published (private, founder-owned) — per instructions, this is a flagged pass-on-revenue-alone case rather than a fail; decades of profitable bootstrapped growth at $1B+ revenue implies multi-billion-dollar value.","Private, no external funding — not applicable",4,"3+ F1 markets: yes, 80+ countries [pass]; senior enterprise buyers [pass]; performance/precision-tech story: mission-critical, real-time database platform underlying hospital operations globally [strong pass]; category open on grid [pass].","Family/founder-owned — no published valuation, passing on revenue alone per instructions",Yes,"Revenue ($1B+) clears the >$100M threshold decisively; valuation unpublished but flagged-pass per the family-owned carve-out; headcount, thousands of enterprise customers across 80+ countries, stable profitable capacity, and no F1 exposure all clear.","Global mission-critical data platform ('milliseconds matter') powering healthcare and other high-stakes industries in 80+ countries — a natural precision-engineering parallel to F1, with genuine multi-market reach across the F1 calendar."
batch,7,Abacus Research AG,Switzerland,Family-owned (private),ERP/accounting software for SMBs,~600; within band,"Growth confirmed (16.3% consolidated revenue growth in 2024 reported by multiple Swiss trade press sources), but absolute CHF figure not publicly disclosed. Input's ~CHF180M/$200M est. is plausible given reputation as a leading Swiss ERP vendor and consistent double-digit growth; treated as a likely pass on the >$100M threshold, though not pinned to an exact disclosed figure.","Not disclosed (family-owned) — revenue-pass rule likely satisfied (~$200M est. > $100M) though based on an estimate, not a disclosed figure",N/A,3,"F1 markets: Switzerland alone lacks a home race; DACH-region export markets add some credit but not a clear 3+ (0, generous alternative would be 1). Buyers: Swiss SMB owners are a relatively affluent buyer segment (1). Precision story: 'Swiss precision' branding is a strong, ready-made narrative tie-in to F1 engineering precision (1). Category open: SMB ERP/accounting sponsor category is open (1).","Revenue figure is an estimate, not a disclosed absolute number",Yes,"Consistent double-digit revenue growth (16.3% in 2024) with plausible >$100M scale confirms revenue-pass exemption for family ownership; 60,000+ SMB customers, headcount fits band, no F1 exposure, no cost-cutting signals.",'Swiss precision' brand narrative directly parallels F1 engineering-precision messaging; target affluent Swiss SME owner/decision-maker audience.
batch,8,Asseco Poland S.A.,Poland,"Founder-controlled public company (Adam Gora, founder/chairman/major shareholder)","Enterprise software & IT services (banking, public sector, insurance) to thousands of enterprise/government clients across CEE and 60+ countries","~30,000 group-wide; exceeds 10,000+ (passes per rule that 10k+ passes)","Input est. ~$4.5B plausible for full group (not independently re-verified line-by-line, but scale corroborated by market cap and multinational footprint)",Verified market cap: PLN 14.79B (~$3.7-3.8B) as of Sept 2026 — higher than input's $2.5B est.; comfortably passes >$1B threshold,"Public, profitable, steady growth — no distress signals found",3,"F1 markets: CEE base plus Western European subsidiary operations gives partial multi-market credit (1). Buyers: enterprise/government senior IT decision-makers (1). Precision story: generic enterprise IT, weak fit (0). Category open: enterprise/gov software sponsor category open on grid (1).",,Yes,"Verified market cap ~$3.7-3.8B (>$1B), thousands of clients across 60+ countries, public/profitable/founder-controlled, headcount well within band, no F1 exposure.",Pan-European/CEE footprint for regional activation; digital-transformation-for-critical-systems narrative paralleling F1 data/engineering precision.
batch,9,BIPROGY Inc. (formerly Nihon Unisys),Japan,"Public (TSE:8056), independent","Enterprise IT services, SI, cloud systems","~9,500 (51-10,000 band)","¥433.7B (~$2.93B @¥148) consolidated revenue, FY ended Mar 2026 (actual, reported) — op. profit +9.1%, net profit +15.7% YoY; FY2027 guidance ¥470B (source: BIPROGY IR / TipRanks)",Market cap ~¥470.7B (~$2.96B) as of 20 May 2026 (stockanalysis.com),N/A - public,3,Japan-only footprint (fails strict 3+ F1-market bar); senior enterprise/government B2B buyers; plausible performance-tech story via cloud/data-processing precision (race-data-infrastructure analogy); enterprise-IT is an open sponsorship category on the grid,,Yes,"Clears all hard filters with room to spare: revenue $2.93B and market cap $2.96B both well above thresholds; FY2026 results show genuine improvement (profit growth + raised FY2027 guidance), not cost-cutting; thousands of independent enterprise/government clients, no captive-parent dependence (fully independent public company); no F1 ties found.","High-reliability data/cloud backbone story - precision computing for split-second decisions, echoing race-data infrastructure."
batch,10,"Cotiviti, Inc.",United States,"PE-owned — co-owned by KKR and Veritas Capital since May 2024 recapitalization (~$11B valuation); Veritas has held since 2018 (~7-8 yrs), KKR joined as co-sponsor 2024 (~2 yrs). Note: input's 'Carlyle' reference is outdated — a Carlyle deal (up to $15B) was explored in 2023 but fell through; Carlyle is not a current owner.",Healthcare payment integrity & analytics software to 450+ health plan clients covering 170M+ members,"~4,000 (1,001-10,000 band)","~$1.1B est. (PitchBook places it in $1B-$10B band; exact 2025 figure undisclosed, private company)","~$11B confirmed via May 2024 KKR-Veritas recapitalization (Cotiviti press release, Veritas Capital, Businesswire)",May 2024 recapitalization (not a growth raise; PE co-sponsor restructuring),3,Senior/enterprise buyers (health plan C-suite) [pass]; performance/precision story (payment integrity analytics) [pass]; category open on grid [pass]; multi-market F1 presence weak — largely US-domestic [fail].,"Customer count (450+ clients) is enterprise-concentrated rather than literally 'thousands', though scale (170M members) is very large — noted per input's own flag",Yes,"Clears all hard filters: revenue ~$1.1B (>$100M), valuation $11B confirmed (>$1B), headcount ~4,000, customer base well above the 20-client fail line, PE-backed but recently recapitalized (not stagnant/cost-cutting), no F1 exposure found for Cotiviti, KKR, or Veritas Capital.",Data-driven precision and trust at scale — payment integrity analytics for 170M+ covered lives — pitched to health plan executives as a performance-engineering story mirroring F1 telemetry/analytics.
batch,11,Engineering - Ingegneria Informatica S.p.A.,Italy,"PE-owned (Apax Partners/NB Renaissance/BC Partners consortium since 2021, ~5 years)","IT services, digital transformation, enterprise software","~13,000; exceeds 10,000+ (passes)","Verified: parent entity alone reported €1.023B (2024, +11.3% YoY); consolidated group figure (input's ~€1.6B) consistent with press reports of 'group revenues increased 18%' in 2023 — comfortably passes $100M threshold",Apax reportedly exploring a sale that could value the company at >€1.5B (2026 reports); consistent with input's est. EV of €2-3B — passes >$1B threshold,PE consortium investment 2021 (~5 years under PE — SOFT FLAG: PE-owned 4+ yrs),3,"F1 markets: Italy (Ferrari home) plus broader European enterprise/public-sector operations gives partial multi-market credit (1). Buyers: enterprise/public-sector CIOs, senior decision-makers (1). Precision story: digital transformation/enterprise software is a weak direct tie to performance-precision narrative (0). Category open: enterprise IT services sponsor category is open (1).",PE-owned 4+ years (Apax/NB Renaissance/BC Partners since 2021); Active sale process reportedly underway in 2026 — ownership could change,Yes,"Revenue (~€1B+ parent, ~€1.6B group) and valuation (>€1.5-3B EV) both clear >$1B/>$100M thresholds; thousands of enterprise/public clients; headcount 13,000 fits band; no F1 exposure. Flagged for PE tenure (5 yrs) and a reported ongoing sale process.",Italian heritage (Ferrari's home market) combined with pan-European enterprise IT scale; digital-transformation/precision-engineering-for-critical-systems narrative.
batch,12,Iodine Software,United States,"MATERIAL UPDATE vs. input: Iodine Software was ACQUIRED by Waystar Holding Corp. (NASDAQ: WAY) in a deal that closed October 1, 2025, for $1.25B enterprise value, from Advent International-led shareholders. It is no longer an independent PE-backed company — it is now a wholly owned subsidiary of publicly traded Waystar.",AI-driven clinical documentation integrity / revenue-cycle software for hospitals (now part of Waystar's healthcare payments platform),"~500 standalone pre-acquisition (51-10,000 band); now part of Waystar's much larger employee base",Pre-acquisition ARR est. $100-150M; folded into Waystar's larger public revenue base post-Oct 2025,"$1.25B confirmed acquisition price (Oct 2025, Fierce Healthcare, Becker's, Waystar press release, SEC 8-K) — clears the >$1B threshold directly",N/A as independent company — acquired by Waystar Oct 2025 (50/50 cash-and-stock deal),3,"Senior enterprise buyers (hospital CFOs) [pass]; performance/precision-tech story (AI clinical documentation engine, 'IodineIQ') [pass]; category open on grid [pass]; multi-market F1 presence weak — largely US hospital market [fail].","Subsidiary of a newly-public-company parent (Waystar), acquisition closed <1 year ago (Oct 2025) — integration risk and unclear whether 'Iodine' brand vs. Waystar corporate would be the sponsoring entity",Yes,"$1.25B disclosed acquisition value clears the valuation threshold directly (unlike most subsidiaries where value must be inferred from parent scale); revenue (ARR $100-150M pre-deal, now part of a larger public revenue base) and customer base (1,000+ hospitals/health systems) pass; Waystar (parent) is public, profitable/growing, and no F1 sponsorship exposure was found for Waystar. Recommend confirming outreach should target Waystar corporate rather than the Iodine brand specifically, given the recent (Oct 2025) acquisition.",AI-powered precision in hospital revenue-cycle decision-making — best framed as part of Waystar's broader healthcare-payments platform story given the recent acquisition.
batch,13,Milestone Systems A/S,Denmark,"Wholly owned subsidiary of Canon Inc. (Japan) since 2014 (~12 years) — parent-controlled, but reported to operate as a 'fully independent company' under the Canon Group",Open-platform video management software (VMS) to thousands of customers/integrators worldwide,"~1,500 verified (2026, up from ~1,000 est); within band","VERIFIED, well above input est.: ~DKK 2 billion net revenue in 2024 (~$280-290M), up 18.7% YoY, marking the company's fourth consecutive year of record revenue — comfortably passes $100M threshold","Not independently valued; parent Canon Inc. is public (Tokyo Stock Exchange), profitable — acceptable per subsidiary rule",Corporate-owned (Canon); no signs of divestment or cost-cutting — Milestone is growing and investing in R&D,3,"F1 markets: global VMS customer/integrator base spans many countries, giving partial multi-market credit (1). Buyers: enterprise security/integrator decision-makers — senior technical buyers, moderate affluence (1). Precision story: real-time video analytics has a loose tie to performance/precision narratives but is not a strong direct fit (0). Category open: video surveillance/VMS is a distinctive, open sponsor category on the grid (1).","Parent-controlled (Canon Inc., Japan) since 2014",Yes,"Revenue verified at ~$280-290M (2024, growing), thousands of enterprise/integrator customers worldwide, headcount fits band, operationally independent under profitable parent. PARENT F1 CHECK: Canon has a HISTORICAL F1 sponsorship record (Williams early 1990s; McLaren 'official imaging partner' 2001-2004; one-off Brawn GP 2009) but explicitly CANCELLED its F1 deal in 2004 to focus on football, and has NO current/active F1 sponsorship as of 2026 — this is a lapsed, not current, exposure, so it does not trigger the F1-exposure hard fail, but is worth flagging for awareness/category-conflict sensitivity.","Global integrator/reseller network enables broad multi-market activation; note Canon's lapsed F1 imaging-partner history as a double-edged narrative hook — could be framed as 'imaging/vision technology returning to the grid,' but confirm no residual brand-conflict sensitivity with Canon corporate."
batch,14,"Net One Systems Co., Ltd.",Japan,"Public (TSE:7518), independent","Network integration, enterprise IT infrastructure services","~3,000 (51-10,000 band)","~$1.39B TTM (stockanalysis.com, Aug 2026), in line with input estimate","Freshest hard data point found was ~¥356B (~$2.4B) market cap as of Dec 2024 (stockanalysis.com); a live Sept-2026 figure could not be pulled within search budget, but scale implies comfortably >$1B - recommend one refresh check before outreach",N/A - public,3,Japan-only footprint (fails 3+ F1-market bar); senior enterprise/network-buyer audience; strong precision/real-time-data-transmission story (network integration mirrors F1 telemetry/latency needs); network infrastructure is a relatively open F1 sponsor category,,Yes,"Revenue ~$1.39B clears the $100M bar by a wide margin; company scale strongly implies >$1B valuation though the most recent confirmed market-cap datapoint is from Dec 2024 (~$2.4B) - worth a quick refresh before final sign-off; thousands of enterprise clients, no captive dependence; no F1 exposure found.",Network/latency-integrity story - the infrastructure that keeps race-critical data flowing in real time.
batch,15,Civica,United Kingdom,"PE-owned - Blackstone (deal announced Nov 2023 at ~£2.0bn/~$2.5B per press reports, completed 2024); prior owner Partners Group 2017-2023/24. NOTE: input's '2022' date and '£1.6B' figure could not be confirmed and appear incorrect - press (Yahoo Finance, PE Wire, Mergersight) puts the announced deal at ~£2bn in Nov 2023.","Public sector software (case management, ERP, education, health) to 5,000+ public sector customers in UK, Australia, Singapore, Canada","~5,500 (est) - passes 51-10,000 band","~£400M / ~$500M (est, per input; not independently confirmed by search) - passes >$100M","~£2.0bn / ~$2.5B (Blackstone deal, announced Nov 2023, completed 2024) - evidenced >$1B","PE-owned since ~2024 (Blackstone) - only ~2 years under current sponsor, not a long-hold flag",2,"3+ F1 host markets (UK, Australia, Singapore, Canada) = strong geographic overlap; but buyers are government procurement officers, not affluent/senior individual decision-makers; weak performance-precision narrative for govtech; category (public sector software) is open on the grid",Deal date/value in source data conflicts with press reports - verify exact Blackstone terms before citing valuation in outreach,Yes,"Passes all hard filters: headcount, revenue, valuation evidenced (~$2.5B, 2023/24 Blackstone deal), 5,000+ customers, no F1 exposure found. Current PE ownership is recent (~2 years), so no capacity/hold-length concern.","Geographic overlap with 4 F1 host markets (UK, Australia, Singapore, Canada) supports a 'trusted infrastructure for the nations that host the grid' narrative, though the public-sector buyer base is a stretch for F1's hospitality-driven sponsorship model."
batch,16,"GlossGenius (rebranding to Genius AI, July 2026)",USA,VC-backed,"Booking, payments & marketing software for beauty/wellness SMBs, expanding to broader 'physical economy' small businesses",~250 est. (201-500),"Revenue nearing $200M in 2026, up from $100M ARR in Nov 2024 (Fortune, Techstars) -- implies >50% YoY growth; processes >$10B GMV","$1.15B post-money, Series D, 21 Jul 2026 (Yahoo Finance, Fortune, Pulse2) -- confirmed unicorn","Series D $44M closed 21 Jul 2026, led by Lux Capital w/ Bessemer, Imaginary, L Catterton Growth, 2048 Ventures, StepStone; total raised >$125M",2,"Markets: mostly US SMB base = 0. Buyers: salon/wellness business owners are real decision-makers = 1. Performance-tech story: weak, booking/payments not precision-tech = 0. Category open on grid = 1.",,Yes,"Clears every hard filter with fresh evidence: revenue ~$200M (>$100M) and growing fast, valuation $1.15B confirmed 2 months ago, capacity just refreshed (Series D closed Jul 2026), 50,000+ business customers, no F1 exposure.",Newly-minted unicorn actively rebranding to serve all US physical-economy SMBs -- 'the software behind the businesses that power local economies' halo story; fresh capital raised specifically to fund this broader brand push.
batch,17,"Hand Enterprise Solutions Co., Ltd.",China,"Public (Shenzhen ChiNext:300170) - note: input said 'Shanghai-listed,' but 300170 is a Shenzhen listing","SAP-based enterprise consulting/implementation, digital transformation software","~9,273 confirmed (51-10,000 band, near the top but within range)",TTM ~$475M (stockanalysis.com) - clears $100M bar comfortably,Market cap ~CNY17-19.8B (~$2.4-2.8B @¥7.1) as of Sept 2026 - clears the $1B bar comfortably,N/A - public,2,China-HQ'd (1 confirmed F1 market; no verified Japan/Singapore presence found within budget) - fails 3+ market bar on current evidence; enterprise/SAP buyers are senior corporate IT/finance decision-makers; digital-transformation/systems-precision story is plausible but not a strong performance-tech narrative; enterprise-software category is open,China optics - compliance review,Yes,"Clears all hard filters: revenue $475M, valuation ~$2.4-2.8B, headcount 9,273 fits the 51-10,000 band, thousands of enterprise clients across sectors (not a single-parent captive base), no F1 exposure found. Note: the input's exchange-listing detail (Shanghai) appears to be an error - 300170 trades in Shenzhen.",Enterprise digital-transformation/precision-systems angle - SAP implementation as the operational backbone for performance-driven organizations.
batch,18,"Hyland Software, Inc.",United States,"PE-owned - Thoma Bravo, since 2007 (~18-19 years, one of the longest-held PE software assets in the industry)","Content services / enterprise content management (ECM) software to 20,000+ organizations across 80 countries","~4,000 - passes 51-10,000","~$1.0-1.1B (est, multiple sources converge near/above $1B) - passes >$100M handily","Not publicly disclosed as a clean transaction value, but a $3.4B unitranche debt facility (Golub Capital-led) strongly implies enterprise value well above $1B, consistent with the scale of Thoma Bravo's software portfolio","PE-owned since 2007 (Thoma Bravo); $3.4B unitranche financing facility (recent, exact date unconfirmed)",2,"80-country footprint covers 3+ F1 markets; enterprise IT buyers, not personally affluent; weak precision-performance narrative for content/ECM software; category open on grid",18-19 years under the same PE sponsor - far beyond the 4-year threshold and the longest hold in this batch; worth understanding whether this signals stability or an overdue exit process before pitching,Yes,"Passes all hard filters: headcount, revenue (~$1B+), valuation strongly implied >$1B via financing scale, 20,000+ customers across 80 countries, no F1 exposure. Only concern is the unusually long (18+ year) PE hold, flagged as a soft flag rather than a fail.","Massive global scale (20,000+ customers, 80 countries) and stable long-term ownership give budget confidence, though the ECM/content-management story doesn't naturally map to F1's performance narrative - would need an operational/'behind-the-scenes efficiency' angle."
batch,19,Kingsoft Office Software Corporation (WPS Office),China,Public (Shanghai STAR Market:688111),"Office productivity software (WPS Office), cloud collaboration","~8,000 (51-10,000 band)","RMB5.12B / ~$700M FY2024 actual; H1 2026 revenue RMB3.313B, +24.69% YoY, with WPS 365 enterprise cloud up 60%+ for six consecutive quarters (company reports, BigGo/futunn)",Market cap ~$16.2B (25 Aug 2026) / ~CNY114.7B (Sept 2026) - clears the $1B bar by a wide margin,N/A - public,2,"China-HQ'd with a genuinely global user base (WPS Office is widely used across Southeast Asia incl. Singapore, and in Japan) - plausibly meets the 3+ F1-market bar though not independently confirmed by country-level revenue split this session; 600M+ MAU buyer base is broad consumer + enterprise, not specifically affluent/senior; office-productivity software has essentially no performance-precision motorsport narrative; office-software category is not a natural open grid slot",China optics - compliance review; Rich valuation-to-revenue multiple (~23x) - worth noting though below the 50x soft-flag line,Yes,"Clears every hard filter comfortably: revenue ~$700M+ and growing double-digits (WPS 365 enterprise segment +60% for 6 straight quarters), valuation ~$16B, 600M+ MAU (no captive-customer issue at all), profitable/improving, no F1 exposure found. Strongest financial profile in the batch, but the weakest narrative fit for F1 (office software, not performance-tech).",Needs a non-obvious angle if pursued - e.g. 'the productivity/collaboration layer behind race-team operations' rather than a performance/precision story.
batch,20,MatrixCare,United States,"Corporate-owned subsidiary of ResMed (public medtech, NYSE: RMD)",EHR/care management software for senior living & long-term/post-acute care,"~600 (51-10,000 band)","~$180M est. segment revenue (part of ResMed's SaaS segment, ~$500M)",Not independently valued (subsidiary); parent ResMed has market cap >$30B — passes via parent backing,"N/A — corporate-owned, stable",2,"Senior buyers (senior-living/LTC facility operators/executives) [pass]; performance/precision story: weak, care-management software is not a natural 'performance' narrative [fail]; category open [pass]; multi-market F1 presence weak if pitched as MatrixCare standalone (largely US/Canada) [fail] — though ResMed's global footprint (140+ countries) could support a parent-level pitch instead.","Subsidiary of a NYSE-listed parent (ResMed) — sponsorship decision-making and budget likely sit with ResMed corporate, not MatrixCare",Yes,"Segment revenue (~$180M) clears >$100M on its own; valuation passes via parent's >$30B market cap; customers (thousands of senior living/LTC facilities), capacity (parent profitable), and F1-clean status (no ResMed F1 sponsorship found in search) all pass. Flagged as a subsidiary where practical sponsorship authority likely runs through ResMed corporate.","Weaker standalone F1 story given the care-management (not performance-tech) product; if pursued, likely stronger pitched at the ResMed corporate level (sleep/respiratory performance-tech narrative) rather than MatrixCare alone."
batch,21,"Nomura Research Institute, Ltd.","Tokyo, Japan",Public (TSE:4307); Nomura Holdings is a minority affiliate shareholder (NRI remains independently listed),"IT consulting, systems integration and research services, primarily to major Japanese financial institutions and enterprises — thousands of clients","~17,000 — comfortably in the 10,000+ passing band","FY2025 (ended March 2026): ¥814.7B (~$5.5B), revenue +6.5% YoY (domestic +8.2%). Matches input's $5.5B(est).",Market cap ~$17.65B (Aug 2026) / ~¥2.72T (June 2026). Matches input's $18-20B(est) range and clears >$1B by a wide margin.,N/A — public,2,Japan-only revenue base = 0 on market breadth; major financial-institution buyers are senior/affluent decision-makers (+1); open IT-consulting category on the grid (+1); weak performance-precision story.,"Parent-controlled (soft): Nomura Holdings affiliate — checked Nomura for F1 ties: none known/found. Note: FY2025 operating profit fell 56.8% due to one-off overseas impairments, not core business deterioration — revenue still grew.",Yes,"Clears every hard filter: revenue ~$5.5B, valuation ~$17-20B, headcount well in-band, thousands of blue-chip financial/enterprise clients, no F1 exposure for NRI or Nomura Holdings. Capacity is fundamentally healthy despite a one-off profit dip from impairments.","One of Japan's largest, most prestigious IT/consulting brands serving the country's top financial institutions — strong ""trusted advisor to Japan's elite enterprises"" narrative, though almost entirely domestic in footprint."
batch,22,NS Solutions Corporation,Japan,Public (TSE:2327); Nippon Steel subsidiary,"Enterprise IT services, systems integration","~7,000 (51-10,000 band)","¥381.3B FY2026 actual (~$2.58B @¥148), +13% YoY (stockanalysis.com / quartr)",Market cap ~¥731.4B (~$4.94B) as of 2 Sept 2026 (stockanalysis.com) - comfortably >$1B,N/A - public,2,"Japan-only (fails 3+ market bar); senior enterprise/government buyers; industrial-precision story is plausible via Nippon Steel heritage though NS Solutions itself is pure IT services, not materials; enterprise-IT category is open",Parent-controlled - Nippon Steel affiliate; monitor for parent strategic influence,Yes,"Revenue $2.58B and market cap $4.94B both clear thresholds by wide margins; revenue growing +13% YoY (improving, not cost-cutting); thousands of enterprise/government clients cited by the source list - no evidence found that a majority of revenue is intercompany with Nippon Steel, though this should be confirmed with company disclosures pre-outreach; Nippon Steel has no known F1 ties.",Materials-to-motorsport bridge - Nippon Steel/NS Solutions precision-engineering and industrial-digitalization pedigree.
batch,23,PostHog,USA,"VC-backed (Y Combinator, GV, Stripe, Peak XV Partners, et al.)",Product analytics & feature flag platform for developers,51-500 (~150 est.),"$57.5M ARR (Feb 2026), up ~99% YoY from ~$28.9M (Feb 2025) - clearly passes ARR>$50M growing>50%","$1.4B post-money (Series E, October 2025) - clearly passes >$1B with a recent, well-documented date","Series E, $75M, October 2025 (Peak XV Partners), preceded by a $70M Series D in June 2025 at $920M post-money - two raises within the recency window",2,"Two 2025 raises give strong GTM capacity and a growth-momentum story; brand centers on speed/performance analytics, a workable performance-precision tie-in. Buyer persona (engineers, PMs) is not the classic affluent/senior F1 audience, and primary markets (US/UK/EU tech hubs) likely cover only ~2 F1 markets; developer tools are a relatively open grid category",,Yes,"Passes every hard filter cleanly: ARR ($57.5M, +99% YoY) exceeds the $50M/50%-growth bar; valuation ($1.4B, Oct 2025) is recent and well-documented; capacity is strong with two 2025 raises (June and October) inside the post-March-2025 window; customer base is in the thousands of dev teams; headcount (~150) sits within band; no F1 exposure identified.","Lead with PostHog's 'speed and performance' brand identity and 2025 momentum (near-doubling ARR, back-to-back raises) - an open, underused developer-tools category on the grid, framed as a modern engineering-performance story"
batch,24,Topicus.com Inc.,"Deventer, Netherlands (TSXV-listed via Canada)","Public (TSXV: TOI); ~30% economically held by Constellation Software, spun off 2021","Vertical software for European public sector, education, healthcare and payments, serving thousands of institutions","~7,000 (est) — passes 51-10,000+ band","€1,552.3M (~$1.68B), FY2025 (ended Dec 31, 2025), +20% YoY, source: Topicus.com/Constellation Software Q4-FY2025 results (Feb 2026)","CAD 7.47B (~$5.4B) market cap, Sept 16, 2026, source: stock data aggregators (down ~46% YoY amid a broader 2026 de-rating of Constellation-family 'compounder' stocks)","Public, profitable, serial-acquirer growth model; no external capital raise needed",2,"Concentrated in EU/UK public-sector markets (short of 3+ F1 markets); senior institutional buyers; public-sector software category is untaken on the grid, but the brand story (government/education/payments software) doesn't map cleanly to performance/precision/global-ambition themes.","market cap down ~46% YoY in 2026 — note as volatility, not a fundamentals problem (revenue still +20%)",Yes,"Public, profitable, growing 20% YoY, thousands of institutional customers, market cap ~$5.4B, no F1 exposure — passes all hard filters despite recent share-price volatility.","European public-sector 'critical infrastructure' software leader — global-ambition/technology-precision narrative for European GP activation (Netherlands, UK, Spa, Zandvoort-adjacent)."
batch,25,Vitec Software Group AB,Sweden,Public (Nasdaq Stockholm: VIT.B); serial acquirer of vertical software (Nordics),"Niche vertical business software (real estate, media, healthcare, leisure) to thousands of customers, mainly Nordics/Europe","~2,000 (est) — passes 51-10,000+ band","SEK 3.63B (~$345M), FY2025, +9% YoY, source: stockanalysis.com/company annual report","$1.04B market cap, Sept 18, 2026, source: stockanalysis.com","Public, profitable, steady M&A-driven growth; no external raise needed",2,Nordics/Europe-concentrated footprint (short of 3+ F1 markets); senior vertical-software buyers; multi-vertical niche roll-up story doesn't map cleanly to performance/precision; niche vertical SaaS category is untaken.,,Yes,"Public, profitable, growing, thousands of customers, no F1 exposure, and market cap just clears the $1B bar.",Nordic vertical-software compounder — modest budget fit; best used as a regional (Nordics/EU) activation partner rather than global title sponsor.
batch,26,d.velop AG,Germany,Privately/founder-controlled (not PE),Enterprise content management / digital workplace software,"~700 (est, unchanged); within 51-10,000+ band","Verified: €123.8M (2024), up from €112.1M (2023) — confirms pass on revenue (>$100M / >€100M threshold clearly met; input's €100-120M est. was accurate)","Not disclosed (private, founder-owned) — revenue-pass rule satisfied (€123.8M > $100M)",N/A - no external raise found,1,"F1 markets: Germany only (Mercedes-AMG home market) — strong single market but not 3+ (0). Buyers: enterprise/digital-workplace IT decision-makers, not classic affluent consumer (0). Precision story: ECM software is a weak narrative fit (0). Category open: digital workplace software is an open category (1).",,Yes,"Revenue verified at €123.8M (2024, growing ~10%/yr), 12,000+ organizational customers, founder-owned with no cost-cutting signals, headcount and no-F1-exposure both pass.",German-market anchor (Mercedes-AMG Petronas home country) hospitality; efficiency/precision-in-workflows narrative for enterprise IT buyers.
batch,27,Douzone Bizon,South Korea,Public (KOSDAQ:012510); founder-influenced (Kim Yong-hak family stake),"ERP, accounting & cloud business software; dominant SMB/enterprise ERP vendor in South Korea","~2,700 (51-10,000 band)","~$326-350M TTM (Sept 2026, stockanalysis.com), +20% YoY revenue growth, +28% EBITDA growth","Market cap ~$2.2B (Sept 2026, stockanalysis.com) - clears $1B comfortably, better than the input's near-threshold estimate","N/A - public, profitable",1,Korea-only (Korea does not count as an F1 market - fails 3+ market bar outright); SMB/enterprise accounting buyers are not an affluent/senior luxury-sponsorship demographic; no performance-precision story for ERP/accounting software; business-software category is not a natural open grid slot,,Yes,"Clears every hard filter with room to spare: revenue $326-350M (>$100M), valuation $2.2B (>$1B), profitable and growing (+20% revenue, +28% EBITDA), 1M+ business users so no captive-parent dependence, no F1 exposure found. Passes the hard-filter test cleanly despite a weak narrative fit for F1 sponsorship (see fit score).","Weak natural narrative for F1 - if pursued, would need an indirect angle (e.g., back-office efficiency/digital-transformation partner for the team) rather than a performance-tech story."
batch,28,NEOGOV,United States,"PE-owned - EQT + CPP Investments, having acquired NEOGOV from Warburg Pincus & Carlyle in a deal announced and completed July 28, 2025. This is a major update versus the input, which described NEOGOV as still Warburg Pincus-owned since 2021.","Government HR/talent management software to 8,000+ public sector agencies","~1,200 (est) - passes 51-10,000","~$220M (est, per input; likely higher now given the 2025 $3B valuation) - passes >$100M","$3.0B (EQT/CPP Investments acquisition of NEOGOV from Warburg Pincus & Carlyle, announced/completed July 28, 2025) - evidenced >$1B","Acquired by EQT + CPP Investments for ~$3B, closed July 2025 (~2 months old relative to today's date)",1,Single F1 market (US); govtech buyers are not affluent/senior individual decision-makers; no performance-precision narrative; category open on grid,Ownership changed only ~2 months ago (EQT/CPP) - sponsorship budget and brand priorities may not be settled post-close; verify before pitching,Yes,"Passes all hard filters: headcount, revenue, valuation evidenced at $3B (July 2025 transaction), 8,000+ customers, no F1 exposure. New ownership is very fresh, so capacity for a discretionary sponsorship this soon post-close should be verified but is not itself disqualifying.","Freshly capitalized at $3B by EQT/CPP suggests budget headroom, though the govtech buyer base doesn't naturally map to F1 hospitality/lifestyle marketing."
batch,29,"Obic Business Consultants Co., Ltd.","Tokyo, Japan","Public (TSE:4733); OBIC group affiliate (a separate listed entity from OBIC Co., Ltd.)",SMB accounting/ERP/payroll software — hundreds of thousands of SMB users,"~1,400 (est) — within 51-10,000 band","FY2026 revenue ¥51.4B (+9.4%), implying FY2025 ~¥47B (~$318M). Roughly in line with input's $300M(est); passes >$100M easily.","Market cap ¥443.69B (~$3.0B), matching input's $3-4B(est) range and clearing >$1B comfortably.",N/A — public,1,"Japan-only SMB software = 0 on market breadth; SMB owner buyers, not affluent/senior; no performance-precision story; open category = +1.",,Yes,"Clears every hard filter: revenue ~$318M, valuation ~$3.0B, headcount in-band, hundreds of thousands of SMB customers, steadily growing/profitable (public), no F1 exposure found for Obic or the wider OBIC group.","Steady, profitable SMB ERP/accounting software leader with a massive installed base — a reliable, low-risk ""blue-chip Japanese software"" prospect."
batch,30,Otsuka Corporation,"Tokyo, Japan",Public (TSE:4768) — distinct from the unrelated pharmaceutical company Otsuka Holdings (TSE:4578); confirmed as a separate entity in search results,"SMB IT solutions/services and IT distribution — 100,000+ SMB clients","~8,000 — comfortably in the 51-10,000 band","FY2025 (ended Dec 2025): consolidated net sales ¥1.323 trillion (~$8.94B), +19.4% YoY; operating profit ¥89.9B (+21.0%). Significantly HIGHER than input's $3.5B(est) — verified via multiple TDnet/company filings.",Market cap ~$6.91B (June 2026) — well above input's $2.5-3B(est) and clears >$1B by a wide margin.,N/A — public,1,"Japan-only SMB IT distribution = 0 on market breadth; SMB-owner buyers, not especially affluent/senior; no performance-precision story; open category = +1.",,Yes,"Clears every hard filter with significant headroom: revenue nearly $9B (double the input estimate), valuation ~$6.9B, headcount well in-band, 100,000+ customers, strong double-digit growth (profitable, improving — clean capacity read), no F1 exposure found.","Much larger and faster-growing than initially estimated (~19% revenue growth to ~$9B) — a strong, financially robust IT-distribution prospect with broad SMB reach across Japan."
batch,31,Owner.com,USA,"VC-backed (Meritech Capital, Headline - Series C, May 2025)",Website/marketing/ordering platform for independent restaurants,51-500 (~200 est.),"$81M ARR (2025), up from $34M (2024) - ~138% YoY growth, clearly passes ARR>$50M growing>50%","$1B (Series C, May 2025, $120M round co-led by Meritech Capital and Headline) - clearly passes >$1B with a recent, well-documented date (confirmed by Bloomberg, Restaurant Business, Pulse2)","Series C, $120M, May 2025 - squarely within the post-March-2025 recency window, strong capacity signal",1,"Independent/small restaurant owners are an SMB operator buyer persona, not affluent/senior consumers typical of F1 sponsorship; primarily a single US market play; limited performance-tech-precision narrative; restaurant tech is not a contested grid category but hospitality tie-ins are the main resonance point",,Yes,"Passes every hard filter cleanly: ARR ($81M, +138% YoY) exceeds the $50M/50%-growth bar; valuation ($1B, May 2025) is recent, specific, and confirmed by multiple outlets; capacity is strong (fresh $120M raise in May 2025); customer base exceeds 10,000 restaurants; headcount (~200) sits within band; no F1 exposure identified.","Momentum story (ARR more than doubled in a year, fresh $1B mark) is strong, but fit narrative needs work - best angle is a hospitality/paddock-catering tie-in (independent restaurant/chef partnerships) rather than a classic performance-tech pitch, given the SMB restaurant-owner buyer base"
batch,32,Pushpay Holdings Limited,New Zealand/USA,"PE-owned (Sixth Street Partners & BGH Capital, take-private completed May 2023 - ~3.3 yrs under PE as of Sept 2026)",Donor/church management and payments SaaS,~700,~US$150M (est.) - company no longer discloses detailed financials post take-private,~US$1.3B / NZD$1.3B at 2023 take-private (enterprise value cited as ~$933M-1.3B); no newer figure disclosed,"Take-private completed May 2023; no new capital event found since, but company reports continued growth (>$1B processed in Dec 2025 alone, group participation +22% YoY) and a new CEO (Kenny Wyatt) since April 2025",1,"NZ/US HQ - neither is a target F1 market, so market fit is weak; buyers are church/nonprofit leaders, not affluent/glamour consumer; faith-vertical SaaS has no natural performance-precision story; category is open but low-relevance to an F1 audience.","PE-owned ~3.3 years, approaching the 4+ yr flag threshold",Yes,"Revenue and valuation both estimated above the $100M/$1B thresholds, 14,000+ church/nonprofit customers comfortably clears 'thousands,' headcount in range, no F1 exposure, and continued volume growth under PE suggests no distress despite ~3.3 years of PE ownership.",Weak strategic fit for F1 given the faith/nonprofit vertical and a market footprint outside ANZ/LATAM/India; lower priority even though it clears the hard filters.
batch,33,"Rakus Co., Ltd.","Tokyo, Japan",Public (TSE:3923),"Cloud back-office SaaS (invoice management, expense, email) for Japanese SMEs","~1,300 (est) — within 51-10,000 band","TTM revenue ~¥51.8B (~$349M) as of Q2 FY2025 filing (FY2024 full-year ¥48.9B, +27.3%). Source: gurufocus/tipranks. Higher than input's $220M(est).",Market cap ~¥375-446B (~$1.9-2.0B) across late-2025/early-2026 sources; ~$1.92B reported Feb 2026. Passes >$1B comfortably.,N/A — public,1,"Japan-only SME SaaS = 0 on market breadth; SMB buyers, not affluent/senior; no performance-precision story; open software category = +1.",,Yes,"Clears every hard filter: revenue ~$349M, valuation ~$1.9-2.0B, headcount in-band, 100,000+ business accounts, profitable/growing (public), no F1 exposure found for Rakus or any affiliate.","Profitable, growing (~27% revenue growth) SME SaaS leader with a very large (100,000+) customer base — a volume/reach story for a Japan-activation package tied to Suzuka."
batch,34,"SmartHR, Inc.","Tokyo, Japan","VC/growth-equity backed: KKR, Sequoia Capital, and (as of Nov 2025) General Atlantic, which bought its stake from Coral Capital. Private company; IPO reportedly pushed to 2027 or later.","Cloud HR/payroll SaaS platform to 60,000+ Japanese companies","~900 (est) — within 51-10,000 band","ARR reported at ~$100M as of Feb 2024 (up from ~$80M FY2023, ~25% growth); another data point shows $53.6M in 2024 revenue (~15.5% growth from $46.4M in 2023) — sources conflict on exact figure/definition, but ARR is confirmed at ~$100M+ scale. NOTE: growth rate found (~15-25%) does NOT meet the >50% growth bar; however, ARR/revenue clears the >$100M absolute threshold on its own, which independently satisfies the hard filter.","Last confirmed price: $1.6B (2021 Series D). Nov 2025 press (Bloomberg/Japan Times) still describes SmartHR as a ""unicorn"" (>$1B), though the Nov 2025 General Atlantic deal was a minority secondary/primary investment with no new valuation publicly disclosed. Treated as passing >$1B on reaffirmed unicorn status.","US$96M (¥14.6B) strategic minority investment from General Atlantic, announced Nov 17, 2025, acquiring its stake from Coral Capital — confirmed.",1,"Japan-only HR/labor-law-specific SaaS = 0 on market breadth; HR/payroll buyers, not especially affluent/senior; no performance-precision story; open HR-tech category on the grid = +1.",,Yes,"Passes on the absolute-ARR branch of the revenue filter (~$100M+), valuation clears >$1B via reaffirmed unicorn status, headcount in-band, 60,000+ customers, no F1 exposure, and capacity is strong (well-capitalized, growth-stage, IPO delayed rather than distressed). Flagging that ARR growth is NOT >50% as sometimes assumed — the pass rests on absolute scale, not growth rate.","Japan's leading HR-tech unicorn with fresh institutional capital (General Atlantic, Nov 2025) and a very large (60,000+) customer base — strong growth-story and PE-network angle (KKR is already a shareholder)."
batch,35,TechnologyOne,Australia,Public (ASX:TNE),"SaaS ERP for government, education, health & utilities, mainly ANZ/UK","~1,900 (in 51-10,000 range)","AUD 610M / ~US$400M, FY2025, up 18% YoY (company FY25 results; ARR $554.6M, hit $500M ARR milestone 18mo early)",Market cap ~AUD 6.72B / ~US$4.4B as of 17 Sep 2026 (stockanalysis.com),"N/A - public, profitable; ARR growing 18%/yr, targeting $1B+ ARR by FY30",1,"Only 1 of 3 target F1 markets (Australia; no Brazil/Mexico footprint); buyers are government/institutional IT leaders, not affluent/consumer; weak performance-precision story for back-office ERP SaaS; enterprise-software sponsor category is relatively open.",,Yes,"Clears all hard filters: public/profitable, ARR growing double digits, revenue and market cap far above the $100M/$1B lines, 1,300+ government/education/utility customers, headcount in range, no F1 exposure.",Home-grown Australian enterprise SaaS champion; Melbourne GP hometown tie-in and a reliability/precision-of-public-services narrative.
batch,36,Zucchetti Group,Italy,Family-owned (Zucchetti family); no PE,"HR/payroll, ERP, POS & vertical business software to ~100,000 SMB/enterprise customers, mainly Italy/Europe","~9,000 group-wide (verified, up from ~5,500 est — press reports 'over 9,000 employees, 2,000 in R&D'); within 51-10,000+ band","Verified materially higher than input est.: CEO stated 'close to €2B' (Jul 2024); trade press cites >€2B for 2023, €1.8B for 2024, €2.1B projected 2025. Far exceeds $100M threshold (input's €700M est. was a significant undercount, likely conflating a subsidiary's figure).","Family-owned, none published — but revenue-pass rule easily satisfied given verified ~€1.8-2.1B revenue (well above $100M bar)","N/A - family-owned, no external raise",1,"F1 markets: mostly Italy-concentrated, not 3+ markets (0). Buyers: SMB/HR/finance managers, not classic affluent (0). Precision/performance story: payroll/HR/ERP software is a weak narrative fit (0). Category open: enterprise business software is an open grid category (1).",,Yes,"Revenue verified far above $100M threshold (~€2B group), thousands+ (100k) customers, healthy family-owned growth (acquisitions, hiring), no F1 exposure, headcount fits band.",Italian heritage/Ferrari-Monza home-market narrative; family business success story for B2B hospitality with Italian SMB/enterprise client base.
batch,37,Rategain Travel Technologies Limited,India (Noida),Public (NSE:RATEGAIN),Travel/hospitality distribution & revenue-management SaaS,"~1,500","FY2025 ~₹1,077cr / ~US$128-130M; strong continued growth into FY2026",Market cap ~US$1.09B as of 11 Sep 2026 - just above the $1B threshold,"N/A - public, growing strongly",0,"India-only HQ - not a target F1 market and no ANZ/Brazil/Mexico footprint found; buyers are hotel/OTA revenue managers, not affluent/consumer; travel-tech has only a loose performance-precision narrative; category is open but audience relevance to F1 is limited from an India-only base.",,Yes,"Revenue clears $100M, valuation is (narrowly) above $1B, headcount in range, 3,200+ hospitality/travel customers clears 'thousands,' public/profitable and growing, and no F1 exposure. Note the ~$1.09B valuation is close to the line and could dip below $1B with normal share-price movement.",Lower strategic priority given no F1-market footprint (India-only) despite clean financials; would need an ANZ/LATAM market-entry narrative to justify an F1 tie-in.
batch,38,Evolution AB,"Stockholm, Sweden",Public (Nasdaq Stockholm: EVO),Live casino & RNG gaming software (B2B) to hundreds of online casino operators worldwide,"~20,000+ (large due to live-dealer studio staffing) — passes 51-10,000+ band (10k+ allowed)","€2.07B, FY2025, +0.17% YoY, source: company results (North America/LatAm hit record revenue, offset by European regulatory headwinds)","~SEK 173B (~$17-18B) market cap, Sept 2026, source: stock data aggregators","Public, highly profitable (best-in-class margins); no external raise needed",4,Global live-casino footprint (US/LatAm/EU/APAC); senior operator buyers; real-time studio-technology story maps to performance/technology; iGaming B2B software category is untaken on the grid (plus gambling brand-safety flag).,gambling — team brand-safety review; FY2025 revenue growth stalled to ~0% YoY (vs historical 20-30%+) amid EU regulatory headwinds,Stretch,"Still hugely profitable and no F1 exposure found, but growth has essentially flatlined in FY2025 — borderline on the 'clearly improving' capacity test — and customers are only 'hundreds' of operators.","Real-time, high-fidelity live-technology story (thousands of concurrent global broadcast feeds) — but pursue only after confirming no F1-adjacent sports-betting sponsorship conflicts and clearing brand-safety review."
batch,39,Iress Limited,Australia,Public (ASX),"Financial services software (wealth management, trading platforms, mortgage software) to thousands of banks/brokers/advisers across ANZ/UK/Asia","~2,200; within band",~AUD 570M/~$375M (2024) — passes $100M threshold comfortably,"VERIFIED, REVISED DOWN from input: market cap confirmed at A$1,182.4M as of Aug 2026, which converts to roughly $768M USD at current AUD/USD rates (~0.65) — BELOW the $1B threshold, contradicting input's ~$1.25B estimate (which appears to have used a stale/incorrect FX conversion)","Public, profitable, improving after 2023-24 turnaround — no cost-cutting distress found; company is on an upswing",4,"F1 markets: genuinely spans 3+ markets — Australia (home of the Melbourne/Albert Park Australian GP), UK, and Asia (1). Buyers: wealth managers, advisers, and bank executives are an affluent, senior financial-services buyer base (1). Precision story: real-time trading platforms and market data systems offer a credible performance/precision-engineering parallel to F1 telemetry (1). Category open: financial services software sponsor category is open (1).",Valuation verified below $1B threshold (~$768M) once correctly converted from AUD — input's $1.25B est. appears to have used a stale/incorrect FX rate,Stretch,"Single borderline/failing criterion: verified market cap ~$768M USD falls short of the $1B threshold (a currency-conversion correction from input's overstated $1.25B estimate), while revenue, thousands of customers, headcount, capacity/turnaround story and F1-exposure (none found) all pass strongly.",Melbourne/Albert Park Australian GP as a genuine home-market activation anchor (rare true home-race alignment on this list); wealth-management/trading-platform precision-data narrative; UK + Asia footprint enables multi-market extension.
batch,40,Lumine Group Inc.,"Toronto, Canada",Public (TSXV: LMN); spun off from Constellation Software 2024,OSS/BSS and vertical software for telecom & media operators globally,"~3,500 (est) — passes 51-10,000+ band","$765.7M, FY2025, +14.6% YoY, source: stockanalysis.com (company financial filings)","~CAD 5.3-6.3B (~$3.9-4.6B) market cap, mid/late-2026, source: stock data aggregators","Public, profitable, serial-acquirer growth model; no external capital raise needed",4,Global telecom/media software footprint (US/EU/APAC); senior telecom-operator buyers; 'runs global communications networks' story maps well to technology/global-ambition; telecom OSS/BSS software category is untaken on the grid.,,Stretch,"All financial hard filters clear (revenue, valuation, profitability, no F1 exposure), but customer base is only 'hundreds' of telecom/media operators globally — borderline against the 'thousands of customers' bar.",Global telecom-infrastructure software backbone — 'connecting the world' story pairs with F1's global broadcast/connectivity footprint.
batch,41,Persona,USA,VC-backed,Identity verification / KYC-KYB-AML / fraud-prevention software,~400 est. (201-500),"$141.2M ARR (2024, up from $98.8M in 2023); company states both customers and revenue roughly doubled into 2025 -- clears >$100M revenue with ~100% YoY growth","$2B post-money, Series D, 30 Apr 2025 (PRNewswire, SiliconANGLE, Biometric Update) -- confirmed and recent","Series D $200M closed 30 Apr 2025, led by Founders Fund and Ribbit Capital w/ BOND, Coatue, First Round, Index",4,Markets: verification across 200+ countries/territories = 1. Buyers: enterprise trust & safety / compliance leaders = 1. Performance-tech: strong precision/fraud-detection-at-scale narrative = 1. Category open (identity verification unsponsored on grid) = 1.,,Stretch,"Revenue, growth, valuation and capacity all pass comfortably, but Persona is an enterprise/mid-market identity-infra vendor, not a classic thousands-of-SMB-customers business -- one source puts its named customer count at only ~575 (Etsy, LinkedIn, Lyft, Square, Reddit-scale accounts), missing the 'thousands of customers' SMB criterion.","Category-defining trust/identity infrastructure for fintech, marketplaces and now agentic AI -- a precision/fraud-prevention-at-speed story; note the buyer base is large enterprises rather than SMBs, which affects the SMB-sponsorship narrative fit."
batch,42,Qt Group Plc (The Qt Company),"Espoo, Finland",Public (Nasdaq Helsinki: QTCOM),Cross-platform application development framework/tools to 1.5M+ developers and thousands of commercial licensees,"~700 — passes 51-10,000+ band","€216.3M, FY2025, +3.45% YoY, source: company interim/FY results","~€891.7M-$1.03B market cap, Sept 2026, source: stock data aggregators (figures straddle the $1B line)","Public, profitable; no external raise needed",4,Global embedded-software footprint (automotive/medical/industrial across US/EU/Japan); senior CTO/engineering buyers; precision embedded-systems story is a strong performance/precision fit; developer-tools/framework category is untaken on the grid.,,Stretch,"Revenue, customers, capacity and F1-clean all pass, but market cap sits right at the $1B line (reported between ~€892M and ~$1.03B depending on source/date) — unverifiable with confidence above the bar.","Embedded/precision-software framework already used in automotive dashboards and industrial control systems — strong 'precision engineering' story, but confirm current valuation before committing a global-tier ask."
batch,43,SimCorp A/S,Denmark,Wholly owned subsidiary of Deutsche Börse Group (acquired 2023 for €3.9B) — parent-controlled,Front-to-back investment management software to major institutional clients managing $27T+ AUM,"~3,000; within band",~€620M/~$670M (2024) — passes $100M threshold comfortably,€3.9B/~$4.2B (2023 Deutsche Börse acquisition price) — passes >$1B threshold clearly,"Corporate-owned (Deutsche Börse); recent news confirms continued platform investment (e.g. 'SimCorp Alternatives' launch, 2025, managing >€6T in alternative-investment AUM) — parent is public, profitable, growing (no cost-cutting signals)",4,"F1 markets: client base spans institutional asset managers globally (multi-market via customers, even if Denmark itself has no home race) (1). Buyers: C-suite/CIO/CFO at large asset managers — a genuinely affluent, senior B2B buyer segment (1). Precision story: front-to-back investment-management precision/performance software maps well to F1 performance-engineering narrative (1). Category open: fintech/investment-management software is a distinctive, open sponsor category (1).",Parent-controlled (Deutsche Börse) — no independent capacity decisions; No Deutsche Börse F1 sponsorship found (parent F1-clean),Stretch,"Single borderline criterion: input itself flags customer concentration at ~180 major institutional clients, which does not meet the 'thousands of customers' hard filter, even though revenue, valuation, headcount, capacity and F1-exposure (parent Deutsche Börse checked clean) all pass strongly.","Ultra-premium B2B hospitality targeting C-suite at ~180 institutional asset managers who collectively manage $27T+ AUM — a small, extremely high-value audience ideal for exclusive paddock-club style activation; 'precision investment management' parallels F1 performance engineering."
batch,44,Addnode Group AB,Sweden,Public (Nasdaq Stockholm: ANOD.B),"Engineering/design/PLM and content management software to thousands of customers across Nordics, Europe, UK","~2,800 (est) — passes 51-10,000+ band","SEK 5.8B (~$550M), FY2025, source: Addnode Group Annual Report 2025 (10 acquisitions completed in the year)","~SEK 9.0-9.3B (~$850-950M) market cap, Sept 2026, source: multiple stock data aggregators — down sharply from SEK 13.1B (~$1.2B) in Jan 2026","Public, profitable; no external raise needed",3,EU/UK footprint (short of 3+ distinct F1 markets); senior engineering/PLM buyers; engineering-design software story maps well to precision/technology; PLM/CAD software category is untaken on the grid.,valuation borderline/likely below $1B threshold as of Sept 2026 (down ~30% YTD from SEK 13.1B),Stretch,"Revenue, customers and capacity all pass, but current market cap (~$850-950M) sits at or just below the $1B valuation bar and has fallen sharply in 2026.","Engineering/PLM precision-design software — strong thematic fit (CAD/engineering underpins race-car design) but sized for a regional EU sponsorship, not a global one."
batch,45,Aras Corporation,United States,"Private, founder-owned (Peter Schroer); minority growth investment from Silver Lake Waterman (2018, ~8 years ago) - not majority PE-controlled","Enterprise PLM software (low-code platform) to 1,000+ manufacturers incl. Airbus, GM, Mitsubishi","~500-645 (est, multiple sources) - passes 51-10,000","Conflicting: SaaS-tracking sites (Latka/Growjo) estimate only $17-21M ARR (2024-25), while other estimates put total company revenue at $120-150M (est) - a large, unresolved discrepancy given the company's scale (600 employees, blue-chip customers). Cannot confirm >$100M with confidence.","No evidenced $1B+ transaction. Goldman Sachs reportedly valued a <20% stake at ~$70M (per Engineering.com), implying total enterprise value roughly $350-400M - well below the $1B threshold.","Silver Lake Waterman minority investment, 2018; no raise since March 2025 found",3,"Customer base (Airbus, GM, Mitsubishi) spans 3+ F1 markets (US, EU aerospace supply chain, Japan); buyers are senior engineering/manufacturing executives; STRONG performance-precision-engineering narrative (PLM = product lifecycle precision, directly analogous to F1 engineering); PLM/manufacturing-tech category open on grid",Revenue figures conflict wildly across sources - verify directly before using in any pitch; No evidenced $1B+ valuation despite a blue-chip customer roster,Stretch,"Revenue and valuation both fail the hard-filter evidence bar (revenue estimates are hazy/conflicting and possibly under $100M per some sources; no $1B+ valuation evidence - Goldman Sachs-implied value is closer to $350-400M). Headcount, customer base, capacity and no-F1-exposure otherwise pass cleanly.","Best qualitative F1 story in the batch - PLM software for precision manufacturers (Airbus, GM, Mitsubishi) is a natural 'engineering excellence' narrative - but financial scale doesn't clear the bar; needs direct financial verification before pursuing."
batch,46,Datavant,United States,"VC-backed (multiple rounds); 2021 Ciox Health merger valued the combined entity at ~$7B; continues active M&A (e.g., DigitalOwl deal, Oct 2025)",Health data interoperability & tokenization/linking software,"~800 (51-10,000 band)","Growing fast, est. >$300M post-Ciox merger (input); not independently reconfirmed",~$7B implied from the 2021 Ciox Health merger and widely reported subsequent rounds; a specific 2025 valuation figure could not be confirmed via search,"No raise since ~March 2025 could be confirmed in search — most recent identifiable activity is the Oct 2025 DigitalOwl acquisition (buy-side, not a primary funding round)",3,Senior buyers (health system/data-privacy executives) [pass]; performance/precision story (data security/matching precision) [pass]; category open [pass]; multi-market F1 presence weak — largely US-centric [fail].,Could not confirm a primary funding raise since March 2025 as the verification brief specifically requested — capacity is inferred from continued M&A activity rather than a confirmed raise,Stretch,"Revenue, implied ~$7B valuation, thousands of customers, and no F1 exposure all support a Yes, but the specific capacity check requested (a raise since ~March 2025) could not be verified in search — flagged as the borderline criterion pending direct confirmation.","Health-data security and matching precision at massive scale — a trust/precision narrative, pending confirmation of recent funding recency."
batch,47,Handshake,USA,VC-backed,"Early-career recruiting/talent platform, now pivoting into AI-training-data services (Handshake AI)","~1,000 est. (1,001-5,000)","2026 revenue ~$300M ARR (up from $172M in 2024); total gross ARR incl. AI training ~$1.15B per one source (Dealroom) -- core recruiting alone was ~$190M (2024), so growth is now driven almost entirely by the new AI-training business (launched Jan 2025)","$3.5B, but this is the 2022 Series F figure carried forward with no update despite the AI pivot (Getlatka, Sacra, PitchBook)",No confirmed equity raise since $200M Series F in Jan 2022 -- capacity for a new major sponsorship commitment is unconfirmed despite the AI-training business scaling to near $1B gross ARR,3,Markets: mostly US colleges/employers = 0. Buyers: university career centers and employers = 1. Performance-tech: AI-training/precision-labeling infrastructure narrative = 1. Category open = 1.,,Stretch,"Revenue scale and growth (driven by the new AI business) and customer base (thousands of employers, 1,500+ universities) pass; capacity is the borderline criterion -- no confirmed capital raise since 2022 despite a major 2025 business-model pivot, and the carried-forward $3.5B valuation is stale.",Reinventing itself as the infrastructure for both early-career talent and AI-training data -- 'launching the next generation of performance talent' angle; confirm current funding/cash position given the 4-year gap since its last raise.
batch,48,Homelight,USA,VC-backed,Real estate agent-matching platform plus valuation/closing and AI escrow tools (EVA),"~600 est. (501-1,000)",Not disclosed in any source found; input estimate is qualitative ('growing') only,"$1.7B, unchanged since 2022 (PitchBook, Startup Intros) -- above $1B but stale for 4 years amid a broader real-estate-tech downturn","$40M venture debt from BlackRock, Apr 2026 -- recent, but debt (likely earmarked for its lending/cash-offer arm) rather than growth equity for marketing/GTM spend; last equity round was $115M in 2022, followed almost immediately by a 19% workforce layoff",3,Markets: US-only real estate = 0. Buyers: real estate agents/consumers = 1. Performance-tech: AI escrow agent (EVA) gives a modest tech-precision angle = 1. Category open = 1.,,Stretch,"Valuation clears $1B nominally but is stale (2022) and unverified against current conditions; revenue is entirely undisclosed; the one recent capital event (Apr 2026) is venture debt, not growth equity, and the company has a 2022 layoff history -- capacity for discretionary sponsorship spend is genuinely unclear despite thousands of agent-partner customers.","AI-powered real estate closing (EVA) gives a forward-looking tech narrative, but financial health and true GTM capacity need direct verification before pursuing -- history of 2022 layoffs and a stale valuation are yellow flags."
batch,49,Hyundai AutoEver Corp.,South Korea,Public (KRX:307950); Hyundai Motor Group affiliate,"Automotive IT/software, enterprise systems, mobility software","~4,000 (51-10,000 band)","TTM ~₩4.35T (~$3.15B @₩1380), +14.14% YoY (2026 data, stockanalysis.com)",Market cap ranged ~₩13.4T-24.6T (~$9.7B-$17.8B) across 2026 datapoints (stockanalysis.com/TradingView) - well above $1B either way,N/A - public,3,"Korea-HQ'd; Hyundai Motor Group is a global automaker but AutoEver's own direct 3+ F1-market presence is unconfirmed (treat as a fail on a strict reading); senior automotive/enterprise B2B buyers; strong performance-precision story (automotive software, EV/autonomous systems); automotive-tech is a relatively open F1 sponsor category",Parent-controlled - Hyundai Motor Group affiliate; Captive-revenue - customer base described as 'Hyundai/Kia group plus external enterprise clients',Stretch,"Revenue ($3.15B) and valuation ($9.7B+) clear thresholds by a wide margin, and the business is growing (+14% YoY), not cost-cutting. The blocker is the captive-customer criterion: AutoEver's revenue base is described as Hyundai/Kia group plus external clients, matching the brief's explicit callout that Hyundai AutoEver likely fails the 'not dependent on few customers' rule via intra-group revenue, even though the exact captive-revenue % could not be pinned down within budget. F1 exposure check: confirmed Hyundai Motor Group discussed a possible F1 entry in 2025/2026 (rumors, cryptic social posts) but its motorsport boss (Cyril Abiteboul) explicitly denied any F1 plans and confirmed the group remains focused on WRC and endurance racing as of Sept 2026 - no current F1 conflict, but worth monitoring given the rumor activity.","Automotive-software precision/reliability story (if captive-revenue concern is accepted or resolved) - in-car software, autonomous systems, EV platforms mirror F1 performance engineering."
batch,50,Intellect Design Arena Ltd.,India,Public (NSE/BSE); spun off from Polaris Consulting & Services (2014),"Banking & insurance fintech software (core banking, trade finance, treasury, digital lending) to 300+ banks/FIs in 57 countries","~5,000; within band","~₹2,000 crore/~$240M (FY2024) — passes $100M threshold comfortably","VERIFIED, REVISED DOWN from input: market cap confirmed at ₹9,600-10,400 crore (~$1.1-1.25B) as of Aug 2026, versus input's ~₹18,000cr/$2.2B estimate — still clears the $1B threshold but with less margin than the input suggested (stock appears to have declined substantially from the level implied by the input estimate)","Public, profitable — no distress signals found",3,"F1 markets: India (large, growing F1 fan base) plus operations across 57 countries including UK/Europe gives multi-market credit (1). Buyers: bank C-suite/CIOs/CTOs at 300+ financial institutions — affluent, senior buyers (1). Precision story: banking/fintech software is a weak direct tie to performance-precision narrative (0). Category open: banking/fintech software sponsor category is relatively open (1).",Valuation verified materially lower than input estimate (~$1.1-1.25B vs. input's $2.2B) — closer to the $1B threshold than previously thought,Stretch,"Single borderline criterion: customer base is 300+ banks/FIs (input itself flags 'borderline - note concentration'), not thousands, failing the customer-scale hard filter, while revenue, valuation (now confirmed >$1B but with less margin), headcount and F1-exposure all pass.",India F1 fan-base growth story plus 57-country footprint (India + Europe/UK overlap) for multi-market activation targeting bank C-suite decision-makers.
bench,1,Reply S.p.A.,"Turin, Italy",Public (Milan: REY); family-controlled (Tamburi family/founders ~50%+),"Digital transformation consulting, enterprise software (AI, cloud, CRM) to large enterprise clients","~20,000 — passes 51-10,000+ band (10k+ allowed)","€2.33B TTM, source: company quarterly results (Q1 2026: €645M vs €607.5M prior year)","~€4.41B (~$4.77B) market cap, 2026, source: stock data aggregators","Public, profitable, growing; no external raise needed",3,EU/UK/US footprint; senior enterprise buyers; AI/cloud digital-transformation story maps loosely to technology; but the IT-services/consulting category likely overlaps with Cognizant/Globant already represented on the F1 grid.,,Stretch,"Financials and F1-clean status pass comfortably, but (a) customer base is only 'hundreds' of large enterprise clients and (b) its IT-services/consulting positioning risks category overlap with existing grid sponsors Cognizant/Globant.","AI/cloud digital-transformation specialist — differentiate hard from Cognizant/Globant's IT-services positioning (e.g., lead with proprietary AI/data products, not general consulting) if pursued."
bench,2,Senior Sistemas,Brazil (Blumenau),"Family-founded, private (no PE/VC)","HR/payroll, WMS/logistics and ERP software for the Brazilian mid-market","~2,000 (est.)","R$1.17B (2025), +20% YoY / ~US$217M at R$5.4/$ - clears the $100M threshold","Not disclosed (private); a rough 3-6x revenue multiple implies a plausible ~US$650M-1.3B+ range, but this is unconfirmed publicly","N/A - self-funded from profit; actively acquiring (32nd M&A deal announced late 2025, R$162.5M for Cigam), 80% recurring revenue, 21% net margin, EBITDA +22.5%",3,"Brazil HQ is a genuine F1 market (São Paulo GP); mid-market Brazilian business buyers (owners/HR/finance leaders) are reasonably senior for a B2B pitch; steady, profitable, high-growth enterprise-software story gives decent performance framing; enterprise software/HR-tech is an open sponsor category in Brazil.",,Stretch,"Revenue, capacity (strong organic growth plus an active M&A rollup), customer scale (~20,000 est.) and no F1 exposure all pass comfortably, and headcount is in range. The one unresolved point is valuation - as a private company Senior does not disclose a market value, so the >$1B hard filter cannot be directly confirmed (the plausible estimated range straddles $1B).","Best LATAM candidate in the set - Brazilian, profitable, growing software leader with a São Paulo GP hometown tie-in; worth a direct approach to gauge willingness to disclose financials/valuation."
bench,3,Sunday,France,"VC-backed (DST Global Partners and others - Series B, Nov 2025)",Contactless restaurant payment/checkout software,51-500 (~300 est.),"Not independently confirmed; company reports >$4B in annual payment volume processed (GMV, not revenue) - actual revenue/take-rate figure unconfirmed this session","Input's '~$1B (2022 round)' could not be re-confirmed this session (search budget exhausted before verification). The Nov 2025 Series B was only $21M - a notably small raise for a purportedly $1B+ company, raising doubt the valuation still holds","Series B, $21M, November 2025 (DST Global Partners) - satisfies raise-since-March-2025 recency, though the small size is a caution flag relative to $1B-scale sponsorship capacity",3,"France HQ is a strong F1 market (French GP/Alpine); restaurant/hospitality vertical offers natural paddock-hospitality and lifestyle tie-ins; used across affluent dining venues (including Michelin-starred restaurants), giving genuine affluent-buyer resonance; category is open on the grid. Performance/precision narrative is comparatively weak","valuation currency unconfirmed - best evidence is a 3-4 year old 2022 estimate; Nov 2025 raise size ($21M) is small relative to a claimed $1B+ valuation, suggesting a modest top-up or an unreported valuation reset",Stretch,"Customer scale (thousands of restaurant locations, 80M diners) and a genuine 2025 capital raise both support the case, and the France HQ adds real F1-market relevance. However, current valuation >$1B could not be independently reconfirmed and the small size of the latest raise relative to the claimed valuation is a real caution sign; revenue was not confirmed directly (only GMV found).","If pursued, first confirm current valuation and true revenue (not GMV) directly with the company; the France HQ / Michelin-restaurant customer base gives a strong affluent-hospitality angle for a French GP or Alpine-adjacent partnership"
bench,4,Surescripts LLC,United States,"Consortium-owned by pharmacy trade groups (NACDS/NCPDP lineage) and PBMs (CVS Caremark, Express Scripts), with TPG Capital taking a MAJORITY stake in October 2024 (this is a material update vs. the input's 'consortium-owned' framing — TPG is now controlling shareholder; NCPA/NACDS/Express Scripts/CVS Caremark retain minority equity).",E-prescribing and health information network software connecting ~99% of US pharmacies and 1M+ providers,"~1,000 (51-10,000 band)",~$500M est. (not independently confirmed in search; company does not disclose),"Not published. TPG's Oct 2024 majority-stake deal size undisclosed. Implied high value given near-universal US network position (98.3% of pharmacies, 2.32M healthcare professionals, 1.39M prescribers, 30.5B network transactions in 2025), but no hard number available.","TPG Capital majority investment, October 2024 (~1 yr under new PE control)",3,"Senior/enterprise buyers (PBM/health-system execs) [pass]; performance/reliability story (99.998% uptime, near-universal network) [pass]; category open on grid [pass]; multi-market F1 presence weak — US-domestic network [fail].",Governance: multi-stakeholder ownership (competing PBMs/pharmacy chains + PE) creates potential channel-conflict and slower/committee-style sponsorship decision-making; Valuation not published — judgment call based on network scale + TPG's typical deal size,Stretch,"Revenue, customer scale (near-universal US network, thousands+ of connected entities), capacity (newly PE-backed, stable operations) and F1-clean status all pass, but valuation is genuinely unpublished/unconfirmed and the consortium+PE governance structure (competing pharmacy/PBM owners) is a real risk to sponsorship decision speed and category exclusivity — the borderline criterion is valuation confirmation plus governance complexity.","The health intelligence backbone behind virtually every US prescription — a reliability/precision-at-massive-scale story, though sponsorship approval would need buy-in across a multi-owner cap table."
bench,5,Valsoft Corporation,"Montreal, Canada","Private, founder-controlled (Marc Miller); minority growth-equity investors Coatue, Viking Global, Portage Capital Solutions, PROPELR Growth, Power Corp of Canada","150+ acquired vertical-market software businesses across 20+ industries, serving thousands of niche B2B customers globally","~5,600 employees (Revelio Labs, 2025) — passes 51-10,000+ band","$750M-$1B (est), FY2025, source: company statements/Deloitte Fast 50 (one third-party estimate, Owler, puts it as high as $1.5B — unverified, no audited figures public)","Private, none published; implied >$1B given revenue scale and two growth-equity rounds ($170M Jan-2024, $150M~Dec-2024) (flagged: unpublished)","$150M growth equity led by Portage Capital Solutions w/ PROPELR Growth + Viking Global (~Dec 2024, for M&A/portfolio expansion) — predates the ~Mar-2025 window; company is profitable/scaling, not pre-revenue",3,Global vertical-software footprint (US/EU/Canada) with senior B2B decision-maker buyers; roll-up category untaken on the F1 grid; 'disciplined global consolidation' brand story only loosely maps to performance/precision themes.,valuation unpublished (private); most recent raise predates Mar-2025 window,Stretch,"Revenue/customers/capacity strong, but valuation is unpublished/implied only and the latest raise (Dec 2024) predates the Mar-2025 GTM-raise window.",Position as a Constellation-style global software consolidator scaling toward IPO-grade visibility — F1 as a credibility/brand-elevation platform ahead of any future listing.
bench,6,Boulevard,USA,VC-backed,"Booking, payments & client-experience software for salons, spas and medspas",~350 est. (201-500),"Exact ARR undisclosed; company states 500%+ revenue growth since 2022 round, $5B in payments processed annually across 5,000+ locations (Crunchbase News, Bonfire VC)","~$800M post-money, Series D, 17 Jul 2025 (Crunchbase News, GlobalCosmeticsNews) -- below the $1B hard threshold","Series D $80M closed Jul 2025, led by JMI Equity w/ Index Ventures, VMG Partners; total raised ~$188M",2,"Markets: US-only salon/medspa base = 0. Buyers: salon/medspa owners = 1, riding an affluent-clientele (Botox/GLP-1) wave. Performance-tech story: weak = 0. Category open = 1.",,Stretch,"Borderline on valuation only ($800M vs. required >$1B, though very recent, Jul 2025); revenue not precisely disclosed but growth (500%+ since 2022) strongly implies it clears the ARR/growth bar. Capacity, customer scale (5,000+ locations), and no-F1 all pass cleanly.","Medspa/beauty-tech riding the Botox/GLP-1 boom -- angle toward an aspirational, appearance-and-performance-optimization audience that overlaps with F1's affluent fanbase; revisit hard once next round clears $1B."
bench,7,Ellkay,United States,PE-backed by Great Hill Partners since 2021 (~5 years — meets the 4+ year PE soft-flag threshold); lifetime funding raised reported at $337M,Health data interoperability & integration software,"~672 (Dec 2025 est., 51-10,000 band)",~$78.6M est. (Kona Equity) — below the input's $100-150M estimate and below the $100M hard-filter threshold on this data point,>$1B claimed by input but UNCONFIRMED — no source found substantiating a unicorn valuation,"Great Hill Partners growth investment, 2021; no more recent raise confirmed",2,"Senior buyers (health system/lab IT executives) [pass]; performance/precision story: moderate (data interoperability/plumbing, not a strong 'precision' narrative) [partial]; category open [pass]; multi-market F1 presence weak — US-domestic [fail].",PE-owned 4+ years (Great Hill Partners since 2021); Revenue and valuation both below/unconfirmed against the hard filters on best available data,Stretch,"Customer base (thousands of provider/lab customers) and F1-clean status pass, but revenue on the best available data (~$78.6M) falls short of the $100M threshold and the >$1B valuation claim could not be confirmed — the borderline criteria are revenue and valuation confirmation.","Would benefit from updated financials before a serious pitch; if scale is confirmed, a 'connecting the healthcare data ecosystem' interoperability story."
bench,8,Fuji Soft Incorporated,"Tokyo/Yokohama, Japan","CORRECTION/CONFIRMED: Taken private by KKR. KKR's tender offer completed Feb 19, 2025 (57.92% stake after winning a bidding war against Bain Capital, which withdrew Feb 17, 2025); a squeeze-out to reach 100% ownership followed via an extraordinary shareholders' meeting (~April 2025). Fuji Soft is now a wholly-owned KKR portfolio company, delisted from TSE.","Custom software development, embedded systems, IT services — thousands of enterprise clients","~18,000 per 2023 filing (input's ~12,000 estimate appears low) — comfortably in the 10,000+ passing band",Record FY2024 revenue of ¥317.5B (~$2.1B) and operating income ¥22B (6.5% margin) — notably higher than input's $1.4B(est); passes >$100M by a wide margin.,"KKR's winning tender offer valued Fuji Soft at ~$4.4B (final bid ¥9,850/share). Clears >$1B comfortably, consistent with input's ~$4B(est).","KKR take-private completed Feb-Apr 2025 (~$4.4B deal), ~1.5 years old as of Sept 2026",2,"Largely Japan-domestic embedded/custom software = 0 on market breadth (some indirect global reach via embedded systems for electronics OEMs, not counted as a separate F1 market); enterprise CTO buyers, moderate seniority; embedded-systems/precision-engineering work gives a genuine performance-tech story (+1); open IT-services category (+1).","PE-owned (KKR, ~1.5 years as of Sept 2026 — not yet at the 4+ year soft-flag threshold, but ownership just changed and deal was contentious)",Stretch,"Revenue, valuation, headcount, customers and no-F1 all clear comfortably. Capacity is the borderline call: financials were at record highs at the time of the 2025 take-private (not a distressed/cost-cutting situation), but the recent, contested KKR/Bain ownership transition introduces real near-term uncertainty about discretionary marketing/sponsorship budget appetite under new PE ownership — judged honestly as a genuine open question rather than a clean pass.","Large-scale ($2.1B revenue, 18,000 employees), technically strong embedded-systems and custom-software house with a credible performance/precision-engineering story — worth revisiting once KKR's post-buyout strategic/marketing posture becomes clearer."
bench,9,HoneyBook,USA,VC-backed,"CRM, invoicing and payments software for creative small businesses (photographers, planners, freelancers)",~500 est. (201-500),"$140M ARR per company statement to TechCrunch (2025), up from $74.2M (2024) and $62.5M (2023) per Latka -- clears >$100M revenue and >50% YoY growth","$2.4B, but this is the 2021 Series E figure carried forward -- no new valuation event since (Sacra, Latka, PitchBook)",No raise since $250M Series E in 2021 (Tiger Global-led) -- 5 years stale; acquired Fine (Sep 2025) but no new equity round found,2,Markets: mostly US creative-SMB base = 0. Buyers: solo creative-business owners = 1 (counts per SMB-owner rule). Performance-tech story: weak = 0. Category open = 1.,,Stretch,"Revenue ($140M, >50% growth), valuation (>$1B, though stale), and customer scale (100,000+ member businesses) all pass strongly; capacity is the one borderline/failing criterion -- no confirmed capital raise since 2021 and no confirmed profitability to substitute for it.","The platform behind the photographers, planners and creators who run events -- a race-weekend hospitality/content-creator activation angle; confirm current cash position/profitability before assuming sponsorship budget exists."
bench,10,ICE Mortgage Technology (Ellie Mae),United States,"Wholly owned subsidiary of Intercontinental Exchange, Inc. (NYSE: ICE); acquired for $11B in 2020, renamed 2022",Mortgage origination software (Encompass) used by the majority of US mortgage lenders,"~4,000 (segment est., 1,001-10,000 band)","~$2.1B segment revenue (2024, part of ICE's $9B+ total revenue)","Not independently valued as a standalone entity; parent ICE is public with market cap ~$100B, profitable and growing — passes via parent backing.",Corporate-owned (ICE) — not applicable,2,"Senior/affluent buyers (mortgage lender executives, high-value transactions) [pass]; performance/precision story (loan processing speed/accuracy) [partial pass]; category open [uncertain — see F1 note]; multi-market F1 presence weak — largely US mortgage market [fail].",Subsidiary of a NYSE-listed parent — real question of whether ICE Mortgage Technology can sponsor independently or would need to route through ICE corporate marketing,Stretch,"Confirmed: parent Intercontinental Exchange (ICE) already has an active motorsport sponsorship — but with McLaren's EXTREME E team (electric off-road series), NOT Formula 1 (McLaren Racing and McLaren's F1 team are under the same corporate umbrella). This is not a direct F1 exposure, so it does not trigger a hard fail, but it is a meaningful complication: the parent already has a commercial relationship with the McLaren organization, raising real conflict/sequencing risk if approaching a rival F1 team, and it's unclear a business-segment subsidiary could independently commit to a separate F1 sponsorship without ICE corporate sign-off. All other hard filters (revenue, valuation via parent, headcount, customers, capacity) pass cleanly.","Speed and precision of mortgage closing, pitched to an affluent lender/broker audience — but any pitch should explicitly address the existing ICE-McLaren (Extreme E) relationship and confirm this subsidiary's authority to sponsor independently of ICE corporate."
bench,11,Infios (formerly Korber Supply Chain Software),Germany / United States,PE-owned - joint venture between Korber AG and KKR since 2022 (~4 years); rebranded Infios in March 2025 after acquiring MercuryGate TMS (2024),"Warehouse management & supply chain execution software; confirmed 5,000+ customers across 70 countries","~2,100 confirmed via company materials (input's ~3,000 est. was on the high side) - passes 51-10,000",Confirmed 'surpassing $500M' (company-stated) - passes >$100M handily,"Not disclosed; no clean $1B+ transaction value found despite scale (revenue >$500M, KKR JV, recent MercuryGate acquisition) - per rules, Stretch at best absent explicit evidence",KKR/Korber JV since 2022; MercuryGate bolt-on acquisition 2024; rebrand to Infios March 2025,2,"70-country footprint covers 3+ F1 markets; buyers are logistics/warehouse operators, not affluent; supply-chain speed/precision narrative has a natural tie to F1's own famous freight/logistics operation; the logistics category on the grid is partially occupied (DHL is F1's official logistics partner), reducing openness",4 years under the KKR/Korber JV - meets the 4-year soft-flag threshold; No evidenced $1B+ valuation despite strong revenue scale,Stretch,"Revenue, customers, and headcount all pass cleanly, but no evidenced $1B+ valuation was found (per rules this caps a PE-owned company at Stretch), and the PE JV has now passed the 4-year soft-flag mark.","Best operational-story fit besides Aras: F1's own logistics operation (with DHL as official partner) is legendary, so 'supply chain precision for the world's fastest sport' could resonate - but valuation needs confirmation and DHL's existing category presence is a complication."
bench,12,ITOCHU Techno-Solutions Corporation (CTC),"Tokyo, Japan","MAJOR CORRECTION: No longer public. ITOCHU Corporation (which held ~61.24%) launched a tender offer in Aug 2023 (~¥387.6B/$2.7B for the remaining shares, ¥4,325/share) to fully acquire CTC; the deal completed and CTC was delisted from TSE by early 2024. CTC is now a wholly-owned ITOCHU Corporation subsidiary — the input's ""Public (TSE:4739); ITOCHU affiliate (~63%)"" status is outdated.","Enterprise IT services, systems integration, cloud — thousands of enterprise clients","~9,000 — comfortably in the 51-10,000 band","~$4.1-4.26B TTM per aggregator data (using last available/segment-level filings since CTC is now private) — close to input's $4.5B(est), passes >$100M easily.","2023 tender offer math implies a full pre-deal equity value of roughly $6-7B (¥387.6B paid for the ~39% minority stake at ¥4,325/share). Clears >$1B comfortably, though CTC is no longer independently/publicly valued.","N/A (fully absorbed into ITOCHU Corporation, not a funding raise)",2,Japan-only IT services = 0 on market breadth; enterprise CIO/CTO buyers = senior/affluent profile (+1); open SI/IT-services category (+1); weak performance-precision story.,"Parent-controlled: 100% owned by ITOCHU Corporation since 2024 — checked ITOCHU for F1 ties: none known/found (general trading house, no F1 sponsorship history identified)",Stretch,"Revenue, implied valuation, headcount, customers and no-F1 all clear comfortably, but CTC is now a fully parent-owned, delisted subsidiary of ITOCHU Corporation — like SCSK, any sponsorship decision would most likely route through the parent trading house's own marketing/brand budget rather than CTC acting as an independent buyer, making capacity/autonomy the genuine borderline point.","Large, ITOCHU-backed enterprise IT/cloud services provider — best approached as part of a broader ITOCHU group conversation (check ITOCHU corporate marketing/brand budget) rather than as a standalone IT subsidiary."
bench,13,KPIT Technologies Limited,India (Pune),Public (NSE/BSE:KPITTECH),"Automotive software engineering (autonomous, EV, connected-vehicle software) to global OEMs/Tier-1s","~13,000 (comfortably in the 10k+ pass band)","~₹5,842cr / ~US$610-650M FY2025 (some FY25-26 filings cite ~US$725M); net profit +41.2% YoY",~US$2.5-3.5B market cap (volatile NSE/BSE pricing),"N/A - public, profitable, EBITDA/profit growing strongly (21% EBITDA growth outlook met)",2,"India HQ is not a target F1 market and the OEM customer base is global, not ANZ/Brazil/Mexico-concentrated, so '3+ markets' fails; buyers are senior automotive engineering executives (B2B, not classic affluent consumer); the autonomous/EV-software mission is a strong performance-and-precision-engineering story that maps naturally to F1; automotive-software is a relatively open sponsor category.",,Stretch,"Headcount, revenue, valuation, and capacity (public/profitable/growing) all pass cleanly, and no direct or parent motorsport tie was found - Tech Mahindra (a separate company) sponsors Mahindra Racing in Formula E, not F1, and KPIT itself has no motorsport sponsorship. But customer scale is genuinely concentrated: ~25 'T-25/T-30' strategic OEM/Tier-1 accounts (Honda, Renault, BMW, Mercedes-Benz, VW, Stellantis, etc.) generate ~85% of revenue - not 'thousands,' a real miss on the customer-scale filter, judged honestly per instructions. Separately worth flagging: several top KPIT OEM clients (Mercedes-Benz, Honda, Renault) run their own F1 team/power-unit programs, so any F1 sponsorship pitch should be framed to avoid appearing to compete with those client relationships.","""The engineers behind the world's software-defined vehicles"" - lead with the automotive-performance-engineering story rather than any specific F1 team tied to a KPIT client's parent brand."
bench,14,proALPHA,Germany,"PE-owned - Intermediate Capital Group (ICG) + management, majority stake since 2017 (~9 years) per search (Unquote, Bloomberg, Arma Partners). Input's claim of 'Permira since 2021' could NOT be confirmed - no evidence of any Permira/proALPHA transaction was found; the confirmed sponsor is ICG.","ERP software for SMB manufacturing, mainly DACH region; company materials cite 17,500 customers globally, though a 2017-era profile cited only ~1,800 SME customers - wide discrepancy across sources","~2,500 (est, group) - passes 51-10,000","~$165-240M (est, wide range across Preqin/CBInsights-type sources) - passes >$100M",Last confirmed transaction: >€400M (~$470M) in the 2017 ICG deal - NOT >$1B; no more recent evidenced valuation found. Input's '>$1B (est)' is unconfirmed/unevidenced.,No confirmed raise since the 2017 ICG majority recapitalization; PE-owned ~9 years,2,"Only 1 confirmed F1 host market (Germany), short of the 3+ threshold; buyers are SMB manufacturing executives, not affluent; some manufacturing-precision narrative tie; ERP category open on grid",9 years under the same PE sponsor (ICG) - well past the 4-year soft-flag threshold; Valuation not evidenced above ~$470M (2017); ownership claimed in source data (Permira) does not match what search confirms (ICG),Stretch,"Valuation is not evidenced above $1B (last known transaction ~$470M in 2017), which per rules caps a PE-owned company with no $1B+ evidence at Stretch. Ownership itself also needed correcting (ICG, not Permira).","DACH manufacturing customer base ties loosely to industrial engineering precision, but a single-market footprint and unconfirmed billion-dollar scale make this a weak standalone F1 case."
bench,15,Qualia,USA,VC-backed,Real estate closing and title/escrow software,"~586 confirmed (501-1,000)","Inconsistent across sources: $64.5M ARR (2025 est., Latka) vs. input's own >$100M ARR estimate -- could not resolve to a single confirmed figure or growth rate",Inconsistent: 'over $1 billion' per one funding tracker vs. $2.2B per Latka -- directionally above $1B but the precise figure is unconfirmed,"Last confirmed primary equity round was Series D (~2021, used to fund the Adeptive Software acquisition); Jan 2025 activity was Qualia acquiring RamQuest (an LBO/buyout Qualia made, not new capital raised into Qualia) -- no clear GTM capital event since March 2025",2,"Markets: US-only, jurisdiction-specific title industry = 0. Buyers: title/escrow company owners/execs = 1. Performance-tech story: weak = 0. Category open = 1.",,Stretch,"Customer scale (thousands of title/escrow companies) and directional valuation (>$1B) pass, but exact ARR (ranges $64.5M-$100M+ across sources) and capacity (no confirmed new capital raise since ~2021) are both unresolved after search -- two borderline items, but no clear disqualifying fact found either.","Dominant, entrenched title/closing-software category leader for a large, sticky base of SMB escrow/title businesses -- verify current financials directly with the company before pursuing given source inconsistency."
bench,16,SCSK Corporation,"Tokyo, Japan","MAJOR CORRECTION: No longer public. Sumitomo Corporation completed a tender offer (Oct 29-Dec 12, 2025, ¥5,700/share, ~¥881.7B/$5.85B for the remaining ~49.46%) and now wholly owns SCSK; SCSK was delisted from TSE Prime in December 2025. Input's ""Public (TSE:9719)"" status is outdated.","Enterprise IT services, systems integration, managed cloud — thousands of enterprise clients","~17,000 — comfortably in the 10,000+ passing band","FY ended March 2025: ¥596.07B (~$4.03B), +24.1% YoY; net income ¥45.0B (+11%). Close to input's $4.2B(est).","Last public market cap ~$7.6B (Apr 2025); Sumitomo's buyout of the remaining stake implies a full equity value of roughly ~$8B. Clears >$1B, though SCSK is no longer independently valued as a standalone listed entity.","N/A (now a wholly-owned Sumitomo Corp subsidiary, not a funding raise)",2,Japan-only IT services = 0 on market breadth; enterprise CIO/CTO buyers = senior/affluent enterprise profile (+1); open SI/IT-services category on the grid (+1); no strong performance-precision narrative.,Parent-controlled: now 100% owned by Sumitomo Corporation (as of Dec 2025) — checked Sumitomo Corp for F1 ties: none known/found,Stretch,"Revenue, headcount, customers and no-F1 all clear comfortably, and implied valuation is well above $1B, but SCSK is now a fully parent-owned, delisted subsidiary (not the independent public company the input assumed) — sponsorship decisions would likely route through Sumitomo Corp's own marketing budget, so capacity/autonomy is the borderline criterion.","Large, profitable ($4B+ revenue, double-digit growth) enterprise IT services platform now backed by Sumitomo Corp's balance sheet — best approached as part of a broader Sumitomo group conversation rather than SCSK standalone."
bench,17,Systena Corporation,"Tokyo, Japan","CORRECTION: Public, but on TSE ticker 2317, not 3778 as stated in the input record (input ticker appears to be an error)",Mobile/embedded software development and IT solutions,"~4,500 — comfortably in the 51-10,000 band",TTM revenue ¥94.40B (~$638M) — well above input's $500M(est) and the >$100M threshold.,Market cap fluctuating right around the $1B line: ~$971M (Mar 2026) to ~¥148-152B (~$1.00-1.03B) as of Sept 2026 across sources. Borderline against the >$1B hard filter.,N/A — public,2,"Japan-only mobile/embedded dev = 0 on market breadth; telecom/handset-maker buyers, moderate seniority; mobile/embedded engineering gives a modest performance-tech story (+1); open category (+1).",,Stretch,"Revenue (~$638M) and headcount clear comfortably, and no F1 exposure was found, but valuation is genuinely borderline (hovering at/just above/just below $1B depending on the pricing snapshot), and the input's own customer description (""hundreds of enterprise clients,"" concentrated around telecom/mobile carriers) is thinner than the ""thousands of enterprises"" norm for Japanese SIs.",Strong mobile/embedded engineering credentials tied to Japan's telecom/handset ecosystem — a plausible fit once valuation is confirmed clearly above $1B.
bench,18,Technolutions (Slate),United States,"Input claims PE-backing by Vista Equity Partners since 2021, but this could NOT be confirmed anywhere in this research - no press release, deal announcement, or investor listing referencing a Vista/Technolutions relationship was found. Technolutions may remain privately/founder-held without confirmed institutional PE ownership.",CRM software for higher-ed admissions & enrollment (Slate platform),"~500 (est) - would pass 51-10,000 if headcount is accurate",">$100M (est, unconfirmed)","~$1.6B (2021 round, est, per input) - could not be confirmed via search; treat as unverified","Claimed Vista Equity investment, 2021 - unconfirmed, recency and even existence of the deal unverified",2,Single F1 market (US) primarily; higher-ed admissions touches some affluent college-bound families indirectly; no precision-performance narrative; category open on grid,"Fundamental premise of PE ownership (Vista Equity Partners) could not be confirmed via research - this and the $1.6B valuation both need direct verification before this company is treated as fitting the 'PE-owned enterprise software >$1B' profile at all; 2,000+ higher-ed institution customer base confirmed via search (higher than input's 1,400+ figure) - a positive data point",Stretch,"Multiple hard-filter inputs (PE ownership itself, valuation, revenue) could not be independently confirmed despite dedicated searches - customer count (2,000+ institutions) is the only cleanly verified strong data point. Given the unresolved ownership/valuation questions, this can only be scored Stretch pending direct verification, not a clean Yes.","Strong, growing customer base (2,000+ higher-ed institutions) is a real asset, but the entire PE-ownership/valuation premise needs re-verification before investing further diligence time here."
bench,19,Travelport Worldwide,United States / United Kingdom,"PE-owned - Siris Capital Group & Elliott Management/Evergreen Coast Capital, took private in 2019 (~$4.4B); underwent a 2023 debt recapitalization (typically a sign of balance-sheet stress, not routine refinancing)",Travel technology / GDS platform connecting travel agencies to airlines & hotels globally,"~2,500 (est) - passes 51-10,000","$1.5B (2025, per Statista) - passes >$100M handily",$4.4B at the 2019 take-private; the 2023 recapitalization likely reset/reduced equity value materially (typical of distressed recaps) - current equity valuation is uncertain despite historical evidence >$1B,2023 debt recapitalization under PE ownership (Siris/Elliott); now ~7 years under PE,2,"Global travel network touches 3+ F1 markets; some affluent-traveler adjacency (F1 fans travel to races) but the direct buyer base is B2B travel agencies, not individuals; weak precision-performance narrative; travel/aviation is already a common F1 sponsor category (several airlines/travel brands), reducing openness",~7 years under PE ownership - past the 4-year threshold; 2023 debt recapitalization is a capacity/financial-health concern for a discretionary sponsorship spend,Stretch,"Revenue and customer scale are strong and valuation was evidenced >$1B historically (2019), but the 2023 recapitalization signals balance-sheet stress that raises real capacity concerns, combined with a long PE hold - a capacity-driven Stretch.","Massive travel-agency network could support fan-travel-to-races packaging, but the recent debt recap raises real doubts about discretionary marketing budget; verify current financial health before approach."
bench,20,Unanet,United States,PE/growth-equity backed - JMI Equity (majority) with an Onex Corporation strategic co-investment since December 2022; input's claim of 'K1 Investment Management/Battery Ventures' backing could not be confirmed and appears incorrect,Project-based ERP & CRM software for government contractors and AEC firms,"~600 (est) - passes 51-10,000","~$100-130M (est, per input's own note 'near threshold, verify') - borderline against the >$100M hard filter","Not disclosed; no evidence of a $1B+ valuation found - per rules, Stretch at best","Onex Corporation strategic investment alongside JMI Equity, December 2022 (~3 years old)",2,Single F1 market (US); GovCon/AEC buyers are engineering/project-services professionals with some precision/engineering narrative tie; category open on grid,Revenue sits right at the $100M threshold - unconfirmed whether it clears the bar; No evidenced $1B+ valuation,Stretch,"Revenue is borderline against the $100M hard filter (input itself flags 'near threshold, verify') and valuation has no $1B+ evidence, which per rules caps a PE-backed company at Stretch. Customer base (3,700+ project-driven organizations, confirmed via search) and headcount otherwise pass.","AEC/engineering-firm customer base offers a modest precision/engineering angle, but financial scale is too small and unconfirmed to be a strong F1 prospect without further verification."
bench,21,WingArc1st Inc.,"Tokyo, Japan","MAJOR CORRECTION: Input's ""PE-owned (Bain Capital, since 2021)"" is inaccurate for that date — WingArc1st actually IPO'd on the TSE First Section in March 2021 (Carlyle Group exited its stake via that IPO, not Bain). WingArc1st was then a public company until a NEW going-private transaction was launched: an LOI was received Dec 18, 2024, and WingArc1st was delisted from the TSE on Sept 26, 2025 via a tender offer from its then-controlling shareholder. As of Sept 2026 it is private again; the exact current PE owner name could not be independently re-confirmed before the session's web-search budget was exhausted (plausibly Bain Capital, consistent with the input, but unverified in this pass).","BI/reporting/data-utilization software to 10,000+ enterprise clients","~900 (est) — within 51-10,000 band",~$150M (est) — could not be independently re-verified with a dedicated search before the budget was exhausted; carried over from input as (est).,"Last available trading data shows a market cap of ~$700M (Sept 2026 snapshot, likely a stale/last-traded price given the Sept 2025 delisting). This is BELOW the >$1B hard-filter threshold, consistent with input's own ""~$800M-1B(est)"" flag.","Went private again via tender offer, delisted Sept 26, 2025 (~1 year old as of Sept 2026); ownership tenure of the 2021-2025 public period does not count toward the PE-owned soft flag since it was publicly listed in between.",2,"Japan-only BI/reporting software = 0 on market breadth; enterprise BI buyers, moderate seniority; data/analytics software has a plausible ""performance data & telemetry"" story that could tie into F1's own data-driven narrative (+1); open BI-software category on the grid (+1).","PE-owned (re-privatized Sept 2025, <1 year — recent ownership change, tenure and current owner not fully re-confirmed this pass); Revenue figure is an unverified estimate, not independently confirmed",Stretch,"Customer count, headcount, and no-F1 all check out, and revenue is plausibly above $100M, but valuation (~$700M) is below the $1B hard filter and the company just went through a second going-private transition (Sept 2025) whose new ownership structure was not fully re-verified — two related, borderline points stemming from the same recent event.",Established BI/data-analytics vendor with a data-storytelling angle that could resonate with F1's own performance-data narrative — needs updated valuation and ownership confirmation before advancing.
bench,22,Amplify Education,USA,"Founder-led / growth-VC backed (Emerson Collective, Learn Capital, A-Street Ventures, Cox Enterprises - Series C 2023); not a full PE buyout",K-12 curriculum & assessment software,"501-5,000 (~2,983 employees, ZoomInfo)",~$270-500M depending on source (CB Insights ~$272M; other estimates >$500M) - passes >$100M,Not publicly disclosed; no confirmed >$1B figure found in search,"Series C, $215M, May 2023 (Cox Enterprises-led); no confirmed raise since",1,"K-12 district buyers, not affluent/senior consumers; single core US market; limited performance-tech-precision narrative for curriculum/assessment software","valuation >$1B unconfirmed by public sources; no capital raise found since May 2023 - capacity rests on self-funding, unverified; K-12 ESSER funding-cliff cost pressure on core customer base",Stretch,"Revenue and customer scale (thousands of districts) clearly pass. Valuation >$1B could not be confirmed via public sources, and no institutional raise found since 2023 - capacity likely rests on self-funding from revenue, which is plausible given scale but unverified. One clear borderline criterion (valuation) plus a secondary capacity uncertainty keeps this at Stretch.",Confirm current valuation/cap table directly and probe marketing-budget capacity given revenue scale rather than relying on a fresh-raise signal
bench,23,Community Brands,United States,"PE-owned - ACTUALLY sold by Insight Partners to TA Associates in July 2024 (not Apax Partners, as the input stated); the Association & Events and Nonprofit Solutions divisions were combined into a new entity rebranded 'Momentive Software.' Public sources do not make clear whether all of Community Brands' original units (incl. K-12/faith-based lines) moved to TA, or were split across buyers - needs direct verification.","Nonprofit, faith, association and K-12 vertical software (GiveSmart, MinistryPlatform, iMIS, etc.) to tens of thousands of organizations","~1,800 (est) - passes 51-10,000","~$400M (est, per input, pre-split figure; may not reflect the post-2024 divested entity) - passes >$100M if the figure still applies to the current entity","Insight Partners reportedly weighed a ~$2B sale in 2022; final TA Associates deal terms (2024) were undisclosed - no confirmed evidenced value for the current, possibly-smaller post-split entity","Sold by Insight Partners to TA Associates, July 2024 (~1 year old); rebranded Momentive Software",1,"Largely US-focused (single F1 market); nonprofit/faith/K-12 buyers are budget-constrained, not affluent; no precision-performance narrative; category open on grid","Ownership and even corporate identity are in flux post-2024 split/rebrand (Momentive Software) - the 'Community Brands' entity as described may no longer exist in its original form; Valuation not clearly evidenced for the current (possibly smaller, post-divestiture) entity",Stretch,"Corporate identity/ownership discontinuity (2024 split into TA-owned 'Momentive Software' plus possibly separately-held remaining units) makes it unclear exactly which entity would be the sponsorship counterparty, and valuation for that current entity is unconfirmed above $1B. Scale (customers, headcount) otherwise looks fine.",Weak fit overall - nonprofit/K-12/faith buyer base doesn't match F1's affluent audience; recommend deprioritizing pending clarity on which entity (Momentive Software vs. remaining Community Brands units) actually exists today.
bench,24,"Cybozu, Inc.","Tokyo, Japan",Public (TSE:4776); founder Yoshihisa Aono is largest/controlling shareholder,"Cloud groupware & workflow SaaS (kintone, Garoon) to 30,000+ Japanese business customers; nascent Southeast Asia expansion (FY2026 focus)","~1,100 (est) — mid-size, within 51-10,000 band","FY ended Dec 2025 (actual, verified): record sales of ~$240M (net sales ¥37.4B FY2025 actual reported, +26.1%; FY2026 forecast ¥42.2B/+12.7%). Kintone alone ~$138.7M, +33.9% YoY. Source: Cybozu FY2025 results, stockanalysis.com. Higher than input's $180M(est).","Market cap ¥103.26B (~$698M at ¥148/$), as of Sept 2026 (stockanalysis.com/companiesmarketcap). BELOW the $1B hard-filter threshold, despite input's $1.7B(est) — correction.","N/A — public, profitable, kintone ARR growing double digits",1,"Sells almost entirely in Japan (1 market, not 3+) = 0 on market-breadth; SMB/mid-market buyers, not especially affluent/senior; no performance-precision tech story (groupware/workflow SaaS); category (business SaaS) is relatively open on the grid = +1.","Founder-controlled (concentration risk, not a parent-control flag)",Stretch,"Passes revenue, headcount, customers (30,000+), capacity (profitable, growing), and no-F1 cleanly, but verified market cap (~$698M) is below the >$1B valuation hard filter — the single borderline criterion.","Founder-led, fast-growing (kintone +34% YoY) Japanese SaaS platform with Suzuka home-market resonance; angle as an up-and-coming domestic tech story if valuation threshold is relaxed or reassessed after next growth cycle."
bench,25,Epsilon Net S.A.,Greece,"CORRECTION TO INPUT: No longer public. Taken private in Aug 2024 — acquired by Ginger Digital BidCo (General Atlantic-backed) for €12/share (95.63% stake), delisted from Athens Exchange (ATHEX). Now PE-owned (~2 years under General Atlantic, not yet a 4+yr flag).",ERP/accounting/e-invoicing software for SMBs,~700; within band,"~€110M (est, consistent with pre-acquisition public filings) — passes $100M threshold",VERIFIED: market cap ~€650M (~$680-700M) around the time of the 2024 take-private deal — below the $1B threshold (input's own €400-500M est. was actually an understatement; verified figure is somewhat higher but still under $1B),"Take-private acquisition by Ginger Digital BidCo/General Atlantic, Aug 2024 (~2 years ago)",1,"F1 markets: Greece has no home race and weak F1 fan base, not 3+ markets (0). Buyers: SMB/accountant end-users, not affluent (0). Precision story: SMB accounting/ERP software is a weak narrative fit (0). Category open: SMB ERP software sponsor category is fairly open (1).",Ownership status changed from public to PE-owned (General Atlantic) in 2024 — input's 'Public' listing is now outdated,Stretch,"Single borderline/failing criterion: verified valuation (~€650-700M) falls short of the $1B threshold, while revenue, customer count (100,000+ SMBs), headcount and F1-exposure all pass. Ownership status also needs correcting (now PE-owned, not public).",Would need valuation growth under new PE ownership (General Atlantic) to clear the $1B bar; weak F1-market/precision-story fit regardless.
bench,26,EZLynx,USA,Subsidiary of Applied Systems since 2021 (Applied Systems majority-owned by Hellman & Friedman since 2019). Input's claim of 'Charlesbank Capital Partners since 2023' is incorrect - no evidence of Charlesbank involvement found,Insurance agency management software,"501-5,000 (est., as part of Applied Systems' broader employee base)",Standalone EZLynx revenue not separately disclosed post-acquisition; parent Applied Systems' current revenue could not be confirmed this session (search budget exhausted),"Applied Systems (the true decision-making parent) is a large, established H&F-backed platform plausibly valued well over $1B given market position, but this could not be confirmed with a source this session","N/A as EZLynx; Applied Systems' PE ownership (H&F) dates to 2019 - 6+ years, no confirmed fresh capital raise since March 2025",1,"Independent insurance agencies are a B2B SMB/mid-market buyer persona, not affluent/senior consumers; single core US market; weak performance-tech-precision narrative",ownership data in input is factually incorrect (Charlesbank/2023 vs. actual Applied Systems/H&F/2021); PE-owned 4+ years (H&F since 2019) - soft flag clearly met; valuation/revenue for the true parent (Applied Systems) unconfirmed this session,Stretch,"Customer scale (thousands of agencies) plausibly passes, but the input's ownership/timeline is wrong, and neither EZLynx's standalone financials nor its true parent's (Applied Systems) current valuation/capacity could be confirmed within the search budget. The PE-owned-4+-years soft flag is clearly triggered.",Verify Applied Systems (the parent) directly as the true prospect and decision-maker rather than EZLynx as a standalone brand
bench,27,Frontline Education,USA,Wholly owned subsidiary of Roper Technologies (NYSE: ROP) since Nov 2022 - NOT independently PE-backed as commonly assumed; was Thoma Bravo-owned pre-2022,HR/absence management & administrative software for K-12 schools,"501-5,000 (~1,200-2,000 est.)",~$370M (2023 est. at acquisition; likely higher by 2026) - passes >$100M,"$3.725B transaction value (Roper acquisition, closed Nov 2022) - clearly passes >$1B, well-documented with date","N/A - strategic acquisition by public parent (Nov 2022); no independent capital raises since; any spend would come from Roper corporate budget, not a dedicated growth round",1,"K-12 admin/HR software buyers are district administrators, not affluent/senior consumers; single core US market; weak performance-tech narrative; Roper's decentralized, cost-disciplined operating model for niche B2B subsidiaries makes large discretionary brand spend atypical",input ownership data (PE-backed) was incorrect - actually a Roper Technologies subsidiary; effectively PE/strategic-owned 4+ years across Thoma Bravo then Roper,Stretch,"Revenue, valuation ($3.725B transaction, well-documented), and customer scale (12,000+ districts) all clearly pass. Capacity is the key borderline issue: Frontline is a subsidiary of Roper Technologies, a diversified holding company known for lean, cost-disciplined portfolio companies with no evidence of a dedicated marketing/GTM pool or sponsorship-scale brand spend precedent.","Approach would need to go through Roper Technologies corporate, not Frontline alone; frame around Roper's broader industrial-software portfolio value"
bench,28,"Genesys Cloud Services, Inc.",United States,"PE-owned - Permira & Hellman & Friedman since 2012 (~14 years); in July 2025 Salesforce and ServiceNow each invested $750M ($1.5B total) as new minority shareholders, with proceeds used to repurchase shares from existing holders (a secondary liquidity event, not fresh growth capital)","Cloud contact center / CCaaS software to 8,000+ organizations in 100+ countries","~7,000 - passes 51-10,000",~$3B total revenue FY2026 (13% YoY growth); Cloud ARR ~$2.6B (35%+ YoY growth) - passes >$100M / ARR>$50M threshold handily,~$21B (2021 minority round); no indication valuation has fallen given continued strong ARR growth - evidenced well above $1B,"$1.5B minority investment from Salesforce + ServiceNow, July 2025 (used for a secondary share buyback, not primary growth capital)",1,"100+ country footprint covers 3+ F1 markets; enterprise CX buyers, not affluent; a loose 'performance under pressure' contact-center narrative exists; the CRM/enterprise-software category is NOT open on the grid given Salesforce's own deep, direct F1 presence","14 years under the same PE sponsors (Permira/H&F) - well past the 4-year threshold; F1 adjacency via minority investor: Salesforce (one of the two new $750M minority investors, July 2025) is CONFIRMED as McLaren F1's Official CRM Partner and has a direct, deepening partnership with F1 itself (Agentforce fan-engagement deal announced March 2026, per Salesforce/Barchart press). ServiceNow's F1 ties were asserted but not independently confirmed in this research. Per guidance, a minority stake does not auto-fail, but this is a serious conflict-of-interest flag.",Stretch,"Financials comfortably clear every hard filter (revenue, valuation, customers, capacity). The disqualifying-strength issue is F1 exposure: minority investor Salesforce is a confirmed, prominent F1/McLaren sponsor, creating real conflict-of-interest optics. Per instructions a minority stake does not auto-fail, so this is Stretch rather than No, but should be treated as a serious risk, not a footnote.","Financially the strongest asset in this batch, but sponsoring F1 while a strategic shareholder (Salesforce) is McLaren's title CRM partner is an awkward, likely unworkable position - would need explicit sign-off from Genesys leadership on how this conflict is handled before any outreach."
bench,29,JustSystems Corporation,"Tokyo, Japan","CORRECTION: Public (TSE:4686). Largest shareholder is Keyence Corporation (~43.97%, equity-method affiliate) — NOT Kirin Holdings as the input record stated. JustSystems publicly asserts independent management despite Keyence's stake.","Productivity/document software (Ichitaro word processor, ATOK Japanese IME) to enterprise, government and education accounts — almost entirely domestic Japan","~900 (est) — within 51-10,000 band","TTM revenue ~$342M (as of FY ended March 2026, per search aggregator data) — well above input's $180M(est) and the >$100M threshold.","Not independently confirmed via market cap in available searches (small-cap TSE:4686 listing); given ~$342M revenue and small-cap software multiples, likely well under $1B — UNVERIFIED, flagged as a data gap rather than a confirmed pass.",N/A — public,1,"Domestic-only Japanese-language software = 0 on market breadth; enterprise/gov/edu buyers, moderate seniority; no performance-precision story; open category = +1.","Parent-controlled (Keyence ~44% stake, equity-method affiliate) — checked Keyence for F1 ties: none known (factory-automation/sensor company, no F1 sponsorship history)",Stretch,"Revenue clears the bar handily and no F1 exposure was found (for JustSystems or Keyence), but valuation >$1B could not be confirmed — the borderline/unverified criterion. Also corrects a factual ownership error in the source list (Keyence, not Kirin).",Long-established Japanese productivity-software brand (Ichitaro/ATOK) with deep government/education penetration; needs a market-cap/valuation data point before advancing.
bench,30,NHN Corporation,South Korea,Public (KOSDAQ:181710),"Cloud, payment/commerce platforms, gaming, content (diversified)","~5,000 (51-10,000 band)","~₩2.52T / ~$2.2B (2025 actual); TTM ~₩2.47T, +2.66% YoY (Sept 2026 data, stockanalysis.com)","Market cap ~$0.80B / ~₩1.16T (June 2026, stockanalysis.com) - BELOW the $1B threshold",N/A - public,1,"Korea-only (Korea does not count as an F1 market per the brief - fails the 3+ market bar outright); broad consumer/gaming buyer base, not an affluent/senior fit; no performance-precision story; diversified consumer-platform category is not a clean grid fit",,Stretch,"Revenue clears the bar easily ($2.2B) and it is a diversified, non-captive consumer/enterprise business with no F1 exposure found - but confirmed market cap is under $1B (~$800M as of June 2026), the one clear hard-filter miss. At ~80% of the threshold this is borderline enough to flag as Stretch rather than an outright No; recommend a fresh market-cap check before a final call.","If pursued: gaming/webtoon audience-engagement angle for younger, digitally-native F1 fans - but the valuation gap is the blocker to resolve first."
bench,31,Objective Corporation Limited,Australia,Public (ASX:OCL),Govtech content/records/case-management software,~600,"~AU$123.5M FY2025 (~US$80-85M) - below the $100M hard threshold; ARR ~AU$107M, growing ~10%/yr","Market cap readings scattered across sources: AU$680M-1.85B; most recent (mid-Sept 2026) ~AU$1.77B (~US$1.15B), crossing $1B on the latest snapshot but sub-threshold weeks earlier",N/A - public,1,"Single F1 market (Australia) only; buyers are government/regulated-industry IT leaders, not affluent/consumer; weak performance-precision narrative (records/case management); govtech is a fairly open sponsor category.",,Stretch,"Revenue sits below the $100M threshold and the customer base is 'hundreds' of government/regulated clients rather than thousands; valuation is genuinely borderline around the $1B line depending on the data snapshot. Capacity (public, profitable, steady ARR growth) and no F1 exposure both pass cleanly.","Smaller, lower-cost ANZ govtech name; position as a growth-stage watch item pending confirmation the market-cap trend holds above $1B."
bench,32,Pro Medicus Limited,Australia (customer base ~90%+ US hospital systems),Public (ASX:PME),Radiology imaging/AI SaaS (Visage) to major US/global hospital systems,"~250 (low end of 51-10,000 range)",AU$213.0M FY2025 (+31.9%); AU$261.7M FY2026 (+22.9%) - roughly US$140-175M (Pro Medicus FY results),"Market cap volatile and source-dependent: ~AU$13-19B+ (roughly US$9-13B) mid-2026 readings, down from an ~AU$30B+ peak cited in earlier estimates; exact Sept-2026 figure unconfirmed across sources","N/A - public, self-funded, no capital need",1,"HQ is Australian (1 F1 market) but revenue/customers are overwhelmingly US hospital systems, diluting genuine market fit; buyers are hospital IT/radiology administrators - senior but not affluent/consumer; diagnostic-precision story loosely maps to an F1 performance narrative; healthtech is an open sponsor category.",">50x revenue - market cap is roughly 60-140x FY25 revenue depending on which market-cap reading is used, one of the most extreme valuation multiples on the ASX; flag for investor-story sensitivity",Stretch,"Revenue, valuation, headcount, capacity (profitable, growing 20-30%/yr) and no-F1-exposure all clearly pass, but the honest customer count is only ~100-300 major hospital systems worldwide (11 of the top 20 US hospitals, plus European accounts) - not 'thousands' - so the customer-scale hard filter is a genuine miss.","""Precision technology in the world's top hospitals"" - a company that wins on being provably the best rather than the biggest maps well to F1's performance-precision story; flag valuation-multiple sensitivity before outreach."
bench,33,SimplePractice,United States,Largely bootstrapped; Vista Equity Partners holds a minority stake (reported ~2023); no controlling PE/VC found,Practice management software for therapists & wellness providers,"~712 (2026 est., 51-10,000 band)","Conflicting data: sources range from $36.8M ARR (2024, Latka) to $92.8M (2026, one estimate) to the input's >$150M ARR estimate — no single reliable figure confirms >$100M revenue or >$50M ARR growing >50%",~$2.2B reported at a 2021 growth-equity round (input); no updated 2025/2026 valuation found in search,"~2021 growth equity round (~$2.2B valuation, per input); no confirmed raise or valuation update since",1,Buyers are solo/small-practice therapists and wellness providers — not classically affluent [fail]; performance/precision-tech story weak (practice-management SaaS) [fail]; category open [pass]; multi-market F1 presence weak — US-domestic [fail].,Revenue figures across sources are highly inconsistent and mostly fall well below the $100M revenue / $50M ARR-growing-50%+ hard filter,Stretch,"Customer base is enormous (250,000+ practitioner accounts) and a 2021 valuation was well above $1B, but current revenue data is contradictory and, on most available estimates, below the hard revenue/ARR thresholds; no confirmed recent funding event to validate current scale or valuation. The borderline criterion is revenue/ARR — genuinely uncertain given conflicting sources.","If pursued, would need updated financials first; otherwise a weak F1 fit given the wellness/small-practice buyer base rather than a performance or affluent-consumer story."
reject,1,Attio,UK,VC-backed,Modern CRM software for GTM (sales/marketing/RevOps) teams,~150 est. (51-200),Unconfirmed and inconsistent across sources: one tracker shows just $1.8M ARR (2024); company claims '4x ARR growth' and 300% YoY workspace growth off an unknown base -- could not confirm ARR clears the $50M threshold,Input claims ~$2.1B (2025) but this could NOT be corroborated in any search result; only confirmed event is a $52M Series B (Aug 2025) with valuation undisclosed/masked in PitchBook,"Series B $52M closed Aug 2025 (led by Google Ventures/Balderton per one source), total raised ~$116-124M -- good recency",4,"Markets: UK HQ with US/EU/global GTM-team customer base = 1. Buyers: sales/RevOps leaders = 1. Performance-tech story: real-time, data-driven CRM narrative fits a precision-system story = 1. Category open (Attio itself unsponsored) = 1.","revenue multiple could exceed 50x if the claimed $2.1B valuation is real against sub-$50M ARR -- unverifiable, flagged",No,"Could not verify either of the two most important hard filters -- ARR above the $50M threshold or a >$1B valuation -- via multiple targeted searches; only hard evidence is a $52M Series B (Aug 2025) with 5,000 paying customers. Input's $2.1B/Series C figures are unconfirmed and likely overstated for this stage. Strong brand and fit narrative, weak verified financials.",If a future round confirms unicorn status: a 'real-time precision system of record' story pairs naturally with race strategy software. Re-verify financials before any outreach.
reject,2,Playtech PLC,"Isle of Man / London, United Kingdom",Public (LSE: PTEC),B2B gambling software (casino & sports betting platforms) to licensed gaming operators globally,"~7,000 (est) — passes 51-10,000+ band","€763.6M (~$890M), FY2025, source: Playtech FY2025 full-year results (down from ~€1.7-1.85B in 2024 after the Snaitech disposal removed a major consolidated revenue line)","~£1.11B (~$1.57B) market cap, Sept 2026, source: LSE/stock data aggregators","Public; divested Snaitech to Flutter Entertainment for €2.3B (completed Apr 30, 2025), paid a €1.8B special dividend and cleared €150M debt — a capital return/restructuring event, not a growth raise",4,Global B2B gambling-software footprint; senior operator buyers; platform-technology story is a reasonable performance/technology fit; category untaken — moot given capacity disqualification.,gambling — team brand-safety review,No,"Actively restructuring: Snaitech disposal (Apr 2025) shrank the group, B2C division (Sun Bingo/HAPPYBET) is being wound down through 2026, FY2025 adjusted EBITDA fell 36% and B2B revenue declined 9% — fails the 'not in cost-cutting/restructuring' capacity test; customer base is also only 'hundreds' of operators (concentration risk).",N/A — revisit only after the post-Snaitech B2B pivot stabilizes and shows renewed growth (watch FY2026 results).
reject,3,Actabl,USA,PE-backed rollup (Alpine Investors / Alpine Software Group),"Hospitality operations platform combining StayNTouch PMS, ALICE staff ops, Alliants messaging, Hotel Effectiveness labor management",~400 est. (201-500),Combined revenue estimated >$100M by input sources; no independent public confirmation found (PE rollup discloses no financials),"Claimed >$1B (est., unconfirmed); public trackers show only a fragment ($26M raised per Crunchbase-style data), not a platform-level valuation","No confirmed capital event since ~2025; only activity found is a Jul 2025 HotelData.com resource launch, not a funding round",3,"Markets: hotel PMS used globally incl. F1 host cities (Vegas, Miami, Singapore, Abu Dhabi, Monaco) = 1. Buyers: hotel GMs/execs = 1. Performance-tech story: weak (ops efficiency, not precision-tech) = 0. Category open = 1.",PE-owned 4+ years (Alpine Investors rollup since ~2021),No,"Cannot verify a >$1B valuation or any capital-raise/GTM-capacity event since March 2025 despite targeted searches; PE rollup does not disclose platform financials publicly. Thousands-of-hotel-properties customer scale and no-F1 pass, but the two hardest hard filters are unverifiable.",If financials can be verified privately: hospitality-ops platform embedded in hotels across every F1 host city -- a 'race-week guest experience' angle. Needs direct company financial verification before pursuing.
reject,4,Aristocrat Leisure Limited,"Sydney, Australia","Public (ASX: ALL); founder-founded (Len Ainsworth), now broadly institutionally held","Gaming machine software plus Pixel United mobile gaming (Product Madness, Big Fish) to casino operators and hundreds of millions of mobile players","~7,000-8,000 (est) — passes 51-10,000+ band","AUD 6.3B (~$4.1B), FY2025, +11% YoY, source: Aristocrat Leisure FY2025 results","~AUD 39.6B (~$26B) market cap, Aug 2026, source: stock data aggregators","Public, profitable, growing; no external raise needed",3,Global casino/mobile-gaming footprint (US/UK/EU/APAC); senior operator buyers; gaming/entertainment story is only a weak performance/precision fit; category otherwise untaken — moot given F1 disqualification.,gambling — team brand-safety review,No,Direct F1 exposure: Aristocrat Gaming has been the Official Slot Machines sponsor of the Formula 1 Las Vegas Grand Prix since a multi-year deal signed Feb 2023 — a hard disqualifier.,N/A — disqualified by existing F1 (Las Vegas GP) sponsorship; do not pursue.
reject,5,CareCloud,United States,Public (NASDAQ: CCLD),Healthcare IT/RCM & practice management software,"~2,000 incl. BPO staff (1,001-10,000 band)","~$128-132M FY2026 guidance (Q2 2026 revenue $31.9M, +16% YoY; H1 2026 revenue $63.2M vs. $55.0M H1 2025)",Market cap confirmed at ~$91-106M as of Sept 2026,"Public; completed redemption of all outstanding Series B Preferred Stock May 15, 2026 (capital-structure simplification)",3,Senior buyers (practice/health-system administrators) [pass]; performance/precision story (RCM/AI investment) [pass]; category open [pass]; multi-market F1 presence weak — US-domestic [fail]. (Fit score is moot given the hard fail below.),"GAAP net income declined YoY (Q2 2026: $1.1M vs. $2.9M prior year) due to AI investment and acquisition-integration costs — margin pressure, though not classic distress-mode cost-cutting",No,"Hard-checked per the brief's instruction: market cap is only ~$91-106M, roughly 10x below the >$1B valuation hard filter. Revenue is growing (+16% YoY) and the customer base is large (~40,000 healthcare providers), but this is a clear valuation fail, not borderline.",N/A — does not clear the valuation threshold.
reject,6,Critical Software S.A.,Portugal,Privately-held (founder/Critical Group majority),"Safety-/mission-critical enterprise software (aerospace, defense, transport)","~1,356 verified (2026, up from ~1,000 est); within 51-10,000+ band","UNVERIFIED / BORDERLINE: Wikipedia's only hard figure is €58M (2019, outdated); a third-party estimate (RocketReach) puts current revenue at ~$136M, but no authoritative recent financial statement was found confirming this. Given the task's own suspicion that this could be sub-$100M, and no confirming source, this must be treated as unverified rather than a pass.","Not disclosed (private) — but revenue-pass exemption requires revenue >$100M, which is NOT reliably confirmed here",N/A,3,"F1 markets: Portugal is a weak/non-F1 market, not 3+ (0). Buyers: aerospace/defense/government senior technical buyers — niche but senior (1). Precision story: STRONG — safety-/mission-critical software for aerospace is a direct, credible parallel to F1 performance-engineering precision (1). Category open: mission-critical software is a distinctive, open sponsor category (1).",Defense-adjacent business (aerospace/defense clients) — brand-safety consideration,No,"Fails customer-scale hard filter: input explicitly states 'dozens' of major clients, not thousands. Compounded by unverified/borderline revenue (~$60-136M range across sources, no authoritative confirmation above $100M) and no disclosed valuation. Two weak/failing hard filters together tip this to No rather than Stretch.","If revisited with confirmed financials: mission-critical precision-engineering story is a strong narrative fit, but customer concentration (dozens of accounts) is disqualifying as currently documented."
reject,7,Health Catalyst,United States,Public (NASDAQ: HCAT),Healthcare data platform & analytics software,"~900 (51-10,000 band)","~$280-300M annualized (Q2 2026 revenue $70.5M, beat guidance; Adjusted EBITDA $9.9M)","Market cap confirmed at ~$130M as of Sept 20, 2026 (52-week range $0.96-$3.62 — down sharply over the past year)","Public; recently closed Vitalware divestiture and repaid $160M in credit-facility debt — deleveraging/portfolio-simplification, not clearly a growth signal",3,Senior buyers (hospital data/analytics executives) [pass]; performance/precision story (data platform) [pass]; category open [pass]; multi-market F1 presence weak — US-domestic [fail]. (Fit score is moot given the hard fail below.),Public company with a severely depressed stock price and shrinking market cap,No,"Hard-checked per the brief's instruction: market cap is only ~$130M, roughly 8x below the >$1B valuation hard filter, and the stock has been near 52-week lows all year. Despite adequate revenue (~$280-300M) and thousands of hospital/health-system customers, this is a clear valuation fail, not a borderline case.",N/A — does not clear the valuation threshold.
reject,8,Mercury Technologies,USA,VC-backed,Banking / financial-operations software platform for startups and SMBs,"~700 est. (501-1,000)","$650M annualized revenue by Q3 2025, up from $500M end of 2024 (Yahoo Finance/Fortune) -- clears >$100M revenue by a wide margin; profitable for 4 consecutive years","$5.2B post-money, Series D, 20 May 2026 (CNBC, Inc.) -- up from $3.5B at Series C (Mar 2025); confirmed and very recent","Series D $200M closed 20 May 2026, led by TCV; prior Series C $300M closed 26 Mar 2025, led by Sequoia",3,"Markets: serves US and international founders/SMBs = 1. Buyers: startup founders/CFOs, affluent tech entrepreneurs = 1. Performance-tech: strong 'engineered banking infrastructure' precision narrative = 1. Category open: LIKELY NOT -- fintechs/banks are a common F1 sponsor category already = 0.",,No,Duplicate: Mercury is already in the master database (fintech tabs); not net-new.,'Engineered banking' -- a precision/performance-infrastructure story for founders and CFOs; verify against any existing fintech-vertical F1 prospect list first given Mercury's clear fintech/neobank categorization.
reject,9,"POSCO DX Co., Ltd. (formerly POSCO ICT)",South Korea,Public (KOSDAQ:022100); POSCO Group affiliate,"Smart-factory/industrial software, IT services","~3,000 (51-10,000 band)","TTM ~₩1.02T (~$739M @₩1380), down -23.3% YoY; FY2025 annual revenue ₩1.08T, down -27%; Q2 2026 revenue down -14.8% YoY with operating profit down 42% YoY (stockanalysis.com / The Elec)",Market cap ~₩4.68T (~$3.39B) as of 20 Sept 2026 - passes the $1B bar,N/A - public,3,Korea-only (fails 3+ market bar); industrial/enterprise senior buyers; strong smart-factory/robotics/AI performance-precision story; industrial-tech category is open,Parent-controlled - POSCO Group affiliate; Declining revenue amid POSCO Group-wide restructuring - not 'improving',No,"Fails on two hard filters, not just one: (1) capacity - revenue is declining sharply (-14.8% to -27% YoY across recent periods) inside a POSCO Group-wide 'low-profit asset restructuring' push, i.e. contraction/cost-cutting context rather than the required profitable/improving pattern; (2) customer base - the source list itself notes only 'hundreds of industrial clients,' and POSCO DX earns most of its revenue from POSCO Group companies, which is exactly the captive-parent-dependence pattern the brief flags as a likely fail. Valuation ($3.39B) does pass, and no F1 ties were found for POSCO DX or POSCO Group.",Not recommended at this time - revisit if revenue trend reverses and captive-revenue share is shown to be diversifying.
reject,10,Digital Arts Inc.,"Tokyo, Japan",Public (TSE:2326),"Enterprise email/web security software (i-FILTER, m-FILTER) to 10,000+ organizations","~400 (est) — within 51-10,000 band","FY ended March 2026: net sales ¥10.835B (~$73.2M), +8.5% YoY. This FAILS the >$100M revenue threshold (well below input's $110M(est), and no ARR/high-growth alternative applies — growth is single-digit, not >50%).","Market cap ¥62.69B (~$423M) as of Aug 2026, down ~38% YoY. This FAILS the >$1B valuation threshold (input had flagged this risk correctly with its ""$600-800M(est), may be below $1B"" note — actual figure is even lower).",N/A — public,2,"Japan-only cybersecurity = 0 on market breadth; enterprise IT-security buyers, moderate seniority; cybersecurity carries a decent performance/precision narrative (+1); open category on the grid (+1).",,No,"Clear fail on two hard filters simultaneously: revenue (~$73M, below $100M) AND valuation (~$423M, below $1B). Customer count (10,000+) and no-F1 are fine, but the financial-scale filters are not close calls.",Not currently a fit given scale; worth revisiting only if Digital Arts grows materially or is acquired/consolidated into a larger group.
reject,11,Nuvemshop (Tiendanube),Argentina/Brazil (dual HQ),"VC-backed (Insight Partners, Tiger Global, Kaszek, FirstMark Capital, and others)",E-commerce platform SaaS for LATAM SMBs,"~1,800","ARR ~US$126M (2025 est., up from $14.4M in 2020) - clears the $100M threshold",~US$3.1B from the 2021 Series E ($500M raised) - no newer valuation found; still nominally clears $1B,"Last confirmed capital raise into Nuvemshop: Series E, 2021 ($500M). A June 2025 deal with 'VICI' was Nuvemshop acquiring another business/productivity-software company, not new capital raised by Nuvemshop - no primary capital event confirmed since March 2025",2,Brazil is a genuine F1 market (Argentina is not on the target list); SMB merchant buyers are not classically affluent/senior; e-commerce platform has a limited performance-precision narrative; e-commerce/SMB SaaS is an open sponsor category.,,No,"Revenue, valuation and customer scale (140,000+ merchants) all look strong on paper, but there is no confirmed capital raise since March 2025 - the explicit killer capacity criterion for this VC-backed cohort (last confirmed raise: 2021). The only 2025 activity found was Nuvemshop acquiring another company, not new capital into Nuvemshop, so the capacity concern remains genuinely unresolved.","Closest of the five VC-backed 'unconfirmed capacity' names to qualifying; if a 2025/2026 raise or updated valuation surfaces, revisit - Brazil HQ plus a massive SMB merchant base would otherwise be an attractive LATAM story."
reject,12,Sensedia,Brazil (Campinas),"VC-backed (SoftBank Latin America Fund, Riverwood Capital, Spectra Investments, Jardim Botânico Investimentos)",API management/integration platform,~600,~US$40-50M (est.) - well below $100M; reported growth ~25% globally in 2025 (below the 50%+ growth bar needed via the ARR route),Not disclosed; est. sub-$500M - well below $1B,"Last confirmed raise: PE round, May 2021 (~$21M from Riverwood/Spectra/Jardim Botânico); no SoftBank or other new raise found since, despite reported strong organic growth (US/international expansion, AI-governance push) - no capital event confirmed since March 2025",2,"Brazil HQ is a genuine F1 market; enterprise IT/API buyers, not affluent/consumer; integration/API-governance has a modest technical-precision story; API/dev-infra is a fairly open sponsor category.",,No,"Fails multiple hard filters - no confirmed capital raise since March 2025 (killer capacity criterion), revenue well under $100M with growth (~25%) below the 50%+ ARR-growth bar, and valuation well under $1B.",Not recommended at current scale; revisit if Sensedia announces a growth round or crosses $100M revenue.
reject,13,Thryv,USA,Public (NASDAQ: THRY),SMB marketing/CRM/business-management SaaS platform (transitioning from legacy print/digital directories),"~2,500 est. (1,001-5,000)","FY2026 SaaS revenue guided $453-457M (76% of total, implying total company revenue ~$595-600M) -- clears >$100M/ $500M scale, but legacy directories still declining and Q2 2026 badly missed guidance",Market cap ~$260-290M as of Sep 2026 (43.6-44.4M shares x ~$3.56-5.88/share) after a ~40% stock crash on the Q2 2026 earnings miss -- far below the required >$1B,"N/A (public); stock fell from a 52-week high of $14.28 to ~$3.56-5.88, signaling real financial strain, not fresh capacity",2,"Markets: US-only SMB base = 0. Buyers: local SMB owners = 1. Performance-tech story: weak, legacy-directory drag = 0. Category open = 1.",,No,"Fails the valuation hard filter decisively (~$280M market cap vs. required >$1B) and capacity is actively deteriorating (40% stock crash, missed Q2 2026 guidance, legacy-directory decline), despite solid revenue scale and 70,000+ SMB customers.",Not viable at current valuation/financial-health trajectory; revisit only if the SaaS transition re-rates the stock materially higher.
reject,14,Beekeeper,Switzerland,Acquired/merged into LumApps in July 2025 - no longer an independent VC-backed company as the input assumed,"Frontline employee communication & operations platform (hospitality, retail, manufacturing)",51-500 (~414 est. pre-merger),"Reported as low as $45.5M (Dec 2025, post-merger 'Beekeeper by LumApps' segment) - well below the input's $50-100M ARR estimate and below the $50M pass threshold; a separate, likely erroneous, $150M figure also appeared with unclear scope","Input's '~$1B (2022 round)' is not supported - Beekeeper's last independent round was a 2022 Series C from mid-market investors (Kreos Capital, Swisscanto, Keen VC) whose typical check sizes do not correspond to $1B-scale companies; no combined LumApps+Beekeeper valuation was found","$35M growth round, March 2025, followed just 4 months later by the LumApps merger/acquisition (July 2025) - the company no longer exists as an independent entity",1,"Frontline-worker communications buyers are enterprise ops/HR leaders, not affluent/senior consumers; Switzerland HQ adds modest F1-market relevance but is now moot given the merger; weak performance-tech narrative",target company merged into LumApps in July 2025 and is no longer independent; valuation >$1B is unsupported by available round evidence; post-merger revenue figures are low and inconsistent across sources,No,"Beekeeper ceased to be an independent company in July 2025 when it merged into LumApps, only four months after the March 2025 raise the input relied on for capacity - meaning the current prospect no longer exists in the form the input describes. Reported post-merger revenue ($45.5M) falls short of thresholds, and no evidence supports the input's >$1B valuation assumption.","n/a - redirect to LumApps as a separate, independently-verified prospect if desired"
reject,15,Beisen Holding Limited,China,"Public (HKEX:9669 - note: ticker is 9669, not 9668 as given in the input)",Cloud HR/HCM SaaS,"~2,500 (51-10,000 band)","~RMB1.1B / ~$150M (FY2026, per input estimate; not independently re-verified this session)",Market cap ~HK$2.37-2.64B (~$300-340M) as of Jul-Aug 2026 (stockanalysis.com/TipRanks) - well BELOW $1B; down ~86% from its 2023 IPO-era peak of ~HK$18.67B,N/A - public,1,China counts as one F1 market but no evidence of multi-market (Japan/Singapore) presence found - fails 3+ market bar; HR-software buyers are not an affluent/senior fit; no performance-precision story; category is not a natural open grid slot,"China optics - compliance review; Ticker correction: HKEX:9669, not 9668",No,"Hard fail on valuation: confirmed market cap is only ~$300-340M, far under the $1B threshold - consistent with the brief's flag that Beisen was 'likely sub-$1B.' Stock has lost ~86% of its value since its 2023 IPO-era peak. Revenue scale is also well under what the fit would need relative to a $1B+ ask.",Not recommended - the valuation gap is too large to bridge; revisit only after a major re-rating.
reject,16,Capillary Technologies,India/Singapore (Bengaluru),"Newly public via IPO, Nov 2025 (NSE) - formerly VC-backed (Warburg Pincus, Filter Capital, Tiger Global, InnoVen Capital)",Retail CRM/loyalty SaaS,"~1,000",FY2025 ~₹600cr / ~US$70-75M - below the $100M threshold,"Post-IPO market cap ~₹5,460cr / ~US$650M (late Nov 2025) - below the $1B threshold","IPO completed 21 Nov 2025 (₹877.5cr raised, ~52x oversubscribed) - this positively resolves the capacity/'raised since March 2025' concern (now public, growth capital secured)",1,"India/Singapore base is not a target F1 market; retail-brand B2B buyers, not directly affluent/consumer; loyalty/CRM has a weak performance-precision story; retail-tech is a fairly open sponsor category.",,No,"Capacity flag is now positively resolved via the Nov 2025 IPO, but revenue (~$70-75M) and valuation (~$650M) both still sit below the $100M/$1B hard thresholds, and the customer base (~300+ retail brands) is not 'thousands.'","Not recommended today; flag as a 'watch' name given the successful, heavily oversubscribed public listing - re-verify once FY26 numbers are out."
reject,17,"Edifecs, Inc.",United States,"Formerly PE-backed by TA Associates + Francisco Partners (since 2020); ACQUIRED by Cotiviti (a KKR/Veritas Capital-backed healthcare payments company) in a deal completed March 31, 2025. Edifecs is no longer an independent company; it is now a business unit of Cotiviti.",Healthcare interoperability/EDI compliance software to hundreds of health plans/providers,"~1,200 (est, standalone pre-acquisition figure) - would pass 51-10,000 in isolation","~$200M (est, standalone pre-acquisition figure; current standalone figure unavailable since it is now folded into Cotiviti's financials)",No standalone Edifecs valuation was disclosed at the March 2025 Cotiviti acquisition; Cotiviti itself is a large KKR/Veritas-backed company but Edifecs' specific contribution to that value is not broken out,"Acquired by Cotiviti, completed March 31, 2025 (~18 months ago)",1,Single F1 market (US) for a niche vertical; health-plan/provider buyers are not affluent/senior individual decision-makers; no precision-performance narrative; the category is technically open but the buyer no longer has independent identity,"No longer an independent company - fully absorbed into Cotiviti (March 2025); sponsorship/marketing budget authority likely now sits with the Cotiviti parent, not an 'Edifecs' brand; Customer base is only in the hundreds - at the low end even for Stretch treatment",No,"Edifecs no longer exists as a standalone company (fully absorbed into Cotiviti, deal completed March 2025) - there is no independent 'Edifecs' brand or marketing budget left to sponsor F1 under, and its customer base was only in the hundreds even before the acquisition. Clear fail on both entity-independence and customer-scale grounds.","None viable as a standalone target - if pursuing this space, the actual prospect to evaluate would be the much larger parent, Cotiviti, not Edifecs."
reject,18,Illuminate Education,USA,"No longer independent - acquired by Renaissance Learning, Inc. in August 2022; Renaissance's own current PE ownership could not be confirmed this session (search budget exhausted)",K-12 assessment & data analytics software,unknown standalone (pre-acquisition est. ~600); no longer separately reported,"unconfirmed standalone; pre-2022 estimate ~$100-150M. A $750M figure found in search appears to be combined Renaissance Learning parent revenue, not Illuminate alone",Cannot be independently verified - not a standalone entity since Aug 2022. Input's 'PE-backed (Francisco Partners)' claim is incorrect; no evidence Francisco Partners is or was involved,N/A - acquired 2022; no capital-raise activity found for Illuminate specifically since,1,"K-12 buyer base, not affluent/senior consumers; single core market; weak performance-tech narrative",input ownership data (Francisco Partners) is factually incorrect; target entity is not an independent going concern - merged into Renaissance Learning in 2022,No,"Illuminate Education has not existed as an independent company since its August 2022 acquisition by Renaissance Learning. It cannot be evaluated or engaged as a standalone sponsorship prospect - no independently verifiable revenue, valuation, or capacity data exists post-merger, and the input's ownership attribution is incorrect.","n/a - redirect any interest to Renaissance Learning (the parent) as a separate, independently-verified prospect"
reject,19,Infocom Corporation,Japan,"PRIVATE - taken private by Blackstone via tender offer completed 2024 (~¥275.6B / ~$1.7B deal); delisted from TSE. Input's 'ITOCHU affiliate' label appears incorrect/outdated - the major shareholder that sold into the buyout was Teijin (~58% stake), not ITOCHU.","Digital solutions, e-book/digital-comics platforms ('Mecha Comics'), enterprise IT","~1,300 (est, pre-privatization; unverified since)","~$700M (est, pre-privatization figure; company no longer discloses financials publicly)","N/A - no market cap, delisted; last observable valuation was the ~¥275.6B (~$1.7B) 2024 buyout price","N/A (2024 Blackstone take-private LBO, ~$1.7B)",1,Japan-only; consumer digital-comics + enterprise IT mix has a weak performance-precision story; category ambiguous,Ownership mischaracterized in source brief - verify current status before any outreach,No,"No longer a public company - delisted from TSE in 2024 after Blackstone's tender offer, so there is no verifiable market cap and thus no way to confirm the >$1B valuation filter; post-privatization financials are not publicly disclosed, so revenue/headcount cannot be freshly verified either; the ownership assumption in the input (ITOCHU affiliate) also does not match what was found (Teijin was the seller; Blackstone is now the owner).","Not recommended pending confirmation of current ownership/financials; any outreach would need to go through Blackstone portfolio-company channels, not a public-company IR path."
reject,20,Newsela,USA,"VC-backed (Series D 2021, Franklin Templeton-led); no confirmed institutional round since",K-12 reading/content engagement platform,"51-500 (~518 employees, CB Insights May 2026)","$109M ARR (2024, Latka) - passes >$100M threshold","$1B (Series D, Feb 2021) - stale, never re-confirmed in 5+ years","Series D $100M Feb 2021 (Franklin Templeton); no new equity round since. Funded 2025-26 M&A (Generation Genius $100M Feb 2025; EveryDay Labs Mar 2026) likely via cash/debt, not fresh growth equity",1,"K-12 district administrators are the buyer, not an affluent/senior consumer persona typical of F1; single core US market; weak performance-tech-precision narrative; category not on F1 grid but no strong resonance either","stale valuation (5+ yrs, no markup since 2021); K-12 ESSER funding-cliff cost pressure on core customer base",No,"Capacity fails: no institutional capital raised since Feb 2021 (5+ years); the $1B mark is stale and unconfirmed since. Core K-12 district customers face ESSER funding-cliff budget pressure, undermining ability/appetite to fund a major sponsorship. Revenue and customer scale pass, but combined valuation staleness plus capacity failure is a clear fail as the task flagged.",n/a - would need evidence of fresh institutional capital or a current valuation mark before reconsidering
reject,21,Reify Health,USA,"VC-backed (Series D investors including growth funds, April 2022)",Clinical trial enrollment & site management software (OneStudyTeam),51-500 (reports range from ~75 to ~400; recent sourcing suggests significant contraction toward ~75),"$189M (2025 est., Latka) - passes >$100M threshold","$4.8B (Series D, April 2022) - nominally passes >$1B but the mark is 4+ years stale","Series D, $220M, April 2022; no capital raise found since - confirms the task's flag that Reify likely fails capacity",1,"Pharma sponsors/CROs are a narrow enterprise B2B buyer persona, not affluent/senior consumers; limited F1-market breadth; concentrated customer base undercuts the 'thousands of sites' scale claim","2022 layoffs of ~25% of workforce (OneStudyTeam) signal cost-cutting, not growth investment; headcount reportedly contracted to as few as ~75 - inconsistent with a $4.8B nominal valuation; customer base likely concentrated among a limited number of major pharma/CRO accounts despite 'thousands of sites' marketing claim",No,"Confirms the task's flagged concern: no capital raised since the April 2022 Series D (4+ years), and headcount appears to have contracted sharply following 2022 layoffs, directly contradicting fresh GTM/expansion capacity. The $4.8B valuation is stale and likely no longer representative. 'Thousands of sites' likely masks a concentrated base of a limited number of enterprise pharma/CRO logos.",n/a - capacity and valuation currency both fail
reject,22,Saama,USA,PE-backed (Carlyle Group majority growth investment since October 2021 - now ~4 years under PE ownership),AI-driven clinical data analytics software for life sciences,"501-5,000 (~2,000 est.)","$91M (2021, Latka); no confirmed current figure - input's '>$100M' is a plausible but unconfirmed estimate","Confirmed ~$430M at time of Carlyle's Oct 2021 investment - well below the $1B threshold, directly contradicting input's '>$1B, unconfirmed' assumption","Carlyle-led growth investment, up to $430M, October 2021; no evidence of any subsequent capital raise",1,Big pharma/CRO clinical teams are a narrow enterprise B2B persona; concentrated customer base (task explicitly flags ~20-customer concentration risk for Saama); limited F1-market breadth,"PE-owned 4+ years (Carlyle since Oct 2021) - soft flag threshold met; valuation confirmed well below $1B ($430M at 2021 investment), not merely unconfirmed",No,"Saama's valuation is not merely unconfirmed - it is directly documented at ~$430M as of the Carlyle investment (Oct 2021), well short of the $1B threshold, with no subsequent raise or markup evidence. Combined with flagged customer concentration risk and 4+ years under PE ownership without fresh capital, this is a clear fail.",n/a - valuation and customer-scale hard filters both fail with direct evidence
reject,23,TetraScience,USA,"VC-backed (Alkeon Capital, Insight Partners, et al.)",Scientific/lab data cloud platform for biopharma,51-500 (~300 est.),"$24M ARR (2024, Latka) - well below the $50M ARR threshold","Unconfirmed; no evidence of a 2023 Series D as input assumed. Largest confirmed round remains an $80M Series B (April 2021); a small ~$15M round reported for Feb 2026 suggests continued reliance on modest capital, not a $1B+ mark",~$15M round reported Feb 2026 - small relative to sponsorship-scale GTM capacity,1,"Biopharma lab/IT leaders are a narrow, technical B2B buyer persona, not an affluent/senior consumer audience; limited F1-market breadth; enterprise-concentrated customer base, not mass scale","revenue far below threshold ($24M vs $50M+ ARR needed); customer base likely concentrated among a limited set of large biopharma accounts, not thousands",No,"Revenue/ARR ($24M) is roughly half the $50M minimum with no confirmed >50% YoY growth to compensate; no evidence of a >$1B valuation or a 2023 Series D as assumed in input; the only recent raise found (~$15M, 2026) is modest; customer base is a concentrated set of biopharma enterprise accounts, not thousands.",n/a - too early-stage on revenue/valuation for this program
reject,24,C.E. Info Systems Limited (MapmyIndia),India (Delhi/Noida),Public (NSE:MAPMYINDIA),"Geospatial/mapping SaaS and APIs, enterprise location intelligence",~700,~₹492-527cr / ~US$58-63M - well below the $100M threshold,"Market cap ~₹4,862cr / ~US$580M as of 16 Sep 2026 - well below the $1B threshold",N/A - public,0,"India-only HQ and market - not a target F1 market; enterprise/government buyers, not affluent/consumer; mapping/location intelligence has a modest tech angle but weak overall F1 story.",,No,Both revenue (~$60M) and valuation (~$580M) clearly fail the $100M/$1B hard thresholds; India-only HQ also is not a target F1 market.,Not recommended.
reject,25,"Chanjet Information Technology Co., Ltd.",China,Public (HKEX:1588); spun off from Yonyou,Cloud accounting/ERP SaaS for SMBs,"~3,000 (51-10,000 band)","~RMB1.2B / ~$170M (est, per input; not independently re-verified this session)",Market cap ~HK$1.36-2.6B (~$170-330M) as of Aug-Sept 2026 (stockanalysis.com/TipRanks) - well BELOW $1B,N/A - public,0,China is one F1 market but no multi-market evidence found; SMB accounting buyers are not an affluent/senior fit; no performance-precision story; SMB SaaS is not a natural grid category,China optics - compliance review,No,"Hard fail on valuation: confirmed market cap only ~$170-330M, consistent with the brief's flag that Chanjet was 'likely sub-$1B.' Millions of SMB users is a customer-scale positive, but it does not offset the valuation gap and weak fit-score profile.",Not recommended.
reject,26,LeadSquared (MarketXpander Services Pvt Ltd),India (Bengaluru),"VC-backed (WestBridge Capital, Gaja Capital, Stakeboat Capital)",Sales/marketing CRM automation SaaS,~700,"ARR ~US$70-80M on the more credible estimate (one third-party source cites $279M, but this is uncorroborated and treated as unreliable)","~US$870M-1B, last priced at the 2022 Series C ($153M raised); current value unconfirmed","Last confirmed raise: Series C, June 2022 ($153M). A vague 'M&A offer' reported April 2025 could not be corroborated with details and appears to be an acquisition approach rather than a growth capital raise - does not satisfy the capacity criterion",0,"India-only HQ - not a target F1 market; SMB/enterprise sales-ops buyers, not affluent/consumer; CRM automation has no performance-precision story.",,No,"No confirmed capital raise since March 2025 (last confirmed round: 2022) - fails the explicit capacity/killer criterion for this VC-backed cohort. Revenue also sits below $100M on the more credible estimate, and valuation is unconfirmed/borderline.",Not recommended unless the April 2025 'M&A offer' is clarified as a fresh growth raise rather than an acquisition approach.
reject,27,Sorint Group S.p.A.,Italy,"PE-backed (Ambienta, since ~2022, ~4 years)","Cloud/IT services, enterprise software implementation","~3,000 (est, group-wide across multiple countries — could not be independently verified at group level)","COULD NOT VERIFY input's ~€450M group estimate. Italian corporate filings for the two identifiable core entities (Sorint.lab €71.1M 2024, Sorint.sec €29.8M 2024) sum to only ~€101M — Sorint's wider international group (Spain/Poland/Romania etc. entities) exists but its consolidated revenue could not be confirmed within search budget. Treat €450M figure as unverified.",Not disclosed; no transaction value found (input's 'est EV €600M-1B' is unverified),Ambienta investment ~2022 (~4 years under PE — borderline SOFT FLAG for 4+ yrs),0,Not scored in detail given fail verdict.,PE-owned ~4 years (Ambienta); Group-level revenue/valuation unverifiable,No,"Fails customer-scale hard filter: input itself states 'hundreds of enterprise clients' (not thousands). Additionally, group-level revenue and valuation could not be verified from public sources — the only confirmable Italian-entity revenues (~€101M combined) fall well short of the claimed €450M group figure, adding material uncertainty on the revenue/valuation hard filters too.",N/A - does not clear hard filters as currently documented.
reject,28,Sword Group S.E.,Luxembourg/Belgium,Public (Euronext Paris/Brussels: SWP),"IT services, enterprise/asset-performance software","~2,700; within band","~€260M (est, not independently re-verified) — passes $100M threshold on its own","VERIFIED FAIL: market cap confirmed at only ~€290-360M (~$310-390M) as of 2026 across multiple sources (Investing.com, TradingView, Yahoo Finance) — well below the $1B threshold, confirming input's own flag",N/A - public,0,Not scored in detail given hard-fail verdict; enterprise IT services with hundreds (not thousands) of clients offers little fit-relevant differentiation.,,No,"Fails valuation hard filter: verified market cap only ~$310-390M, well under $1B. Also fails customer-scale filter: 'hundreds' of enterprise clients, not thousands. Two independent hard-filter fails.",N/A - does not clear hard filters.
reject,29,Whatfix Inc,India/USA (Bengaluru/San Jose),"VC-backed (SoftBank, Sequoia, Warburg Pincus, Cisco Investments, Dragoneer)",Digital adoption platform (DAP) SaaS,"~1,000",ARR ~US$100M+ (est.),~US$817-900M as of the Sept 2024 Series E - still below $1B on the most recent confirmed data,"Series E, September 2024 ($125M, led by Warburg Pincus w/ SoftBank Vision Fund 2) - no funding event found since; no confirmed raise since March 2025",0,"India/US HQ is not a target F1 market; enterprise SaaS buyers are IT/HR leaders, not affluent/consumer; no natural performance-precision story for a software-adoption/how-to product; category is not F1-differentiated.",,No,Fails two hard filters: no confirmed capital raise since March 2025 (killer capacity criterion for this VC-backed cohort; most recent confirmed round was Sept 2024) and valuation (~$817-900M) still sits below the $1B threshold.,Not recommended; revisit only if Whatfix announces a new raise or IPO that clears $1B valuation.
