list,company,domain,hq_country,subsector,employees_est,size_band,affordability,why_f1,already_in_master_book,source_batch
Insurance - Carriers & Reinsurers,Chubb Limited,chubb.com,Switzerland,Multiline P&C,40000+,20k+,"Revenue >$50B; global P&C leader with sports sponsorship budgets already at scale (e.g. LPGA, tennis)","Massive global commercial/personal lines brand needing premium international exposure; not an F1 sponsor (Marsh now holds F1's insurance-broking slot, Chubb is a carrier, not a broker)",yes,L01a
Insurance - Carriers & Reinsurers,Travelers Companies,travelers.com,United States,Multiline P&C,30000+,20k+,"Revenue >$45B; Fortune 100, sponsors PGA Tour Championship at multi-million-dollar level",Proven appetite for marquee sports title sponsorship (Travelers Championship); no F1 presence today,yes,L01a
Insurance - Carriers & Reinsurers,Progressive Corporation,progressive.com,United States,Auto P&C,60000+,20k+,Revenue >$75B; among largest US ad spenders,Consumer-brand advertiser with huge marketing budget and motor-insurance relevance to motorsport; no current F1 tie,yes,L01a
Insurance - Carriers & Reinsurers,Allstate Corporation,allstate.com,United States,Multiline P&C,50000+,20k+,Revenue >$55B; major national ad spender,Iconic consumer insurance brand seeking global/youth audience expansion beyond US; F1-clean,yes,L01a
Insurance - Carriers & Reinsurers,Liberty Mutual Insurance,libertymutual.com,United States,Multiline P&C (mutual),45000+,20k+,"Revenue >$45B; sponsors PGA Tour, US Olympic team","Existing marquee sports-sponsorship program (golf, Olympics) shows F1-scale budget appetite; not F1-affiliated",yes,L01a
Insurance - Carriers & Reinsurers,Nationwide Mutual Insurance,nationwide.com,United States,Multiline (mutual),24000+,20k+,Revenue >$25B; long-time NASCAR sponsor (Nationwide Series naming rights),Deep motorsport sponsorship history (NASCAR) but no F1 presence — natural extension into global racing,yes,L01a
Insurance - Carriers & Reinsurers,State Farm Mutual,statefarm.com,United States,Multiline (mutual),55000+,20k+,"Revenue >$100B; largest US P&C/auto insurer, huge ad budget",Largest US insurer with massive brand-marketing spend and no global motorsport platform today,yes,L01a
Insurance - Carriers & Reinsurers,USAA,usaa.com,United States,Multiline (mutual),37000+,20k+,Revenue >$35B; military-affinity brand with national sponsorship programs,"Strong brand affinity marketing (NFL, college sports) but absent from F1/global motorsport",yes,L01a
Insurance - Carriers & Reinsurers,Cincinnati Financial Corporation,cinfin.com,United States,Commercial P&C,6000+,5k-6k,"Revenue >$9B, publicly traded, profitable",Well-capitalized regional-to-national commercial carrier expanding brand beyond independent-agent channel; F1-clean,,L01a
Insurance - Carriers & Reinsurers,Erie Indemnity / Erie Insurance,erieinsurance.com,United States,Multiline P&C,6000+,5k-6k,"Revenue >$10B; profitable, consistently top-ranked customer satisfaction insurer",Growth-focused regional carrier expanding national footprint; no motorsport sponsorship today,,L01a
Insurance - Carriers & Reinsurers,American Family Insurance,amfam.com,United States,Multiline (mutual),13000+,6k-20k,Revenue >$15B; sponsors NASCAR and college athletics at scale,Existing motorsport (NASCAR) sponsorship spend shows budget fit; not present in F1,,L01a
Insurance - Carriers & Reinsurers,Auto-Owners Insurance,auto-owners.com,United States,P&C (mutual),9000+,6k-20k,"Revenue >$8B, profitable mutual",Large profitable regional mutual with room to grow national brand awareness; F1-clean,,L01a
Insurance - Carriers & Reinsurers,The Hartford Financial Services Group,thehartford.com,United States,Commercial P&C,19000+,6k-20k,Revenue >$26B; sponsors PGA Tour and college football playoff,Demonstrated marquee sports-sponsorship spend (golf) with no F1 footprint,,L01a
Insurance - Carriers & Reinsurers,CNA Financial Corporation,cna.com,United States,Commercial P&C,7000+,6k-20k,"Revenue >$12B, profitable public commercial carrier",Large commercial-lines brand seeking differentiated B2B visibility; no motorsport presence,,L01a
Insurance - Carriers & Reinsurers,W. R. Berkley Corporation,berkley.com,United States,Specialty P&C,8000+,6k-20k,"Revenue >$13B, highly profitable specialty underwriter",Fast-growing specialty carrier with strong underwriting profit and no current sports sponsorship footprint,,L01a
Insurance - Carriers & Reinsurers,Markel Group,markel.com,United States,Specialty Insurance,20000+,6k-20k,Revenue >$15B across insurance and Markel Ventures,"Previously a McLaren F1 title sponsor (ended); relationship lapsed, leaving room to re-engage or another team could approach",,L01a
Insurance - Carriers & Reinsurers,Arch Capital Group,archcapgroup.com,Bermuda,Specialty P&C / Reinsurance,5000+,1k-5k,"Revenue >$17B, highly profitable Bermuda-based specialty/reinsurance group",Global specialty underwriter with strong balance sheet and no motorsport sponsorship today,,L01a
Insurance - Carriers & Reinsurers,Everest Group Ltd,everestglobal.com,Bermuda,Reinsurance / Specialty,2500+,1k-5k,Revenue >$16B; profitable global reinsurer,Global reinsurer rebranding (Everest Re to Everest Group) and investing in brand awareness; F1-clean,,L01a
Insurance - Carriers & Reinsurers,RenaissanceRe Holdings,renre.com,Bermuda,Reinsurance,900+,250-1k,"Revenue >$11B, highly profitable specialty reinsurer",Well-capitalized Bermuda reinsurer with global institutional client base and no current sports sponsorship platform,yes,L01a
Insurance - Carriers & Reinsurers,Fairfax Financial Holdings,fairfax.ca,Canada,Multiline P&C Holding,40000+,20k+,"Revenue >$35B; Berkshire-style holding company, very profitable","Global P&C holding company (Odyssey, Allied World, Brit) with international footprint fitting F1's global calendar; F1-clean",,L01a
Insurance - Carriers & Reinsurers,Intact Financial Corporation,intactfc.com,Canada,P&C,30000+,20k+,"Revenue >$20B CAD; largest P&C insurer in Canada, also owns RSA UK",Leading North American/UK P&C group expanding brand across markets; no F1 presence,,L01a
Insurance - Carriers & Reinsurers,Definity Financial Corporation,definityfinancial.com,Canada,P&C,2800+,1k-5k,"Revenue >$2.6B CAD, publicly traded and profitable",Newly public (2023) Canadian carrier (Economical/Sonnet) investing in brand growth; F1-clean,yes,L01a
Insurance - Carriers & Reinsurers,Old Republic International Corporation,oldrepublic.com,United States,Multiline (specialty/title),9000+,6k-20k,"Revenue >$7B, profitable and dividend-focused",Diversified specialty insurer with strong balance sheet seeking broader commercial brand recognition,,L01a
Insurance - Carriers & Reinsurers,Assurant Inc.,assurant.com,United States,Specialty (housing/connected living),14000+,6k-20k,"Revenue >$11B, global specialty insurer","Global consumer-facing specialty insurer (mobile, auto, housing) with international footprint aligned to F1 markets",,L01a
Insurance - Carriers & Reinsurers,Unum Group,unum.com,United States,Life / Disability / Health,10000+,6k-20k,"Revenue >$13B, profitable public life & disability insurer",Large benefits carrier expanding B2B and consumer brand visibility; no F1 tie,,L01a
Insurance - Carriers & Reinsurers,MetLife Inc.,metlife.com,United States,Life & Retirement,45000+,20k+,"Revenue >$70B; one of world's largest life insurers, prior Snoopy-branded global marketing campaigns",Globally recognized brand with history of major marketing investment and no current motorsport sponsorship,yes,L01a
Insurance - Carriers & Reinsurers,Prudential Financial Inc.,prudential.com,United States,Life & Retirement,40000+,20k+,Revenue >$50B; major global life/retirement brand,Iconic US-based Prudential (distinct from UK's M&G-owned Prudential plc) has global ambitions and no F1 presence,yes,L01a
Insurance - Carriers & Reinsurers,Principal Financial Group,principal.com,United States,Life / Retirement,19000+,6k-20k,"Revenue >$14B, publicly traded and profitable",Global retirement and asset-management brand seeking international visibility; F1-clean,yes,L01a
Insurance - Carriers & Reinsurers,Lincoln National Corporation (Lincoln Financial),lincolnfinancial.com,United States,Life & Annuities,10000+,6k-20k,"Revenue >$16B, publicly traded",National financial-protection brand rebuilding marketing investment post-turnaround; no motorsport presence,,L01a
Insurance - Carriers & Reinsurers,Voya Financial,voya.com,United States,Retirement / Life,7500+,6k-20k,"Revenue >$8B, publicly traded and profitable",Workplace benefits and retirement brand investing heavily in marketing since 2014 spinoff; F1-clean,yes,L01a
Insurance - Carriers & Reinsurers,Globe Life Inc.,globelifeinsurance.com,United States,Life Insurance,3500+,1k-5k,"Revenue >$5.5B, publicly traded and highly profitable","Profitable niche life insurer with naming-rights sponsorship history (Globe Life Field, MLB Rangers) showing sports-sponsorship appetite",,L01a
Insurance - Carriers & Reinsurers,Reinsurance Group of America (RGA),rgare.com,United States,Life Reinsurance,3000+,1k-5k,"Revenue >$20B, one of world's largest life reinsurers",Global life/health reinsurer with international operations matching F1's calendar footprint; no sponsorship today,,L01a
Insurance - Carriers & Reinsurers,Kemper Corporation,kemper.com,United States,Specialty P&C,7000+,6k-20k,"Revenue >$4.5B, publicly traded",Specialty auto/personal lines insurer rebuilding brand post-restructuring; F1-clean,,L01a
Insurance - Carriers & Reinsurers,Selective Insurance Group,selective.com,United States,Commercial P&C,2600+,1k-5k,"Revenue >$4B, publicly traded and profitable",Growth-oriented regional commercial carrier expanding national brand; no motorsport presence,,L01a
Insurance - Carriers & Reinsurers,Hanover Insurance Group,hanover.com,United States,Commercial & Personal P&C,4600+,1k-5k,"Revenue >$5.8B, publicly traded and profitable",Independent-agent focused carrier looking to build consumer brand recognition; F1-clean,,L01a
Insurance - Carriers & Reinsurers,American Financial Group,afginc.com,United States,Specialty P&C,8000+,6k-20k,"Revenue >$9B, publicly traded and highly profitable",Diversified specialty P&C group (Great American Insurance) with strong profitability and no sports sponsorship platform,,L01a
Insurance - Carriers & Reinsurers,ProAssurance Corporation,proassurance.com,United States,Specialty (medical liability),900+,250-1k,"Revenue >$1.1B, publicly traded","Niche specialty carrier with public listing and stable revenue base; F1-clean, smaller-scale prospect",,L01a
Insurance - Carriers & Reinsurers,Mercury General Corporation,mercuryinsurance.com,United States,Personal Auto P&C,4300+,1k-5k,"Revenue >$4B, publicly traded",California-based auto insurer with motoring-relevant brand and no current motorsport tie,,L01a
Insurance - Carriers & Reinsurers,Munich Re (Münchener Rück),munichre.com,Germany,Reinsurance,44000+,20k+,Revenue >€57B; world's largest reinsurer,Owns ERGO and is one of the largest global (re)insurers by revenue; no F1 sponsorship despite deep sports-risk expertise,yes,L01a
Insurance - Carriers & Reinsurers,Swiss Re,swissre.com,Switzerland,Reinsurance,15000+,6k-20k,Revenue >$45B; world's second-largest reinsurer,Global reinsurance leader with strong institutional brand and no motorsport sponsorship today,yes,L01a
Insurance - Carriers & Reinsurers,SCOR SE,scor.com,France,Reinsurance,3000+,1k-5k,Revenue >€17B; global top-5 reinsurer,Major European reinsurer rebuilding brand and investor confidence post-2023 turnaround; F1-clean,,L01a
Insurance - Carriers & Reinsurers,Hannover Rück (Hannover Re),hannover-re.com,Germany,Reinsurance,4000+,1k-5k,"Revenue >€28B; world's third-largest reinsurer, highly profitable","Large profitable global reinsurer with no consumer-facing sports sponsorship, seeking differentiated B2B visibility",,L01a
Insurance - Carriers & Reinsurers,PartnerRe Ltd,partnerre.com,Bermuda,Reinsurance,2500+,1k-5k,"Revenue >$7B; owned by Covéa, well capitalized",Global reinsurer under French mutual ownership (Covéa) with international footprint; F1-clean,,L01a
Insurance - Carriers & Reinsurers,Zurich Insurance Group,zurich.com,Switzerland,Multiline P&C & Life,55000+,20k+,"Revenue >$70B; top-5 global insurer, sponsors golf (Zurich Classic) and rugby",Existing marquee sports-sponsorship program (PGA Zurich Classic) proves F1-scale budget; not currently in F1,yes,L01a
Insurance - Carriers & Reinsurers,Assicurazioni Generali,generali.com,Italy,Multiline P&C & Life,82000+,20k+,Revenue >€86B; one of Europe's largest insurers,Pan-European insurance leader (verified not on F1's 2026 partner list) with global growth ambitions in Asia and Americas,yes,L01a
Insurance - Carriers & Reinsurers,Mapfre S.A.,mapfre.com,Spain,Multiline P&C,34000+,20k+,Revenue >€26B; largest Spanish insurer with strong Latin American footprint,Global Iberian/LatAm insurer with existing motorsport ties (MotoGP/MAPFRE has sponsored motorcycling) but absent from F1,yes,L01a
Insurance - Carriers & Reinsurers,Talanx AG (HDI),talanx.com,Germany,Multiline / Reinsurance,24000+,20k+,"Revenue >€50B; Germany's third-largest insurer, owns Hannover Re stake","Large diversified German insurance group (HDI, Hannover Re) with international commercial lines footprint; F1-clean",,L01a
Insurance - Carriers & Reinsurers,Ageas SA/NV,ageas.com,Belgium,Multiline P&C & Life,14000+,6k-20k,Revenue >€13B; pan-European/Asian multiline group,Belgian-headquartered insurer with European and Asian JV footprint seeking brand consolidation under single Ageas name,,L01a
Insurance - Carriers & Reinsurers,Baloise Group,baloise.com,Switzerland,Multiline P&C & Life,7000+,6k-20k,Revenue >CHF 8B; profitable Swiss/Belgian/German insurer,Established Swiss-Belgian insurer investing in digital and brand transformation ('Simply Safe'); F1-clean,,L01a
Insurance - Carriers & Reinsurers,Sampo Group / If P&C Insurance,sampo.com,Finland,P&C,10000+,6k-20k,Revenue >€6B; leading Nordic P&C group,"Nordic region's largest P&C insurer, previously sponsored rally/motorsport in Finland but not F1 today",,L01a
Insurance - Carriers & Reinsurers,Tryg A/S,tryg.com,Denmark,P&C,4000+,1k-5k,"Revenue >DKK 25B; largest Danish P&C insurer, now includes RSA Nordics/UK","Leading Nordic insurer expanded via RSA acquisition, building pan-Nordic/UK brand presence; F1-clean",,L01a
Insurance - Carriers & Reinsurers,Gjensidige Forsikring,gjensidige.no,Norway,P&C (mutual),3900+,1k-5k,Revenue >NOK 30B; largest Norwegian P&C insurer,Major Nordic mutual insurer with strong motoring-line focus and no current motorsport sponsorship,yes,L01a
Insurance - Carriers & Reinsurers,Vienna Insurance Group,vig.com,Austria,Multiline P&C & Life,30000+,20k+,Revenue >€13B; leading CEE insurance group across 30 markets,Dominant Central & Eastern European insurer seeking pan-regional brand recognition; F1-clean,,L01a
Insurance - Carriers & Reinsurers,Uniqa Insurance Group,uniqagroup.com,Austria,Multiline P&C & Life,13000+,6k-20k,Revenue >€6.5B; major Austrian/CEE insurer,Second-largest Austrian insurer with CEE footprint building international brand equity,,L01a
Insurance - Carriers & Reinsurers,NN Group,nn-group.com,Netherlands,Life & P&C,13000+,6k-20k,Revenue >€10B; major Dutch insurer active in 11 countries,"Sponsors professional cycling (NN Running Team) and golf, showing marquee sponsorship appetite absent in F1",,L01a
Insurance - Carriers & Reinsurers,Achmea B.V.,achmea.nl,Netherlands,Multiline (mutual/cooperative),14000+,6k-20k,"Revenue >€22B; largest Dutch insurer (Centraal Beheer, Interpolis, Zilveren Kruis)",Largest Netherlands-based insurance group with strong brand portfolio and no motorsport sponsorship,,L01a
Insurance - Carriers & Reinsurers,Aegon Ltd,aegon.com,Netherlands,Life & Retirement,20000+,6k-20k,"Revenue >€10B; global life/pensions group with UK, US and Asian operations",Global life insurer (Transamerica) with international footprint aligned to F1 calendar; F1-clean,,L01a
Insurance - Carriers & Reinsurers,Aviva plc,aviva.com,United Kingdom,Multiline P&C & Life,23000+,20k+,"Revenue >£16B; UK's largest composite insurer, acquired Direct Line in 2025","UK's leading composite insurer expanding scale via Direct Line acquisition; investing in brand consolidation, no F1 tie",yes,L01a
Insurance - Carriers & Reinsurers,Admiral Group plc,admiralgroup.co.uk,United Kingdom,Motor P&C,11000+,6k-20k,"Revenue >£5B, highly profitable UK motor insurer",UK's largest motor insurer with strong profitability and motoring-relevant brand; no F1 sponsorship despite obvious fit,,L01a
Insurance - Carriers & Reinsurers,Legal & General Group,legalandgeneral.com,United Kingdom,Life / Retirement / Asset Mgmt,9000+,6k-20k,Revenue >£8B; FTSE 100 institutional insurer,Major UK financial-services brand with large institutional client base seeking consumer visibility; F1-clean,yes,L01a
Insurance - Carriers & Reinsurers,Phoenix Group Holdings,thephoenixgroup.com,United Kingdom,Life & Pensions Consolidator,7000+,6k-20k,Revenue >£5B; largest UK long-term savings consolidator,Growing UK life/pensions group (Standard Life brand) investing in brand rebuild; no motorsport presence,,L01a
Insurance - Carriers & Reinsurers,Beazley plc,beazley.com,United Kingdom,Specialty / Lloyd's,1800+,1k-5k,"Revenue >$6B, highly profitable Lloyd's specialty insurer","Fast-growing, highly profitable Lloyd's specialty underwriter with cyber/marine expertise relevant to F1 team risk; F1-clean",yes,L01a
Insurance - Carriers & Reinsurers,Hiscox Ltd,hiscoxgroup.com,Bermuda,Specialty / Lloyd's,2700+,1k-5k,Revenue >$5B; global specialty insurer with strong brand marketing history,"Known for distinctive brand advertising (art, high-net-worth) with appetite for premium sponsorship; no F1 tie",yes,L01a
Insurance - Carriers & Reinsurers,AXA SA,axa.com,France,Multiline P&C & Life,145000+,20k+,Revenue >€110B; world's largest insurance brand by some rankings,"Formerly Ferrari's insurance partner (relationship lapsed); AXA XL offers motorsport risk products, but AXA is verified absent from F1's current 2026 partner roster",yes,L01a
Insurance - Carriers & Reinsurers,Groupama SA,groupama.com,France,Multiline (mutual),30000+,20k+,Revenue >€16B; major French mutual insurer with rugby (Stade Français) sponsorship history,"Existing sports-sponsorship track record (rugby, cycling team Groupama-FDJ) shows F1-scale marketing appetite",,L01a
Insurance - Carriers & Reinsurers,Covéa (MAAF/MMA/GMF),covea.eu,France,Multiline (mutual),24000+,20k+,"Revenue >€21B; owns PartnerRe reinsurer, large mutual group",Large diversified French mutual group with international reinsurance arm; no motorsport sponsorship currently,,L01a
Insurance - Carriers & Reinsurers,MACIF,macif.fr,France,Multiline (mutual),10000+,6k-20k,Revenue >€8B; major French mutual insurer,Large French mutual insurer with motor-insurance core business and no current motorsport sponsorship,,L01a
Insurance - Carriers & Reinsurers,MAIF,maif.fr,France,Multiline (mutual),7000+,6k-20k,Revenue >€4B; profitable French mutual insurer,"Well-regarded French mutual known for customer-first brand positioning, room for premium marketing partnership",,L01a
Insurance - Carriers & Reinsurers,R+V Versicherung,ruv.de,Germany,Multiline (cooperative),16000+,6k-20k,Revenue >€19B; major German cooperative insurer (part of DZ Bank Group),Large German cooperative-sector insurer with strong balance sheet and no motorsport sponsorship,,L01a
Insurance - Carriers & Reinsurers,ERGO Group AG,ergo.com,Germany,Multiline P&C & Life,28000+,20k+,"Revenue >€21B; Munich Re's primary insurance arm, active in 30+ countries",Munich Re's international retail insurance brand with presence across Europe and Asia; F1-clean,,L01a
Insurance - Carriers & Reinsurers,Debeka Group,debeka.de,Germany,Life & Health (mutual),16000+,6k-20k,Revenue >€12B; Germany's largest private health/life mutual insurer,Germany's leading private health insurer with strong direct-sales brand and untapped premium sponsorship potential,,L01a
Insurance - Carriers & Reinsurers,Signal Iduna Gruppe,signal-iduna.de,Germany,Multiline (mutual),13000+,6k-20k,"Revenue >€6B; major German mutual insurer, sponsors Borussia Dortmund stadium naming rights",Existing large-scale sports sponsorship (Signal Iduna Park) demonstrates budget for marquee sports branding,,L01a
Insurance - Carriers & Reinsurers,VHV Gruppe,vhv-gruppe.de,Germany,P&C (mutual),4000+,1k-5k,Revenue >€5.5B; leading German construction/motor insurer,Motor and construction-liability specialist with room to build a national/international consumer brand,,L01a
Insurance - Carriers & Reinsurers,Helvetia Group,helvetia.com,Switzerland,Multiline P&C & Life,12000+,6k-20k,"Revenue >CHF 11B; pan-European insurer (Switzerland, Germany, Austria, Spain, Italy)",Diversified European insurer with presence across F1 host markets and no current sponsorship platform,,L01a
Insurance - Carriers & Reinsurers,Die Mobiliar (Swiss Mobiliar),mobiliar.ch,Switzerland,Multiline (mutual),5000+,1k-5k,"Revenue >CHF 4.5B; largest Swiss mutual insurer, profitable","Leading Swiss cooperative insurer known for local sports sponsorship, could scale to international motorsport",,L01a
Insurance - Carriers & Reinsurers,Unipol Gruppo,unipol.it,Italy,Multiline P&C,11000+,6k-20k,Revenue >€16B; Italy's largest P&C insurer,Italy's top P&C insurer with strong motor-line business and cultural proximity to Ferrari/Italian GP; no F1 tie,,L01a
Insurance - Carriers & Reinsurers,Mutua Madrileña,mutua.es,Spain,Multiline (mutual),7000+,6k-20k,"Revenue >€5.5B; Spain's largest motor insurance mutual, active sports sponsor","Existing sponsorship of Spanish sports (cycling, tennis via Mutua Madrid Open) proves marquee-sponsorship appetite; not in F1",,L01a
Insurance - Carriers & Reinsurers,Catalana Occidente,grupocatalanaoccidente.com,Spain,Multiline P&C,7000+,6k-20k,Revenue >€5.7B; owns Atradius credit insurance globally,Diversified Spanish insurer with global credit-insurance arm (Atradius) and Spanish GP home-market relevance,,L01a
Insurance - Carriers & Reinsurers,Bupa (British United Provident Association),bupa.com,United Kingdom,Health Insurance,85000+,20k+,"Revenue >£16B; global health insurer/provider across UK, Spain, Australia, LatAm, Asia",Truly global health brand with presence in most F1 host countries and no current sponsorship platform,,L01a
Insurance - Carriers & Reinsurers,Royal London Mutual Insurance Society,royallondon.com,United Kingdom,Life & Pensions (mutual),4200+,1k-5k,Revenue >£10B; UK's largest mutual life insurer,Largest UK mutual insurer investing in brand awareness against listed rivals; F1-clean,,L01a
Insurance - Carriers & Reinsurers,NFU Mutual,nfumutual.co.uk,United Kingdom,Multiline (mutual),4300+,1k-5k,Revenue >£2B; profitable UK rural/agricultural mutual insurer,Well-capitalized UK mutual with strong regional brand loyalty and headroom for a national-visibility sports partnership,,L01a
Insurance - Carriers & Reinsurers,Lancashire Holdings Limited,lancashiregroup.com,Bermuda,Specialty / Lloyd's Reinsurance,200+,50-250,"Revenue >$1.2B, highly profitable specialty (re)insurer","Smaller but highly profitable Bermuda/Lloyd's specialty underwriter, plausible niche co-sponsor or team partner",yes,L01a
Insurance - Carriers & Reinsurers,Just Group plc,justgroupplc.co.uk,United Kingdom,Retirement / Annuities,1200+,1k-5k,Revenue >£2B; UK's leading specialist retirement income provider,Growing UK retirement-income specialist looking to build broader consumer brand trust; F1-clean,,L01a
Insurance - Carriers & Reinsurers,Odyssey Group Holdings,odysseygroupholdings.com,United States,Reinsurance / Specialty,2500+,1k-5k,"Revenue >$6B; Fairfax-affiliated global reinsurer, recently IPO'd (2023)",Recently public reinsurer investing in brand independence from parent Fairfax; global specialty book fits F1 sponsor profile,,L01a
Insurance - Carriers & Reinsurers,Arthur J. Gallagher & Co.,ajg.com,United States,Insurance Broker,52000+,20k+,"Revenue >$11B; world's third-largest insurance broker, highly acquisitive and profitable",Global broker scale comparable to Marsh/Aon but without an F1 deal — direct challenger opportunity now that Marsh holds F1's slot,yes,L01a
Insurance - Carriers & Reinsurers,Lockton Companies,lockton.com,United States,Insurance Broker,13000+,6k-20k,"Revenue >$4.5B; world's largest privately-held broker, profitable","Largest independent broker globally, actively challenging the Big 3 (Aon/Marsh/WTW); strong motive to differentiate via F1",yes,L01a
Insurance - Carriers & Reinsurers,Brown & Brown Inc.,bbrown.com,United States,Insurance Broker,17000+,6k-20k,"Revenue >$4.8B; publicly traded, highly profitable US broker",Fast-growing publicly traded broker consolidator seeking brand differentiation against larger rivals,,L01a
Insurance - Carriers & Reinsurers,Hub International Limited,hubinternational.com,United States,Insurance Broker,19000+,6k-20k,"Revenue >$4B; top-5 global broker, backed by Hellman & Friedman",Major PE-backed broker consolidator with North American/Canadian scale and global sponsorship ambitions,yes,L01a
Insurance - Carriers & Reinsurers,USI Insurance Services,usi.com,United States,Insurance Broker,10000+,6k-20k,Revenue >$3B; KKR-backed top-10 US broker,Well-capitalized PE-backed broker aggressively expanding national brand presence,yes,L01a
Insurance - Carriers & Reinsurers,Alliant Insurance Services,alliant.com,United States,Insurance Broker,13000+,6k-20k,Revenue >$3.5B; Stone Point/private-equity backed top-10 US broker,Rapidly growing specialty-focused broker with strong PE backing and appetite for premium brand building,yes,L01a
Insurance - Carriers & Reinsurers,Ryan Specialty Group,ryanspecialty.com,United States,Specialty Broker / MGA,5000+,1k-5k,"Revenue >$2.6B; publicly traded, high-growth specialty distributor",High-growth public specialty wholesaler investing heavily in brand since 2021 IPO; F1-clean,,L01a
Insurance - Carriers & Reinsurers,Acrisure LLC,acrisure.com,United States,Insurance Broker / Fintech,17000+,6k-20k,"Revenue >$4B; one of the fastest-growing brokers globally, raised >$1B in recent PE/VC rounds","Hyper-acquisitive broker with major recent capital raises and a stated strategy of high-visibility sports marketing (NHL, soccer sponsorships) — no F1 deal yet",yes,L01a
Insurance - Carriers & Reinsurers,BroadStreet Partners,broadstreetpartners.com,United States,Insurance Broker,9000+,6k-20k,Revenue >$2B; PE-backed top-10 US broker consolidator,"Fast-scaling broker platform backed by major PE sponsors, building national brand identity",yes,L01a
Insurance - Carriers & Reinsurers,Baldwin Insurance Group,baldwin.com,United States,Insurance Broker,4000+,1k-5k,"Revenue >$1.1B; publicly traded (NASDAQ: BWIN), high-growth broker",Publicly traded high-growth broker (formerly Baldwin Risk Partners) with modern brand focus; F1-clean,,L01a
Insurance - Carriers & Reinsurers,AssuredPartners Inc.,assuredpartners.com,United States,Insurance Broker,10000+,6k-20k,Revenue >$2B; Apollo-backed top-15 US broker,Apollo Global-backed broker consolidator with strong capital access for a marquee brand investment,yes,L01a
Insurance - Carriers & Reinsurers,Howden Group Holdings,howdengroup.com,United Kingdom,Insurance Broker,18000+,6k-20k,Revenue >£3B; General Atlantic/CDPQ-backed global broker,Fast-growing global broker aggressively challenging Aon/Marsh/WTW; explicit growth-and-visibility strategy fits F1 sponsorship,yes,L01a
Insurance - Carriers & Reinsurers,The Ardonagh Group,ardonagh.com,United Kingdom,Insurance Broker,11000+,6k-20k,"Revenue >£1.7B; largest independent UK broker, PE-backed (multiple recent capital raises >$150M)",UK's largest independent broker platform with heavy recent PE investment and stated global ambitions,yes,L01a
Insurance - Carriers & Reinsurers,PIB Group,pib-insurance.com,United Kingdom,Insurance Broker,3000+,1k-5k,Revenue >£400M; Carlyle-backed fast-growing European broker consolidator,Carlyle Group-backed European broker platform with recent large funding rounds fueling international brand growth,,L01a
Insurance - Carriers & Reinsurers,Diot-Siaci (SIACI Saint Honoré),diot-siaci.com,France,Insurance Broker,3000+,1k-5k,"Revenue >€500M; France's leading independent broker, backed by Ardian/Butler Industries","Leading French broker group formed via 2021 merger, well-capitalized and building international profile",,L01a
Insurance - Carriers & Reinsurers,Tokio Marine Holdings,tokiomarine-hd.com,Japan,"P&C/Life carrier, global specialty",40000+,20k+,revenue ~$55B/yr; well above $250M revenue gate,"Major global P&C/life group with large international specialty book (incl. Philadelphia Ins, HCC); active global brand-building spend; not an F1 sponsor",,L01b
Insurance - Carriers & Reinsurers,MS&AD Insurance Group Holdings,ms-ad-hd.com,Japan,P&C/Life carrier,36000+,20k+,revenue ~$40B/yr,"Japan's largest P&C insurer (Mitsui Sumitomo, Aioi Nissay Dowa, MSIG); MSIG already sponsors motorsport-adjacent regional properties, no F1 tie",yes,L01b
Insurance - Carriers & Reinsurers,Sompo Holdings,sompo-hd.com,Japan,P&C/Life carrier,30000+,20k+,revenue ~$32B/yr,"Global P&C group with Sompo International specialty arm; strong overseas brand ambitions, no current F1 link",yes,L01b
Insurance - Carriers & Reinsurers,Dai-ichi Life Holdings,dai-ichi-life-hd.com,Japan,Life carrier,55000+,20k+,revenue ~$50B/yr,"One of Japan's largest listed life insurers with global expansion (Protective Life US, TAL Australia); no F1 sponsorship",yes,L01b
Insurance - Carriers & Reinsurers,Nippon Life Insurance,nissay.co.jp,Japan,Life carrier (mutual),70000+,20k+,revenue ~$60B/yr; largest mutual life insurer in Japan,"Massive scale mutual life insurer with growing overseas M&A (US, Asia); no motorsport sponsorship at present",yes,L01b
Insurance - Carriers & Reinsurers,Meiji Yasuda Life Insurance,meijiyasuda.co.jp,Japan,Life carrier (mutual),40000+,20k+,revenue ~$35B/yr,Large Japanese mutual life insurer with international asset management arm; unsponsored in motorsport,,L01b
Insurance - Carriers & Reinsurers,Sumitomo Life Insurance,sumitomolife.co.jp,Japan,Life carrier (mutual),40000+,20k+,revenue ~$30B/yr,"Top-5 Japanese life insurer, active sports sponsor domestically (golf, baseball); no F1 presence",,L01b
Insurance - Carriers & Reinsurers,Samsung Fire & Marine Insurance,samsungfire.com,South Korea,P&C carrier,6000+,5k-6k,revenue ~$15B/yr; Samsung Group affiliate,Korea's largest P&C insurer; Samsung Group has deep global sports sponsorship history (football) but no F1 link for this entity,,L01b
Insurance - Carriers & Reinsurers,Samsung Life Insurance,samsunglife.com,South Korea,Life carrier,6000+,5k-6k,revenue ~$18B/yr,"Korea's largest life insurer, Samsung Group affiliate with global brand ambitions beyond electronics",,L01b
Insurance - Carriers & Reinsurers,DB Insurance,dbinsurance.com,South Korea,P&C carrier,6000+,5k-6k,revenue ~$14B/yr,Korea's #2 non-life insurer with growing overseas specialty (US E&S) business; no motorsport sponsorship,,L01b
Insurance - Carriers & Reinsurers,Hanwha Life Insurance,hanwhalife.com,South Korea,Life carrier,6000+,5k-6k,revenue ~$10B/yr; part of Hanwha Group (6000+ employees at holding level),Hanwha Group is a major global industrial/defense conglomerate; life insurance arm has capital to expand brand internationally,,L01b
Insurance - Carriers & Reinsurers,Kyobo Life Insurance,kyobo.co.kr,South Korea,Life carrier,5000+,1k-5k,revenue ~$9B/yr; top-3 Korean life insurer,"Large private Korean life insurer, part of diversified Kyobo financial group",,L01b
Insurance - Carriers & Reinsurers,Meritz Fire & Marine Insurance,meritzfire.com,South Korea,P&C carrier,3000+,1k-5k,"revenue ~$8B/yr; highly profitable, part of Meritz Financial Group","Fast-growing, highly profitable Korean non-life insurer with aggressive brand investment",,L01b
Insurance - Carriers & Reinsurers,KB Insurance,kbinsure.co.kr,South Korea,P&C carrier,5000+,1k-5k,revenue ~$9B/yr; part of KB Financial Group (35000+ group employees),"Non-life insurance arm of KB Financial Group, one of Korea's largest financial conglomerates",,L01b
Insurance - Carriers & Reinsurers,Hyundai Marine & Fire Insurance,hi.co.kr,South Korea,P&C carrier,4000+,1k-5k,revenue ~$9B/yr; Hyundai Group affiliate,Hyundai-affiliated insurer; Hyundai Motor Group has motorsport (WRC) presence but this insurance entity is unsponsored in F1,,L01b
Insurance - Carriers & Reinsurers,Cathay Financial Holdings,cathayholdings.com,Taiwan,Life/Financial holding,30000+,20k+,revenue ~$25B/yr; Taiwan's largest financial holding co,Cathay Life is Taiwan's #1 life insurer with major regional AUM; no motorsport sponsorship,,L01b
Insurance - Carriers & Reinsurers,Fubon Financial Holding,fubon.com,Taiwan,Life/P&C/Financial holding,30000+,20k+,revenue ~$20B/yr,"Taiwan's #2 financial holding group spanning life, P&C, banking; growing Greater China/SE Asia footprint",,L01b
Insurance - Carriers & Reinsurers,Nan Shan Life Insurance,nanshanlife.com.tw,Taiwan,Life carrier,6000+,5k-6k,revenue ~$10B/yr,"Major Taiwanese life insurer (Ruen Chen Investment-owned), sizable AUM and premium base",,L01b
Insurance - Carriers & Reinsurers,Shin Kong Life Insurance,skl.com.tw,Taiwan,Life carrier,6000+,5k-6k,revenue ~$8B/yr,"Established Taiwanese life insurer, part of Shin Kong Financial Holding",,L01b
Insurance - Carriers & Reinsurers,China Taiping Insurance Group,ctih.cntaiping.com,China (Hong Kong-listed),Life/P&C carrier,6000+,5k-6k,revenue ~$18B/yr; state-backed (CIRC/Ministry of Finance),"State-owned Chinese insurer with international arm (Hong Kong, London, Singapore); global brand-building mandate",,L01b
Insurance - Carriers & Reinsurers,PICC (People's Insurance Company of China),picc.com,China,P&C/Life carrier,6000+,5k-6k,revenue ~$85B/yr; largest P&C insurer in China,"China's flagship state P&C insurer; scale plausibility-checked via public HKEX filings, no F1 sponsorship",,L01b
Insurance - Carriers & Reinsurers,China Pacific Insurance (CPIC),cpic.com.cn,China,Life/P&C carrier,6000+,5k-6k,revenue ~$50B/yr,"Top-3 Chinese composite insurer, dual-listed (Shanghai/HK), global expansion ambitions",,L01b
Insurance - Carriers & Reinsurers,China Life Insurance,chinalife.com.cn,China,Life carrier,6000+,5k-6k,revenue ~$100B+/yr; world's largest life insurer by premium,State-owned life insurance giant with vast capital base and global brand strategy,,L01b
Insurance - Carriers & Reinsurers,Ping An Insurance,pingan.com,China,Life/P&C/Financial conglomerate,300000+,20k+,revenue ~$150B/yr; among world's largest insurers,"Global-scale Chinese insurance/fintech conglomerate; appears in prior enterprise sponsorship lists, included per brief (overlap handled at compile)",yes,L01b
Insurance - Carriers & Reinsurers,AIA Group,aia.com,Hong Kong,"Life carrier, pan-Asia",25000+,20k+,revenue ~$18B/yr; pan-Asian life insurance leader,"Pan-Asian life insurer with history of major sports sponsorships (Tottenham Hotspur shirt, HSBC-adjacent); listed in prior enterprise lists, included per brief",yes,L01b
Insurance - Carriers & Reinsurers,FWD Group,fwd.com,Hong Kong,"Life/health carrier, pan-Asia",6000+,5k-6k,raised well over $150M in funding rounds pre/post-IPO; backed by Pacific Century Group,"Fast-growing pan-Asian insurer (HK, Thailand, Japan, Vietnam, Indonesia, Singapore) with aggressive challenger-brand marketing",,L01b
Insurance - Carriers & Reinsurers,Prudential plc,prudentialplc.com,United Kingdom / Asia-focus,"Life carrier, pan-Asia & Africa",15000+,6k-20k,revenue ~$20B/yr,"UK-listed, Asia/Africa-focused life insurer (distinct from US Prudential Financial); appears in prior enterprise lists, included per brief",yes,L01b
Insurance - Carriers & Reinsurers,Great Eastern Holdings,greateasternlife.com,Singapore,Life carrier,6000+,5k-6k,revenue ~$8B/yr; OCBC Group subsidiary,"Singapore/Malaysia's oldest and largest life insurer, backed by OCBC banking group capital",,L01b
Insurance - Carriers & Reinsurers,Income Insurance (NTUC Income),income.com.sg,Singapore,Life/P&C carrier,2000+,1k-5k,"revenue ~$3B/yr; Singapore composite insurer, Allianz-linked minority stake noted for compile-stage dedup",Leading Singapore composite insurer; flag Allianz minority stake for overlap check at compile,,L01b
Insurance - Carriers & Reinsurers,Singlife,singlife.com,Singapore,Life/digital insurer,1000+,250-1k,raised $150M+ in funding pre-merger with Aviva Singapore; Sumitomo Life-backed,Sumitomo Life-backed Singapore digital-first life insurer with regional ambitions,,L01b
Insurance - Carriers & Reinsurers,Etiqa Insurance & Takaful,etiqa.com.my,Malaysia,Life/Takaful carrier,3000+,1k-5k,part of Maybank Group (46000+ employees); revenue well above $250M,"Maybank's insurance/takaful arm, dominant in Malaysia and expanding across ASEAN/Middle East",,L01b
Insurance - Carriers & Reinsurers,Syarikat Takaful Malaysia (Takaful Malaysia),takaful-malaysia.com.my,Malaysia,Takaful carrier,1500+,1k-5k,revenue ~$500M+/yr; market leader in Malaysian takaful,"Malaysia's largest standalone takaful operator, listed on Bursa Malaysia",,L01b
Insurance - Carriers & Reinsurers,Asuransi Astra (Garda Oto),asuransiastra.com,Indonesia,P&C carrier,3000+,1k-5k,"part of Astra International (150000+ group employees, multi-billion revenue)",Astra Group's insurance arm; Astra International sponsors motorsport regionally and has deep automotive ties,,L01b
Insurance - Carriers & Reinsurers,BRI Life (BRIngin Life),bringinlife.co.id,Indonesia,Life carrier,2000+,1k-5k,"backed by Bank Rakyat Indonesia (state bank, 80000+ employees)",State bank BRI's life insurance subsidiary with large captive distribution base,,L01b
Insurance - Carriers & Reinsurers,Thai Life Insurance,thailife.com,Thailand,Life carrier,6000+,5k-6k,"revenue ~$3B/yr; Meiji Yasuda-backed, listed on SET","Thailand's largest domestic life insurer, publicly listed with Meiji Yasuda as strategic partner",,L01b
Insurance - Carriers & Reinsurers,Bangkok Life Assurance,bangkoklife.com,Thailand,Life carrier,2000+,1k-5k,"revenue ~$1.5B/yr; listed on SET, Bangkok Bank-affiliated",Bangkok Bank-affiliated life insurer with strong bancassurance distribution,,L01b
Insurance - Carriers & Reinsurers,Muang Thai Life Assurance,muangthai.co.th,Thailand,Life carrier,3000+,1k-5k,revenue ~$3B/yr; Ageas/Fairfax-backed JV,"Top-3 Thai life insurer, joint venture with Ageas and Fairfax Financial giving international capital backing",,L01b
Insurance - Carriers & Reinsurers,Bao Viet Holdings,baoviet.com.vn,Vietnam,Life/P&C carrier,7000+,6k-20k,revenue ~$1.5B/yr; Sumitomo Life strategic stake,"Vietnam's largest state-linked insurance group, Sumitomo Life is a strategic shareholder giving added capital depth",,L01b
Insurance - Carriers & Reinsurers,Life Insurance Corporation of India (LIC),licindia.in,India,Life carrier,100000+,20k+,revenue ~$90B/yr; world's largest life insurer by policies,"State-owned giant, one of the world's largest insurers by AUM and policyholder base",yes,L01b
Insurance - Carriers & Reinsurers,ICICI Lombard General Insurance,icicilombard.com,India,P&C carrier,14000+,6k-20k,revenue ~$2.5B/yr; India's largest private non-life insurer,"India's largest private general insurer, backed by ICICI Bank capital and distribution",,L01b
Insurance - Carriers & Reinsurers,ICICI Prudential Life Insurance,iciciprulife.com,India,Life carrier,15000+,6k-20k,revenue ~$8B/yr; JV of ICICI Bank and Prudential plc,Top private Indian life insurer with strong bancassurance and digital distribution,,L01b
Insurance - Carriers & Reinsurers,HDFC Life Insurance,hdfclife.com,India,Life carrier,18000+,6k-20k,revenue ~$8B/yr; part of HDFC Group,"Leading private Indian life insurer, part of the large HDFC financial services group",,L01b
Insurance - Carriers & Reinsurers,HDFC ERGO General Insurance,hdfcergo.com,India,P&C carrier,6000+,5k-6k,revenue ~$2B/yr; JV with ERGO/Munich Re,"Major Indian general insurer, JV between HDFC and Munich Re's ERGO giving global specialty backing",,L01b
Insurance - Carriers & Reinsurers,SBI Life Insurance,sbilife.co.in,India,Life carrier,20000+,6k-20k,revenue ~$10B/yr; State Bank of India-backed,"India's largest bancassurance-led private life insurer, backed by State Bank of India",,L01b
Insurance - Carriers & Reinsurers,Star Health and Allied Insurance,starhealth.in,India,Health carrier,15000+,6k-20k,revenue ~$1.5B/yr; India's largest standalone health insurer,"Dominant standalone health insurer in India, listed on NSE/BSE, strong growth capital",,L01b
Insurance - Carriers & Reinsurers,Tata AIG General Insurance,tataaig.com,India,P&C carrier,6000+,5k-6k,revenue ~$1.5B/yr; JV between Tata Group and AIG,Tata Group insurance JV; Tata Group has deep motorsport/automotive heritage but this entity unsponsored in F1,,L01b
Insurance - Carriers & Reinsurers,New India Assurance,newindia.co.in,India,P&C carrier,14000+,6k-20k,revenue ~$4B/yr; India's largest state-owned general insurer,"State-owned general insurance giant with international branch network across Asia, Africa, Middle East",,L01b
Insurance - Carriers & Reinsurers,General Insurance Corporation of India (GIC Re),gicofindia.com,India,Reinsurance,600+,250-1k,"revenue ~$3B/yr; India's national reinsurer, state-owned",India's largest reinsurer with global cedant relationships and state capital backing,,L01b
Insurance - Carriers & Reinsurers,Bupa Arabia,bupa.com.sa,Saudi Arabia,Health carrier,3000+,1k-5k,revenue ~$3B/yr; Saudi Arabia's largest health insurer,"Dominant Saudi health insurer, part of the global Bupa network with strong brand marketing budget",,L01b
Insurance - Carriers & Reinsurers,Tawuniya (Company for Cooperative Insurance),tawuniya.com.sa,Saudi Arabia,P&C/Health carrier,2500+,1k-5k,revenue (gross written premium) ~$3.7B/yr; Saudi Arabia's largest composite insurer,"Saudi Arabia's oldest and largest insurer, government-linked, sizable marketing budget as Vision 2030 sponsor of local events",yes,L01b
Insurance - Carriers & Reinsurers,Medgulf (Mediterranean and Gulf Insurance),medgulf.com.sa,Saudi Arabia,Life/P&C carrier,1500+,1k-5k,revenue ~$800M/yr; major Gulf-wide composite insurer,"Established pan-Gulf insurer (Saudi, Bahrain, Lebanon) with regional brand ambitions",,L01b
Insurance - Carriers & Reinsurers,ADNIC (Abu Dhabi National Insurance Company),adnic.ae,United Arab Emirates,P&C/Life carrier,600+,250-1k,revenue (GWP) ~$1B/yr; largest listed insurer in Abu Dhabi,Abu Dhabi's flagship listed insurer with government-linked shareholders and deep capital base amid UAE's F1 host status (Abu Dhabi GP),,L01b
Insurance - Carriers & Reinsurers,Sukoon Insurance,sukoon.com,United Arab Emirates,Life/P&C carrier,1000+,250-1k,"revenue (GWP) ~$800M/yr; formerly Oman Insurance Company, UAE's largest composite insurer","UAE's largest insurer by premium, rebranded 2023 with major marketing investment; based in Abu Dhabi GP host market",,L01b
Insurance - Carriers & Reinsurers,GIG Gulf (Gulf Insurance Group),gulfinsgroup.com,Kuwait / UAE,P&C/Life carrier,2500+,1k-5k,revenue (GWP) ~$1.6B/yr; KIPCO Group subsidiary spanning 12+ countries,"Pan-MENA insurer (Kuwait, UAE, Bahrain, Jordan, Egypt, Iraq) with KIPCO conglomerate capital backing",,L01b
Insurance - Carriers & Reinsurers,Qatar Insurance Company (QIC Group),qic-group.com,Qatar,P&C/Reinsurance,1500+,1k-5k,revenue (GWP) ~$2.5B/yr; largest listed insurer in Qatar/MENA,"Largest composite insurer and reinsurer in the Gulf region; Qatar Airways is already an F1 partner, adjacent brand awareness in the sport",,L01b
Insurance - Carriers & Reinsurers,Malath Insurance,malath.com.sa,Saudi Arabia,P&C carrier,600+,250-1k,revenue (GWP) ~$400M/yr; listed on Tadawul,Growing Saudi cooperative insurer benefiting from Vision 2030 mandatory-insurance expansion,,L01b
Insurance - Carriers & Reinsurers,Walaa Cooperative Insurance,walaa.com,Saudi Arabia,P&C carrier,600+,250-1k,revenue (GWP) ~$650M/yr; listed on Tadawul,Established Saudi cooperative insurer with rising premium volume amid Saudi Arabia's global sports investment push,,L01b
Insurance - Carriers & Reinsurers,Old Mutual,oldmutual.com,South Africa,Life/Financial services,25000+,20k+,revenue ~$5B/yr; pan-African financial services leader,"Africa's largest life insurer/financial services group, active sports sponsor (rugby, golf) across the continent",,L01b
Insurance - Carriers & Reinsurers,Sanlam,sanlam.com,South Africa,Life/Financial services,25000+,20k+,revenue ~$8B/yr; largest non-banking financial services group in Africa,"Pan-African insurance giant operating in 30+ countries with major sports sponsorship history (golf, rugby)",,L01b
Insurance - Carriers & Reinsurers,Discovery Limited,discovery.co.za,South Africa,Health/Life carrier,12000+,6k-20k,revenue ~$3B/yr; innovative health/life insurer with global licensing (Vitality),"Global health-engagement insurer (Vitality model licensed to John Hancock, AIA, Generali); strong performance-brand affinity for motorsport-style engagement",,L01b
Insurance - Carriers & Reinsurers,Santam,santam.co.za,South Africa,P&C carrier,4000+,1k-5k,"revenue ~$2.5B/yr; South Africa's largest short-term insurer, Sanlam-controlled",Market-leading South African P&C insurer with strong sports sponsorship track record domestically,,L01b
Insurance - Carriers & Reinsurers,OUTsurance Group,outsurance.co.za,South Africa,P&C carrier,3000+,1k-5k,"revenue ~$1B/yr; listed on JSE/LSE, operates in SA, Australia, Ireland","Fast-growing direct insurer expanding into UK/Ireland/Australia, strong marketing spend as core brand strategy",,L01b
Insurance - Carriers & Reinsurers,Leadway Assurance,leadway.com,Nigeria,Life/P&C carrier,1000+,250-1k,revenue ~$300M+/yr; Nigeria's largest insurer by GWP,"Nigeria's #1 insurer by premium and asset base, regional West African expansion underway",,L01b
Insurance - Carriers & Reinsurers,Jubilee Insurance (Jubilee Holdings),jubileeinsurance.com,Kenya,Life/P&C carrier,1500+,1k-5k,"revenue ~$400M+/yr; East Africa's largest composite insurer, listed on NSE/USE/DSE","Pan-East African insurer (Kenya, Uganda, Tanzania, Burundi, Mauritius) with regional scale",,L01b
Insurance - Carriers & Reinsurers,Britam Holdings,britam.com,Kenya,Life/Financial services,1200+,1k-5k,revenue ~$300M+/yr; listed on Nairobi Securities Exchange,Leading Kenyan/East African financial services and insurance group with regional footprint,,L01b
Insurance - Carriers & Reinsurers,Wafa Assurance,wafaassurance.ma,Morocco,Life/P&C carrier,1500+,1k-5k,revenue ~$1B+/yr; part of Attijariwafa Bank group,"Morocco's largest insurer, part of the pan-African Attijariwafa banking group with continental reach",,L01b
Insurance - Carriers & Reinsurers,SulAmérica,sulamerica.com.br,Brazil,Health/Life carrier,6000+,5k-6k,"revenue ~$4B/yr; acquired by Rede D'Or, one of Brazil's largest health insurers","Major Brazilian health/life insurer with long sports sponsorship history (tennis, motorsport-adjacent events) domestically",,L01b
Insurance - Carriers & Reinsurers,Porto Seguro,portoseguro.com.br,Brazil,P&C carrier,14000+,6k-20k,revenue ~$5B/yr; Brazil's largest auto/home insurer,Brazil's leading P&C insurer with major domestic brand marketing spend and history of motorsport sponsorship (stock car racing),,L01b
Insurance - Carriers & Reinsurers,Bradesco Seguros,bradescoseguros.com.br,Brazil,Life/P&C carrier,8000+,6k-20k,revenue ~$10B/yr; insurance arm of Banco Bradesco,"Insurance arm of Brazil's largest private bank, massive capital base and existing sports sponsorship activity",,L01b
Insurance - Carriers & Reinsurers,Itaú Seguros,itau.com.br,Brazil,Life/P&C carrier,6000+,5k-6k,"part of Itaú Unibanco (95000+ group employees, multi-billion revenue)",Insurance arm of Latin America's largest private bank; Itaú has history of major sports sponsorship globally,yes,L01b
Insurance - Carriers & Reinsurers,GNP Seguros (Grupo Nacional Provincial),gnp.com.mx,Mexico,Life/P&C carrier,9000+,6k-20k,"revenue ~$4B/yr; Mexico's largest insurer, part of Grupo BAL","Mexico's #1 insurer by premium, backed by the large diversified Grupo BAL conglomerate",,L01b
Insurance - Carriers & Reinsurers,Qualitas Controladora,qualitas.com.mx,Mexico,P&C carrier (auto),6000+,5k-6k,"revenue ~$2.5B/yr; Mexico's largest auto insurer, listed on BMV",Dominant Mexican auto insurer with strong brand-marketing culture and motorsport-adjacent customer base,,L01b
Insurance - Carriers & Reinsurers,Grupo Sura (Suramericana),gruposura.com,Colombia,Life/P&C/Financial services,35000+,20k+,revenue ~$14B/yr; largest financial/insurance conglomerate in Latin America,"Pan-Latin American insurance and asset management group (Colombia, Mexico, Peru, Chile, Uruguay, El Salvador, Dominican Republic)",,L01b
Insurance - Carriers & Reinsurers,Rimac Seguros,rimac.com.pe,Peru,Life/P&C carrier,6000+,5k-6k,"revenue ~$2B/yr; Peru's largest insurer, Breca Group affiliate",Dominant Peruvian insurer with strong regional brand presence and diversified conglomerate backing,,L01b
Insurance - Carriers & Reinsurers,Manulife Financial,manulife.com,Canada,"Life carrier, global (strong Asia footprint)",38000+,20k+,revenue ~$55B/yr,"Global life/wealth insurer with a large, growth-focused Asia division (Manulife Asia); active global sports sponsor (golf, tennis)",yes,L01b
Insurance - Carriers & Reinsurers,Sun Life Financial,sunlife.com,Canada,"Life carrier, global (strong Asia footprint)",20000+,6k-20k,revenue ~$25B/yr,"Global life and health insurer with major Asian operations (Philippines, Indonesia, Vietnam, India, China, Hong Kong); long history of sports sponsorship (formerly title sponsor of a WTA tour)",yes,L01b
Insurance - Specialty & Insurtech,Lemonade Inc,lemonade.com,USA,D2C digital insurer (home/renters/auto/life),"1,000-1,500",1k-5k,"Public (NYSE: LMND); raised $700M+ pre-IPO plus $319M IPO, cumulative >$1B raised","Youthful, meme-friendly D2C insurance brand chasing global category awareness; strong appetite for stunt marketing and Gen Z/millennial audiences F1 now reaches.",yes,L02a
Insurance - Specialty & Insurtech,Root Inc,root.com,USA,D2C digital auto insurer,"800-1,000",250-1k,"Public (NASDAQ: ROOT); 2024 revenue ~$1.1B, turned profitable; raised $500M+ pre-IPO","Newly profitable digital auto insurer rebuilding brand post-turnaround; F1's affluent, tech-forward audience is an efficient auto-insurance acquisition channel.",,L02a
Insurance - Specialty & Insurtech,Hippo Insurance,hippo.com,USA,D2C digital home insurer,400-600,250-1k,"Public (NYSE: HIPO); raised ~$700M pre-IPO plus SPAC proceeds, cumulative >$1B",Home-insurance challenger seeking category disruption story and awareness lift as it scales beyond core US home market.,yes,L02a
Insurance - Specialty & Insurtech,Next Insurance,nextinsurance.com,USA,SME/commercial insurtech,700-750,250-1k,Acquired by Munich Re/ERGO 2025 at ~$2.6B valuation; backed by Munich Re (>$80B revenue parent),Small-business/tradesperson insurer with Munich Re's marketing muscle behind it; contractor/tradie customer base overlaps with F1's blue-collar-to-affluent fan spread.,,L02a
Insurance - Specialty & Insurtech,Coalition Inc,coalitioninc.com,USA,Cyber insurance/insurtech,"900-1,100",1k-5k,Raised >$780M cumulative; $5B valuation (2022 Series F),"Fast-growing cyber-insurance MGA wanting enterprise credibility; tech/data-security theme aligns with F1's tech-partner ecosystem (Oracle, CrowdStrike, etc.).",,L02a
Insurance - Specialty & Insurtech,At-Bay,at-bay.com,USA,Cyber insurance/insurtech,600-800,250-1k,"Raised ~$300M+ cumulative; $1.35B valuation (unicorn, 2021 Series D)",Cyber insurer competing for brand share against Coalition/Resilience; global broker-facing awareness campaign would fit F1 hospitality/paddock access model.,,L02a
Insurance - Specialty & Insurtech,Alan,alan.com,France,Health insurtech (D2C + group health),740,250-1k,"€100M raise March 2026 (>€5B valuation); €785M ARR in 2025, up 53% YoY; >€150M raised in trailing 24mo","Europe's leading health insurtech unicorn with a premium consumer brand and strong French/Benelux presence, a market F1 is actively growing (Monaco, French GP talk).",yes,L02a
Insurance - Specialty & Insurtech,Oscar Health,hioscar.com,USA,Health insurtech,"3,000+",1k-5k,Public (NYSE: OSCR); 2024 revenue >$9B,Tech-driven ACA marketplace insurer with large marketing budget looking to build consumer brand trust beyond open-enrollment season.,,L02a
Insurance - Specialty & Insurtech,Devoted Health,devoted.com,USA,Health insurtech (Medicare Advantage),"2,200+",1k-5k,Raised $2.6B cumulative; $12.9-13B valuation; raised $366M across Nov 2025-Jan 2026 (<24mo),Well-capitalized Medicare Advantage insurtech with a senior-skewing customer base that overlaps with F1's growing affluent/older demographic viewership.,,L02a
Insurance - Specialty & Insurtech,Clover Health,cloverhealth.com,USA,Health insurtech (Medicare Advantage),"900-1,100",1k-5k,Public (NASDAQ: CLOV); 2024 revenue ~$1.8B,Public Medicare Advantage insurtech investing in brand awareness as it scales profitably; motorsport partnerships underused in health-insurance category.,,L02a
Insurance - Specialty & Insurtech,PB Fintech (PolicyBazaar),policybazaar.com,India,Insurance comparison platform,"10,000+",6k-20k,Public (NSE: POLICYBZR); revenue >$600M and profitable,India's dominant insurance marketplace with F1's growing Indian fanbase (Indian GP discussions) and a brand built on mass digital marketing.,,L02a
Insurance - Specialty & Insurtech,Acko,acko.com,India,D2C digital general/health insurer,"1,300-1,500",1k-5k,Raised $458M cumulative; $1.4B valuation; 2025 revenue $283.7M ARR,"India's leading digital-only insurer (auto, health) backed by Amazon/General Atlantic, positioned for a premium motorsport-adjacent brand push.",,L02a
Insurance - Specialty & Insurtech,Digit Insurance (Go Digit),godigit.com,India,D2C digital general insurer,"4,000-5,000",1k-5k,"Public (NSE/BSE, IPO 2024); FY23 revenue ~$676M",Publicly listed Indian digital insurer with strong brand marketing history (celebrity endorsements) and appetite for global-facing campaigns.,,L02a
Insurance - Specialty & Insurtech,bolttech,bolttech.io,Singapore,Embedded insurance / insurtech exchange,"1,000",250-1k,Raised $553M cumulative; $2.1B valuation (June 2025 Series C); ~$320M ARR,"Global embedded-insurance exchange spanning 35+ markets, well-funded unicorn seeking premium global brand positioning.",,L02a
Insurance - Specialty & Insurtech,ZhongAn Online P&C Insurance,zhongan.com,China,Digital-only general insurer,"5,000+",1k-5k,Public (HKEX: 6060); revenue >$3B RMB,"China's first fully digital insurer, backed by Ant/Tencent/Ping An heritage; F1's Chinese GP and fanbase growth make this a natural target.",,L02a
Insurance - Specialty & Insurtech,Waterdrop Inc,waterdrop-inc.com,China,Insurance brokerage / health platform,"1,500-2,000",1k-5k,"Public (NASDAQ: WDH); 2025 revenue RMB 3.98B (~$560M), profitable with rising net profit","Profitable, publicly listed Chinese insurtech looking for international credibility as it diversifies beyond crowdfunding-linked insurance distribution.",,L02a
Insurance - Specialty & Insurtech,Ethos Life,ethos.com,USA,D2C digital life insurance,750,250-1k,"IPO Jan 2026 (NASDAQ: LIFE) raised $200M; >$500M cumulative raised, incl. >$150M in trailing 24mo",Newly public AI-underwriting life insurer with fresh IPO capital and a mandate to build category awareness fast.,,L02a
Insurance - Specialty & Insurtech,Cover Genius,covergenius.com,Australia,Embedded insurance (travel/e-commerce/mobility),700-800,250-1k,Raised $355M+ cumulative; $1.9B valuation (2026); >$3B cumulative gross written sales,"Embedded-insurance leader for airlines, e-commerce and mobility platforms; F1 ticketing/travel partners are a natural distribution tie-in.",,L02a
Insurance - Specialty & Insurtech,ManyPets,manypets.com,UK,Pet insurance,550-650,250-1k,Raised ~$350M cumulative; ~$2B valuation (2022 round led by ADIA/Hercules Capital),Well-funded UK/US pet insurer with a playful consumer brand looking for premium sponsorship halo beyond direct-response marketing.,,L02a
Insurance - Specialty & Insurtech,Trupanion,trupanion.com,USA,Pet insurance,850-950,250-1k,Public (NASDAQ: TRUP); 2024 revenue ~$1.1B,"Largest pure-play pet insurer in North America, publicly traded, with budget for category-defining brand campaigns.",,L02a
Insurance - Specialty & Insurtech,Clearcover,clearcover.com,USA,D2C digital auto insurer,400-500,250-1k,Raised ~$300M cumulative (incl. $200M Series D at $1.3B valuation),Unicorn-valued digital auto insurer competing for mindshare against Root/Clearcover peers via performance and brand marketing.,,L02a
Insurance - Specialty & Insurtech,Jerry,getjerry.com,USA,Auto insurance comparison/ownership app,550-650,250-1k,"Raised >$240M cumulative; among the best-funded US auto-insurance apps, backed by Goodwater/Volition",AI-driven car-ownership super app with an auto-enthusiast user base that overlaps directly with F1 fandom.,,L02a
Insurance - Specialty & Insurtech,The Zebra,thezebra.com,USA,Insurance comparison platform,350-450,250-1k,Raised $282M cumulative; $1.4B valuation (2021 unicorn round),Leading US insurance comparison site with a data-driven brand story well suited to F1's tech-forward broadcast partners.,,L02a
Insurance - Specialty & Insurtech,Fabric (Western & Southern),meetfabric.com,USA,D2C digital life insurance,100-250,250-1k,Acquired 2023 by Western & Southern Financial Group (mutual insurer with $100B+ assets under management),Digital life-insurance brand for young families now backed by a large mutual insurer with marketing capacity to spend.,,L02a
Insurance - Specialty & Insurtech,Policygenius (Zinnia),policygenius.com,USA,Insurance comparison platform,350-450,250-1k,Acquired by Zinnia (backed by Harvest Partners) 2023; Zinnia administers hundreds of billions in premium/assets,Trusted US insurance marketplace brand (life/home/auto) with PE-backed parent capacity for a premium sponsorship push.,,L02a
Insurance - Specialty & Insurtech,GoHealth,gohealth.com,USA,Health insurance marketplace,"2,500-3,000",1k-5k,Public (NASDAQ: GOCO); revenue ~$700-900M,Publicly traded health-insurance marketplace with large media-buying operation; motorsport sponsorship would diversify beyond direct-response TV.,,L02a
Insurance - Specialty & Insurtech,SelectQuote,selectquote.com,USA,Insurance marketplace (life/health/senior),"4,000-5,000",1k-5k,Public (NYSE: SLQT); revenue >$1.3B,Large publicly traded insurance marketplace seeking brand differentiation from GoHealth/SelectQuote category peers.,,L02a
Insurance - Specialty & Insurtech,EverQuote,everquote.com,USA,Insurance comparison/ad marketplace,600-700,250-1k,Public (NASDAQ: EVER); revenue ~$550-650M,Leading online insurance marketing exchange with data-heavy positioning that fits F1's technology/analytics sponsor narrative.,,L02a
Insurance - Specialty & Insurtech,MediaAlpha,mediaalpha.com,USA,Insurance marketing exchange,250-350,250-1k,Public (NYSE: MAX); revenue ~$700M+,Public insurance ad-exchange platform with scale to fund a marquee awareness campaign in a category with little motorsport presence.,,L02a
Insurance - Specialty & Insurtech,Assurance IQ,assurance.com,USA,Digital insurance marketplace (health/life/auto),"900-1,100",1k-5k,Owned by Prudential Financial (acquired 2019 for up to $3.5B); parent revenue >$50B,AI-powered insurance marketplace backed by Prudential's balance sheet and marketing budget.,,L02a
Insurance - Specialty & Insurtech,Corvus Insurance (a Travelers company),corvusinsurance.com,USA,Cyber/commercial insurtech,200-300,250-1k,Acquired by Travelers 2023 (~$435M); Travelers is Fortune 500 (revenue >$45B),"AI-driven cyber MGA now backed by Travelers' scale, positioned to lead cyber-insurance brand-building in motorsport-adjacent tech sponsorships.",,L02a
Insurance - Specialty & Insurtech,CFC Underwriting,cfc.com,UK,Specialty/cyber MGA,"1,000+",250-1k,"PE-backed specialty MGA; gross written premium >$2B, profitable","One of the world's largest cyber/specialty MGAs, London-based in F1's commercial heartland, with budget for high-profile brand plays.",,L02a
Insurance - Specialty & Insurtech,Shift Technology,shift-technology.com,France,Claims/underwriting AI,550-650,250-1k,"Raised >$300M cumulative; unicorn valuation (~$1B, 2021 Series E $220M)","Leading AI fraud-detection platform for insurers, global client base, well suited to a data/AI-themed F1 tech partnership.",,L02a
Insurance - Specialty & Insurtech,Tractable,tractable.ai,UK,Claims/underwriting AI (damage assessment),200-300,250-1k,Raised $160M+ cumulative; ~$1B valuation (SoftBank-backed unicorn),AI visual-damage-assessment unicorn used by major insurers globally; motorsport crash-damage imagery is on-brand for its computer-vision story.,yes,L02a
Insurance - Specialty & Insurtech,CCC Intelligent Solutions,cccis.com,USA,Claims/underwriting AI (auto claims),"2,500-2,800",1k-5k,Public (NASDAQ: CCCS); 2023 revenue ~$944M,"Dominant auto-claims AI platform connecting insurers, repairers and OEMs — a natural fit given F1's automotive-industry ecosystem.",yes,L02a
Insurance - Specialty & Insurtech,Verisk Analytics,verisk.com,USA,Underwriting data & analytics,"7,000+",6k-20k,Public (NASDAQ: VRSK); revenue >$2.7B,"Data/analytics backbone of the global P&C insurance industry, ample budget for a signature global sports sponsorship.",yes,L02a
Insurance - Specialty & Insurtech,Guidewire Software,guidewire.com,USA,Core insurance platform (underwriting/claims),"3,000+",1k-5k,Public (NYSE: GWRE); FY2024 revenue >$900M,Leading core-systems software vendor to P&C insurers worldwide; sponsorship could support its global expansion and cloud-migration story.,yes,L02a
Insurance - Specialty & Insurtech,Duck Creek Technologies,duckcreek.com,USA,Core insurance software,"1,700-1,900",1k-5k,Taken private by Vista Equity Partners 2023 (~$2.6B); revenue ~$260M,PE-backed core insurance software vendor competing head-to-head with Guidewire for global insurer mindshare.,,L02a
Insurance - Specialty & Insurtech,Earnix,earnix.com,Israel,Underwriting/pricing AI,550-650,250-1k,Raised >$200M cumulative; valuation >$1.35B (General Atlantic/Insight Partners-backed unicorn),Real-time pricing and underwriting AI used by top-tier global insurers; a natural fit for an AI/data-themed F1 partnership.,,L02a
Insurance - Specialty & Insurtech,GoCompare (Future plc),gocompare.com,UK,Insurance comparison platform,350-450,250-1k,"Acquired by Future plc 2023 (£594M); Future plc public (LSE: FUTR), revenue >£800M",Iconic UK comparison brand (Gio Compario) now backed by a large public media group with cross-promotion capacity via F1's UK broadcast/media ties.,,L02a
Insurance - Specialty & Insurtech,Moneysupermarket Group,moneysupermarket.com,UK,Insurance comparison platform,600-800,250-1k,Public (LSE: MONY); revenue ~£440M,"One of the UK's largest price-comparison groups, with insurance as a core vertical and a history of high-profile brand campaigns.",,L02a
Insurance - Specialty & Insurtech,Compare the Market (BGL Group),comparethemarket.com,UK,Insurance comparison platform,"1,800-2,200",1k-5k,"BGL Group revenue >£800M, profitable; famous for outsized above-the-line marketing spend ('meerkat' campaign)",Marketing-first insurance comparison brand already proven to invest heavily in mass-audience sponsorship-style campaigns.,,L02a
Insurance - Specialty & Insurtech,Confused.com,confused.com,UK,Insurance comparison platform,250-350,250-1k,"Owned by Admiral Group (public, LSE: ADM, revenue >£3B)","Long-running UK comparison brand backed by Admiral's profitable balance sheet, competing directly with Compare the Market/GoCompare for share of voice.",,L02a
Insurance - Specialty & Insurtech,Turtlemint,turtlemint.com,India,Insurance distribution platform,"2,500-3,000",1k-5k,Raised >$250M cumulative; >$900M valuation (unicorn),"India's largest insurance-advisor distribution platform, positioned to benefit from F1's rapidly growing Indian audience.",,L02a
Insurance - Specialty & Insurtech,Auto & General Insurance Group (Budget Direct),budgetdirect.com.au,South Africa,D2C digital direct insurer (multi-market),"3,000+",1k-5k,"Large private direct-insurance group across Australia, NZ, Thailand, Singapore and the UK; substantial multi-billion-dollar premium base","Multi-market direct insurer with brands across several F1-hosting countries (Australia, Singapore), giving natural activation reach.",,L02a
Insurance - Specialty & Insurtech,Admiral Group,admiral.com,UK,D2C digital direct motor/home insurer,"11,000+",6k-20k,"Public (LSE: ADM); revenue >£3B, highly profitable","UK's largest digital-direct motor insurer, with deep pockets and a history of high-visibility consumer marketing.",,L02a
Insurance - Specialty & Insurtech,Direct Line Group,directline.com,UK,D2C digital direct insurer,"9,000+",6k-20k,Public (LSE: DLG); revenue ~£3B,Major UK direct insurer looking to rebuild brand momentum post-restructuring; F1's UK fanbase (Silverstone GP) is a core target market.,,L02a
Insurance - Specialty & Insurtech,esure Group,esure.com,UK,D2C digital direct insurer,"2,000+",1k-5k,"PE-owned (Bain Capital); revenue >£700M, profitable",Profitable UK direct insurer (esure/Sheilas' Wheels) seeking brand refresh under private-equity ownership.,,L02a
Insurance - Specialty & Insurtech,Zego,zego.com,UK,Embedded/flexible commercial motor insurance,350-450,250-1k,Raised ~$200M cumulative; $1.1B valuation (2021 unicorn round),Flexible commercial-motor insurtech (gig/fleet drivers) with a motoring-native product story that fits motorsport sponsorship naturally.,,L02a
Insurance - Specialty & Insurtech,Marshmallow,marshmallow.com,UK,D2C digital car insurance,350-450,250-1k,Raised ~$183M cumulative; $1.25B valuation (2021 unicorn round),Fast-growing UK digital car insurer targeting underserved drivers; a motorsport partnership would boost mainstream brand credibility.,,L02a
Insurance - Specialty & Insurtech,Simplesurance (Allianz),simplesurance.com,Germany,Embedded insurance platform,300-400,250-1k,Acquired by Allianz X/Allianz 2023; backed by Allianz (revenue >€160B),"Embedded-insurance leader for e-commerce checkout flows, now backed by Allianz's scale and existing motorsport marketing experience.",,L02a
Insurance - Specialty & Insurtech,Betterfly,betterfly.com,Chile,Wellness-linked life insurance (LatAm),700-900,250-1k,Raised >$125M cumulative; $1.2B valuation (2022 unicorn round),"Latin America's leading insurtech unicorn, positioned for a regional brand push as F1 expands its LatAm footprint (Mexico City, Brazil GPs).",,L02a
Insurance - Specialty & Insurtech,Haven Life,havenlife.com,USA,D2C digital life insurance,250-350,250-1k,Wholly owned by MassMutual (mutual insurer with $300B+ assets under management),"Digital life-insurance brand backed by MassMutual's balance sheet, seeking modern brand halo among younger buyers.",,L02a
Insurance - Specialty & Insurtech,Embrace Pet Insurance,embracepetinsurance.com,USA,Pet insurance,450-550,250-1k,Owned by Liberty Mutual (parent revenue >$45B),"Well-capitalized pet insurer (Liberty Mutual-backed) in a fast-growing, sponsorship-light category.",,L02a
Insurance - Specialty & Insurtech,Fetch Pet Insurance (Independence Pet Group),fetchpet.com,USA,Pet insurance,550-650,250-1k,"Part of Independence Pet Group, backed by JAB Holding Company (deep-pocketed European investment group)","One of North America's largest pet insurers, backed by JAB's significant capital base and consumer-brand portfolio experience.",,L02a
Insurance - Specialty & Insurtech,Ki Insurance,ki-insurance.com,UK,Claims/underwriting AI (algorithmic Lloyd's syndicate),150-200,50-250,"Raised ~$500M cumulative (backed by Google, Brit, Farallon Capital)","Fully algorithmic Lloyd's of London underwriter, a striking 'insurance meets AI' story that fits F1's technology-partner ecosystem.",,L02a
Insurance - Specialty & Insurtech,Homesite Insurance,homesite.com,USA,D2C digital home insurance,"1,300-1,500",1k-5k,"Owned by American Family Insurance (mutual insurer, revenue >$15B)","Digital-first home insurer backed by American Family's scale, competing with Lemonade/Hippo for the online-first homeowner segment.",,L02a
Insurance - Specialty & Insurtech,GEICO,geico.com,USA,D2C digital direct auto insurer,"30,000+",20k+,Wholly owned by Berkshire Hathaway; large standalone revenue and profitability,"Iconic direct-to-consumer insurance brand with a huge advertising budget and Berkshire Hathaway's backing, absent from F1 despite mass-market marketing DNA.",,L02a
Insurance - Specialty & Insurtech,Bankrate (Red Ventures),bankrate.com,USA,Insurance/financial comparison platform,500-700,250-1k,"Owned by Red Ventures (private, portfolio revenue >$2B)",Major US insurance/finance comparison brand backed by Red Ventures' large media-buying operation.,,L02a
Insurance - Specialty & Insurtech,LexisNexis Risk Solutions,risk.lexisnexis.com,USA,Underwriting data & analytics,"10,000+ (division)",6k-20k,"Part of RELX plc (public, LSE/NYSE: REL/RELX); RELX revenue >£9B","Global underwriting-data powerhouse for auto/home/life insurers, backed by RELX's scale and existing sponsorship sophistication.",yes,L02a
Insurance - Specialty & Insurtech,Taikang Online,taikangonline.com,China,Digital insurance arm of major insurer,"1,000+",250-1k,"Backed by Taikang Insurance Group, one of China's largest private insurers (assets >$180B)","Digital insurance platform of a top-tier Chinese insurer, positioned for international brand-building as China's F1 presence grows.",,L02a
Insurance - Specialty & Insurtech,Pie Insurance,pieinsurance.com,USA,SME/commercial insurtech (workers' comp),350-450,250-1k,Raised $621M cumulative (incl. $315M Series D),Well-capitalized SMB workers' comp insurtech looking to build trust with small-business owners via a premium brand association.,,L02a
Insurance - Specialty & Insurtech,Kin Insurance,kin.com,USA,D2C digital home insurance (high-risk markets),650-750,250-1k,Raised $422M cumulative plus $200M debt facility; $2B valuation (Sept 2025),"Unicorn-valued home insurer for climate/high-risk markets, positioned for a national brand campaign as it scales toward IPO readiness.",yes,L02a
Insurance - Specialty & Insurtech,Openly,openly.com,USA,D2C/independent-agent digital home insurance,350-400,250-1k,"Raised $430M+ cumulative, incl. a $70M note from Allianz X in Jan 2025","Fast-growing agent-distributed home insurer backed partly by Allianz X, with capital to invest in brand awareness alongside its agent channel.",,L02a
Insurance - Specialty & Insurtech,WeSure (Tencent),wesure.qq.com,China,Embedded/digital insurance platform,500+ (division),250-1k,"Backed by Tencent (public, HKEX: 0700; revenue >$90B)","WeChat-embedded insurance platform backed by Tencent's massive user base and marketing budget, relevant as F1 courts Chinese fans.",,L02a
Insurance - Specialty & Insurtech,Ping An Health (Ping An Good Doctor),jk.cn,China,Digital health insurtech platform,"3,000+",1k-5k,Public (HKEX: 1833); backed by Ping An Insurance Group (revenue >$150B),"China's largest online health platform, tied to Ping An's insurance ecosystem, well capitalized for an international brand campaign.",,L02a
Insurance - Specialty & Insurtech,Brit Limited,brit.com,United Kingdom,Lloyd's specialty (re)insurer,"~1,500",1k-5k,Owned by Fairfax Financial (multi-billion $ revenue parent); Brit itself writes >$2B GWP,Top-tier Lloyd's (re)insurer explicitly named as tier-comp; motorsport/aviation/property lines align with F1 risk exposure,,L02b
Insurance - Specialty & Insurtech,Chaucer Group,chaucergroup.com,United Kingdom,Lloyd's managing agency,~600,250-1k,"Owned by China Reinsurance Group (state-owned, revenue >$10B)","Established Lloyd's specialty underwriter (marine, energy, aviation) with deep-pocketed parent",,L02b
Insurance - Specialty & Insurtech,Tokio Marine Kiln,tokiomarinekiln.com,United Kingdom,Lloyd's managing agency,~600,250-1k,Owned by Tokio Marine Holdings (revenue >$40B),Lloyd's specialty underwriter backed by top-5 global insurer; motorsport/marine/aviation lines,,L02b
Insurance - Specialty & Insurtech,Ascot Group,ascotgroup.com,Bermuda,Specialty (re)insurer,~700,250-1k,Backed by Canada Pension Plan Investment Board; >$1B+ capital base,CPPIB-backed Bermuda/Lloyd's specialty (re)insurer at scale comparable to Brit/Fidelis,,L02b
Insurance - Specialty & Insurtech,Convex Group,convexin.com,Bermuda,Specialty (re)insurer,~700,250-1k,"Raised >$1.8B launch capital (Onex, Stone Point, etc.)","Blank-cheque-scale specialty (re)insurer, London/Bermuda class-of-2019 peer to Inigo/Vantage",,L02b
Insurance - Specialty & Insurtech,Inigo Insurance,inigoinsurance.com,United Kingdom,Lloyd's specialty (re)insurer,~350,250-1k,Raised $800M+ launch capital; agreed $1.7B acquisition by Radian (2025),Explicitly named tier example; well-capitalized Lloyd's specialty underwriter with global ambitions,,L02b
Insurance - Specialty & Insurtech,Conduit Holdings (Conduit Re),conduitre.com,Bermuda,Reinsurer,~90,50-250,"Public (LSE:CRE); GWP >$800M, market cap >$1B","Explicitly named tier example; Bermuda reinsurer, small headcount but public-company scale/capital",,L02b
Insurance - Specialty & Insurtech,Fidelis Insurance Holdings,fidelisinsurance.com,Bermuda,Specialty (re)insurer,~350,250-1k,Public (NYSE:FIHL); revenue >$1.5B,Explicitly named tier example; Bermuda specialty (re)insurer with global marine/aviation/property book,,L02b
Insurance - Specialty & Insurtech,IQUW,iquw.com,United Kingdom,Lloyd's specialty MGA/syndicate,~400,250-1k,Aquiline/ABRY-backed; targeting >$1.2B GWP; being acquired by Starr Insurance,Explicitly named tier example; PE-backed Lloyd's specialty platform mid-major acquisition,,L02b
Insurance - Specialty & Insurtech,Apollo Underwriting (Apollo Syndicate Management),apollosyndicatemanagement.co.uk,United Kingdom,Lloyd's managing agency,~300,250-1k,Backed by Warburg Pincus & Stone Point Capital,PE-backed Lloyd's specialty underwriter comparable in scale to Inigo/IQUW,,L02b
Insurance - Specialty & Insurtech,Canopius Group,canopius.com,United Kingdom,Lloyd's & Bermuda specialty (re)insurer,~900,250-1k,Backed by Centerbridge Partners; GWP >$2B,Large PE-backed Lloyd's/Bermuda specialty (re)insurer with global marine/property book,,L02b
Insurance - Specialty & Insurtech,Vantage Group Holdings (Vantage Risk),vantagerisk.com,Bermuda,Reinsurer,~260,250-1k,Raised >$1B capital; ~$1.5B deployable via AdVantage platform,"Bermuda class-of-2020 reinsurer, explicitly cited tier example (""Bermuda class of 2020-23"")",,L02b
Insurance - Specialty & Insurtech,Aspen Insurance Holdings,aspen.co,Bermuda,Specialty (re)insurer,~900,250-1k,Owned by Apollo Global Management; revenue >$3B,"Apollo-backed Bermuda specialty (re)insurer at scale, comparable to Arch/Axis",yes,L02b
Insurance - Specialty & Insurtech,Sompo International,sompo-intl.com,Bermuda,Specialty (re)insurer,"~3,000",1k-5k,"Owned by Sompo Holdings (Japan), revenue >$20B",Global specialty (re)insurance arm of major Japanese insurer; scale to fund high-visibility sponsorship,,L02b
Insurance - Specialty & Insurtech,Axis Capital Holdings,axiscapital.com,Bermuda,Specialty (re)insurer,"~1,600",1k-5k,Public (NYSE:AXS); revenue >$5B,Global specialty (re)insurer with existing sports/entertainment risk expertise,,L02b
Insurance - Specialty & Insurtech,SiriusPoint,siriuspt.com,Bermuda,Specialty (re)insurer,~600,250-1k,Public (NYSE:SPNT); revenue >$2B,Bermuda specialty (re)insurer (Dan Loeb/Third Point-linked) rebuilding brand profile,,L02b
Insurance - Specialty & Insurtech,Hamilton Insurance Group,hamiltongroup.com,Bermuda,Specialty (re)insurer,~450,250-1k,"Public (NYSE:HG, 2023 IPO); revenue >$1.5B",Newly public Bermuda specialty (re)insurer with growth/visibility mandate,,L02b
Insurance - Specialty & Insurtech,Allied World Assurance Company (Fairfax),awac.com,Switzerland,Specialty (re)insurer,"~1,600",1k-5k,Owned by Fairfax Financial; revenue >$4B GWP,"Fairfax-owned global specialty (re)insurer, sister company to Brit",,L02b
Insurance - Specialty & Insurtech,Ark Insurance Holdings (Group Ark),arkuw.com,United Kingdom,Lloyd's & Bermuda specialty (re)insurer,~500,250-1k,"72% owned by White Mountains Insurance Group (public NYSE:WTM, revenue >$3.5B)",Bermuda-class-of-2020-21 specialty (re)insurer backed by well-capitalized public parent,,L02b
Insurance - Specialty & Insurtech,Kinsale Capital Group,kinsalecapitalgroup.com,United States,E&S specialty insurer,~900,250-1k,Public (NASDAQ:KNSL); revenue >$1.3B,Fast-growing US E&S specialty leader with strong margins and brand ambition,yes,L02b
Insurance - Specialty & Insurtech,Palomar Holdings,palomarspecialty.com,United States,Specialty catastrophe insurer,~200,50-250,Public (NASDAQ:PLMR); revenue >$500M,Public specialty cat/earthquake/flood insurer scaling rapidly,,L02b
Insurance - Specialty & Insurtech,Skyward Specialty Insurance,skywardinsurance.com,United States,Specialty/E&S insurer,~700,250-1k,Public (NASDAQ:SKWD); revenue >$1B,Recently IPO'd US specialty insurer seeking brand differentiation,,L02b
Insurance - Specialty & Insurtech,James River Group Holdings,jrgh.net,Bermuda,E&S specialty insurer,~400,250-1k,Public (NASDAQ:JRVR); revenue >$1.2B,US-focused E&S specialty insurer with Bermuda holding structure,,L02b
Insurance - Specialty & Insurtech,W. R. Berkley Corp,wrberkley.com,United States,Specialty P&C insurer,"~8,500",6k-20k,Public (NYSE:WRB); revenue >$13B,"Major diversified specialty P&C insurer, deep balance sheet",,L02b
Insurance - Specialty & Insurtech,Global Indemnity Group,globalindemnity.com,United States,Specialty/E&S insurer,~500,250-1k,Public (NASDAQ:GBLI); revenue >$500M,Established US E&S specialty insurer with excess/surplus lines focus,,L02b
Insurance - Specialty & Insurtech,RLI Corp,rlicorp.com,United States,Specialty P&C insurer,"~1,000",250-1k,Public (NYSE:RLI); revenue >$1.5B,"Highly profitable niche specialty insurer with strong combined ratio, room for brand spend",,L02b
Insurance - Specialty & Insurtech,Berkshire Hathaway Specialty Insurance,bhspecialty.com,United States,Excess & specialty insurer,"~2,500",1k-5k,Division of Berkshire Hathaway (revenue >$370B),Global E&S/specialty giant backed by Berkshire's balance sheet,,L02b
Insurance - Specialty & Insurtech,Lexington Insurance Company,lexingtoninsurance.com,United States,E&S specialty insurer,"~1,000+",250-1k,Division of AIG (revenue >$25B),Largest US E&S carrier; AIG-backed scale for major sponsorship,,L02b
Insurance - Specialty & Insurtech,Crum & Forster (Fairfax),cfins.com,United States,Specialty P&C insurer,"~4,300",1k-5k,Owned by Fairfax Financial; GWP >$4B,Fairfax-owned US specialty insurer with broad E&S and program business,,L02b
Insurance - Specialty & Insurtech,AmTrust Financial Services,amtrustfinancial.com,United States,Specialty/E&S insurer,"~8,000",6k-20k,Private (Karfunkel family/Stone Point); revenue >$5B,"Large-scale specialty/workers' comp insurer, private equity-backed",,L02b
Insurance - Specialty & Insurtech,Amwins Group,amwins.com,United States,Wholesale distributor / MGA platform,"~7,500",6k-20k,Private (PE-backed); revenue >$3B+,Explicitly named tier example; largest US wholesale specialty insurance distributor,,L02b
Insurance - Specialty & Insurtech,Accelerant Holdings,accelerant.io,United States,Specialty risk exchange / MGA network,~860,250-1k,"Public (NYSE:ARX, 2025 IPO); revenue >$700M","Explicitly named tier example; tech-forward specialty risk exchange, newly public",,L02b
Insurance - Specialty & Insurtech,Pen Underwriting,penunderwriting.com,United Kingdom,MGA,~600,250-1k,Owned by Ardonagh Group (revenue >$2B),Ardonagh-owned UK MGA platform at scale,,L02b
Insurance - Specialty & Insurtech,Nexus Group (Ardonagh Specialty),nexusunderwriting.com,United Kingdom,Specialty MGA,~700,250-1k,Owned by Ardonagh Group (revenue >$2B),International specialty MGA network under Ardonagh's specialty division,,L02b
Insurance - Specialty & Insurtech,Bishop Street Underwriting,bishopstreetunderwriting.com,United Kingdom,MGA,~150,50-250,Owned by Ardonagh Group (revenue >$2B),"Explicitly named tier example (""Bishop Street-tier"")",,L02b
Insurance - Specialty & Insurtech,Geo Underwriting,geounderwriting.com,United Kingdom,MGA,~400,250-1k,Owned by Ardonagh Group (revenue >$2B),Ardonagh-owned UK/European MGA at meaningful scale,,L02b
Insurance - Specialty & Insurtech,Aventum Group,aventum.com,United Kingdom,Specialty MGA & broker,~500,250-1k,Backed by Onex Corporation,PE-backed London specialty MGA/broker platform,,L02b
Insurance - Specialty & Insurtech,Risk Strategies Company,risk-strategies.com,United States,Broker / specialty MGA platform,"~5,000",1k-5k,"Private (Kelso, PSP Investments); revenue >$1B+",Fast-growing US specialty broker/MGA consolidator,yes,L02b
Insurance - Specialty & Insurtech,Applied Underwriters,auw.com,United States,Specialty workers' comp MGA/carrier,"~1,000",250-1k,Private; GWP >$1B,Large specialty workers' comp program carrier with global (incl. motorsport-adjacent) risk appetite,,L02b
Insurance - Specialty & Insurtech,Trisura Group,trisura.com,Canada,Specialty insurer & fronting carrier,~600,250-1k,Public (TSX:TSU); revenue >$1B CAD,Fast-growing North American specialty/fronting insurer,,L02b
Insurance - Specialty & Insurtech,ICW Group,icwgroup.com,United States,Specialty workers' comp insurer,"~1,200",1k-5k,Private mutual; revenue est. >$700M,Large West Coast specialty workers' comp/E&S insurer,,L02b
Insurance - Specialty & Insurtech,Sedgwick,sedgwick.com,United States,Claims management / risk services (TPA),"~33,000",20k+,Private (Carlyle-led consortium); revenue >$4B,"Global leader in claims/TPA and risk services; 33,000+ staff clears headcount gate outright",yes,L02b
Insurance - Specialty & Insurtech,Crawford & Company,crawco.com,United States,Claims management / TPA,"~7,000",6k-20k,Public (NYSE:CRD.A/B); revenue >$1B,Global claims adjusting/TPA leader with international brand footprint,yes,L02b
Insurance - Specialty & Insurtech,Charles Taylor,charlestaylor.com,United Kingdom,Claims/insurance management & captive manager,"~2,800",1k-5k,Private (Lovell Minnick Partners); revenue >$300M,Global insurance services and captive management group at gate-clearing scale,,L02b
Insurance - Specialty & Insurtech,Atradius,atradius.com,Netherlands,Trade credit insurer,"~4,000",1k-5k,Owned by Grupo Catalana Occidente; revenue >$3B,Explicitly named tier example; global top-3 trade credit insurer,yes,L02b
Insurance - Specialty & Insurtech,Coface,coface.com,France,Trade credit insurer,"~4,700",1k-5k,Public (Euronext Paris:COFA); revenue >$1.9B,Explicitly named tier example; global trade credit insurer with B2B brand ambitions,,L02b
Insurance - Specialty & Insurtech,QBE Insurance Group,qbe.com,Australia,Specialty & credit insurer,"~13,000",6k-20k,Public (ASX:QBE); revenue >$20B,Global specialty/credit insurer with existing motorsport/sports sponsorship history,yes,L02b
Insurance - Specialty & Insurtech,Credendo Group,credendo.com,Belgium,Trade & export credit insurer,~600,250-1k,State/bank-backed European export credit group; revenue >$250M,Pan-European trade/export credit insurer seeking wider commercial brand recognition,,L02b
Insurance - Specialty & Insurtech,First American Financial Corp,firstam.com,United States,Title insurer,"~19,000",6k-20k,Public (NYSE:FAF); revenue >$6B,Explicitly named tier example; top-2 US title insurer,,L02b
Insurance - Specialty & Insurtech,Fidelity National Financial,fnf.com,United States,Title insurer,"~24,000",20k+,Public (NYSE:FNF); revenue >$9B,Explicitly named tier example; largest US title insurance group,,L02b
Insurance - Specialty & Insurtech,Stewart Information Services,stewart.com,United States,Title insurer,"~4,700",1k-5k,Public (NYSE:STC); revenue >$2B,Top-5 US title insurer with national real estate brand presence,,L02b
Insurance - Specialty & Insurtech,WFG National Title (Williston Financial Group),wfgtitle.com,United States,Title insurer,"~1,500",1k-5k,Private; est. revenue >$250M as top-10 US title underwriter,Fast-growing independent US title insurance underwriter,,L02b
Insurance - Specialty & Insurtech,Allstate (SquareTrade),squaretrade.com,United States,Device & appliance protection/warranty,"~2,000 (SquareTrade)",1k-5k,"Owned by Allstate Corp (public NYSE:ALL, revenue >$57B)",Explicitly named tier example; Allstate-owned global warranty/protection brand,,L02b
Insurance - Specialty & Insurtech,Frontdoor Inc (American Home Shield),frontdoor.com,United States,Home warranty,"~2,000",1k-5k,Public (NASDAQ:FTDR); revenue $2.09B (FY2025),Leading US home warranty group with consumer-brand marketing budget,,L02b
Insurance - Specialty & Insurtech,Strategic Risk Solutions,strategicrisks.com,United States,Captive insurance manager,~450,250-1k,Largest independent captive manager globally; manages $50B+ in captive premium across 30+ jurisdictions,World's largest independent captive manager; global multinational client base,,L02b
Insurance - Specialty & Insurtech,Vouch Insurance,vouch.us,United States,Tech/startup specialty MGA,~250,250-1k,Raised >$185M cumulative (incl. recent rounds),Fast-growing tech-industry specialty MGA with strong brand/marketing focus,,L02b
Insurance - Specialty & Insurtech,Newfront,newfront.com,United States,Digital insurance brokerage,~700,250-1k,Raised >$300M cumulative; valued at $2.2B+,Leading digital-first specialty insurance brokerage with tech/brand ambitions,,L02b
Insurance - Specialty & Insurtech,BMS Group,bmsgroup.com,United Kingdom,Specialty (re)insurance broker,"~2,000",1k-5k,Private (Preservation Capital Partners); revenue est. >$400M,Independent London-market specialty/reinsurance broker with growth-stage brand needs,,L02b
Insurance - Specialty & Insurtech,Worldwide Facilities,wwfi.com,United States,Wholesale specialty broker / MGA,"~1,600",1k-5k,Private (PSP Investments-backed); revenue est. >$500M,Top-5 US wholesale specialty insurance distributor at scale,,L02b
Mobility & Automotive,Uber Technologies,uber.com,US,Ride-hailing / Super-app,"33,000+",20k+,Revenue >$40B/yr; profitable; far exceeds $250M gate,"Not on 2026 F1 sponsor roster (verified); world's largest ride-hailing brand, huge overlap with F1's global urban, affluent fanbase and travel-heavy race weekends.",yes,L03a
Mobility & Automotive,Lyft,lyft.com,US,Ride-hailing / Super-app,"3,500+ (5,000+ incl. FreeNow)",1k-5k,"Revenue ~$5.8B/yr, public (NASDAQ: LYFT); clears $250M gate","Newly expanded into Europe via 2025 FreeNow acquisition ($197M); F1's European race calendar (Monaco, Silverstone, Spa) is a natural activation fit for its first international push.",,L03a
Mobility & Automotive,Bolt Technology OÜ,bolt.eu,Estonia,Ride-hailing / Super-app,"5,000+",1k-5k,Revenue reported >€2B (2024); 45+ countries; clears $250M gate,"Pan-European ride-hail/micromobility leader operating in nearly every F1 European host city; strong brand-safety fit for street-circuit race weekends (Monaco, Baku, Singapore).",yes,L03a
Mobility & Automotive,inDrive (inDriver / SUOL Innovations),indrive.com,US,Ride-hailing / Super-app,"2,500+",1k-5k,"Operates in 700+ cities/48 countries, self-funded/profitable model; clears sponsorship-affordability bar","Fast-growing emerging-markets ride-hail challenger (LatAm, Asia, Africa) seeking global brand credibility — F1's expanding footprint in these same growth markets (Brazil, Mexico, Qatar, Azerbaijan) is a strategic fit.",,L03a
Mobility & Automotive,Careem,careem.com,United Arab Emirates,Ride-hailing / Super-app,"5,000+",1k-5k,Uber-owned subsidiary; MENA super-app scale; parent revenue base clears gate,"MENA's leading super-app, headquartered steps from F1's Abu Dhabi and Qatar races; deep regional relevance for the Gulf-heavy F1 calendar.",,L03a
Mobility & Automotive,Yango Group,yango.com,Netherlands,Ride-hailing / Super-app,"15,000+",6k-20k,Multi-billion-dollar global operations across 40+ countries; clears $250M gate,"International ride-hail/mobility group (ex-Yandex) with strong presence across Africa, LatAm, Middle East, and CIS — regions with growing F1 fan bases and race activity.",,L03a
Mobility & Automotive,Cabify,cabify.com,Spain,Ride-hailing / Super-app,"1,500+",1k-5k,Revenue ~$400M+/yr across Spain & LatAm; near/at $250M gate,"Iberian/LatAm ride-hail leader; Spanish GP and LatAm races (Mexico, Brazil) offer direct market alignment with its core operating footprint.",yes,L03a
Mobility & Automotive,99 (99app),99app.com,Brazil,Ride-hailing / Super-app,"1,500+",1k-5k,DiDi-owned; Brazil's #2 ride-hail platform with national scale; parent backing clears gate,Brazil is one of F1's most passionate fan markets (Interlagos GP); 99 is a household ride-hail brand there with strong local sponsorship budgets.,,L03a
Mobility & Automotive,DiDi Global,didiglobal.com,China,Ride-hailing / Super-app,"15,000+",6k-20k,Revenue >$25B/yr; world's largest ride-hail operator by rides; far exceeds gate,"Global ride-hail giant (China, LatAm, international) with massive scale; F1's growing Asia-Pacific calendar (China GP) offers home-market activation potential.",,L03a
Mobility & Automotive,Ola Cabs (ANI Technologies),olacabs.com,India,Ride-hailing / Super-app,"2,000+",1k-5k,"India's leading ride-hail platform, hundreds of millions in annual revenue; clears gate via scale",India is a rapidly growing F1 fan base without a home race; Ola's dominant domestic brand recognition offers a high-visibility route into that audience.,,L03a
Mobility & Automotive,GoTo Group (Gojek),gotocompany.com,Indonesia,Ride-hailing / Super-app,"9,000+",6k-20k,Public (IDX: GOTO); revenue well over $250M/yr; clears gate,"Southeast Asia's dominant ride-hail/super-app; Singapore GP sits in its core regional market, offering direct fan overlap.",yes,L03a
Mobility & Automotive,Grab Holdings,grab.com,Singapore,Ride-hailing / Super-app,"10,000+",6k-20k,Public (NASDAQ: GRAB); revenue >$2.8B/yr; clears gate,"Southeast Asia's largest super-app, HQ'd in Singapore GP's home city; strong existing motorsport-adjacent brand affinity in the region.",yes,L03a
Mobility & Automotive,Gett,gett.com,United Kingdom,Ride-hailing / Super-app,500+,250-1k,Corporate ground-transport revenue base with enterprise clients (VW-backed); moderate-scale affordability,Enterprise/corporate ride booking platform with strong UK and European B2B travel accounts — fits F1's hospitality and corporate-travel ecosystem around Silverstone and European races.,,L03a
Mobility & Automotive,Rapido (Roppen Transportation Services),rapido.bike,India,Ride-hailing / Super-app,"1,000+",250-1k,"Raised $240M (May 2026) at $3B valuation, part of a $730M round — clears ≥$150M/24mo gate","India's fastest-growing ride-hail unicorn (bike taxis + cars); freshly capitalized and building global ambitions in a country with a surging, race-less F1 fan base.",,L03a
Mobility & Automotive,Maxim (Inteltech LLC),maxim.taxi,Russia,Ride-hailing / Super-app,"3,000+",1k-5k,"Operates in 1,300+ cities across CIS, Africa, LatAm; large-scale profitable operations clear gate",Widely used ride-hail app across emerging markets in Africa and LatAm that F1 is actively expanding into.,,L03a
Mobility & Automotive,Via Transportation,ridewithvia.com,US,Ride-hailing / Super-app,"1,000+",250-1k,Public since Aug 2025 IPO (NYSE: VIA); scale and public listing clear affordability gate,"Newly public transit-tech/ride-hail platform used by cities and transit agencies worldwide; F1's host-city partnerships (fan shuttles, event mobility) are a natural B2B/B2G tie-in.",,L03a
Mobility & Automotive,BlaBlaCar,blablacar.com,France,Carpooling,800+,250-1k,"Europe's largest carpooling platform, 25M+ users across 22 countries; scale-based affordability","French HQ near the F1 ecosystem; carpooling to/from European race weekends (Spa, Monza, Silverstone) is an organic, sustainability-linked activation angle.",,L03a
Mobility & Automotive,Moove,moove.io,United Kingdom,Ride-hailing / Vehicle Financing,"1,000+",250-1k,Raised $100M+ in equity/debt across 2024-2025 rounds; revenue-financing model at scale for gig-driver vehicle access; near/at $150M/24mo gate,"Fast-scaling vehicle-financing platform for ride-hail/delivery drivers across Africa, Middle East, Asia and LatAm — core ""vehicle access"" thesis with strong emerging-market F1 overlap.",,L03a
Mobility & Automotive,Zum Services,ridezum.com,US,Ride-hailing / Fleet Mobility,"1,000+",250-1k,"Raised $170M Series E (2022), valued ~$1.3B; scale-based affordability","Tech-enabled ride and fleet mobility platform (school/city transit) with major US metro presence; growing US F1 fanbase (Austin, Miami, Las Vegas GPs) as activation ground.",,L03a
Mobility & Automotive,Hertz Global Holdings,hertz.com,US,Car Rental,"35,000+",20k+,Revenue ~$9B/yr; public (NASDAQ: HTZ); far exceeds gate,Global airport/leisure rental giant with a long history of motorsport tie-ins; deep overlap with F1's international travel and hospitality audience.,,L03a
Mobility & Automotive,Avis Budget Group,avisbudgetgroup.com,US,Car Rental,"25,000+",20k+,Revenue ~$12B/yr; public (NASDAQ: CAR); far exceeds gate,"Owns Avis, Budget and Zipcar; global airport-rental scale aligns directly with F1's international race-weekend travel demand.",,L03a
Mobility & Automotive,Sixt SE,sixt.com,Germany,Car Rental,"9,000+",6k-20k,Revenue >€3.9B/yr; public (FRA: SIX2); exceeds gate,Premium European rental brand headquartered near several F1 host countries; strong existing motorsport/luxury-auto brand positioning.,,L03a
Mobility & Automotive,Enterprise Holdings,enterprise.com,US,Car Rental,"90,000+",20k+,"Privately held; largest rental fleet operator globally, multi-billion-dollar revenue; far exceeds gate","Owns Enterprise, National and Alamo; unmatched North American rental scale for the US-heavy F1 calendar (Austin, Miami, Las Vegas).",,L03a
Mobility & Automotive,Europcar Mobility Group,europcar-mobility-group.com,France,Car Rental,"8,000+",6k-20k,Revenue ~€2.6B/yr (Green Mobility Holding-owned); exceeds gate,France-headquartered rental leader with pan-European coverage across most F1 host nations.,,L03a
Mobility & Automotive,Localiza,localiza.com,Brazil,Car Rental,"15,000+",6k-20k,Public (B3: RENT3); revenue >$5B/yr after Unidas merger; far exceeds gate,Latin America's largest car-rental/fleet group; strong fit with the Brazilian GP and F1's growing LatAm fan base.,,L03a
Mobility & Automotive,Movida Locação de Veículos,movida.com.br,Brazil,Car Rental,"6,000+",5k-6k,Public (B3: MOVI3); revenue >$2B/yr; exceeds gate,Brazil's #2 rental/fleet operator; direct alignment with the São Paulo GP and Brazil's passionate F1 fanbase.,,L03a
Mobility & Automotive,CarTrawler,cartrawler.com,Ireland,Car Rental (B2B Booking Tech),600+,250-1k,"Profitable B2B travel-tech platform serving 1,000+ travel brands and airlines globally; sponsorship-scale affordability","Powers rental-car booking for major airlines and travel brands — reaches the same international, high-travel F1 audience via distribution partners.",,L03a
Mobility & Automotive,eHi Car Services,1hai.cn,China,Car Rental,"5,000+",1k-5k,"Major China rental operator, hundreds of millions in annual revenue; clears gate",Large-scale China car-rental brand positioned for F1's expanding presence in the Chinese market (Shanghai GP).,,L03a
Mobility & Automotive,CAR Inc,zuche.com,China,Car Rental,"10,000+",6k-20k,HK-listed (HKEX: 0699); China's largest car-rental company by fleet size; exceeds gate,Dominant Chinese rental brand well positioned to activate around the Shanghai GP and China's growing motorsport fandom.,,L03a
Mobility & Automotive,FINN GmbH,finn.com,Germany,Car Subscription,800+,250-1k,Raised $110M+ in recent rounds and expanded to US/UK; revenue scaling toward $250M gate; near-gate affordability,"Fast-growing car-subscription challenger disrupting traditional ownership — appeals to F1's younger, digitally-native fan segment across Germany, UK and US markets.",,L03a
Mobility & Automotive,Turo,turo.com,US,P2P Car Sharing,"1,200+",1k-5k,Revenue ~$950M-$1B/yr (2024-25); far exceeds $250M gate,"World's largest P2P car-sharing marketplace with strong presence in F1 host cities (Austin, Miami, Las Vegas, Montreal); race-weekend demand spikes are a proven Turo use case.",yes,L03a
Mobility & Automotive,Lime (Neutron Holdings),li.me,US,Micromobility,"1,000+",250-1k,"Profitable since 2022, revenue >$500M/yr; exceeds gate",Leading global e-scooter/e-bike operator active in many F1 host cities; last-mile race-weekend mobility is a natural activation tie-in.,yes,L03a
Mobility & Automotive,TIER Mobility (incl. Dott),tier.app,Germany,Micromobility,"1,500+",1k-5k,Merged with Dott in 2024 to form Europe's largest micromobility operator; combined scale clears gate,"Europe's #1 shared micromobility group, present in most European F1 host cities — strong last-mile/host-city partnership fit.",,L03a
Mobility & Automotive,Voi Technology,voiscooters.com,Sweden,Micromobility,600+,250-1k,Operates across 100+ European cities with hundreds of millions in cumulative funding; scale-based affordability,"Major European e-scooter operator in cities hosting F1 races (Silverstone-adjacent London, Zandvoort, Monza corridor).",,L03a
Mobility & Automotive,Carvana,carvana.com,US,Auto Classifieds & Marketplace,"18,000+",6k-20k,"Revenue >$13B/yr; public (NYSE: CVNA), newly profitable; far exceeds gate","Largest US online used-car retailer; US F1 calendar (Austin, Miami, Las Vegas) offers strong domestic activation ground.",,L03a
Mobility & Automotive,CarMax,carmax.com,US,Auto Classifieds & Marketplace,"25,000+",20k+,Revenue ~$27B/yr; public (NYSE: KMX); far exceeds gate,"America's largest used-car retailer with nationwide brand recognition, aligned with F1's growing US fanbase and races.",yes,L03a
Mobility & Automotive,Cars.com,cars.com,US,Auto Classifieds & Marketplace,"1,000+",250-1k,Revenue ~$700M/yr; public (NYSE: CARS); exceeds gate,Leading US auto-shopping marketplace; directly reaches car-buying enthusiasts overlapping with F1's growing American audience.,,L03a
Mobility & Automotive,AutoScout24,autoscout24.com,Germany,Auto Classifieds & Marketplace,"1,000+",250-1k,"Europe's #2 online car marketplace, revenue >€300M/yr; exceeds gate","Leading pan-European auto marketplace headquartered near multiple F1 host countries (Germany, Italy, Netherlands, Belgium).",,L03a
Mobility & Automotive,Carwow,carwow.co.uk,United Kingdom,Auto Classifieds & Marketplace,600+,250-1k,Revenue >£200M/yr and raised significant funding historically; near/at gate via scale,Popular UK car-buying platform with a large automotive-content YouTube audience that already overlaps heavily with motorsport/F1 content consumption.,,L03a
Mobility & Automotive,Constellation Automotive Group (Cinch / BCA / webuyanycar),cinch.co.uk,United Kingdom,Auto Classifieds & Marketplace,"8,000+",6k-20k,Revenue >£2B/yr (TDR Capital-backed); far exceeds gate,"UK's largest vehicle marketplace group (BCA auctions, Cinch retail, webuyanycar); scale and TV-ad heritage translate well to F1 sponsorship.",,L03a
Mobility & Automotive,Spinny,spinny.com,India,Auto Classifieds & Marketplace,"5,000+",1k-5k,Raised $160-170M (Feb 2026) at ~$1.4-1.5B valuation; clears ≥$150M/24mo gate,"India's leading full-stack used-car retailer, freshly capitalized, targeting India's fast-growing F1 fan base without a home race.",,L03a
Mobility & Automotive,Kavak,kavak.com,Mexico,Auto Classifieds & Marketplace,"8,000+",6k-20k,"Revenue ~$750M+/yr; raised $300M Series F (Feb 2026), first profitable month Dec 2025; clears multiple gates","LatAm's largest used-car platform (Mexico, Brazil, Argentina, Chile); Mexico City GP is one of F1's highest-energy race weekends and a direct home-market fit.",,L03a
Mobility & Automotive,Cars24,cars24.com,India,Auto Classifieds & Marketplace,"10,000+",6k-20k,"Revenue >₹7,000cr (~$840M)/yr; far exceeds $250M gate",India's largest online used-car marketplace by revenue; strong fit for India's growing F1 audience.,,L03a
Mobility & Automotive,Carro,carro.co,Singapore,Auto Classifieds & Marketplace,"2,000+",1k-5k,"Raised $360M+ cumulative funding, valued >$1.1B; part of SEA's ""big 3"" auto marketplaces; scale-based affordability","Southeast Asia's cross-border used-car platform, HQ'd in Singapore GP's home market.",,L03a
Mobility & Automotive,Carsome,carsome.com,Malaysia,Auto Classifieds & Marketplace,"4,000+",1k-5k,Raised $290M Series D (valued $1.7B) and continued funding into 2026; scale-based affordability,Southeast Asia's largest integrated car e-commerce platform; strong regional fit with the Singapore GP market.,,L03a
Mobility & Automotive,OLX Autos (Frontier Car Group),olxautos.com,Netherlands,Auto Classifieds & Marketplace,"3,000+",1k-5k,Part of Prosus/OLX Group; multi-billion-dollar parent revenue base; far exceeds gate,"Global used-car marketplace operating across LatAm, MENA, Asia and Africa — matches F1's emerging-market expansion strategy.",,L03a
Mobility & Automotive,Copart,copart.com,US,Auto Marketplace / Salvage Auctions,"7,000+",6k-20k,Revenue ~$4.3B/yr; public (NASDAQ: CPRT); far exceeds gate,"Global online vehicle-auction leader with massive international reach across insurers, dealers and buyers.",,L03a
Mobility & Automotive,RB Global (Ritchie Bros / IAA),rbglobal.com,Canada,Auto Marketplace / Salvage Auctions,"7,000+",6k-20k,Revenue ~$4B/yr; public (NYSE/TSX: RBA); far exceeds gate,Global vehicle and equipment auction giant (Ritchie Bros + IAA) with worldwide dealer/insurer network.,,L03a
Mobility & Automotive,CarGurus,cargurus.com,US,Auto Classifieds & Marketplace,"1,300+",1k-5k,Revenue ~$900M/yr; public (NASDAQ: CARG); far exceeds gate,Leading US car-shopping marketplace; strong overlap with F1's expanding American fanbase and races.,,L03a
Mobility & Automotive,Auto Trader Group,plc.autotrader.co.uk,United Kingdom,Auto Classifieds & Marketplace,"1,100+",1k-5k,Revenue >£500M/yr; public (LSE: AUTO); far exceeds gate,UK's dominant car marketplace; Silverstone GP and UK's deep F1 fan culture make this a natural home-market sponsor.,,L03a
Mobility & Automotive,AUTO1 Group,auto1-group.com,Germany,Auto Classifieds & Marketplace,"6,000+",5k-6k,Revenue >€6B/yr; public (FRA: AG1); far exceeds gate,"Europe's largest digital wholesale/retail car platform (Autohero, wirkaufendeinauto.de); German HQ near multiple F1 host countries.",,L03a
Mobility & Automotive,"Adevinta (mobile.de, leboncoin)",adevinta.com,Norway,Auto Classifieds & Marketplace,"5,500+",5k-6k,Revenue >€1.6B/yr (Blackstone/Permira-backed); far exceeds gate,"Owns Europe's leading auto classifieds brands (mobile.de, leboncoin, Marktplaats), spanning multiple F1 host countries.",,L03a
Mobility & Automotive,Clutch Technologies,clutch.ca,Canada,Auto Classifieds & Marketplace,800+,250-1k,Raised $200M+ cumulative funding; leading Canadian online car retailer; scale-based affordability,Canada's largest online car-buying platform; F1's Canadian GP (Montreal) offers a direct home-market activation.,,L03a
Mobility & Automotive,CarDekho (Girnar Software),cardekho.com,India,Auto Classifieds & Marketplace,"5,000+",1k-5k,"Raised $250M+ cumulative, valued >$1.2B; scale-based affordability","India's leading auto research/classifieds platform; strong fit for India's large, race-less F1 fan base.",,L03a
Mobility & Automotive,CarTrade Tech,cartrade.com,India,Auto Classifieds & Marketplace,"1,500+",1k-5k,Public (NSE/BSE: CARTRADE); multi-brand India auto marketplace group; clears gate via scale,"Publicly listed Indian auto-marketplace group (CarWale, CarTrade, Shriram Automall) with broad national reach.",,L03a
Mobility & Automotive,Carousell Group,carousell.com,Singapore,Auto Classifieds & Marketplace,"1,000+",250-1k,"Raised $450M+ cumulative funding, valued >$1.1B; scale-based affordability","Leading SEA classifieds group with a major motors vertical, HQ'd in Singapore GP's home city.",,L03a
Mobility & Automotive,Chehaoduo Group (Guazi.com),guazi.com,China,Auto Classifieds & Marketplace,"10,000+",6k-20k,"China's largest used-car transaction platform, multi-billion-dollar valuation; far exceeds gate",Dominant Chinese used-car marketplace positioned for F1's growth push in China (Shanghai GP).,,L03a
Mobility & Automotive,Autohome,autohome.com.cn,China,Auto Classifieds & Marketplace,"6,000+",5k-6k,Revenue ~$1.1B/yr; public (NYSE: ATHM); far exceeds gate,China's leading auto content/classifieds platform reaching millions of car-intent consumers ahead of the Shanghai GP.,,L03a
Mobility & Automotive,Webmotors,webmotors.com.br,Brazil,Auto Classifieds & Marketplace,500+,250-1k,Brazil's leading auto marketplace (Santander/Localiza-backed); parent scale clears gate,"Brazil's top vehicle marketplace, directly aligned with the São Paulo GP and Brazil's passionate F1 following.",,L03a
Mobility & Automotive,TRADER Corporation,trader.ca,Canada,Auto Classifieds & Marketplace,900+,250-1k,"Canada's leading automotive marketplace (autoTRADER.ca), PE-backed at national scale; clears gate","Canada's #1 car marketplace, well positioned around the Canadian GP in Montreal.",,L03a
Mobility & Automotive,Samsara,samsara.com,US,Fleet Management & Telematics,"3,000+",1k-5k,Revenue >$1.2B/yr; public (NYSE: IOT); far exceeds gate,Leading connected-fleet/IoT platform; strong B2B brand-building rationale via F1's engineering/telemetry-driven image.,yes,L03a
Mobility & Automotive,Geotab,geotab.com,Canada,Fleet Management & Telematics,"3,000+",1k-5k,"World's largest commercial telematics provider by device count, multi-billion-dollar scale; far exceeds gate",Global fleet-telematics leader with a data/performance-analytics story that mirrors F1's own telemetry-driven ethos.,yes,L03a
Mobility & Automotive,Motive (KeepTruckin),gomotive.com,US,Fleet Management & Telematics,"1,600+",1k-5k,Valued >$2.85B; reported ARR crossing $500M; near/exceeds $250M gate,"Fast-scaling fleet-safety/telematics platform seeking category-defining brand visibility, similar to Samsara/Geotab positioning.",yes,L03a
Mobility & Automotive,Verizon Connect,verizonconnect.com,US,Fleet Management & Telematics,"2,000+ (parent Verizon 100,000+)",20k+,Verizon-owned; parent revenue >$130B/yr; far exceeds gate,"Major fleet-telematics division of Verizon, backed by one of the largest telecom balance sheets globally.",yes,L03a
Mobility & Automotive,Trimble Transportation,trimble.com,US,Fleet Management & Telematics,"2,000+ (parent Trimble 11,000+)",6k-20k,Trimble Inc. revenue >$3.6B/yr; public (NASDAQ: TRMB); far exceeds gate,Fleet/transportation technology division of a major public industrial-tech company with strong sponsorship capacity.,yes,L03a
Mobility & Automotive,Teletrac Navman (Vontier),teletracnavman.com,US,Fleet Management & Telematics,"1,000+ (parent Vontier 8,500+)",6k-20k,Vontier Corp revenue ~$3B/yr; public (NYSE: VNT); far exceeds gate,Global fleet-telematics brand under a well-capitalized industrial-tech parent.,yes,L03a
Mobility & Automotive,Fleet Complete,fleetcomplete.com,Canada,Fleet Management & Telematics,700+,250-1k,"Large private telematics provider serving 300,000+ vehicles globally; scale-based affordability",Established global fleet-telematics brand seeking broader B2B brand recognition.,,L03a
Mobility & Automotive,Wex Inc,wexinc.com,US,Fleet Payments & Management,"5,000+",1k-5k,Revenue ~$2.6B/yr; public (NYSE: WEX); far exceeds gate,Global fleet-payments and mobility-benefits leader with strong enterprise sponsorship budgets.,yes,L03a
Mobility & Automotive,Webfleet (Bridgestone),webfleet.com,Netherlands,Fleet Management & Telematics,"1,000+ (parent Bridgestone 140,000+)",20k+,Bridgestone-owned; parent revenue >¥4 trillion; far exceeds gate,"European fleet-telematics leader backed by Bridgestone, F1's own official tyre supplier ecosystem-adjacent brand family.",,L03a
Mobility & Automotive,Lytx,lytx.com,US,Fleet Management & Telematics,"1,300+",1k-5k,Large PE-backed fleet-safety/video-telematics provider serving 1M+ vehicles; scale-based affordability,Leading driver-safety/telematics brand with an engineering-and-performance story well suited to F1's audience.,,L03a
Mobility & Automotive,Holman,holman.com,US,Fleet Management & Leasing,"9,000+",6k-20k,"Revenue >$5B/yr; 9,000+ staff; clears both revenue and headcount gates",One of the largest privately held fleet-management/leasing and auto-retail groups in North America.,,L03a
Mobility & Automotive,Merchants Fleet,merchantsfleet.com,US,Fleet Management & Leasing,"1,000+",250-1k,"PE-backed (Bain Capital Credit), revenue approaching $1B/yr; near/exceeds gate",Fast-growing US fleet-leasing and management provider building national brand awareness.,,L03a
Mobility & Automotive,Wheels Inc.,wheels.com,US,Fleet Management & Leasing,800+,250-1k,Part of Group1001; multi-billion-dollar managed fleet assets; scale-based affordability,Established US fleet-leasing brand with large corporate-client base overlapping F1's B2B hospitality audience.,,L03a
Mobility & Automotive,Ayvens (ALD Automotive + LeasePlan),ayvens.com,France,Fleet Leasing,"18,000+",6k-20k,"Revenue >€10B/yr; public (Euronext Paris: AYV), Société Générale-backed; far exceeds gate",World's largest vehicle-leasing/fleet-management company post ALD-LeasePlan merger; French HQ near F1's home market.,,L03a
Mobility & Automotive,Arval (BNP Paribas),arval.com,France,Fleet Leasing,"9,000+ (parent BNP Paribas 180,000+)",20k+,BNP Paribas-owned; parent revenue >€45B/yr; far exceeds gate,"Major European fleet-leasing brand backed by one of Europe's largest banks, with existing high-value sports sponsorship experience.",yes,L03a
Mobility & Automotive,Alphabet International (BMW Group),alphabet.com,Germany,Fleet Leasing,"3,000+ (parent BMW Group 150,000+)",20k+,BMW Group-owned; parent revenue >€140B/yr; far exceeds gate,BMW's global fleet-leasing/mobility arm; automotive-OEM backing gives it inherent motorsport sponsorship familiarity.,,L03a
Mobility & Automotive,Athlon (Mercedes-Benz Mobility),athlon.com,Netherlands,Fleet Leasing,"1,500+ (parent Mercedes-Benz Group 166,000+)",20k+,Mercedes-Benz Mobility-owned; parent revenue >€145B/yr; far exceeds gate,Daimler-backed European fleet-leasing brand within a group deeply embedded in motorsport culture.,,L03a
Mobility & Automotive,Element Fleet Management,elementfleet.com,Canada,Fleet Leasing,"2,000+",1k-5k,Revenue >$1.1B/yr; public (TSX: EFN); far exceeds gate,"North America's largest publicly traded fleet-management company, serving major enterprise and government clients.",yes,L03a
Mobility & Automotive,Zipcar (Avis Budget Group),zipcar.com,US,Car Sharing,"500+ (parent Avis Budget 25,000+)",20k+,Avis Budget Group-owned; parent revenue ~$12B/yr; far exceeds gate,"World's best-known car-sharing brand; strong urban/university-city presence overlapping F1's younger, city-based fan segment.",,L03a
Mobility & Automotive,Free2Move (Stellantis),free2move.com,France,Car Sharing,"1,000+ (parent Stellantis 250,000+)",20k+,Stellantis-owned; parent revenue >€150B/yr; far exceeds gate,"OEM-backed multi-modal mobility app (car sharing, rental, subscription); Stellantis's deep motorsport heritage (Peugeot, Alfa Romeo, Maserati) makes F1 activation culturally native.",,L03a
Mobility & Automotive,ShareNow (Mercedes-Benz Mobility),share-now.com,Germany,Car Sharing,"800+ (parent Mercedes-Benz Group 166,000+)",20k+,Fully owned by Mercedes-Benz Mobility since BMW's 2024 exit; parent revenue >€145B/yr; far exceeds gate,"Free-floating car-sharing brand backed by Mercedes-Benz, an OEM with a long-running F1 works team — natural internal sponsorship pathway.",,L03a
Mobility & Automotive,Shouqi Limousine & Chauffeur (BAIC Group),shouqiev.com,China,Ride-hailing / Car Rental,"10,000+ (parent BAIC Group 100,000+)",20k+,BAIC Group-owned; parent is a major Chinese state-linked automaker; far exceeds gate,"Major Chinese ride-hailing/chauffeur and rental brand under a large state-backed automaker, positioned for F1's China growth push.",,L03a
Mobility & Automotive,Michelin,michelin.com,France,Tire Manufacturer,132000,20k+,"Revenue ~$28B; profitable; huge motorsport budget (WEC, Le Mans, MotoGP, Dakar)","World #2 tire maker, deep endurance/two-wheel racing pedigree, no F1 presence since Pirelli holds the tender — logical fit for paddock/technical marketing tie-in outside the tire-supplier slot",,L03b
Mobility & Automotive,Bridgestone,bridgestone.com,Japan,Tire Manufacturer,130000,20k+,Revenue ~$30B; profitable; owns Kwik Fit and Firestone service networks,Former F1 tire supplier (2007-2010) with brand equity to reactivate; huge global service/retail footprint wants motorsport halo beyond current WEC/Super Formula programs,,L03b
Mobility & Automotive,Goodyear,goodyear.com,USA,Tire Manufacturer,68000,20k+,Revenue ~$18B; NASCAR/IndyCar sponsor at scale,Iconic F1 tire supplier through 1998; strong US brand needing a European/global motorsport re-entry vehicle as F1's US audience grows,,L03b
Mobility & Automotive,Continental Tires,continental-tires.com,Germany,Tire Manufacturer,190000,20k+,Group revenue ~$44B; profitable; WEC/DTM sponsor history,"Top-5 global tire maker with no current F1 link; deep German motorsport heritage (DTM, WEC) transfers naturally to F1 marketing",,L03b
Mobility & Automotive,Hankook Tire,hankooktire.com,South Korea,Tire Manufacturer,20000,6k-20k,Revenue ~$6B; title sponsor of DTM and F4 championships,Already spends motorsport marketing dollars at series-title level (DTM); F1 is the natural next step for global brand-building,,L03b
Mobility & Automotive,Kumho Tire,kumhotire.com,South Korea,Tire Manufacturer,9000,6k-20k,Revenue ~$2.7B; regional racing-series sponsor,Growing premium ambitions in Europe/US; motorsport sponsorship spend already established in touring car and one-make series,yes,L03b
Mobility & Automotive,Yokohama Rubber (Advan),y-yokohama.com,Japan,Tire Manufacturer,14000,6k-20k,Revenue ~$6.5B; Super GT and rally motorsport program,Advan brand carries strong global performance-tire cachet; existing motorsport budget could extend to F1 activation,,L03b
Mobility & Automotive,Toyo Tire,toyotires.com,Japan,Tire Manufacturer,14000,6k-20k,Revenue ~$3.5B; title sponsor of Formula Drift,Proven willingness to title-sponsor a motorsport series; F1 offers a bigger stage for its performance-tire positioning,,L03b
Mobility & Automotive,Sumitomo Rubber Industries (Falken),falkentire.com,Japan,Tire Manufacturer,38000,20k+,Group revenue ~$7B; Falken heavily sponsors Nürburgring 24h/Super GT,Falken brand already funds top-tier endurance racing programs at well above the $1M/yr bar — F1 is a natural extension,,L03b
Mobility & Automotive,Nexen Tire,nexentire.com,South Korea,Tire Manufacturer,5500,5k-6k,Revenue ~$2B; WTCR and motorsport sponsorships,Actively building global brand via touring-car sponsorship; F1 fits its stated international growth strategy,,L03b
Mobility & Automotive,Apollo Tyres,apollotyres.com,India,Tire Manufacturer,16000,6k-20k,Revenue ~$2.5B; European motorsport push via Vredestein brand,India's largest tire exporter looking to raise global profile — F1's Indian fanbase growth is a strategic hook,,L03b
Mobility & Automotive,MRF Tyres,mrftyres.com,India,Tire Manufacturer,20000,6k-20k,Revenue ~$2.5B; runs its own MRF national racing championship,Already operates and funds a motorsport championship in-house — clear precedent for large motorsport marketing spend,,L03b
Mobility & Automotive,CEAT Ltd,ceat.com,India,Tire Manufacturer,6500,6k-20k,"Revenue ~$1.3B; RPG Group-backed, profitable",Fast-globalizing Indian tire brand seeking premium international association as F1 expands its India footprint,,L03b
Mobility & Automotive,Giti Tire,giti.com,Singapore,Tire Manufacturer,30000,20k+,Revenue ~$4B (private); GT Radial brand races WTCC/TCR,"One of the world's top-10 tire makers by volume with existing touring-car sponsorship spend, no F1 tie today",,L03b
Mobility & Automotive,Cheng Shin Rubber (Maxxis),maxxis.com,Taiwan,Tire Manufacturer,20000,6k-20k,Revenue ~$3B; Dakar/motocross sponsorship program,Global Maxxis brand already funds off-road/rally-raid racing at scale; F1 offers a premium-tarmac counterpart,,L03b
Mobility & Automotive,Sailun Group,sailungroup.com,China,Tire Manufacturer,15000,6k-20k,Revenue ~$3B; large-scale global expansion underway,"Chinese tire maker pursuing Western brand recognition, following Linglong's football-sponsorship playbook into motorsport",,L03b
Mobility & Automotive,Linglong Tire,linglong.cn,China,Tire Manufacturer,20000,6k-20k,Revenue ~$3.5B; sponsors Wolverhampton Wanderers FC (European sports sponsorship already funded),Demonstrated willingness to fund major European sports sponsorship (EPL club shirt deal) — F1 is a logical next asset,,L03b
Mobility & Automotive,Nokian Tyres,nokiantyres.com,Finland,Tire Manufacturer,4000,1k-5k,"Revenue ~$900M; premium European brand, motorsport-adjacent testing programs",Premium positioning and European market focus align with F1's core fanbase; smaller but well-capitalized challenger brand,yes,L03b
Mobility & Automotive,JK Tyre & Industries,jktyre.com,India,Tire Manufacturer,6500,6k-20k,Revenue ~$1.5B; runs JK Tyre national motorsport championship,Long-running in-house racing championship shows sustained >$1M/yr motorsport commitment,,L03b
Mobility & Automotive,Kenda Rubber,kendatire.com,Taiwan,Tire Manufacturer,10000,6k-20k,Revenue ~$1.5B; motocross/MTB racing sponsor,Established motorsport sponsor across two-wheel disciplines with global distribution ambitions,,L03b
Mobility & Automotive,Zhongce Rubber Group,zc-rubber.com,China,Tire Manufacturer,20000,6k-20k,Revenue ~$5B; one of China's largest tire producers,Scale and cash flow to fund a marquee international sponsorship as it pushes export brands globally,,L03b
Mobility & Automotive,Triangle Tyre,triangletire.com,China,Tire Manufacturer,9000,6k-20k,"Revenue ~$1.5B; publicly listed, expanding overseas plants",Building international plants and dealer networks — sponsorship would accelerate Western brand awareness,,L03b
Mobility & Automotive,Discount Tire (America's Tire),discounttire.com,USA,Tire Retail & Distribution,22000,20k+,Revenue ~$5B+ (private); largest independent tire retailer in the US,Massive US retail footprint with no major national sports sponsorship — F1's US growth is a clean marketing tie-in,,L03b
Mobility & Automotive,Les Schwab Tire Centers,lesschwab.com,USA,Tire Retail & Distribution,8000,6k-20k,Revenue ~$2B (private); strong regional profitability,Iconic Pacific Northwest brand looking to extend loyalty program reach — motorsport association fits its performance/service positioning,,L03b
Mobility & Automotive,"TBC Corporation (Big O Tires, NTB, Midas US, Tire Kingdom)",tbccorp.com,USA,Tire Retail & Distribution,12000,6k-20k,Revenue ~$5B+ (Sumitomo Corp of Americas-backed),"Multi-banner national tire/service network with deep-pocketed Japanese parent, no current motorsport headline sponsorship",,L03b
Mobility & Automotive,American Tire Distributors,atd.com,USA,Tire Retail & Distribution,7000,6k-20k,Revenue ~$5B; largest tire distributor in North America,B2B scale player wanting consumer-facing brand lift; F1 sponsorship differentiates a low-visibility distribution business,,L03b
Mobility & Automotive,Point S,point-s.com,France,Tire Retail & Distribution,20000,6k-20k,Aggregate network revenue ~€3B; largest independent tire retail cooperative in Europe,Pan-European retail cooperative with member-funded marketing pool large enough to back a shared F1 sponsorship,,L03b
Mobility & Automotive,Autobacs Seven,autobacs.co.jp,Japan,Tire Retail & Distribution,5500,5k-6k,Revenue ~$3B; already fields a Super GT racing team,"Japan's largest car-goods retailer already funds a factory-level motorsport program, proving budget and appetite",,L03b
Mobility & Automotive,Yellow Hat Ltd,yellowhat.co.jp,Japan,Tire Retail & Distribution,3200,1k-5k,Revenue ~$1B; profitable national auto-parts retail chain,Major Japanese retail chain seeking differentiation from Autobacs via international motorsport association,,L03b
Mobility & Automotive,AutoZone,autozone.com,USA,Aftermarket Parts & Distribution,110000,20k+,Revenue ~$18B; consistently profitable,Largest US auto-parts retailer with no marquee international motorsport sponsorship despite huge ad budgets,,L03b
Mobility & Automotive,O'Reilly Automotive,oreillyauto.com,USA,Aftermarket Parts & Distribution,90000,20k+,Revenue ~$16B; consistently profitable,Deep NASCAR ties already exist for the category leader's peers; O'Reilly lacks a comparable global motorsport platform,,L03b
Mobility & Automotive,Genuine Parts Company (NAPA),genpt.com,USA,Aftermarket Parts & Distribution,60000,20k+,"Revenue ~$23B; Fortune 200, profitable",NAPA's global parts network (incl. Repco) would benefit from an F1 platform to unify international brand messaging,,L03b
Mobility & Automotive,LKQ Corporation,lkqcorp.com,USA,Aftermarket Parts & Distribution,45000,20k+,Revenue ~$14B; owns Euro Car Parts across Europe,World's largest alternative/recycled parts distributor with major European footprint via Euro Car Parts — natural F1 fit,,L03b
Mobility & Automotive,Advance Auto Parts,advanceautoparts.com,USA,Aftermarket Parts & Distribution,50000,20k+,Revenue ~$9B,Turnaround-focused US retailer could use a high-visibility marketing platform to rebuild brand relevance,,L03b
Mobility & Automotive,Halfords Group,halfordscompany.com,UK,Aftermarket Parts & Distribution,10000,6k-20k,Revenue ~£1.7B; UK's largest car-parts/cycling retailer,Home-market advantage for UK-based F1 teams and races; strong consumer brand looking to deepen motoring credibility,,L03b
Mobility & Automotive,ATU Auto-Teile-Unger,atu.de,Germany,Aftermarket Parts & Distribution,9000,6k-20k,Revenue ~€1.6B; largest independent parts/service chain in Germany,Category leader in F1's most motorsport-passionate market with no current team or series partnership,,L03b
Mobility & Automotive,Dorman Products,dormanproducts.com,USA,Aftermarket Parts & Distribution,4500,1k-5k,"Revenue ~$1.9B; publicly listed, profitable, growing fast",Rapidly scaling aftermarket brand investing in awareness campaigns; motorsport is an untapped channel for it,,L03b
Mobility & Automotive,Standard Motor Products,smpcorp.com,USA,Aftermarket Parts & Distribution,4500,1k-5k,"Revenue ~$1.4B; publicly listed, profitable",Established electrical/engine-management parts maker with balance sheet to fund a first motorsport sponsorship,yes,L03b
Mobility & Automotive,Bosch Auto Aftermarket (Robert Bosch GmbH),bosch-automotive-aftermarket.com,Germany,Aftermarket Parts & Distribution,90000,20k+,Parent Bosch revenue ~$90B; no current F1 sponsorship identified (verified),World's largest automotive supplier with an aftermarket division seeking consumer-facing brand equity beyond OEM parts,,L03b
Mobility & Automotive,Valeo,valeo.com,France,Aftermarket Parts & Distribution,100000,20k+,Revenue ~€22B; publicly listed,Major French Tier-1 supplier with a home-market F1 team (Alpine); aftermarket unit lacks a consumer motorsport platform,yes,L03b
Mobility & Automotive,ZF Aftermarket (ZF Friedrichshafen),zf.com,Germany,Aftermarket Parts & Distribution,165000,20k+,"Group revenue ~€46B; owns Bilstein, Sachs, Lemförder",Owns several motorsport-credible suspension/chassis brands with no current F1 team link,yes,L03b
Mobility & Automotive,Carparts.com,carparts.com,USA,Aftermarket Parts & Distribution,700,250-1k,Revenue ~$600M; publicly listed (NASDAQ: PRTS),Fast-growing online-first parts retailer looking for a differentiated brand story versus AutoZone/O'Reilly,,L03b
Mobility & Automotive,Mekonomen Group,mekonomen.com,Sweden,Aftermarket Parts & Distribution,4500,1k-5k,Revenue ~$1B; leading Nordic car-parts/workshop network,Dominant Nordic aftermarket group with capital to fund a regional or category F1 activation,,L03b
Mobility & Automotive,Inter Cars SA,intercars.com.pl,Poland,Aftermarket Parts & Distribution,10000,6k-20k,Revenue ~€4B; largest auto-parts distributor in Central/Eastern Europe,CEE's category leader with strong growth and no marquee international sports sponsorship yet,,L03b
Mobility & Automotive,"Mobivia Group (Norauto, Feu Vert, Midas France)",mobivia.com,France,Aftermarket Parts & Distribution,30000,20k+,Revenue ~€3B; major pan-European car-care/service network,"Multi-brand European retail/service group with home-market F1 relevance (Alpine, French GP)",,L03b
Mobility & Automotive,"Super Retail Group (Supercheap Auto, Autobarn)",superretailgroup.com,Australia,Aftermarket Parts & Distribution,15000,6k-20k,"Revenue ~AUD 3.9B (~$2.6B); publicly listed, profitable",Leading ANZ auto-parts retailer with the Australian GP on the calendar as a natural activation moment,,L03b
Mobility & Automotive,Denso Aftermarket (Denso Corporation),denso.com,Japan,Aftermarket Parts & Distribution,160000,20k+,Parent revenue ~$45B; no current F1 team sponsorship identified,"One of the world's largest auto suppliers with an aftermarket arm; motorsport ties currently limited to Toyota/rally, leaving F1 open",yes,L03b
Mobility & Automotive,MAHLE Aftermarket (MAHLE GmbH),mahle-aftermarket.com,Germany,Aftermarket Parts & Distribution,72000,20k+,"Revenue ~€12B; decades of F1 technical-partner spend just freed up (exited Ferrari deal within the last 12 months, verified)","Recently ended its long-running Ferrari power-unit partnership — already has F1 budget, relationships, and know-how to redeploy, ideal re-engagement target",,L03b
Mobility & Automotive,Turtle Wax Inc.,turtlewax.com,USA,Car Care & Detailing,600,250-1k,"Revenue ~$400M+ (private, estimate); long NASCAR sponsorship history","Globally recognized car-care brand with proven >$1M/yr motorsport sponsorship track record, no current F1 presence",,L03b
Mobility & Automotive,Chemical Guys,chemicalguys.com,USA,Car Care & Detailing,250,250-1k,"Est. revenue $100-250M (private) — borderline on revenue gate, recommend verifying via Clay before outreach; huge car-culture/YouTube reach",Fast-growing detailing brand with massive car-enthusiast social following that overlaps heavily with F1's younger fanbase,,L03b
Mobility & Automotive,Meguiar's (3M Company),meguiars.com,USA,Car Care & Detailing,85000,20k+,"Parent 3M revenue ~$34B; Fortune 500, profitable","Iconic detailing brand backed by a Fortune 500 balance sheet, no current F1 tie despite category-leading recognition",,L03b
Mobility & Automotive,Sonax GmbH,sonax.com,Germany,Car Care & Detailing,800,250-1k,Est. revenue ~€200M (private); title sponsor of WRC Rally Germany for years — motorsport spend well above $1M/yr,Proven willingness to title-sponsor top-tier motorsport (WRC) at scale; F1 is a natural step-up for its European car-care leadership,,L03b
Mobility & Automotive,K&N Engineering (Highline Warren),knfilters.com,USA,Tuning & Performance,600,250-1k,Est. revenue $150-250M (private); decades of NASCAR/off-road/drag racing sponsorship,Long-running motorsport sponsor across multiple US racing categories with no international single-seater presence,yes,L03b
Mobility & Automotive,Borla Performance Industries,borla.com,USA,Tuning & Performance,300,250-1k,"Est. revenue $100-150M (private); active motorsport sponsor (SEMA, road racing)","Premium performance-exhaust brand with motorsport marketing history, positioned for a global platform beyond US racing",,L03b
Mobility & Automotive,Akrapovič,akrapovic.com,Slovenia,Tuning & Performance,1300,1k-5k,"Est. revenue €200M+ (private); title/technical sponsor across MotoGP, WSBK, WRC",Already spends heavily on top-tier motorsport (MotoGP livery sponsorships); F1 is the one major series it hasn't entered,,L03b
Mobility & Automotive,Eibach Group,eibach.com,Germany,Tuning & Performance,1000,250-1k,Est. revenue ~€200M (private); sponsors dozens of racing series worldwide,"Springs/suspension brand with an extensive, well-funded global motorsport sponsorship portfolio and no F1 entry yet",,L03b
Mobility & Automotive,"HKS Co., Ltd.",hks-power.co.jp,Japan,Tuning & Performance,300,250-1k,Est. revenue ~$100M (private); Super GT and drift motorsport sponsor,"Iconic JDM tuning brand with global cult following and existing motorsport sponsorship spend, seeking Western expansion",,L03b
Mobility & Automotive,Mishimoto Automotive,mishimoto.com,USA,Tuning & Performance,150,50-250,"Est. revenue $50-100M (private) — below the standard revenue gate, include as a small (50-200 employee) car-culture brand; recommend verifying motorsport spend via Clay",High-engagement enthusiast brand in drift/time-attack circles whose audience closely tracks F1's growing US fanbase,,L03b
Mobility & Automotive,Fuchs Petrolub SE,fuchs.com,Germany,Tuning & Performance,6000,5k-6k,"Revenue ~€3.4B; publicly listed, profitable, heavy WRC/rally sponsorship",Global lubricants leader with an established >$1M/yr motorsport sponsorship program and no F1 relationship,yes,L03b
Mobility & Automotive,KW automotive GmbH,kwautomotive.de,Germany,Tuning & Performance,300,250-1k,Est. revenue €100M+ (private); Nürburgring/touring-car sponsorships,Premium coilover brand with an established Nürburgring-centric motorsport marketing program,,L03b
Mobility & Automotive,Recaro Automotive Seating,recaro-automotive.com,Germany,Tuning & Performance,1500,1k-5k,Est. revenue €300M+ (division); iconic motorsport seat heritage,Motorsport-derived seating brand with global OEM/aftermarket reach and no current F1 team relationship,yes,L03b
Mobility & Automotive,Sparco S.p.A.,sparco.it,Italy,Tuning & Performance,500,250-1k,"Est. revenue ~€150M (private) — borderline on revenue gate; core business is motorsport safety gear, implying inherent >$1M/yr racing marketing spend","Motorsport safety-equipment maker (race suits, harnesses, seats) whose entire brand identity is built on racing credibility",,L03b
Mobility & Automotive,Wilwood Engineering,wilwood.com,USA,Tuning & Performance,350,250-1k,Est. revenue $100-150M (private); deep NASCAR/drag-racing sponsorship ties,"Leading US aftermarket brake brand with a long motorsport sponsorship history, unrepresented internationally",yes,L03b
Mobility & Automotive,ABT Sportsline GmbH,abt-sportsline.de,Germany,Tuning & Performance,600,250-1k,Est. revenue ~€500M (private); fields its own Formula E and DTM racing teams,"Runs and funds its own factory racing programs (Formula E, DTM) — clear evidence of multi-million-dollar annual motorsport spend",,L03b
Mobility & Automotive,Brabus GmbH,brabus.com,Germany,Tuning & Performance,700,250-1k,Est. revenue €200M+ (private); has fielded Brabus GT racing teams,Premium tuning house with a motorsport program of its own and Mercedes-adjacent brand positioning relevant to F1's paddock,,L03b
Mobility & Automotive,Weld Racing,weldracing.com,USA,Tuning & Performance,200,50-250,Est. revenue $50-100M (private) — include as a small motorsport-core brand; deep NASCAR/drag-racing sponsorship ties support the motorsport-spend gate,"Iconic US racing wheel brand whose entire customer base is motorsport, with a decades-long sponsorship track record in NASCAR and drag racing",,L03b
Mobility & Automotive,Enkei Corporation,enkei.com,Japan,Wheels & Accessories,2500,1k-5k,"Est. revenue ~$1B; supplied F1 teams' wheels historically, active in IndyCar/Super GT",Former F1 wheel supplier with living motorsport pedigree and no current F1 relationship to reactivate,yes,L03b
Mobility & Automotive,OZ Racing (OZ Group),oz-racing.com,Italy,Wheels & Accessories,500,250-1k,"Est. revenue €150M+ (private); premier wheel supplier to MotoGP, WRC, touring cars",Category-leading motorsport wheel brand already spending well above $1M/yr across top-tier racing — F1 is the missing entry,,L03b
Mobility & Automotive,Rays Engineering (Volk Racing),rayswheels.co.jp,Japan,Wheels & Accessories,300,250-1k,Est. revenue $100M+ (private); Super GT motorsport ties,Premium JDM wheel brand with cult global following and established motorsport sponsorship in Japan,,L03b
Mobility & Automotive,Carlstar Group (American Racing),carlstargroup.com,USA,Wheels & Accessories,3000,1k-5k,Revenue ~$1.5B (private); diversified wheel and specialty-tire manufacturer,Large-scale North American wheel/tire manufacturer with the balance sheet to back a first motorsport sponsorship,,L03b
Mobility & Automotive,Ronal Group,ronal-group.com,Switzerland,Wheels & Accessories,4000,1k-5k,"Revenue ~CHF 900M; historic F1 wheel supplier in the 1980s-90s, still active in motorsport",Global wheel manufacturer with genuine F1 heritage to reference in a re-engagement pitch,,L03b
Mobility & Automotive,"Driven Brands Inc. (Meineke, Maaco, CARSTAR, Take 5)",drivenbrands.com,USA,Service Chain / Repair Network,5000,1k-5k,Revenue ~$2.2B; publicly listed (NASDAQ: DRVN),North America's largest automotive services franchisor with no marquee motorsport sponsorship across its multi-brand portfolio,,L03b
Mobility & Automotive,Christian Brothers Automotive,cbac.com,USA,Service Chain / Repair Network,1000,250-1k,System-wide revenue ~$700M+; one of the fastest-growing US repair franchises,Rapidly expanding national franchise looking for a differentiated brand platform as it scales past regional recognition,yes,L03b
Mobility & Automotive,Pep Boys (Icahn Automotive Group),pepboys.com,USA,Service Chain / Repair Network,10000,6k-20k,Revenue ~$2B+ (Icahn Enterprises-backed),Legacy US tire/service retail brand with deep-pocketed ownership seeking a relevance-building marketing platform,,L03b
Mobility & Automotive,Double Coin Holdings,doublecoin.com,China,Tire Manufacturer,10000,6k-20k,Revenue ~$1.5B; publicly listed on Shanghai exchange,Scaling Chinese tire exporter looking to build brand credibility in Western commercial and passenger markets,,L03b
Mobility & Automotive,Vipal Rubber,vipal.com,Brazil,Tire Manufacturer,4000,1k-5k,Est. revenue ~$500M (private); leading Latin American tire-retreading/materials maker,Dominant Latin American tire-materials brand with F1's Brazilian GP and passionate LatAm fanbase as a natural activation tie-in,,L03b
Mobility & Automotive,Marangoni Tyre,marangoni.com,Italy,Tire Manufacturer,1200,1k-5k,Est. revenue ~€300M (private); rally and retreading motorsport ties,Italian tire-technology specialist with existing rallying involvement and a home-market F1 team (Ferrari) to leverage regionally,,L03b
Mobility & Automotive,Prometeon Tyre Group,prometeon.com,Italy,Tire Manufacturer,2700,1k-5k,"Revenue ~€1.5B; formerly Pirelli's industrial-tire arm, independent since 2017 (no ownership overlap with Pirelli's F1 deal)",Spun off from Pirelli with no residual F1 relationship — carries motorsport-grade brand pedigree it could reactivate independently,,L03b
Mobility & Automotive,TVS Srichakra (TVS Eurogrip),tvseurogrip.com,India,Tire Manufacturer,3500,1k-5k,Est. revenue ~$500M; two-wheeler racing sponsorship program,TVS Group entity with an active motorsport sponsorship program and India's growing F1 fan base as a strategic rationale,,L03b
Pet Economy,The Farmer's Dog,thefarmersdog.com,United States,Fresh/DTC pet food,"1,000-1,200",1k-5k,"Revenue >$1B annualized (2024-25), reported profitable with $10M+/mo profits","Category-defining fresh DTC unicorn with a young, affluent, brand-obsessed customer base that mirrors F1's growing US fanbase; has never done motorsport but spends heavily on premium brand marketing.",,L04a
Pet Economy,Freshpet,freshpet.com,United States,Fresh/refrigerated pet food,"1,700-1,900",1k-5k,"Public co. (NASDAQ: FRPT), FY2024 revenue ~$950M",Public company scaling into Europe (new Netherlands plant) with a proven appetite for national ad campaigns ('Slow-Cooked in Freshpet Kitchens'); F1's European race calendar fits its expansion markets.,,L04a
Pet Economy,Wellness Pet Company (WellPet),wellnesspetfood.com,United States,Premium dry/wet/treats,"1,200-1,600",1k-5k,"PE-backed (Clearlake Capital, ex-Berwind); $400M+ raised historically, revenue est. $600-700M","Multi-brand premium portfolio (Wellness, Eagle Pack, Sojos) under a growth-focused PE owner looking for category-defining brand moments outside typical pet channels.",,L04a
Pet Economy,Butternut Box,butternutbox.com,United Kingdom,Fresh/DTC pet food,600-800,250-1k,Raised >$150M in 2025 alone (€75M equity + $84.2M debt from Liquidity); $600M+ cumulative,"UK's largest fresh-food challenger, flush with fresh 2025 capital and expanding across Europe; British GP and UK driver base offer a natural home-market activation.",,L04a
Pet Economy,Affinity Petcare,affinity-petcare.com,Spain,Premium/super-premium pet food,"1,600-1,800",1k-5k,Part of Agrolimen group; revenue est. €900M-1B,"Spanish multinational (Advance, Ultima) exporting to 90+ countries; Barcelona-based Agrolimen ownership also controls Nature's Variety/Instinct in the US, giving a two-market activation story anchored on the Spanish GP.",,L04a
Pet Economy,United Petfood,unitedpetfood.com,Belgium,Private-label & branded manufacturer,"1,500-1,700",1k-5k,"Revenue ~$1.5B (2024), Waterland PE-backed",Europe's largest private-label pet food producer with pan-European plants; PE ownership is actively building owned brands that would benefit from a premium sport association.,,L04a
Pet Economy,Vafo Group,vafo-group.com,Czech Republic,"Premium pet food (Brit, Fitmin)","1,800-2,200",1k-5k,Revenue ~$690M (2024),Fast-growing Central European multinational exporting to 90+ countries; ambitious global brand-building (Brit) that could use F1's international reach to jump past Western European incumbents.,,L04a
Pet Economy,Partner in Pet Food,partneripf.com,Netherlands/Hungary,Private-label manufacturer,"900-1,100",1k-5k,"Revenue ~$857M (2024), IK Partners PE-backed",Major pan-European private-label manufacturer under PE ownership pursuing branded growth and international scale-up.,,L04a
Pet Economy,Monge,monge.it,Italy,Premium pet food,600-800,250-1k,Family-owned; revenue est. €350-400M,"Leading Italian family pet-food group with strong export ambitions; Italy's deep motorsport culture (Ferrari, Italian GP) offers built-in brand resonance.",,L04a
Pet Economy,Farmina Pet Foods,farmina.com,Italy,Super-premium pet food,"900-1,100",1k-5k,"Revenue est. €450-500M, rapid multi-continent growth","Fast-scaling super-premium exporter (N&D grain-free line) with strong US, EU and Asia footprints; growth trajectory suggests appetite for a marquee global brand platform.",,L04a
Pet Economy,Diamond Pet Foods (Schell & Kampeter),diamondpet.com,United States,Dry pet food manufacturer,"2,000-2,800",1k-5k,"Family-owned; multi-plant national manufacturer, industry-ranked top-20 revenue, est. $500M+","One of the largest independent, family-owned US pet food manufacturers (Diamond Naturals, Taste of the Wild via Diamond); scale with room to expand beyond traditional trade marketing.",,L04a
Pet Economy,Alphia,alphia.com,United States,Pet food & treats co-manufacturer,"2,500-3,500",1k-5k,PAI Partners-backed; est. revenue $600-800M as North America's largest pet food co-manufacturer,Largest pet food co-manufacturer in North America post CJ Foods/American Nutrition merger; PE ownership actively building a bigger corporate brand story.,,L04a
Pet Economy,Inaba Petfood,inaba-petfood.co.jp,Japan,Treats (Churu),"800-1,200",1k-5k,Est. revenue $400-500M driven by Churu's global #1 cat-treat status,Churu is the best-selling cat treat in the US and Japan and is expanding aggressively into Europe; a global growth brand looking for international awareness beyond pet-specific channels.,,L04a
Pet Economy,Unicharm Corporation (Pet Care),unicharm.com,Japan,Diversified conglomerate (pet care segment),"15,000-18,000",6k-20k,"Revenue ~¥1 trillion ($6-7B); 6,000+ staff",Japanese consumer conglomerate that acquired Petio (2022) to build a pet-care growth pillar; global marketing scale and an established pattern of sponsorship investment in other categories.,,L04a
Pet Economy,Perfect Companion Group (SmartHeart),perfectcompanion.com,Thailand,Dry/wet pet food,"9,000-10,000",6k-20k,"Revenue ~$950.7M; ~10,000 staff (part of CP Group, not Mars/Nestle/Colgate)","SmartHeart/Me-O producer with ~500,000 tonnes/year output and major Asia-Pacific distribution; CP Group ownership gives deep pockets and existing sports-sponsorship appetite in Southeast Asia, a key F1 growth region.",,L04a
Pet Economy,Stella & Chewy's,stellaandchewys.com,United States,Raw/freeze-dried pet food,550-700,250-1k,L Catterton PE-backed; revenue est. $250-300M,Leading US raw/freeze-dried brand under a growth-oriented PE owner (L Catterton) with a track record of funding premium-brand sponsorship plays.,,L04a
Pet Economy,H&H Group (Zesty Paws / Solid Gold),hh.global,Hong Kong/China,Supplements & premium pet food,"4,000-5,000",1k-5k,HK-listed group revenue in the billions RMB; Pet Nutrition & Care segment ~RMB2.5B ($360M) in FY2025,Zesty Paws is the #1 pet supplement brand in the US and growing fast in China; publicly listed parent has capital markets pressure to build global brand equity.,,L04a
Pet Economy,Nutramax Laboratories,nutramaxlabs.com,United States,"Supplements (Cosequin, Dasuquin)","1,200-1,600",1k-5k,"Privately held, vet-channel leader; revenue est. $400-500M","Category-leading, highly profitable vet-recommended supplement maker with room to extend beyond clinical marketing into consumer lifestyle sponsorship.",,L04a
Pet Economy,PetIQ,petiq.com,United States,"OTC health, treats & wellness","2,800-3,200",1k-5k,Public co. (NASDAQ: PETQ); revenue ~$320M (2024),Public company with mass-retail and vet-clinic reach and an existing marketing budget looking for standout awareness plays to differentiate from Mars/Nestle-owned OTC lines.,,L04a
Pet Economy,Central Garden & Pet Company,central.com,United States,Diversified pet products (incl. nutrition),"6,000-6,500",6k-20k,"Public co. (NASDAQ: CENT); revenue ~$3.3B, 6,000+ staff","Large diversified public company with pet nutrition brands (Pinnacle, Nylabone consumables) and existing scale to fund a category-first F1 sponsorship.",,L04a
Pet Economy,Spectrum Brands Holdings (Pet segment),spectrumbrands.com,United States,Diversified pet products (incl. nutrition/treats),"8,000+",6k-20k,"Public co. (NYSE: SPB); total revenue ~$2.8B, 6,000+ staff","Public consumer-products company with pet brands (Nature's Miracle, DreamBone, Wild Harvest) and marketing sophistication comparable to companies already sponsoring F1.",,L04a
Pet Economy,General Mills (Blue Buffalo / Pet segment),generalmills.com,United States,Premium pet food (dedicated segment),"30,000+",20k+,"Public co. (NYSE: GIS); Pet segment revenue ~$1.5-1.6B, total co. ~$19B",Blue Buffalo is the #1 premium pet food brand in the US inside a Fortune 500 parent with deep sports-marketing experience across its broader portfolio.,yes,L04a
Pet Economy,Post Holdings (Post Consumer Brands / Nutrish),postholdings.com,United States,Pet food segment (dedicated brands),"10,000+",6k-20k,Public co. (NYSE: POST); total revenue ~$7.7B,"Pet segment (Rachael Ray Nutrish, NutriSource, Kibbles 'n Bits via Post Consumer Brands/MidAmerica) sits inside a public parent with acquisition-driven growth appetite and marketing scale.",yes,L04a
Pet Economy,J.M. Smucker Company (Pet Foods segment),jmsmucker.com,United States,"Pet food segment (Meow Mix, Milk-Bone, 9Lives)","7,000+",6k-20k,Public co. (NYSE: SJM); total revenue ~$8.7B,"Legacy pet brands (Milk-Bone, Meow Mix, 9Lives, Natural Balance) inside a public CPG parent that could use F1 to refresh brand relevance with younger pet owners.",,L04a
Pet Economy,Simmons Pet Food,simmonsfoods.com,United States,Private-label wet/dry pet food manufacturer,"8,000+",6k-20k,"Family-owned Simmons Foods; overall revenue >$1.4B, 6,000+ staff",One of the largest pet food co-packers in the US supplying major retail brands; significant unbranded scale that could support a corporate-level sponsorship story.,,L04a
Pet Economy,Redbarn Pet Products,redbarn.com,United States,"Treats, chews & food",700-900,250-1k,"Privately held; independent national treats/chews leader, revenue est. $300-400M",Large independent US treats and chews manufacturer with broad retail distribution and room to build brand beyond the pet aisle.,,L04a
Pet Economy,Paragon Pet Products,paragonpet.com,Canada/United States,Private-label & branded treats (Whimzees),"900-1,200",1k-5k,PE-backed (Wind Point Partners); revenue est. $300-400M,Major North American private-label and branded (Whimzees) treat manufacturer with PE growth capital seeking category differentiation.,,L04a
Pet Economy,Pets Choice Ltd,petschoice.co.uk,United Kingdom,"Multi-brand pet food (Meatiful, Vitalin, Bob & Lush)",600-800,250-1k,PE-backed (Bridgepoint); revenue est. £200-300M ($250-380M),Fast-growing UK multi-brand pet food group under PE ownership; British GP and home-market fandom offer an accessible activation entry point.,,L04a
Pet Economy,Josera,josera.com,Germany,Premium pet food,600-800,250-1k,Family-owned; revenue est. €400-500M (incl. adjacent feed business),"Substantial German premium pet food group with strong DACH-region presence, a natural fit for the German GP and Mercedes/local fan base.",,L04a
Pet Economy,Vitakraft,vitakraft.com,Germany,Pet food & care products,"1,300-1,600",1k-5k,"Family-owned; revenue est. €400M+, global footprint","Century-old German pet care group with operations across Europe, the US and Asia; scale supports a multi-market sponsorship activation.",,L04a
Pet Economy,Bosch Tiernahrung,bosch-tiernahrung.de,Germany,Premium dry pet food (export-focused),500-700,250-1k,Family-owned; export-led revenue est. €250-300M (near threshold),Leading German premium dry pet food exporter selling to 100+ countries; 'Made in Germany' positioning aligns with F1's German fan base and manufacturing-pride narrative.,,L04a
Pet Economy,Total Alimentos,totalalimentos.com.br,Brazil,"Pet food manufacturer (Special Dog, Equilibrio)","1,800-2,200",1k-5k,"Privately held; one of Brazil's largest independent manufacturers, revenue est. R$1.5-2B ($270-360M)","Major independent Brazilian pet food manufacturer with national scale in a market where F1 (São Paulo GP) has deep, passionate fandom.",,L04a
Pet Economy,PremieRpet,premierpet.com.br,Brazil,Premium pet food,"1,800-2,200",1k-5k,"Privately held; widely cited as Brazil's largest independently-owned premium pet food brand, revenue est. R$1.5B+ ($270M+)",Brazil's leading independent premium pet food brand; F1's São Paulo GP and Brazilian driver legacy (Senna) provide unusually strong home-market resonance.,,L04a
Pet Economy,Nupec,nupec.com.mx,Mexico,"Pet food manufacturer (Ganador, Vita)","1,200-1,500",1k-5k,"Privately held; leading independent Mexican manufacturer, revenue est. $200-300M",Leading independent Mexican pet food manufacturer with wide LatAm distribution; Mexico City GP offers a direct home-market activation.,,L04a
Pet Economy,CJ CheilJedang (CJ ExtraCare),cj.co.kr,South Korea,Diversified food/bio conglomerate (pet food division),"20,000+",6k-20k,"Public co.; conglomerate revenue >$25B, 6,000+ staff","Korean food and bio conglomerate building out CJ ExtraCare as a pet nutrition growth bet, with existing global marketing infrastructure and appetite for international category entry.",,L04a
Pet Economy,Thai Union Group (I AM),thaiunion.com,Thailand,"Cat food (tuna-based, I AM brand)","44,000+",20k+,"Public co.; revenue >$4B, 6,000+ staff",Global seafood conglomerate diversifying into cat food (I AM); enormous scale and an active brand-diversification agenda looking for high-visibility platforms.,,L04a
Pet Economy,Gambol Pet Group,gambol.com.cn,China,Pet food & treats manufacturer/exporter,"2,500-3,000",1k-5k,Shenzhen-listed public co. (SZSE: 300793); revenue est. RMB2-3B ($300-400M),"Publicly listed Chinese pet food and treats exporter turning to domestic premium brand-building, with F1's growing Shanghai GP audience as a natural entry point.",,L04a
Pet Economy,"Zhongchong Co., Ltd. (Wanpy)",zhongchong.com.cn,China,Pet food manufacturer/exporter,"2,800-3,200",1k-5k,Shenzhen-listed public co. (SZSE: 002891); revenue est. RMB3B+ ($400M+),"One of China's largest pet food exporters and manufacturers, publicly listed with disclosed marketing budgets and a domestic premiumization strategy.",,L04a
Pet Economy,Petpal Pet Nutrition Technology,petpal.com.cn,China,Pet snacks/treats manufacturer/exporter,"2,200-2,600",1k-5k,Shenzhen-listed public co. (SZSE: 300673); revenue est. RMB2B+ ($280M+),"Leading Chinese pet snack/treat exporter-turned-domestic-brand-builder, publicly listed with clear ambitions to internationalize its own brand equity.",,L04a
Pet Economy,Nisshin Pet Food,nisshin-petfood.co.jp,Japan,Pet food (subsidiary of Nisshin Seifun Group),500-800 (dedicated unit),250-1k,Parent Nisshin Seifun Group is a public co. with revenue >¥700B ($4.5B),Pet food growth unit inside a major public Japanese food conglomerate with existing corporate marketing scale and sponsorship precedent in other categories.,,L04a
Pet Economy,Iris Ohyama,irisohyama.com,Japan,Diversified manufacturer (pet food & care division),"20,000+",6k-20k,"Privately held; revenue >¥900B ($6B), 6,000+ staff","Huge diversified Japanese manufacturer with a fast-growing pet care division and a marketing-forward, design-led brand identity that could translate well to F1's audience.",,L04a
Pet Economy,Himalaya Wellness (PetCare division),himalayawellness.com,India,Herbal/wellness conglomerate (pet care segment),"10,000+",6k-20k,"Privately held; parent FMCG revenue >$500M, 6,000+ staff","Major Indian wellness conglomerate with a growing pet nutrition/care segment and global export ambitions, positioned to ride India's rising F1 fan interest.",,L04a
Pet Economy,Orkla (Bewi Pet Food),orkla.com,Norway,Diversified conglomerate (Nordic pet food division),"18,000+",6k-20k,"Public co.; revenue ~NOK50B ($4.5B), 6,000+ staff","Major Nordic conglomerate with a dedicated pet food business (Bewi Pet Food, Bozita); public-company scale and marketing sophistication suitable for a Scandinavian-anchored F1 activation.",,L04a
Pet Economy,Virbac,virbac.com,France,Veterinary health & nutrition (diet line),"5,500-6,000",5k-6k,Public co. (Euronext Paris); revenue >€1.3B,French animal-health public company with a veterinary nutrition/diet line (Veterinary HPM) and deep vet-channel marketing budgets that could extend into consumer sponsorship.,,L04a
Pet Economy,Sunshine Mills,sunshinemills.com,United States,Private-label pet food & treats manufacturer,"1,300-1,600",1k-5k,"Privately held; multi-plant national manufacturer, revenue est. $300-400M","Major US private-label pet food and treats manufacturer supplying large retail chains, with the scale to underwrite a national marketing partnership.",,L04a
Pet Economy,Midwestern Pet Foods (Sportmix),midwesternpetfoods.com,United States,"Private-label & branded (Sportmix, Pro Pac)","900-1,100",1k-5k,"Family-owned; national distribution, revenue est. $300-400M",Long-established independent US pet food manufacturer whose 'Sportmix' brand identity already leans into a performance/athletic positioning that could tie naturally to motorsport.,,L04a
Pet Economy,PetLab Co.,petlabco.com,United States/United Kingdom,DTC supplements,300-500,250-1k,"Privately held; one of the fastest-growing DTC pet supplement brands globally, revenue est. $250-300M via social/direct-response e-commerce",Social-commerce-native supplement brand with an outsized digital ad footprint; a natural fit for F1's growing social/streaming-first fan acquisition strategy.,,L04a
Pet Economy,Nature's Variety (Instinct),instinctpetfood.com,United States,Premium raw/freeze-dried pet food,500-700,250-1k,Owned by Agrolimen (same well-capitalized parent as Affinity Petcare),Fast-growing US super-premium raw/freeze-dried brand (Instinct) backed by a well-capitalized Spanish parent already building a two-continent premium pet food story.,,L04a
Pet Economy,Real Pet Food Company,realpetfoodco.com.au,Australia,Premium & branded pet food,700-900,250-1k,PE-backed (PAG Asia Capital); revenue est. AUD400M+ ($260M+),Leading independent Australian pet food manufacturer under PE ownership; direct fit for the Australian GP (Melbourne) home-market audience.,,L04a
Pet Economy,Compana Pet Foods,companapetfoods.com,United States,"Private-label & branded (Eagle Mountain, 4health)","900-1,200",1k-5k,"PE-backed (American Securities); roll-up platform, revenue est. $400M+",Growing North American private-label and branded pet food platform under PE ownership pursuing scale and brand differentiation via national marketing.,,L04a
Pet Economy,Alicorp,alicorp.com.pe,Peru,"Diversified food conglomerate (pet food segment: Mimaskot, Ricocan)","12,000+",6k-20k,"Public co.; revenue >$2.5B, 6,000+ staff","Leading Andean-region food conglomerate expanding its pet nutrition portfolio (Mimaskot, Ricocan); scale and public-market profile support a LatAm-anchored sponsorship.",,L04a
Pet Economy,Kent Pet Group,kentpetgroup.com,United States,"Pet food manufacturer (Under the Sun, Buffalo Blue)","3,000+ (parent Kent Corporation)",1k-5k,Family-owned parent Kent Corporation; revenue >$1B,"Dedicated pet food division of a large, diversified family-owned US agribusiness with the balance sheet to fund a marquee marketing platform.",,L04a
Pet Economy,Zoetis,zoetis.com,US,Animal-Health Pharma,14000,6k-20k,Public (NYSE:ZTS); FY2024 revenue ~$8.5B,World's largest animal-health company; deep marketing budget and a consumer-facing pet-owner brand mission that fits motorsport reach; not a 2026 F1 sponsor.,,L04b
Pet Economy,Elanco Animal Health,elanco.com,US,Animal-Health Pharma,9000,6k-20k,Public (NYSE:ELAN); FY2024 revenue ~$4.4B,"Global top-3 animal-health player pushing pet-owner-facing brands (Advantage, Seresto); scale supports 7-figure sponsorship.",,L04b
Pet Economy,Dechra Pharmaceuticals,dechra.com,GB,Animal-Health Pharma,2700,1k-5k,Acquired by EQT AB Jan 2024 for £4.5B; FY2024 revenue ~£796M ($1.0B),PE-backed (EQT) global vet-pharma specialist with international ambitions; parent EQT AUM easily covers a multi-year F1 activation.,,L04b
Pet Economy,Vetoquinol,vetoquinol.com,FR,Animal-Health Pharma,2501,1k-5k,Public (Euronext:VETO); FY2024 revenue ~$583M,Established French companion-animal pharma group looking to build premium brand awareness in Europe.,,L04b
Pet Economy,Ceva Santé Animale,ceva.com,FR,Animal-Health Pharma,7000,6k-20k,"Private; FY2024 turnover ~€1.77B, 7,000+ staff globally",One of the largest privately-held animal-health companies worldwide; scale and international footprint support major sponsorship.,,L04b
Pet Economy,Boehringer Ingelheim Animal Health,boehringer-ingelheim.com,DE,Animal-Health Pharma,53500,20k+,Division of Boehringer Ingelheim (private); parent group revenue >€20B,Animal-health arm of a top-3 global pharma group; ample budget for a flagship sports-marketing platform like F1.,,L04b
Pet Economy,Merck Animal Health,merck-animal-health.com,US,Animal-Health Pharma,70000,20k+,Division of Merck & Co. (NYSE:MRK); parent revenue >$60B,Animal-health division of a mega-cap pharma company; well within affordability and has consumer pet brands (Bravecto).,,L04b
Pet Economy,IDEXX Laboratories,idexx.com,US,Animal-Health Diagnostics,11000,6k-20k,Public (NASDAQ:IDXX); FY2024 revenue ~$3.9B,Global leader in veterinary diagnostics; strong cash generation and brand ambitions among vets and pet owners.,,L04b
Pet Economy,Covetrus,covetrus.com,US,Animal-Health Pharma,4800,1k-5k,PE-owned (CD&R/TPG); FY2024 revenue ~$5B,Major global animal-health distribution and software platform; PE ownership with capital available for brand-building.,,L04b
Pet Economy,Neogen Corporation,neogen.com,US,Animal-Health Diagnostics,2391,1k-5k,Public (NASDAQ:NEOG); revenue $500M-$1B,Public animal safety/health diagnostics company expanding companion-animal offerings; scale supports 7-figure sponsorship.,,L04b
Pet Economy,Phibro Animal Health,pahc.com,US,Animal-Health Pharma,4000,1k-5k,Public (NASDAQ:PAHC); FY2024 revenue ~$1.1B,Established global animal-health and nutrition company with public-company marketing budget.,,L04b
Pet Economy,Huvepharma,huvepharma.com,BG,Animal-Health Pharma,4000,1k-5k,"Private; estimated revenue ~€900M, 4,000+ employees",One of the largest privately-owned global animal-health companies; scale supports major sponsorship.,,L04b
Pet Economy,Kemin Animal Nutrition & Health,kemin.com,US,Animal-Health Pharma,2800,1k-5k,"Division of Kemin Industries (private, family-owned); group revenue ~$1.3B+",Global animal nutrition/health science company with international manufacturing footprint and family capital.,,L04b
Pet Economy,Norbrook Laboratories,norbrook.com,GB,Animal-Health Pharma,1069,1k-5k,"Private; Clay-estimated revenue in $1B-10B range, 1,000+ staff across 8 countries",Long-established (Northern Ireland) veterinary pharma manufacturer with global export operations.,,L04b
Pet Economy,Alltech,alltech.com,US,Animal-Health Pharma,5000,1k-5k,"Private, family-owned; estimated revenue ~$1.5-2B","Global animal health & nutrition company already active in sports sponsorship culture (equestrian, cycling); large private capital base.",,L04b
Pet Economy,Bimeda,bimeda.com,IE,Animal-Health Pharma,1200,1k-5k,"Private, family-owned; industry-ranked top-20 global animal-health company, est. revenue ~$300-400M",Multinational veterinary pharma manufacturer/distributor operating in 20+ countries.,,L04b
Pet Economy,Vaxxinova,vaxxinova.com,NL,Animal-Health Pharma,1200,1k-5k,Division of EW Group (private); parent group revenue >€1B,Global animal-vaccine specialist backed by a large private breeding/agri conglomerate.,,L04b
Pet Economy,Heska Corporation,heska.com,US,Animal-Health Diagnostics,1200,1k-5k,Acquired by Mars Inc. 2023; backed by Mars Petcare (~$18B+ division revenue),Point-of-care veterinary diagnostics brand now backed by Mars' balance sheet.,,L04b
Pet Economy,Antech Diagnostics,antechdiagnostics.com,US,Animal-Health Diagnostics,5000,1k-5k,Division of Mars Veterinary Health; Mars Petcare revenue ~$18B+,"Leading veterinary diagnostics lab network in North America, backed by Mars' global scale.",,L04b
Pet Economy,Orion Animal Health (Orion Corporation),orion.fi,FI,Animal-Health Pharma,3700,1k-5k,"Division of Orion Corporation (public, Nasdaq Helsinki); parent revenue ~€1.3B",Nordic pharma group's animal-health division; public-company scale supports sponsorship spend.,,L04b
Pet Economy,MWI Animal Health,mwiah.com,US,Animal-Health Pharma,3000,1k-5k,Division of Cencora/AmerisourceBergen (NYSE:COR); parent revenue >$250B,Leading US/UK animal-health distributor backed by a Fortune-10 healthcare distribution parent.,,L04b
Pet Economy,IVC Evidensia,ivcevidensia.com,GB,Vet Clinic Chain,41000,20k+,"EQT-owned; 2,600+ hospitals across Europe/N. America, 41,000+ staff","Europe's largest veterinary group, PE-backed (EQT) with pan-European footprint matching F1's European race calendar.",,L04b
Pet Economy,Mars Veterinary Health,mars.com,US,Vet Clinic Chain,55000,20k+,"Division of Mars, Inc. (private); Mars Petcare revenue ~$18B+","Umbrella for Banfield/BluePearl/VCA/Antech; largest employer of vet professionals in the US, backed by Mars' enormous private balance sheet.",yes,L04b
Pet Economy,Banfield Pet Hospital,banfield.com,US,Vet Clinic Chain,14000,6k-20k,"Owned by Mars, Inc.; brand revenue historically >$770M standalone",Largest single-brand vet hospital chain in the US (embedded in PetSmart stores); backed by Mars.,,L04b
Pet Economy,BluePearl Pet Hospital,bluepearlvet.com,US,Vet Clinic Chain,7000,6k-20k,"Owned by Mars, Inc.; 7,000+ staff nationally",Leading US specialty/emergency vet hospital network backed by Mars' scale.,,L04b
Pet Economy,VCA Animal Hospitals,vcahospitals.com,US,Vet Clinic Chain,30000,20k+,"Owned by Mars, Inc. (acquired 2017 for $9.1B)","One of the largest vet hospital networks in North America (1,000+ locations), backed by Mars.",,L04b
Pet Economy,National Veterinary Associates (NVA),nva.com,US,Vet Clinic Chain,49760,20k+,"JAB Holding-owned; FY2024 revenue ~$3.6B, ~50,000 employees","One of the largest private vet hospital operators in the US, backed by JAB Holding's global consumer-brand portfolio.",,L04b
Pet Economy,Thrive Pet Healthcare,thrivepetcare.com,US,Vet Clinic Chain,8000,6k-20k,TSG Consumer Partners-backed; FY2024 revenue ~$420M+,Fast-growing 400+ hospital US network backed by a major consumer-focused PE firm.,,L04b
Pet Economy,Southern Veterinary Partners,southernvetpartners.com,US,Vet Clinic Chain,8000,6k-20k,"Shore Capital Partners-backed; estimated revenue in the $1B+ range, 5,000-10,000 staff","One of the fastest-growing US veterinary consolidators, PE-backed with national ambitions.",,L04b
Pet Economy,PetVet Care Centers,petvetcarecenters.com,US,Vet Clinic Chain,5000,1k-5k,KKR-owned; estimated revenue ~$622M,National US vet hospital network backed by KKR's global private-equity balance sheet.,,L04b
Pet Economy,CVS Group,cvsukgroup.co.uk,GB,Vet Clinic Chain,8000,6k-20k,Taken private by EQT 2025 (formerly LSE:CVSG); FY revenue ~£588M,"UK's largest listed/PE-backed vet group, with diagnostics labs and pet crematoria arms as well.",,L04b
Pet Economy,VetPartners (UK),vet-partners.co.uk,GB,Vet Clinic Chain,6000,5k-6k,BC Partners-backed; 700+ UK practices,"One of the UK's largest vet consolidators, backed by a major European PE firm.",,L04b
Pet Economy,Medivet,medivet.co.uk,GB,Vet Clinic Chain,5000,1k-5k,PE-backed; 400+ UK practices,Major UK veterinary group with national brand recognition and PE capital behind it.,,L04b
Pet Economy,Linnaeus Group,linnaeusgroup.co.uk,GB,Vet Clinic Chain,6000,5k-6k,Owned by Mars Veterinary Health (Mars Petcare revenue ~$18B+),UK referral/specialist vet hospital group backed by Mars' global scale.,,L04b
Pet Economy,Ethos Veterinary Health,ethosvet.com,US,Vet Clinic Chain,4000,1k-5k,Spun off from NVA (JAB Holding lineage); 145 specialty/emergency hospitals,Fast-growing US specialty/emergency vet network with major consumer-conglomerate backing.,,L04b
Pet Economy,Mission Veterinary Partners,mvp-vet.com,US,Vet Clinic Chain,4500,1k-5k,Trilantic Capital Partners-backed; 260+ US hospitals,"One of the largest US vet-hospital roll-ups, PE-backed with continued acquisition capital.",,L04b
Pet Economy,Alliance Animal Health,allianceanimal.com,US,Vet Clinic Chain,4000,1k-5k,Argosy Private Equity/L Squared Capital-backed; 250+ US hospitals,Fast-growing multi-state US veterinary hospital platform with PE growth capital.,,L04b
Pet Economy,Petspiration Group,petspiration.com.au,AU,Vet Clinic Chain,8000,6k-20k,"TPG Capital-owned (AUD ~2.2B acquisition, 2022)","Australia's largest combined pet-retail-and-vet group (Petbarn + Greencross Vets), backed by a global PE firm.",,L04b
Pet Economy,Greencross Vets,greencrossvets.com.au,AU,Vet Clinic Chain,3000,1k-5k,Owned by Petspiration Group (TPG Capital),"Australia's largest vet hospital brand, part of TPG-backed Petspiration Group.",,L04b
Pet Economy,Nationwide Pet Insurance,petinsurance.com,US,Pet Insurance,25000,20k+,Division of Nationwide Mutual Insurance (private); parent revenue >$50B,"Longest-running US pet insurance brand, backed by a top-10 US insurer with existing motorsports sponsorship heritage.",,L04b
Pet Economy,MetLife Pet Insurance,metlifepetinsurance.com,US,Pet Insurance,45000,20k+,"Division of MetLife, Inc. (NYSE:MET); parent revenue >$70B",Pet insurance arm of a Fortune-100 global insurer with large marketing budgets.,,L04b
Pet Economy,Independence Pet Group,independencepetholdings.com,US,Pet Insurance,1500,1k-5k,"Private; estimated group revenue ~$1.4B, covers 800,000+ pets","Full-stack North American pet insurance platform (ASPCA, Pets Best, Spot, Hartville, Figo brands) with substantial underwriting scale.",,L04b
Pet Economy,ASPCA Pet Health Insurance,aspcapetinsurance.com,US,Pet Insurance,1500,1k-5k,Underwritten/administered via Independence Pet Group (~$1.4B group revenue),One of the most recognized pet insurance brands in the US via ASPCA licensing partnership.,,L04b
Pet Economy,Pets Best Insurance,petsbest.com,US,Pet Insurance,1500,1k-5k,Part of Independence Pet Group (~$1.4B group revenue),Long-running US pet insurer (founded by a veterinarian) with national distribution.,,L04b
Pet Economy,Spot Pet Insurance,spotpet.com,US,Pet Insurance,1500,1k-5k,Part of Independence Pet Group (~$1.4B group revenue),Fast-growing digitally-native US pet insurance brand under a well-capitalized parent.,,L04b
Pet Economy,Healthy Paws Pet Insurance,healthypawspetinsurance.com,US,Pet Insurance,250,250-1k,Underwritten by Chubb (NYSE:CB); parent revenue >$50B,Top-rated US pet insurer backed by Chubb's global insurance balance sheet.,,L04b
Pet Economy,Agria Pet Insurance,agria.co.uk,SE,Pet Insurance,500,250-1k,Part of Länsförsäkringar Group (large Swedish mutual insurer),Leading Nordic/UK pet insurer backed by a major Scandinavian insurance group.,,L04b
Pet Economy,Petplan (Allianz),petplan.co.uk,GB,Pet Insurance,800,250-1k,Underwritten by Allianz Insurance plc; parent Allianz SE revenue >€160B,"UK's original pet insurance brand, backed by one of the world's largest insurers.",,L04b
Pet Economy,Fi (Fi Technologies),tryfi.com,US,Pet Tech/Wearables,150,50-250,VC-backed GPS/activity collar category leader,Category-defining smart-collar brand with strong DTC growth and social-media-native marketing approach.,,L04b
Pet Economy,Tractive,tractive.com,AT,Pet Tech/Wearables,250,250-1k,Growth-equity backed; leading European GPS pet tracker brand,"Europe's top pet-GPS wearable brand, headquartered near several F1 European race markets.",,L04b
Pet Economy,Whistle,whistle.com,US,Pet Tech/Wearables,200,50-250,Owned by Mars Petcare/Kinship; backed by Mars' $18B+ division revenue,Leading US pet GPS/health wearable brand with Mars' balance sheet behind it.,,L04b
Pet Economy,Digitail,digitail.com,RO,Pet Tech/Wearables,120,50-250,Owned by Mars Petcare/Kinship,"Veterinary practice-management software platform backed by Mars, growing across US/Europe clinics.",,L04b
Pet Economy,Sure Petcare,surepetcare.com,GB,Pet Tech/Wearables,250,250-1k,Acquired by SharkNinja/JS Global Holdings 2023; parent revenue >$5B,Leading UK smart pet-door/feeder brand now backed by a major global consumer-appliance company.,,L04b
Pet Economy,Whisker (Litter-Robot),whisker.com,US,Pet Tech/Wearables,650,250-1k,"PE-backed (Pondera Holdings, Aldine Capital, Promus Equity); category-leading smart litter box, 1M+ units sold","Dominant premium smart pet-tech brand in North America, strong DTC and retail growth.",,L04b
Pet Economy,Radio Systems Corporation (PetSafe),petsafe.com,US,Pet Tech/Wearables,1500,1k-5k,Private; revenue estimated $500M-$1B,"Global leader in pet containment/training tech (PetSafe, Invisible Fence, SportDOG, Kurgo brands), sold in 50+ countries.",,L04b
Pet Economy,Vetsource,vetsource.com,US,Pet Tech/Wearables,600,250-1k,Great Hill Partners-backed; pharmacy/e-commerce platform serving thousands of US vet clinics,Fast-growing vet-tech/e-commerce infrastructure company with strong PE growth capital.,,L04b
Pet Economy,PetSmart,petsmart.com,US,Pet Retail & E-commerce,50000,20k+,Private (BC Partners-owned); estimated revenue ~$10B,"One of North America's largest pet retailers, PE-owned with scale to fund major sports sponsorship.",,L04b
Pet Economy,Petco,petco.com,US,Pet Retail & E-commerce,27000,20k+,Public (NASDAQ:WOOF); FY2024 revenue ~$6B,Major US pet retailer with in-store vet clinics/grooming; public-company marketing budget.,,L04b
Pet Economy,Pets at Home,petsathome.com,GB,Pet Retail & E-commerce,17000,6k-20k,Public (LSE:PETS); FY revenue ~£1.4B,"UK's largest pet retailer/vet group; public-company scale, home market hosts the British GP.",,L04b
Pet Economy,Fressnapf Group,fressnapf.com,DE,Pet Retail & E-commerce,10000,6k-20k,Private; FY2024 group revenue ~€3.6B,"Europe's largest pet retail chain (1,900+ stores across 14 countries) with a pan-European footprint matching F1's calendar.",,L04b
Pet Economy,Musti Group,mustigroup.com,FI,Pet Retail & E-commerce,2178,1k-5k,Public (Nasdaq Helsinki:MUSTI); FY2024 net sales ~€444M,Leading Nordic pet retail chain with omnichannel growth ambitions.,,L04b
Pet Economy,Zooplus,zooplus.com,DE,Pet Retail & E-commerce,1200,1k-5k,PE-owned (Hellman & Friedman/EQT); FY2023 revenue ~€2.68B,"Europe's largest online pet retailer, backed by two of the world's largest PE firms.",,L04b
Pet Economy,Chewy,chewy.com,US,Pet Retail & E-commerce,20000,6k-20k,Public (NYSE:CHWY); FY2024 revenue ~$11.9B,Largest pure-play pet e-commerce company in the US; heavy performance and brand marketing spender.,,L04b
Pet Economy,Petz,petz.com.br,BR,Pet Retail & E-commerce,8000,6k-20k,Public (B3:PETZ3); revenue >R$3B,Brazil's largest pet retail/vet-services chain; F1 has strong following in Brazil (São Paulo GP).,,L04b
Pet Economy,Pet Circle,petcircle.com.au,AU,Pet Retail & E-commerce,1000,250-1k,Majority owned by Woolworths Group (ASX:WOW); parent revenue >AUD 60B,"Australia's largest online pet retailer, backed by the country's largest retail group.",,L04b
Pet Economy,Arcaplanet,arcaplanet.it,IT,Pet Retail & E-commerce,1576,1k-5k,"Private; Clay-estimated revenue $500M-$1B, 610+ stores","Italy's market-leading pet care retail chain, strong regional presence near the Italian GPs (Monza/Imola).",,L04b
Pet Economy,Pet Valu (Canada),petvalu.ca,CA,Pet Retail & E-commerce,2177,1k-5k,"Public (TSX:PET), Roark Capital majority holder; FY2024 revenue ~$1.1B",Canada's largest specialty pet retailer with 824+ stores and PE backing for growth marketing.,,L04b
Pet Economy,Trixie,trixie.de,DE,Pet Retail & E-commerce,1000,250-1k,Private; estimated revenue €300-400M,"One of Europe's largest pet accessories manufacturers/distributors, strong DACH-region presence.",,L04b
Pet Economy,Pet Supplies Plus,petsuppliesplus.com,US,Pet Retail & E-commerce,10000,6k-20k,"Owned by JAB Holding since 2021; 700+ US stores, systemwide sales >$1.5B",Fast-growing US pet retail franchise backed by JAB Holding's global consumer-brand portfolio.,,L04b
Pet Economy,Rover,rover.com,US,Grooming/Services,555,250-1k,Acquired by Blackstone 2024 for $2.3B,"Largest pet-sitting/dog-walking marketplace in North America, now backed by the world's largest alternative asset manager.",,L04b
Pet Economy,Camp Bow Wow,campbowwow.com,US,Grooming/Services,1500,1k-5k,Owned by Mars Veterinary Health (VCA) since 2021,"Largest dog daycare/boarding franchise brand in North America, backed by Mars' scale.",,L04b
Pet Economy,Dogtopia,dogtopia.com,US,Grooming/Services,1200,1k-5k,"PE growth-backed (Tecum Capital); 300+ franchise locations, systemwide revenue est. >$300M","Fastest-growing US dog daycare/boarding franchise, aggressively building national brand awareness.",,L04b
QSR & Coffee,"Chick-fil-A, Inc.",chick-fil-a.com,US,Chicken QSR,"~10,000 corporate; 140,000+ across franchised restaurants",20k+,"Systemwide sales ~$21.6B (2023), among the largest privately held restaurant chains in the world; comfortably clears the $250M revenue gate.","Fast-growing, cash-rich brand actively expanding internationally (UK, Canada) and building global brand equity beyond its Southern-US roots — F1's global audience fits that expansion push, and it has zero legacy motorsport ties to protect.",yes,L05a
QSR & Coffee,Raising Cane's Restaurants LLC,raisingcanes.com,US,Chicken QSR,"~50,000+",20k+,"Revenue estimated at $4B+ (2024), one of the fastest-growing US chains with aggressive nationwide and international expansion; well above the $250M gate.","Culture-forward brand with a young, male-skewing fanbase that overlaps heavily with F1's growing US audience post-Drive to Survive; has invested in music festivals and college sports and is a plausible next step into motorsport.",,L05a
QSR & Coffee,Wingstop Inc.,wingstop.com,US,Chicken QSR (wings),"~2,500 corporate; systemwide franchise employees much larger",1k-5k,"Public (NASDAQ: WING); systemwide sales ~$4.4B (2024), revenue ~$535M; meets the $250M gate on both counts.","Aggressively marketing-led, digitally-savvy brand with strong social/creator culture and international unit growth (UK, Middle East, Latin America) — a natural fit for F1's global fan-engagement model.",,L05a
QSR & Coffee,Shake Shack Inc.,shakeshack.com,US,Burger fast-casual,"~11,000",6k-20k,Public (NYSE: SHAK); revenue ~$1.2B (2024); clears the $250M gate comfortably.,"Premium fast-casual burger brand expanding rapidly in Europe and the Middle East (via licensing partners), with an upscale, lifestyle-driven positioning that aligns with F1's paddock/hospitality audience.",yes,L05a
QSR & Coffee,Five Guys Enterprises LLC,fiveguys.com,US,Burger QSR,"50,000+ systemwide",20k+,"Privately held; systemwide sales estimated well above $2B across 1,700+ locations in the US, UK and Europe; meets the $250M gate.",Strong UK/European footprint (JV backing from Lion Capital-era investors) puts it in F1's core European fan geography; no existing motorsport sponsorship.,yes,L05a
QSR & Coffee,In-N-Out Burgers,in-n-out.com,US,Burger QSR,"~28,000",20k+,"Privately held, family-owned; estimated revenue $1B+ across 400+ West Coast/Southwest units; meets the $250M gate.","Cult-brand cachet and famously selective marketing make a curated F1 partnership (e.g., a single US race activation) a stylistically plausible fit, though the brand's historically conservative marketing approach is a real qualifying risk to flag.",yes,L05a
QSR & Coffee,Whataburger Restaurants LLC,whataburger.com,US,Burger QSR,"~50,000",20k+,BDT Capital-backed; systemwide sales estimated ~$3B+ across 950+ units; meets the $250M gate.,"Texas roots align directly with the Austin/COTA race weekend; PE ownership (BDT Capital, also a Whataburger stakeholder network with motorsport-adjacent portfolio companies) increases marketing budget flexibility for a regional US activation.",yes,L05a
QSR & Coffee,"Culver Franchising System, LLC (Culver's)",culvers.com,US,Burger/frozen custard QSR,"40,000+ systemwide",20k+,Family-owned; systemwide sales estimated ~$3B+ across 950+ units; meets the $250M gate.,"Fast-expanding Midwest-rooted chain pushing into new US regions; less proven on national sports sponsorship, making it a moderate-confidence but real prospect for a US-market F1 activation.",,L05a
QSR & Coffee,Zaxby's Franchising LLC,zaxbys.com,US,Chicken QSR,"40,000+ systemwide",20k+,Systemwide sales estimated ~$2.3B+ across 950+ units; meets the $250M gate.,"Heavy college-football sponsor (title sponsorship of the Zaxby's Heart of Dallas Bowl) already spends $1M+/yr in sports marketing, showing budget and appetite for sponsorship deals that F1 could extend into.",,L05a
QSR & Coffee,"Bojangles Restaurants, Inc.",bojangles.com,US,Chicken QSR,"30,000+ systemwide",20k+,Durational Capital-backed; systemwide sales estimated ~$1.5B+; meets the $250M gate via PE-backed growth capital and systemwide sales.,"NASCAR-adjacent Southeast US brand heritage (Charlotte HQ, motorsport-friendly market) with active regional sports sponsorship spend, a natural stepping stone into F1's growing US fanbase.",,L05a
QSR & Coffee,Jollibee Foods Corporation,jollibee.com.ph,Philippines,Global multi-brand QSR (burger/chicken),"~50,000+ globally (group)",20k+,"Public (PSE: JFC); group revenue ~$3.6B (2024), one of the largest Asian restaurant groups globally (also owns Smashburger, Coffee Bean & Tea Leaf, Highlands Coffee); well above the $250M gate.","Aggressively globalizing brand (North America, Middle East, Europe expansion) actively seeking Western brand-building platforms; F1's global reach fits its stated internationalization strategy directly.",,L05a
QSR & Coffee,Restaurant Brands International Inc.,rbi.com,Canada,"Multi-brand QSR (Burger King, Popeyes, Firehouse Subs)","~5,000 corporate; 100,000+ systemwide",20k+,Public (NYSE/TSX: QSR); revenue ~$7.7B (2024); massively clears the $250M gate.,"3G Capital-backed, highly acquisitive and marketing-sophisticated parent of Burger King and Popeyes — both globally recognized brands with no current F1 tie despite sister-brand McDonald's/Hard Rock ties existing elsewhere in the sponsorship market via other operators.",,L05a
QSR & Coffee,The Wendy's Company,wendys.com,US,Burger QSR,"~17,000",6k-20k,Public (NASDAQ: WEN); revenue ~$2.1B (2024); clears the $250M gate.,"Known for irreverent, culturally sharp social marketing (a strong fit for F1's meme-driven younger fanbase) and has run NASCAR activations before, showing motorsport sponsorship comfort.",yes,L05a
QSR & Coffee,Subway IP LLC (Roark Capital),subway.com,US,Sandwich QSR,"400,000+ systemwide (franchise workforce)",20k+,Acquired by Roark Capital for ~$9.6B (2023); systemwide sales ~$16.7B; massively clears the $250M gate.,"World's largest restaurant chain by unit count with deep UK/European presence and a history of major sports sponsorships (NFL, past Olympic ties); new PE ownership under Roark is actively refreshing the brand's marketing platform.",yes,L05a
QSR & Coffee,"Domino's Pizza, Inc.",dominos.com,US,Pizza QSR,"~16,500",6k-20k,Public (NASDAQ: DPZ); revenue ~$4.7B (2024); clears the $250M gate easily.,Global footprint (95+ markets) and a marketing budget built around large-scale sports and entertainment tie-ins; a logical fit for F1's international calendar.,yes,L05a
QSR & Coffee,"Papa John's International, Inc.",papajohns.com,US,Pizza QSR,"~14,000",6k-20k,Public (NASDAQ: PZZA); revenue ~$2.0B (2024); clears the $250M gate.,"Long history of major sports sponsorship (NFL official pizza sponsor for years, English Premier League club deals) shows established comfort spending well above $1M/yr on sports marketing rights.",yes,L05a
QSR & Coffee,"Little Caesar Enterprises, Inc. (Ilitch Holdings)",littlecaesars.com,US,Pizza QSR,"~10,000+ (Ilitch Holdings group larger, also owns Detroit Red Wings/Tigers)",6k-20k,"Privately held (Ilitch Holdings); systemwide sales estimated $4B+; parent group also owns pro sports franchises, well above the $1M/yr sports-sponsorship affordability bar.","Ilitch family ownership already operates in major pro sports (NHL Red Wings, MLB Tigers), demonstrating direct sponsorship/ownership fluency that lowers the barrier to an F1 conversation.",yes,L05a
QSR & Coffee,"Chipotle Mexican Grill, Inc.",chipotle.com,US,Tex-Mex fast-casual,"~132,000",20k+,Public (NYSE: CMG); revenue ~$11.3B (2024); massively clears the $250M gate.,"Well-funded, brand-safety-conscious marketer with growing UK/European expansion ambitions and a young, culturally engaged customer base that mirrors F1's US growth demographic.",yes,L05a
QSR & Coffee,"CAVA Group, Inc.",cava.com,US,Mediterranean fast-casual bowls,"~15,000+",6k-20k,"Public (NYSE: CAVA), IPO'd June 2023 raising ~$318M; revenue ~$909M (FY2024); meets both the revenue and capital-raise gates.",Newly public and aggressively expanding chain with fresh IPO capital and a stated ambition to become a top-10 US restaurant brand — an attention-seeking growth story that fits a splashy sponsorship debut.,,L05a
QSR & Coffee,"Sweetgreen, Inc.",sweetgreen.com,US,Fast-casual salads/bowls,"~10,000+",6k-20k,Public (NYSE: SG); revenue ~$676M (2024); clears the $250M gate.,"Premium, lifestyle/wellness-positioned brand with a strong urban, higher-income customer base that overlaps with F1's paddock/hospitality demographic, though its marketing budget is comparatively lean — a real qualifying risk to flag.",,L05a
QSR & Coffee,Qdoba Restaurant Corporation,qdoba.com,US,Tex-Mex fast-casual,"15,000+ systemwide",6k-20k,Owned by Apex Restaurant Group/private equity; systemwide sales estimated ~$900M+ across 700+ units; meets the $250M gate.,"Second-largest fast-casual Mexican chain in the US, positioned as the value/challenger brand to Chipotle — a challenger narrative that pairs well with an entry-level F1 sponsorship story.",,L05a
QSR & Coffee,"Panda Restaurant Group, Inc.",pandaexpress.com,US,Asian fast-casual,"~50,000+",20k+,"Privately held (Cherng family); revenue estimated $3.5B+ across 2,300+ units; clears the $250M gate.","Largest Asian-American-owned restaurant chain in the US with a stated global expansion push (Canada, UK, Latin America); F1's Asian-market calendar (Singapore, Japan, China, Abu Dhabi) is a strong strategic fit for its overseas ambitions.",yes,L05a
QSR & Coffee,Panera Brands (Panera Bread),panerabread.com,US,Fast-casual bakery-café,"100,000+ systemwide",20k+,JAB Holding-owned; systemwide sales estimated ~$5.9B; well above the $250M gate.,"JAB Holding (also owner of Peet's, Krispy Kreme, and a major coffee/QSR portfolio) has significant sports and lifestyle sponsorship experience across its holdings, indicating budget sophistication.",yes,L05a
QSR & Coffee,"Jersey Mike's Franchise Systems, Inc.",jerseymikes.com,US,Sandwich QSR,"70,000+ systemwide",20k+,Blackstone took a majority stake in 2023 at a ~$8B valuation; systemwide sales ~$3B+; well above the $250M gate.,"Fresh PE capital injection (Blackstone) plus an aggressive national growth plan (target of 3,000+ units) signals appetite for a marquee national/global marketing platform like F1.",,L05a
QSR & Coffee,Nando's Group Holdings Ltd,nandos.com,South Africa,Chicken fast-casual,"25,000+",20k+,"Privately held; revenue estimated £1B+ ($1.3B+) across 1,200+ restaurants in 20+ countries; clears the $250M gate.","Strong UK base (Nando's is a major UK cultural brand) directly overlaps with F1's British Grand Prix audience; known for culturally sharp, youth-oriented marketing.",,L05a
QSR & Coffee,Greggs plc,greggs.co.uk,UK,Bakery/fast-casual QSR,"~32,000",20k+,Public (LSE: GRG); revenue ~£2.0B ($2.5B) (2024); clears the $250M gate.,"UK's largest bakery-food-to-go chain, hugely popular culturally; a Silverstone/British GP-focused activation would tap directly into its core domestic fanbase and ongoing brand-modernization push.",,L05a
QSR & Coffee,Pret A Manger (Pret Panera Holding Corp / JAB Holding),pret.com,UK,Sandwich fast-casual,"~14,000+",6k-20k,JAB Holding-owned; revenue estimated £1B+ ($1.3B+); clears the $250M gate; sits within a JAB portfolio with established sports sponsorship experience.,"Rapid US and Middle East expansion under JAB ownership, plus strong European urban footprint, gives it both the budget and geographic overlap with F1's European calendar.",,L05a
QSR & Coffee,"Food Delivery Brands, S.A. (Telepizza)",telepizza.com,Spain,Pizza QSR,"20,000+ systemwide",6k-20k,KKR-backed; revenue estimated €600M+ ($650M+) combining Telepizza and Pizza Hut Iberia master-franchise operations; meets the $250M gate.,"Master franchisee of Pizza Hut across Spain, Portugal, and Latin America under KKR ownership, with Spain hosting the Spanish Grand Prix — a natural home-market activation.",,L05a
QSR & Coffee,Avolta AG (formerly Autogrill/Dufry),avolta.net,Switzerland,Travel retail F&B (multi-brand QSR concessions),"70,000+",20k+,Public (SIX: AVOL); revenue CHF 14.3B ($16B+) (2024); massively clears the $250M gate.,"World's largest airport/travel F&B operator (runs Burger King, Starbucks and dozens of other QSR concessions under license across 70+ countries); travel-retail overlap with F1's international jet-setting fanbase is a genuine strategic fit worth flagging even though it's not a pure QSR brand owner.",,L05a
QSR & Coffee,"Alsea, S.A.B. de C.V.",alsea.com.mx,Mexico,"Multi-brand QSR franchisee (Domino's, Burger King, Starbucks LatAm/Europe)","70,000+",20k+,Public (BMV: ALSEA); revenue estimated ~$3.3B+ (2024); clears the $250M gate.,"Master franchisee for Domino's, Burger King, Starbucks and Chili's across Latin America and Spain — deep overlap with F1's Mexico City, Miami, and Spanish Grand Prix markets, and a portfolio approach that could sponsor across multiple owned brands.",,L05a
QSR & Coffee,Americana Restaurants International plc,americana-food.com,UAE,"Multi-brand QSR franchisee (KFC, Pizza Hut, Hardee's — MENA)","45,000+",20k+,"Public (ADX/Tadawul dual-listed, 2022 IPO); revenue estimated ~$2B+ (2024); clears the $250M gate.","Dominant MENA restaurant operator sitting directly in the region hosting the Abu Dhabi, Bahrain, Saudi Arabia and Qatar Grands Prix — the strongest geographic fit of any prospect in this list.",,L05a
QSR & Coffee,"Yum China Holdings, Inc.",yumchina.com,China,"Chicken/Pizza QSR (KFC, Pizza Hut China)","400,000+",20k+,Public (NYSE: YUMC); revenue ~$11.3B (2024); massively clears the $250M gate.,"Largest restaurant company in China by revenue, operating in a market F1 has actively tried to re-grow (Shanghai GP); huge existing sports-marketing budget precedent (NBA, other sponsorships in China).",,L05a
QSR & Coffee,"Yum! Brands, Inc.",yum.com,US,"Multi-brand QSR (KFC, Taco Bell, Pizza Hut, Habit Burger Grill)","~40,000 corporate/company-owned; 1.5M+ systemwide",20k+,Public (NYSE: YUM); revenue ~$7.5B (2024); massively clears the $250M gate.,"One of the largest global restaurant franchisors with three globally iconic QSR brands and deep prior sports-sponsorship experience (NBA China, various football/soccer deals); has the scale to sponsor at team level.",,L05a
QSR & Coffee,Jubilant FoodWorks Limited,jubilantfoodworks.com,India,Pizza QSR (Domino's India master franchise),"40,000+",20k+,Public (NSE: JUBLFOOD); revenue estimated ~$800M+ (FY2024); clears the $250M gate.,India's largest pizza chain operator with F1's return interest in the Indian market historically discussed; deep-pocketed public company with room for a regional activation.,,L05a
QSR & Coffee,Devyani International Limited,devyaniinternational.com,India,"Multi-brand QSR franchisee (KFC, Pizza Hut, Costa India)","20,000+",6k-20k,Public (NSE: DEVYANI); revenue estimated ~$700M+ (FY2024); clears the $250M gate.,"Fast-growing, India's largest KFC franchisee with an active brand-building agenda targeting younger, aspirational Indian consumers — a demographic F1 is explicitly courting for its market re-entry ambitions.",,L05a
QSR & Coffee,Sapphire Foods India Limited,sapphirefoods.in,India,"Multi-brand QSR franchisee (KFC, Pizza Hut — India/Sri Lanka)","15,000+",6k-20k,Public (NSE: SAPPHIRE); revenue estimated ~$450M+ (FY2024); clears the $250M gate.,Second-largest KFC franchisee in India with a growth mandate — a smaller but real prospect for a co-marketing or regional activation tied to F1's India ambitions.,,L05a
QSR & Coffee,EG Group Limited,eurogarages.com,UK,"Multi-brand QSR/convenience franchisee (KFC, Burger King, Subway, Starbucks — Europe/US)","~50,000+",20k+,Privately held (Issa brothers/TDR Capital); group revenue reported well above $20B including fuel/convenience; the QSR franchise arm alone clears the $250M gate many times over.,"One of the largest multi-brand restaurant/convenience franchisees in the world, spanning the UK, Continental Europe, Australia and the US — matches F1's global footprint directly, and its owners (Issa brothers) are known for high-profile UK sports investment appetite (they also own Asda).",,L05a
QSR & Coffee,Flynn Restaurant Group LP,flynnrg.com,US,"Giant multi-brand QSR franchisee (Taco Bell, Panera, Wendy's, Pizza Hut, Arby's)","60,000+",20k+,"Privately held; reported annual revenue $4B+, the largest franchise operator in the US by unit count; clears the $250M gate.","America's largest restaurant franchisee, operating thousands of units across seven brands — a giant-franchisee-group prospect with the scale to co-fund activation with any of its underlying brand franchisors.",,L05a
QSR & Coffee,"Sun Holdings, Inc.",sunholdingsinc.com,US,"Giant multi-brand QSR franchisee (Burger King, Popeyes, Arby's, IHOP, Golden Corral)","25,000+",20k+,"Privately held; reported systemwide revenue $1B+ operating 1,200+ restaurants across 12 brands; clears the $250M gate.",One of the largest Hispanic-owned businesses in the US and a major multi-brand franchisee headquartered in Texas near the Austin/COTA race weekend — a strong regional-activation and diversity-marketing narrative fit.,,L05a
QSR & Coffee,Portillo's Inc.,portillos.com,US,Fast-casual (Chicago-style hot dogs/burgers),"~9,000",6k-20k,Public (NASDAQ: PTLO); revenue ~$714M (2024); clears the $250M gate.,"Cult-favorite regional brand aggressively expanding nationally post-IPO (2021), with strong social-media-driven fandom that mirrors F1's growing grassroots US audience.",,L05a
QSR & Coffee,White Castle Management Company,whitecastle.com,US,Burger QSR,"~10,000",6k-20k,Family-owned; revenue estimated $700M+ across 340+ units; meets the $250M gate.,"America's oldest hamburger chain (founded 1921) with strong brand heritage and cult status; historically a lean marketer, so this is a moderate-confidence prospect worth flagging as such.",,L05a
QSR & Coffee,"Checkers Drive-In Restaurants, Inc.",checkers.com,US,Burger QSR (Checkers & Rally's),"15,000+ systemwide",6k-20k,Privately held (Oak Hill Capital); systemwide sales estimated ~$1B+; meets the $250M gate.,"PE-backed (Oak Hill Capital) double-drive-thru brand undergoing a national relaunch push, giving it both fresh capital and a stated need for high-visibility brand marketing.",,L05a
QSR & Coffee,Jack in the Box Inc.,jackinthebox.com,US,Burger QSR (also owns Del Taco),"~30,000",20k+,Public (NASDAQ: JACK); combined revenue ~$1.6B (2024) across Jack in the Box and Del Taco; clears the $250M gate.,"West Coast-anchored brand with a distinctive, irreverent marketing voice (its long-running ""Jack"" mascot campaigns) that fits F1's culturally playful sponsorship activations.",yes,L05a
QSR & Coffee,"Inspire Brands, Inc.",inspirebrands.com,US,"Multi-brand QSR (Arby's, Buffalo Wild Wings, Sonic, Jimmy John's)","150,000+ systemwide",20k+,Roark Capital-owned; systemwide sales estimated $30B+ across its full portfolio; massively clears the $250M gate.,"One of the largest private restaurant groups in the world, with Buffalo Wild Wings already deeply embedded in sports-bar culture and major sports sponsorships — a natural entry point for an F1-viewing-party or team partnership.",,L05a
QSR & Coffee,"CKE Restaurants Holdings, Inc.",ckr.com,US,"Burger QSR (Carl's Jr., Hardee's)","20,000+ systemwide",6k-20k,Roark Capital-owned; systemwide sales estimated $4B+; meets the $250M gate.,"Long history of provocative, attention-grabbing ad campaigns and past motorsport-adjacent celebrity marketing tie-ins, indicating cultural comfort with high-visibility sponsorship media.",,L05a
QSR & Coffee,"El Pollo Loco Holdings, Inc.",elpolloloco.com,US,Chicken fast-casual,"~4,000 corporate; systemwide larger",1k-5k,Public (NASDAQ: LOCO); revenue ~$471M (2024); clears the $250M gate.,"Strong Southern California base near the future F1 Las Vegas-adjacent West Coast fanbase, with an active brand-refresh and national-expansion strategy.",yes,L05a
QSR & Coffee,"Fiesta Restaurant Group, Inc.",fiestarestaurantgroup.com,US,"Tex-Mex/Chicken QSR (Pollo Tropical, Taco Cabana)","10,000+ systemwide",6k-20k,Taken private in 2023 by management/investor group; revenue estimated ~$400M+; meets the $250M gate.,"Florida- and Texas-based regional brands that overlap directly with the Miami Grand Prix and Austin/COTA markets, giving a clean geographic rationale for a regional activation.",,L05a
QSR & Coffee,Noodles & Company,noodles.com,US,Fast-casual bowls/noodles,"~7,000",6k-20k,Public (NASDAQ: NDLS); revenue ~$500M (2024); clears the $250M gate.,"Smaller, turnaround-stage public fast-casual chain actively looking for brand-relevance plays — a lower-confidence but real prospect worth including for completeness.",,L05a
QSR & Coffee,Potbelly Corporation,potbelly.com,US,Sandwich fast-casual,"~6,000+",5k-6k,Public (NASDAQ: PBPB); revenue ~$470M (2024); meets the $250M gate.,Undergoing an aggressive franchise-led national growth plan; a moderate-confidence but plausible prospect given renewed marketing investment tied to that growth story.,,L05a
QSR & Coffee,MTY Food Group Inc.,mtygroup.com,Canada,"Giant multi-brand QSR franchisor (Papa Murphy's, Cold Stone Canada, Baja Fresh, Extreme Pita)","7,000+ corporate; systemwide much larger across 90+ brands",6k-20k,Public (TSX: MTY); revenue estimated CAD ~$900M ($650M+); clears the $250M gate.,"One of the largest restaurant franchisors in North America by brand count (90+ banners), giving it a portfolio-marketing rationale for testing an F1 sponsorship across multiple owned brands.",,L05a
QSR & Coffee,Focus Brands LLC,focusbrands.com,US,"Multi-brand QSR/fast-casual franchisor (Auntie Anne's, Moe's Southwest Grill, McAlister's Deli, Schlotzsky's)","100,000+ systemwide",20k+,Roark Capital-owned; systemwide sales estimated $4B+; clears the $250M gate.,Roark Capital's broad multi-brand fast-casual portfolio gives it scale and marketing sophistication comparable to its sibling Inspire Brands and CKE holdings.,,L05a
QSR & Coffee,"Marco's Pizza (Marco's Franchising, LLC)",marcos.com,US,Pizza QSR,"15,000+ systemwide",6k-20k,Majority-owned by TSG Consumer Partners; systemwide sales estimated ~$900M+; meets the $250M gate.,Fast-growing #5 US pizza chain by unit count with PE backing (TSG Consumer Partners) actively fueling national expansion and marketing spend.,,L05a
QSR & Coffee,Church's Chicken (Church's Texas Chicken),churchs.com,US,Chicken QSR,"15,000+ systemwide",6k-20k,High Bluff Capital Partners-owned; systemwide sales estimated ~$1.1B+; meets the $250M gate.,"Texas-founded brand with deep international franchise footprint (Latin America, Middle East, Asia) under new PE ownership pushing a global rebrand — aligns well with F1's international calendar.",yes,L05a
QSR & Coffee,Charleys Philly Steaks (Charleys Franchise Systems),charleys.com,US,Sandwich/cheesesteak QSR,"15,000+ systemwide",6k-20k,Privately held; systemwide sales estimated ~$700M+ across 600+ US and international units; meets the $250M gate.,"One of the fastest-growing US-founded sandwich franchises internationally (Middle East, Asia expansion), giving it geographic reach that overlaps F1's calendar.",,L05a
QSR & Coffee,"Jason's Deli (Deli Management, Inc.)",jasonsdeli.com,US,Sandwich/fast-casual deli,"15,000+",6k-20k,Privately held; systemwide sales estimated ~$700M+ across 250+ units; meets the $250M gate.,"Employee-owned (ESOP), Texas-founded chain — a lower-confidence but real regional US prospect worth flagging for a Texas/Austin-market activation.",,L05a
QSR & Coffee,Domino's Pizza Group plc,dominos.co.uk,UK,Pizza QSR (UK/Ireland/international master franchise),"20,000+ systemwide",6k-20k,Public (LSE: DOM); revenue ~£670M ($850M) (2024); clears the $250M gate.,"Separately listed master franchisee for Domino's across the UK, Ireland, Iceland, and other international markets — directly overlaps the British Grand Prix market and is distinct from the US Domino's Pizza Inc.",,L05a
QSR & Coffee,Collins Foods Limited,collinsfoods.com,Australia,"Chicken QSR franchisee (KFC, Taco Bell — Australia/Europe)","18,000+",6k-20k,Public (ASX: CKF); revenue ~AUD 1.4B ($900M+) (FY2024); clears the $250M gate.,Largest KFC franchisee in Australia and a growing Taco Bell master franchisee — directly overlaps the Australian Grand Prix (Melbourne) market.,,L05a
QSR & Coffee,Restaurant Brands New Zealand Limited,rbd.co.nz,New Zealand,"Multi-brand QSR franchisee (KFC, Pizza Hut, Carl's Jr., Taco Bell)","10,000+",6k-20k,Public (NZX/ASX: RBD); revenue estimated NZD ~$900M ($550M+); clears the $250M gate.,"Multi-brand master franchisee across New Zealand, Australia and Hawaii — an Oceania/Pacific-region prospect overlapping the Australian Grand Prix media market.",,L05a
QSR & Coffee,Famous Brands Limited,famousbrands.co.za,South Africa,"Multi-brand QSR franchisor (Steers, Debonairs Pizza, Wimpy, Fishaways)","5,000+ corporate; systemwide much larger",1k-5k,Public (JSE: FBR); revenue estimated ZAR ~8B ($450M+); clears the $250M gate.,"Africa's largest branded food-service franchisor, based in the same country as Nando's and with a similarly strong South African motorsport/cultural affinity to leverage.",,L05a
QSR & Coffee,Craveable Brands Pty Ltd,craveablebrands.com.au,Australia,"Chicken QSR (Red Rooster, Oporto, Chicken Treat)","10,000+ systemwide",6k-20k,PE/Archer Capital-linked ownership; systemwide sales estimated ~$700M+; meets the $250M gate.,"Second-largest Australian-owned QSR group, giving it a direct Melbourne Grand Prix market tie and a multi-brand portfolio to activate across.",,L05a
QSR & Coffee,QSR Brands (M) Holdings Sdn Bhd,qsrbrands.com,Malaysia,"Chicken/pizza QSR franchisee (KFC, Pizza Hut — Malaysia/Singapore/Cambodia/Brunei)","20,000+",6k-20k,CVC Capital/Johor Corp-backed; revenue estimated well above $250M across 700+ KFC and Pizza Hut outlets in the region.,"Dominant Southeast Asian master franchisee positioned near F1's Singapore Grand Prix, one of the calendar's marquee Asian races.",,L05a
QSR & Coffee,PT Fast Food Indonesia Tbk,fastfoodindonesia.com,Indonesia,Chicken QSR (KFC Indonesia),"15,000+",6k-20k,Public (IDX: FAST); revenue estimated ~$300M+ (2024); meets the $250M gate.,"Sole KFC master franchisee in Indonesia, a fast-growing Southeast Asian economy adjacent to F1's Singapore market — a moderate-confidence but real regional prospect.",,L05a
QSR & Coffee,Herfy Food Services Company,herfy.com,Saudi Arabia,Burger QSR,"8,000+",6k-20k,"Public (Tadawul: 6002); ~8,000 employees clears the 6,000+ staff gate even though revenue (~$220M) sits just under the $250M line.","Saudi Arabia's homegrown burger chain, based in the same market as the Saudi Arabian Grand Prix (Jeddah) — strong local activation logic for F1's Middle East expansion push.",,L05a
QSR & Coffee,Al Baik Food Systems Co.,albaik.com,Saudi Arabia,Chicken QSR,"10,000+ (estimated, private)",6k-20k,"Privately/family-held; widely reported to be one of the most profitable QSR chains globally on a per-unit basis, with estimated revenue well above $250M; unverified precise financials given its private status, but scale is well established.","Saudi Arabia's most iconic fast-food brand, based in Jeddah, host city of the Saudi Arabian Grand Prix — the single strongest local-market brand fit in the region, though financials should be independently confirmed given limited public disclosure.",,L05a
QSR & Coffee,SSP Group plc,foodtravelexperts.com,UK,Travel retail F&B (multi-brand QSR concessions),"40,000+",20k+,Public (LSE: SSPG); revenue ~£3.4B ($4.3B) (FY2024); massively clears the $250M gate.,"Major airport/rail F&B operator running numerous QSR brands under license across Europe, the US and Asia — travel-retail overlap with F1's globe-trotting fanbase similar to Avolta, worth flagging as an operator rather than a brand owner.",,L05a
QSR & Coffee,"Taco John's International, Inc.",tacojohns.com,US,Tex-Mex QSR,"5,000+ systemwide",1k-5k,"Privately held; systemwide sales estimated ~$450M+ across 380+ units; meets the $250M gate, though this is a lower-confidence estimate given limited disclosure.","Regional (Midwest-rooted) Tex-Mex chain undergoing a national growth push; included as a smaller, lower-confidence prospect for completeness.",,L05a
QSR & Coffee,"Capriotti's Holding Company, Inc. (Capriotti's / Wing Zone)",capriottis.com,US,Sandwich/chicken QSR,"5,000+ systemwide",1k-5k,Levine Leichtman Capital Partners-backed with recent growth investment; systemwide sales estimated ~$500M+ across its combined sandwich and wing brands; meets the $250M gate via PE-backed growth capital.,"PE-backed dual-brand (sandwiches + wings) platform in active national rollout, giving it fresh capital and appetite for high-visibility marketing — a moderate-confidence but real prospect.",,L05a
QSR & Coffee,Freddy's Frozen Custard & Steakburgers,freddys.com,US,Burger QSR,"15,000+ systemwide",6k-20k,Thompson Street Capital Partners-backed; systemwide sales estimated ~$1B+ across 500+ units; meets the $250M gate.,"Fast-growing PE-backed Midwest burger/custard chain expanding nationally, with fresh growth capital typical of the affordability profile common across this sector.",,L05a
QSR & Coffee,FAT Brands Inc.,fatbrands.com,US,"Multi-brand QSR/fast-casual franchisor (Fatburger, Johnny Rockets, Round Table Pizza, Twin Peaks)","10,000+ systemwide across 18 brands",6k-20k,Public (NASDAQ: FAT); combined systemwide sales across its ~18 brands estimated well above $2B; clears the $250M gate on a systemwide basis despite thinner corporate-level revenue.,Highly acquisitive multi-brand franchisor (18 brands and counting) that has shown a consistent appetite for high-visibility marketing deals to build portfolio-wide brand awareness.,,L05a
QSR & Coffee,Biglari Holdings Inc. (Steak 'n Shake),steaknshake.com,US,Burger QSR,"8,000+",6k-20k,Public (NYSE: BH); Biglari Holdings revenue (including Western Sizzlin and insurance/other operations) well above $250M.,"Publicly traded parent (Biglari Holdings) run by an investor known for opportunistic, headline-grabbing capital allocation — the kind of ownership profile that could see sponsorship value in a high-visibility platform like F1.",,L05a
QSR & Coffee,Restaurant Brands Asia Limited,restaurantbrandsasia.com,India,"Burger QSR franchisee (Burger King India, Burger King Indonesia)","10,000+",6k-20k,Public (NSE: RBA); revenue estimated ~$300M+ (FY2024); meets the $250M gate.,"Master franchisee bringing Burger King to two of Asia's largest and fastest-growing consumer markets, aligning with F1's stated interest in growing its South and Southeast Asian audience.",,L05a
QSR & Coffee,Minor International Public Company Limited,minor.com,Thailand,"Multi-brand QSR (The Pizza Company, Burger King Thailand, Sizzler, Swensen's, Dairy Queen Thailand)","70,000+ (group, includes hotels)",20k+,Public (SET: MINT); group revenue THB 140B+ ($4B+) (2024) across restaurants and hospitality; massively clears the $250M gate.,"Major Southeast Asian conglomerate with both a multi-brand QSR portfolio and a hospitality division (including Anantara/NH Hotels), giving it two natural doors into F1 sponsorship — brand marketing and hospitality/paddock experiences.",,L05a
QSR & Coffee,Central Restaurants Group (Central Group),centralgroup.com,Thailand,"Multi-brand QSR franchisee (KFC Thailand, Mister Donut, Auntie Anne's Thailand)","20,000+ (restaurant division)",6k-20k,"Part of Central Group, one of Thailand's largest conglomerates (department stores, hospitality, restaurants); group-level scale clears the $250M gate many times over.","Deep-pocketed Thai conglomerate's restaurant arm, positioned in a Southeast Asian market F1 continues to court for calendar expansion; a moderate-confidence prospect given the group's diversified structure.",,L05a
QSR & Coffee,Groupe Bertrand (Burger King France / Quick),groupe-bertrand.com,France,Burger QSR,"20,000+",6k-20k,Privately held; group revenue estimated €2B+ ($2.2B+) across its restaurant and hospitality portfolio; clears the $250M gate.,"Master franchisee for Burger King in France and owner of the formerly Belgian Quick chain, based in a market that has hosted the French Grand Prix historically and remains a core F1 fan base.",,L05a
QSR & Coffee,Domino's Pizza Enterprises Limited,dominos.com.au,Australia,"Pizza QSR (master franchise — ANZ, Japan, France, Germany, Benelux)","20,000+",6k-20k,Public (ASX: DMP); revenue ~AUD 2.1B ($1.4B) (FY2024); clears the $250M gate.,"Separately listed master franchisee spanning Australia, Japan, and four European markets — directly overlaps the Australian, Japanese and multiple European Grand Prix markets in one company.",,L05a
QSR & Coffee,Guzman y Gomez Limited,guzmanygomez.com,Australia,Tex-Mex fast-casual,"5,000+",1k-5k,"Public (ASX: GYG), IPO'd June 2024 raising ~AUD 335M (~$225M) at a ~AUD 2.2B valuation; meets the capital-raise gate and is rapidly approaching the revenue gate as it scales.","Freshly IPO'd, high-growth Australian fast-casual brand explicitly targeting global expansion (US market entry underway) — fresh capital plus a growth story makes it a strong attention-seeking sponsorship prospect, anchored in the Melbourne Grand Prix market.",,L05a
QSR & Coffee,"Chicken Salad Chick, LLC",chickensaladchick.com,US,Fast-casual chicken salad,"5,000+ systemwide",1k-5k,"Brentwood Associates-backed; systemwide sales estimated ~$300M+ across 250+ units; meets the $250M gate, though this is a lower-confidence estimate given limited disclosure.","Smaller, PE-backed Southern US fast-casual concept in active national expansion; included as a lower-confidence but real prospect for completeness.",,L05a
QSR & Coffee,Ting Hsin International Group (Dicos),dicos.com.cn,China,Chicken/burger QSR,"50,000+ (group)",20k+,"Privately held Taiwanese conglomerate (also owner of Master Kong instant noodles); group revenue well into the billions of dollars, clearing the $250M gate even though Dicos-specific financials are not separately disclosed.","Operates one of China's largest domestic fried-chicken QSR chains (2,600+ Dicos units) under a deep-pocketed conglomerate parent, positioned for F1's ongoing efforts to rebuild its Chinese fan base post-Shanghai GP return.",,L05a
QSR & Coffee,Cafe de Coral Holdings Limited,cafedecoral.com,Hong Kong,Fast-casual Chinese QSR,"15,000+",6k-20k,Public (HKEX: 341); revenue ~HK$8.5B ($1.1B) (FY2024); clears the $250M gate.,"Hong Kong's largest fast-food operator (also owns Asia Pacific-wide brands including Manchu Wok and Oporto licenses), based in a market with a strong historical F1 fanbase and past Hong Kong street-race speculation.",,L05a
QSR & Coffee,Fairwood Holdings Limited,fairwood.com.hk,Hong Kong,Fast-casual Chinese QSR,"5,000+",1k-5k,"Public (HKEX: 1175); revenue estimated HK$2B+ ($260M+) (FY2024); meets the $250M gate, though narrowly — a lower-confidence prospect worth flagging as such.","Hong Kong's #2 fast-food chain by unit count, included as a smaller regional prospect alongside Cafe de Coral for the same market rationale.",,L05a
QSR & Coffee,"Zensho Holdings Co., Ltd.",zensho.co.jp,Japan,"QSR (Sukiya beef bowl + multi-brand, incl. Coco's, Big Boy Japan)","60,000+",20k+,"Public (TSE: 7550); revenue ~¥940B ($6.3B) (FY2024), Japan's largest restaurant group by revenue; massively clears the $250M gate.","Japan's biggest restaurant company by revenue, based in a country hosting the Japanese Grand Prix (Suzuka) — a marquee domestic-market fit with ample marketing budget.",,L05a
QSR & Coffee,"Yoshinoya Holdings Co., Ltd.",yoshinoya-holdings.com,Japan,Beef bowl QSR (also owns Hanamaru Udon),"15,000+",6k-20k,Public (TSE: 9861); revenue ~¥230B ($1.5B) (FY2024); clears the $250M gate.,"Iconic Japanese QSR brand with global units (US, Asia, Middle East) and a strong home-market tie to the Japanese Grand Prix.",,L05a
QSR & Coffee,"Mos Food Services, Inc.",mos.co.jp,Japan,Burger fast-casual (MOS Burger),"5,000+",1k-5k,Public (TSE: 8153); revenue ~¥90B ($600M) (FY2024); clears the $250M gate.,Japan's leading domestic burger chain (competing directly with McDonald's Japan) with international units across Asia — a smaller but real prospect for a Japanese GP-focused activation.,,L05a
QSR & Coffee,"Genesis BBQ Group (BBQ Co., Ltd.)",bbq.co.kr,South Korea,Chicken QSR,"3,000+ corporate; large franchise system globally",1k-5k,"Privately held; reported aggressive global expansion (US flagship openings, 4,000+ stores in 60+ countries) implies revenue likely near or above $250M, though exact financials are not independently confirmed given its private status — a moderate-confidence prospect.","Korea's largest fried-chicken franchisor pursuing an explicit global-brand-building strategy (Times Square NYC flagship, aggressive Western market entry) that lines up with an international sponsorship platform like F1.",,L05a
QSR & Coffee,"Lotte GRS Co., Ltd. (Lotteria)",lotteria.com,South Korea,Burger QSR,"10,000+",6k-20k,"Subsidiary of Lotte Group, one of South Korea's largest chaebol conglomerates (retail, hospitality, chemicals); group scale clears the $250M gate many times over even though Lotteria-specific financials are not separately broken out.","Korea's leading homegrown burger chain, backed by the vast Lotte Group conglomerate (which already has hospitality and duty-free interests that could cross-sell into an F1 partnership).",,L05a
QSR & Coffee,Starbucks Corporation,starbucks.com,United States,Coffee Chain,"~381,000",20k+,"Revenue $36.2B (FY2024), profitable, public (Nasdaq: SBUX)","Verified not a current F1 team/series sponsor for 2026; world's largest coffee chain, global marketing scale far exceeds $3.5M/yr threshold",yes,L05b
QSR & Coffee,Dutch Bros Inc,dutchbros.com,United States,Coffee Chain,"~28,000",20k+,"Revenue ~$1.3B (2024), public (NYSE: BROS), fast-growing",Not an F1 sponsor; youth-skewing drive-thru coffee brand fits F1's younger fanbase push in North America,,L05b
QSR & Coffee,Costa Coffee,costacoffee.com,United Kingdom,Coffee Chain,"~18,000",6k-20k,"Owned by The Coca-Cola Company; systemwide sales ~£1.5B, profitable parent","Coca-Cola not on current F1 team sponsor rosters; Europe's largest coffee chain, strong UK/European GP overlap",,L05b
QSR & Coffee,"JDE Peet's (Peet's Coffee, Douwe Egberts)",jdepeets.com,Netherlands,Coffee Chain/CPG,"~20,000",6k-20k,"Revenue €8.5B (2024), public (Euronext Amsterdam: JDEP)",Not an F1 sponsor; large European coffee house group with global retail and out-of-home footprint,,L05b
QSR & Coffee,Blue Bottle Coffee,bluebottlecoffee.com,United States,Coffee Chain,"~2,500",1k-5k,"Majority-owned by Nestlé (CHF 93B+ revenue parent), profitable",Not an F1 sponsor; premium specialty-coffee brand with a globally resourced parent,,L05b
QSR & Coffee,Luckin Coffee Inc,luckincoffee.com,China,Coffee Chain,"~50,000+",20k+,"Revenue RMB 24.5B / ~$3.4B (2024), publicly traded","Not an F1 sponsor; China's largest coffee chain by store count (20,000+), pushing overseas expansion including Southeast Asia and the US",,L05b
QSR & Coffee,Cotti Coffee,cotticoffee.com,China,Coffee Chain,"~10,000+ (est., franchise system)",6k-20k,"15,000+ stores by 2025; franchise-fee and wholesale-supply revenue base at scale","Not an F1 sponsor; fastest-growing Luckin/Starbucks challenger in China, actively building global brand awareness",,L05b
QSR & Coffee,Mixue Group (Bingcheng),mixue.com,China,Coffee/Tea/Ice Cream Chain,"~30,000+",20k+,"Revenue RMB24.8B / ~$3.4B (2024), HKEX listed (2097.HK)","Not an F1 sponsor; world's largest F&B chain by store count (46,000+), rapidly expanding into Southeast Asia and Latin America",,L05b
QSR & Coffee,ChaGee (Bawang Chaji),chagee.com,China,Tea Chain,"~5,000+",1k-5k,"Revenue $1.7B (2024), Nasdaq listed (CHA)","Not an F1 sponsor; premium Chinese tea brand expanding into Malaysia, Singapore, Thailand, and the US",,L05b
QSR & Coffee,HeyTea,heytea.com,China,Tea Chain,"~10,000+ (est.)",6k-20k,"$595M+ raised cumulatively, ~$9.3B peak valuation, category leader (25.5% share)",Not an F1 sponsor; premium tea category leader now expanding into Europe and the US,,L05b
QSR & Coffee,Guming Holdings,guming.com.cn,China,Tea Chain,"~8,000+ (est.)",6k-20k,"Revenue RMB7.7B / ~$1.06B (2023), HKEX listed (1364.HK)","Not an F1 sponsor; China's largest mid-priced beverage chain by GMV, backed by Tencent and Meituan as cornerstone investors",,L05b
QSR & Coffee,Nayuki Holdings,nayuki.com,China,Tea Chain,"~15,000+ (est.)",6k-20k,HKEX listed (2150.HK); IPO market cap ~$3.8B,"Not an F1 sponsor; national premium teahouse chain, one of the first tea brands to list publicly",,L05b
QSR & Coffee,Gong Cha (TPG/La Kaffa),gong-cha.com,Taiwan,Tea Chain,"~2,000+ (est.)",1k-5k,"Majority owned by TPG Capital since 2022; 2,000+ locations across 20+ markets","Not an F1 sponsor; PE-backed, one of the largest global boba franchises",,L05b
QSR & Coffee,CoCo Fresh Tea & Juice,coco-tea.com,Taiwan,Tea Chain,"~3,000+ (est.)",1k-5k,"5,000+ stores globally, large franchise revenue base",Not an F1 sponsor; one of the largest global bubble-tea franchise networks,,L05b
QSR & Coffee,Tiger Sugar,tigersugar.com,Taiwan,Tea Chain,"~1,000+ (est.)",250-1k,Global franchise brand with hundreds of international locations,Not an F1 sponsor; viral global boba brand with strong appeal to F1's younger fan growth targets,,L05b
QSR & Coffee,Chatime (La Kaffa International),chatime.com,Taiwan,Tea Chain,"~2,000+ (est.)",1k-5k,"3,000+ locations across 45+ markets",Not an F1 sponsor; one of the earliest and largest global boba tea franchisors,,L05b
QSR & Coffee,"CJ Foodville (Tous Les Jours, A Twosome Place)",cjfoodville.co.kr,South Korea,Bakery-Café/Coffee,"~10,000+",6k-20k,"Part of CJ Group (revenue >$20B), profitable major conglomerate",Not an F1 sponsor; CJ Group has global entertainment/sports marketing ambitions and is expanding Tous Les Jours into the US and Europe,,L05b
QSR & Coffee,Paris Baguette (SPC Group),paris.co.kr,South Korea,Bakery-Café,"~20,000+",6k-20k,"SPC Group revenue ~$6B (est.), largest Korean bakery conglomerate","Not an F1 sponsor; aggressive global expansion (1,000+ international stores targeted)",,L05b
QSR & Coffee,Ediya Coffee,ediya.com,South Korea,Coffee Chain,"~5,000+ (est., franchise)",1k-5k,"Korea's largest coffee chain by store count (3,500+), profitable franchise model",Not an F1 sponsor; dominant domestic scale with growing interest in international markets,,L05b
QSR & Coffee,Mega Coffee (Ann House Co.),mega-mgccoffee.com,South Korea,Coffee Chain,"~3,000+ (est.)",1k-5k,"Revenue ₩495.9B / ~$350M (2024), 21.7% operating margin, profitable","Not an F1 sponsor; fastest-growing Korean coffee chain, outperforming Starbucks Korea on profitability",,L05b
QSR & Coffee,Compose Coffee,composecoffee.com,South Korea,Coffee Chain,"~2,000+ (est.)",1k-5k,"2,500+ stores, large low-cost coffee franchise",Not an F1 sponsor; rapidly scaling budget coffee concept in Korea's largest café market,,L05b
QSR & Coffee,Doutor Nichires Holdings,doutor.co.jp,Japan,Coffee Chain,"~3,000+",1k-5k,"Public (TSE: 3087), long-established profitable chain","Not an F1 sponsor; one of Japan's oldest and largest coffee chains, relevant to the Japanese GP",,L05b
QSR & Coffee,Komeda Holdings,komeda.co.jp,Japan,Coffee Chain,"~3,000+",1k-5k,"Public (TSE: 3543), revenue ~$450M+",Not an F1 sponsor; distinctive Japanese café chain with growing overseas presence,,L05b
QSR & Coffee,Yamazaki Baking Co.,yamazakipan.co.jp,Japan,Bakery,"~35,000+",20k+,"Revenue ¥1,244.4B / ~$8.3B (2024), public (TSE: 2212), Japan's largest bakery company","Not an F1 sponsor; scale rivals existing global CPG sponsors, strong Japanese GP tie-in potential",,L05b
QSR & Coffee,Kopi Kenangan,kopikenangan.com,Indonesia,Coffee Chain,"~7,000+ (est.)",6k-20k,"$240M total raised, unicorn ($1B+ valuation), 850+ stores","Not an F1 sponsor; Indonesia's leading modern coffee chain, expanding into Singapore and Malaysia",,L05b
QSR & Coffee,BreadTalk Group,breadtalk.com,Singapore,Bakery-Café,"~8,000+",6k-20k,"Revenue >$400M (est.), pan-Asian chain including Toast Box and Din Tai Fung franchise",Not an F1 sponsor; leading pan-Asian bakery-café group with strong Singapore GP tie-in,,L05b
QSR & Coffee,Americana Restaurants (Americana Group),americanarestaurants.com,United Arab Emirates,QSR Group,"~50,000+",20k+,"Revenue $2.2B (2024), public (ADX/Tadawul dual-listed)","Not an F1 sponsor; MENA's largest QSR operator (KFC, Pizza Hut, Hardee's, Krispy Kreme MENA), strong Gulf GP presence (Abu Dhabi, Saudi, Qatar)",,L05b
QSR & Coffee,Kudu Company for Food and Catering,kudu.com.sa,Saudi Arabia,QSR,"~10,000+ (est.)",6k-20k,"Revenue est. $300-600M, large private Saudi chain",Not an F1 sponsor; major national fast-food chain with strong Saudi GP regional relevance,,L05b
QSR & Coffee,Al Tazaj Fakieh Group,altazaj.com,Saudi Arabia,QSR,"~6,000+ (est.)",5k-6k,"Major restaurant division of Fakieh Group, large regional chain",Not an F1 sponsor; established Gulf chicken QSR champion,,L05b
QSR & Coffee,Alshaya Group,alshaya.com,Kuwait,Multi-brand Franchise Operator (incl. Starbucks ME license),"~60,000+",20k+,"Revenue ~$9B+ (private, est.), one of the largest franchise operators globally","Not an F1 sponsor in its own right (though it licenses Starbucks in the Middle East); huge Gulf-based franchise conglomerate spanning coffee/QSR/bakery brands, deep Gulf GP ties",,L05b
QSR & Coffee,Simit Sarayı,simitsarayi.com,Turkey,Bakery-Café,"11,250",6k-20k,"6,000+ staff gate met directly (11,250 employees); 426 stores across 22 countries",Not an F1 sponsor; leading Turkish bakery-café brand with global franchise footprint,,L05b
QSR & Coffee,Westlife Foodworld,westlife.co.in,India,QSR (McDonald's West & South India franchisee),"~12,000+",6k-20k,"Revenue ~₹2,400cr / ~$290M, public (NSE: WESTLIFE)",Distinct legal entity from McDonald's Corp's global F1 sponsorship; India-focused franchisee with independent marketing budget,,L05b
QSR & Coffee,Alsea S.A.B. de C.V.,alsea.net,Mexico,QSR/Coffee Group (Starbucks/Domino's/Burger King LatAm-Europe),"~70,000+",20k+,"Revenue ~MXN75B / ~$3.7-4B (2024), public (BMV: ALSEA)","Not an F1 sponsor in its own right (separate legal entity from Starbucks Corp); largest restaurant operator in Latin America/Spain, strong Mexico City GP relevance",,L05b
QSR & Coffee,Grupo Bimbo,grupobimbo.com,Mexico,Bakery/CPG,"~140,000+",20k+,"Revenue $18B+ (2024), public (BMV: BIMBO), world's largest baking company",Not an F1 sponsor; global bakery giant with existing sports-sponsorship experience (soccer),yes,L05b
QSR & Coffee,Juan Valdez (Procafecol S.A.),juanvaldezcafe.com,Colombia,Coffee Chain,"~3,000+ (est.)",1k-5k,"National coffee-growers-backed chain, 400+ stores across the Americas and Middle East","Not an F1 sponsor; Colombia's national coffee brand, strong LatAm cultural relevance",,L05b
QSR & Coffee,"Grupo Trigo (Habib's, Spoleto, Casa do Pão de Queijo)",grupotrigo.com.br,Brazil,QSR/Bakery Group,"~30,000+",20k+,"Revenue ~$1.8B (2024), Brazil's #9 largest food group","Not an F1 sponsor; Brazil's largest fast-food franchise group, relevant to the São Paulo GP",,L05b
QSR & Coffee,Bob's (Brazil Fast Food Corp),bobs.com.br,Brazil,QSR (Burger),"~10,000+",6k-20k,"Public (B3: BOBS3), profitable, one of Brazil's oldest burger chains","Not an F1 sponsor; iconic Brazilian burger brand, São Paulo GP tie-in",yes,L05b
QSR & Coffee,Cacau Show,cacaushow.com.br,Brazil,Bakery/Dessert (Chocolate),"~15,000+ (incl. franchise)",6k-20k,"Revenue R$6.2B / ~$1.1B (2024), Brazil's largest chocolate retail chain",Not an F1 sponsor; massive Brazilian dessert/chocolate retail network with strong local brand equity,,L05b
QSR & Coffee,Krispy Kreme Inc,krispykreme.com,United States,Doughnut Chain,"~6,000+",5k-6k,"Revenue ~$1.7B, public (Nasdaq: DNUT)","Not an F1 sponsor (global parent, distinct from Americana's MENA license); iconic doughnut brand with a global licensing network",,L05b
QSR & Coffee,"GoTo Foods (Cinnabon, Auntie Anne's, Jamba, Moe's, McAlister's, Schlotzsky's, Carvel)",gotofoods.com,United States,Multi-brand Bakery/Dessert QSR,"~20,000+ corporate",6k-20k,Systemwide sales $4.2B+ since 2020; Roark Capital-backed,Not an F1 sponsor; diversified bakery/dessert franchise portfolio with global expansion focus,,L05b
QSR & Coffee,Tully's Coffee Japan (Itochu Corporation),tullys.co.jp,Japan,Coffee Chain,"~2,000+ (est.)",1k-5k,"Backed by Itochu Corp (Fortune Global 500 trading house, revenue $100B+)",Not an F1 sponsor; major Japanese coffee chain with a deep-pocketed conglomerate parent,,L05b
QSR & Coffee,UCC Ueshima Coffee Co.,ucc.co.jp,Japan,Coffee Chain/Roaster,"~5,000+",1k-5k,"Private, revenue ~$1.5B+ (est.), major Japanese coffee company",Not an F1 sponsor; historic Japanese coffee institution with global roasting/retail operations,,L05b
QSR & Coffee,MK Restaurant Group,mkrestaurant.com,Thailand,QSR/Restaurant Group,"~15,000+",6k-20k,"Revenue ~$500M+, public (SET: M)",Not an F1 sponsor; Thailand's largest restaurant chain operator,,L05b
QSR & Coffee,Central Restaurants Group (Central Group),central.co.th,Thailand,"QSR Group (KFC, Mister Donut, Auntie Anne's Thailand)","~20,000+",6k-20k,Part of Central Group (revenue $10B+ conglomerate),Not an F1 sponsor; major Thai retail/QSR conglomerate franchise arm,,L05b
QSR & Coffee,Espresso House (Nordic Capital),espressohouse.com,Sweden,Coffee Chain,"~7,000+",6k-20k,"Revenue ~€500M+, Nordic Capital-backed, largest coffee chain in the Nordics",Not an F1 sponsor; strong European growth story with private-equity backing,,L05b
QSR & Coffee,"Le Duff America (La Madeleine, Bruegger's Bagels)",leduff.com,United States,Bakery-Café,"~10,000+",6k-20k,"Part of Groupe Le Duff (France, revenue €2B+)",Not an F1 sponsor; large transatlantic bakery-café group,,L05b
QSR & Coffee,Haldiram's,haldiram.com,India,QSR/Snacks,"~30,000+",20k+,"Revenue >₹12,000cr / ~$1.5B, private, subject of major PE/sovereign-wealth investment interest",Not an F1 sponsor; India's largest snacks/QSR brand with pan-India retail reach,,L05b
QSR & Coffee,Mister Donut (Duskin Co.),misterdonut.jp,Japan,Doughnut Chain,"~5,000+",1k-5k,"Duskin Co. public (TSE: 4665), revenue ~$1.5B+",Not an F1 sponsor; Japan's largest doughnut chain,,L05b
QSR & Coffee,Delifrance (Auric Pacific Group),delifrance.com,Singapore,Bakery-Café,"~3,000+ (est.)",1k-5k,"Part of Auric Pacific Group, pan-Asian bakery-café footprint (10+ markets)",Not an F1 sponsor; established regional Asian bakery-café brand,,L05b
QSR & Coffee,Highlands Coffee,highlandscoffee.com.vn,Vietnam,Coffee Chain,"~5,000+",1k-5k,Majority owned by Jollibee Foods Corp (JV); Vietnam's largest coffee chain,Not an F1 sponsor; Vietnam's #1 coffee chain by revenue and store count,,L05b
QSR & Coffee,Trung Nguyên Legend,trungnguyenlegend.com,Vietnam,Coffee Chain,"~5,000+ (est.)",1k-5k,Large private Vietnamese coffee company with national and international distribution,Not an F1 sponsor; Vietnam's iconic coffee brand with global ambitions,,L05b
QSR & Coffee,Phuc Long Heritage (Masan Group),phuclong.com.vn,Vietnam,Tea/Coffee Chain,"~3,000+ (est.)",1k-5k,"Majority owned by Masan Group (public, revenue $3B+ conglomerate)",Not an F1 sponsor; fast-growing Vietnamese tea/coffee chain backed by a major public conglomerate,,L05b
QSR & Coffee,Golden Gate Group,goldengate.com.vn,Vietnam,QSR/Restaurant Group,"~15,000+",6k-20k,"Vietnam's largest F&B group by revenue (~$300M+), PE-backed (Mekong Capital and others)",Not an F1 sponsor; Vietnam's largest dining conglomerate,,L05b
QSR & Coffee,Old Town White Coffee (OldTown Berhad),oldtown.com.my,Malaysia,Coffee Chain/Kopitiam,"~5,000+ (est.)",1k-5k,"Regional footprint across Asia, established public-listed heritage before 2023 privatization",Not an F1 sponsor; iconic Malaysian coffee/kopitiam brand across Asia,,L05b
QSR & Coffee,Kapal Api Group (incl. Excelso Coffee),kapalapi.com,Indonesia,Coffee Company/Chain,"~10,000+",6k-20k,"Revenue >$1B (est.), Indonesia's largest coffee company",Not an F1 sponsor; dominant Indonesian coffee conglomerate spanning retail and café chains,,L05b
QSR & Coffee,KOI Thé,koithe.com,Taiwan,Tea Chain,"~2,000+ (est.)",1k-5k,"600+ stores across 12+ markets, global franchise",Not an F1 sponsor; established global boba tea brand,,L05b
QSR & Coffee,Gourmet Master Co. (85°C Bakery Cafe),85cbakerycafe.com,Taiwan,Bakery-Café/Coffee,"~10,000+",6k-20k,"Public (Taiwan Stock Exchange: 2723), revenue ~$700M+, stores in Taiwan, China, and the US",Not an F1 sponsor; major Taiwanese bakery-café chain with US expansion,,L05b
QSR & Coffee,Maxim's Group,maxims.com.hk,Hong Kong,Bakery/Coffee/QSR Group (Starbucks HK/Macau licensee),"~20,000+",6k-20k,"Private, revenue >$1B (est.), largest catering group in Hong Kong",Not an F1 sponsor in its own right; huge Hong Kong conglomerate spanning coffee/bakery/restaurant brands,,L05b
QSR & Coffee,bhc Group,bhc.co.kr,South Korea,QSR (Chicken),"~3,000+ (est.)",1k-5k,"Revenue ~₩600B+ / $450M+, Korea's top chicken franchise by revenue, MBK Partners-backed",Not an F1 sponsor; leading Korean fried-chicken franchise expanding internationally,,L05b
QSR & Coffee,National Food Company K.S.C.,nfc.com.kw,Kuwait,QSR (Pizza Hut/Hardee's Kuwait),"~3,000+ (est.)",1k-5k,"Public (Kuwait Stock Exchange: NFC), established Gulf franchisee",Not an F1 sponsor; publicly traded Gulf QSR operator relevant to the Qatar/Bahrain/Saudi/Abu Dhabi GPs,,L05b
QSR & Coffee,Kout Food Group,koutfood.com,Kuwait,QSR Group (Burger King MENA),"~15,000+",6k-20k,"Private, revenue >$1B (est.), major Gulf multi-brand F&B conglomerate",Not an F1 sponsor; large private Kuwaiti restaurant conglomerate across MENA,,L05b
Travel Retail & OTAs,Avolta AG (Dufry),avoltaworld.com,Switzerland,Duty-Free Operator,75000,20k+,Public company (SIX: AVOL); ~CHF 14B (~$16B) revenue 2024 — world's largest travel retailer,"Global duty-free leader with stores at nearly every F1-host-city airport; deep affinity marketing budget, no current F1 tie.",,L06a
Travel Retail & OTAs,Lagardère Travel Retail,lagardere-travel-retail.com,France,Duty-Free/Travel Essentials Operator,30000,20k+,"Division of Lagardère Group (~€8B group revenue); 5,200+ stores in 51 countries","Second-largest global travel retailer, strong presence in Paris, Monaco-adjacent and other European GP markets.",,L06a
Travel Retail & OTAs,Lotte Duty Free,lottedfs.com,South Korea,Duty-Free Operator,5000,1k-5k,"Part of Lotte Group (chaebol, >$60B group revenue)",Leading Korean/Asian DF chain seeking luxury/lifestyle brand association; no current F1 sponsorship.,,L06a
Travel Retail & OTAs,Hotel Shilla / Shilla Duty Free,shilladfs.com,South Korea,Duty-Free Operator,4000,1k-5k,Samsung-affiliated; multi-billion-dollar annual DF sales,Major Asian travel-retail player with global airport footprint and premium brand positioning.,,L06a
Travel Retail & OTAs,Shinsegae Duty Free,shinsegaedf.com,South Korea,Duty-Free Operator,3000,1k-5k,"Part of Shinsegae Group, multi-billion-dollar retail conglomerate",Fast-growing Korean DF operator expanding internationally; targets affluent travelers.,,L06a
Travel Retail & OTAs,China Tourism Group Duty Free Corp (CDFG),cdfg.com.cn,China,Duty-Free Operator,10000,6k-20k,"State-owned; ~$8B+ annual sales, world's #1 duty-free operator by revenue",Dominant Chinese travel-retail giant; China is a priority growth market for F1.,,L06a
Travel Retail & OTAs,King Power International Group,kingpower.com,Thailand,Duty-Free Operator,15000,6k-20k,Profitable private conglomerate; already spends >$1M/yr sponsoring Leicester City FC,Proven appetite for global motorsport-adjacent sports sponsorship; Thai GP interest growing.,,L06a
Travel Retail & OTAs,Gebr. Heinemann,gebr-heinemann.com,Germany,Duty-Free Operator,8000,6k-20k,"Private; >€4B annual revenue, major European/Gulf travel retailer","Operates DF at numerous European airports near F1 host cities (Germany, Netherlands, UK).",,L06a
Travel Retail & OTAs,Duty Free Americas,dutyfreeamericas.com,USA,Duty-Free Operator,3000,1k-5k,"Large private US/Caribbean DF chain, plausibly >$250M revenue across its network","Strong presence near US/Americas GP gateway airports (Miami, Austin, Las Vegas, Mexico).",,L06a
Travel Retail & OTAs,Dubai Duty Free,dubaidutyfree.com,UAE,Duty-Free Operator,6000,5k-6k,"State-linked; >$2B annual sales, one of the largest single-site DF operators globally",Adjacent to Abu Dhabi GP market; huge luxury/motorsport-affinity consumer base.,,L06a
Travel Retail & OTAs,Aer Rianta International (ARI),arigroup.com,Ireland,Duty-Free Operator,3000,1k-5k,Global arm of daa (Dublin Airport Authority),Operates DF in 27+ countries; global growth mandate looking for brand partnerships.,,L06a
Travel Retail & OTAs,OTG Experience,otgexperience.com,USA,Airport F&B Concessions,6000,5k-6k,~$1B revenue; 350+ locations across 10 major US airports,"Tech-forward airport dining brand at gateway airports for US GPs (Austin, Miami, Vegas).",,L06a
Travel Retail & OTAs,Airport Dimensions,airportdimensions.com,UK,Lounge Network,1000,250-1k,Part of Collinson Group (large PE-backed global group),Operates No1 Lounges/Escape Lounges brand across major international airports.,,L06a
Travel Retail & OTAs,Plaza Premium Group,plazapremiumgroup.com,Hong Kong,Lounge Network,8000,6k-20k,Large private group; 200+ lounges/service points at 80+ airports worldwide,World's largest independent airport lounge/hospitality operator; premium traveler audience.,,L06a
Travel Retail & OTAs,Collinson Group (Priority Pass),collinsongroup.com,UK,Lounge Network / Loyalty,2500,1k-5k,"PE-backed; revenue >$500M, largest independent airport lounge access network",Priority Pass membership base overlaps heavily with F1's affluent-traveler audience.,yes,L06a
Travel Retail & OTAs,DragonPass,dragonpass.com,Hong Kong / China,Lounge Network,500,250-1k,China's leading airport lounge network; large membership base tied to major bank card partnerships,Direct channel to the fast-growing Chinese F1 fanbase (Shanghai GP).,,L06a
Travel Retail & OTAs,Global Blue Group AG,globalblue.com,Switzerland / Netherlands,Tax-Free Shopping & Travel Payments,2500,1k-5k,Public company (NYSE: GB); revenue >$400M,Tax-free shopping tracks the same affluent international travelers F1 targets.,,L06a
Travel Retail & OTAs,WH Smith plc,whsmithplc.com,UK,Airport/Travel Retail,12000,6k-20k,"Public company (LSE: SMWH); revenue >£1.8B, dominant UK/global travel retail brand",Silverstone (British GP) home-market retailer plus large international travel arm (incl. InMotion/MRG).,,L06a
Travel Retail & OTAs,DFS Group,dfs.com,Hong Kong (LVMH JV),Duty-Free Operator (Luxury),9000,6k-20k,LVMH-backed luxury travel retailer (T Galleria); multi-billion-dollar revenue,Luxury travel-retail brand with natural crossover to F1's premium/hospitality audience.,,L06a
Travel Retail & OTAs,gategroup,gategroup.com,Switzerland,Inflight Retail & Catering,45000,20k+,"Privately held; several billion CHF revenue, world's largest airline caterer/retail-on-board provider","Serves inflight retail to millions of global travelers, including F1's international fanbase.",,L06a
Travel Retail & OTAs,SATS Ltd,sats.com.sg,Singapore,Airport Services / Inflight Catering,30000,20k+,Public company (SGX: S58); >S$5B revenue post-WFS acquisition (2023),Asia-Pacific's leading airport/airline services group; Singapore hosts an F1 GP.,,L06a
Travel Retail & OTAs,Menzies Aviation,menziesaviation.com,UK,Airport/Ground Services,30000,20k+,"Privately held; revenue >$2B, 250+ airports across 65 countries",Extensive global airport-services footprint touching most F1 host nations.,,L06a
Travel Retail & OTAs,Swissport International AG,swissport.com,Switzerland,Airport Services / Lounges,57000,20k+,"€3.9B revenue (2025), 296 locations in 44 countries",Ground handling plus Aspire lounge brand at major international hubs.,,L06a
Travel Retail & OTAs,dnata,dnata.com,UAE,Airport Services / Catering / Retail,40000,20k+,Part of Emirates Group; dnata revenue ~$6.4B (2025-26),"Catering, duty free, ground and lounge services; Abu Dhabi GP is in its home market.",,L06a
Travel Retail & OTAs,Areas SA,us.areas.com,Spain (PAI Partners),Airport F&B Concessions,25000,20k+,"~$2.3B+ revenue after absorbing Delaware North's Travel Hospitality unit (2025); 22,000+ staff",Leading airport/rail/motorway F&B operator across Europe and the Americas.,,L06a
Travel Retail & OTAs,Travelex,travelex.com,UK,Travel Payments / Currency Exchange,5000,1k-5k,"Global travel-money leader; 1,000+ locations across 60+ countries",Currency exchange directly tied to international travel and motorsport tourism spend.,,L06a
Travel Retail & OTAs,Fexco,fexco.com,Ireland,Travel Payments / FX / DCC,2600,1k-5k,"Private; 48 countries, major global FX/DCC (dynamic currency conversion) provider",Travel-payments infrastructure provider embedded at airports and merchants worldwide.,,L06a
Travel Retail & OTAs,Planet (weareplanet.com),weareplanet.com,UK / Ireland,Tax-Free Shopping & Payments,2800,1k-5k,"Revenue ~$200-500M; 120+ markets, formerly Premier Tax Free",Tax-free shopping/payments platform serving affluent international shoppers/travelers.,,L06a
Travel Retail & OTAs,ChangeGroup (Prosegur Change),changegroup.com,UK,Travel Payments / Currency Exchange,800,250-1k,"Revenue ~$200-500M; part of Prosegur Cash (listed, 160,000+ group employees)","200+ 'Ultra-Prime' currency exchange branches/ATMs in 12 countries, many airport-based.",,L06a
Travel Retail & OTAs,AirPlus International,airplus.com,Germany (Lufthansa Group),Travel Payments (B2B),900,250-1k,"Backed by Lufthansa Group (100,000+ employees); leading B2B travel payment card issuer, 90+ countries","Payments infrastructure for corporate/business travel, incl. motorsport hospitality bookings.",,L06a
Travel Retail & OTAs,Thomas Cook (India) Ltd,thomascook.in,India,Travel Payments / Forex & Travel Retail,3000,1k-5k,Publicly listed (BSE/NSE); consolidated group revenue >$500M incl. forex and travel retail,Leading Indian forex/travel brand; growing Indian F1 fan and travel market.,,L06a
Travel Retail & OTAs,Hyundai Duty Free,hyundaidf.com,South Korea,Duty-Free Operator,2000,1k-5k,Part of Hyundai Department Store Group (large chaebol),"One of Korea's four major duty-free chains, expanding international footprint.",,L06a
Travel Retail & OTAs,Flemingo Travel Retail,flemingodfs.com,India / UAE,Duty-Free Operator,3000,1k-5k,300+ stores across 20 countries; pursued a ~$310M IPO in India (SEBI-approved),"Emerging-markets duty-free operator with African, Asian and Latin American reach.",,L06a
Travel Retail & OTAs,Duty Free Philippines Corp,dutyfree.com.ph,Philippines,Duty-Free Operator,3000,1k-5k,Leading state-linked Philippine duty-free operator with large retail footprint (Fiesta Mall etc.),"Dominant DF operator in a large, growing Southeast Asian travel market.",,L06a
Travel Retail & OTAs,Çelebi Aviation Holding,celebiaviation.com,Turkey,Airport/Ground Services,10000,6k-20k,Publicly traded (Borsa Istanbul); ground handling/cargo services across multiple countries,Airport services at major Eurasian gateways including Istanbul.,,L06a
Travel Retail & OTAs,LSG Group,lsg-group.com,Germany,Inflight Retail & Catering,20000,6k-20k,Revenue in the billions of euros; global airline catering plus inflight-retail tech (retail inMotion),Inflight retail technology and catering reaching global airline passengers.,,L06a
Travel Retail & OTAs,HMSHost,hmshost.com,USA (Avolta),Airport F&B Concessions,20000,6k-20k,Part of Avolta; multi-billion-dollar North American airport F&B leader,"Major presence at US GP-host airports (Austin, Miami, Las Vegas).",,L06a
Travel Retail & OTAs,Hudson Group,hudsongroup.com,USA (Avolta),Airport/Travel Retail,10000,6k-20k,"Part of Avolta; revenue >$1.5B, 1,000+ North American travel retail stores",Iconic North American airport retail brand seeking lifestyle/motorsport tie-ins.,,L06a
Travel Retail & OTAs,Paradies Lagardère,paradieslagardere.com,USA (Lagardère Travel Retail),Airport Retail & Dining,10000,6k-20k,~$1.7B sales; 550+ retail stores and 220+ restaurants across 90+ US/Canada airports,Premier North American airport retail/dining operator with its own leadership and marketing budget.,,L06a
Travel Retail & OTAs,Starboard Cruise Services,starboardcruise.com,USA (LVMH),Cruise Duty-Free Retail,3000,1k-5k,LVMH-backed; leading cruise-ship duty-free retailer worldwide,Luxury travel-retail brand with LVMH's broader affinity for premium lifestyle sponsorships.,,L06a
Travel Retail & OTAs,Harding Retail,hardingretail.co.uk,UK,Ferry/Cruise Duty-Free Retail,1500,1k-5k,"Leading ferry duty-free retailer across major European ferry operators (P&O, DFDS, etc.)",Travel-retail operator serving cross-Channel/European travelers near F1 host countries.,,L06a
Travel Retail & OTAs,iShopChangi (Changi Airport Group),ishopchangi.com,Singapore,Airport Retail E-commerce,2000,1k-5k,Part of state-linked Changi Airport Group; multi-billion-dollar airport commerce ecosystem,Home-market retail arm of Singapore GP's host airport.,,L06a
Travel Retail & OTAs,Travel Food Services Ltd,travelfoodservices.com,India,Airport F&B & Lounges,3000,1k-5k,"Publicly listed (NSE, 2024 IPO); largest airport F&B/lounge operator in India, SSP Group JV partner",Dominant Indian airport F&B/lounge brand tapping into India's growing motorsport fandom.,,L06a
Travel Retail & OTAs,Unifree Duty Free,unifree.com.tr,Turkey,Duty-Free Operator,3000,1k-5k,"Leading duty-free operator at Istanbul Airport, one of the world's busiest DF markets",High-traffic Eurasian gateway operator with strong luxury retail mix.,,L06a
Travel Retail & OTAs,Sodexo (Airport & Travel Services),sodexo.com,France,Airport F&B / Lounge Services,400000,20k+,Public company (Euronext: SW); revenue >€24B,Operates airport lounge and catering contracts globally; deep sponsorship-scale budget.,,L06a
Travel Retail & OTAs,SP Plus Corporation (SP+),spplus.com,USA,Airport Services (Parking/Ground Transport),20000,6k-20k,"Public company (Nasdaq: SP); revenue >$900M, leading airport parking/ground-transport operator","Consumer-facing airport services brand at US GP-host airports (Austin, Miami, Las Vegas).",,L06a
Travel Retail & OTAs,ABM Industries,abm.com,USA,Airport Services (Parking/Passenger Services),100000,20k+,"Public company (NYSE: ABM); revenue >$8B, large aviation-services division",Consumer-facing airport parking/passenger-assistance brand with national scale.,,L06a
Travel Retail & OTAs,Booking Holdings,bookingholdings.com,USA,OTA / metasearch conglomerate,22000,20k+,"Revenue ~$23B (2025); 22,000+ staff — clears every gate","World's largest OTA group (Booking.com, Priceline, Kayak, Agoda, OpenTable); massive global marketing budget with zero current F1 presence — a flagship travel-industry sponsorship is open.",yes,L06b
Travel Retail & OTAs,Expedia Group,expediagroup.com,USA,OTA / metasearch conglomerate,18000,6k-20k,"Revenue ~$13.7B (2025); 18,000+ staff","Owns Expedia, Vrbo, Hotels.com, Orbitz — deep brand portfolio needing differentiated global reach; F1's affluent, international audience matches premium-travel intent.",yes,L06b
Travel Retail & OTAs,Airbnb,airbnb.com,USA,Alt-stay / short-term rental platform,7000,6k-20k,"Revenue ~$11B (2025); public, highly profitable",Race-weekend demand spikes for local stays in host cities; F1's calendar of global events is a natural fit for an Airbnb 'host your race weekend' campaign.,yes,L06b
Travel Retail & OTAs,Trip.com Group,trip.com,China,OTA / metasearch conglomerate,40000,20k+,"Revenue ~$7.6B (2025); 40,000+ staff","China's leading OTA (Ctrip, Skyscanner, Qunar) actively expanding outbound travel from China — F1's growing China GP and Asia calendar offers direct audience overlap.",yes,L06b
Travel Retail & OTAs,MakeMyTrip,makemytrip.com,India,OTA,3500,1k-5k,"Revenue >$900M (FY25); Nasdaq-listed, growing profitably",India's largest OTA with a fast-growing outbound/premium travel segment; F1 has no major India-based OTA sponsor despite the sport's rising Indian fan base.,yes,L06b
Travel Retail & OTAs,ixigo,ixigo.com,India,OTA / metasearch,900,250-1k,"Profitable, IPO'd 2024 (NSE-listed); revenue growing >40% YoY","Fast-growing, profitable Indian travel-tech platform seeking premium brand association as it scales beyond budget travel into aspirational categories.",,L06b
Travel Retail & OTAs,Traveloka,traveloka.com,Indonesia,OTA,3000,1k-5k,"Raised >$400M cumulative (incl. $300M 2021 round); Southeast Asia's leading OTA, revenue est. >$500M",Dominant Southeast Asian OTA with regional ambitions; Singapore GP proximity and SEA's growing F1 fanbase make it a natural regional partner.,,L06b
Travel Retail & OTAs,Klook,klook.com,Hong Kong,Experiences / activities platform,2000,1k-5k,Raised >$700M cumulative incl. $210M round; IPO filed 2024/25; revenue est. >$300M,Leading experiences marketplace already selling race-weekend ticket/experience packages in Asia — a natural extension to an official partnership.,yes,L06b
Travel Retail & OTAs,GetYourGuide,getyourguide.com,Germany,Experiences / activities platform,1800,1k-5k,Raised >$900M cumulative incl. $194M Series F (2022); unicorn valuation >$2B,Europe's largest tours-and-activities platform selling GP hospitality/experience packages; strong brand-safety fit with F1's European heartland calendar.,yes,L06b
Travel Retail & OTAs,Viator (Tripadvisor),viator.com,USA,Experiences / activities platform,3000,1k-5k,Tripadvisor Inc. revenue ~$1.8B; public company,Tripadvisor/Viator already sells millions of experience bookings tied to major sporting events; F1 race-weekend packages are a clear commercial extension.,yes,L06b
Travel Retail & OTAs,Kiwi.com,kiwi.com,Czech Republic,Flight metasearch / OTA,2200,1k-5k,Raised >$390M cumulative incl. $200M investment from EMMA Capital; revenue est. >$400M,Europe-based flight booking innovator (virtual interlining) with strong overlap between F1 travel fans and its budget/flexible-routing user base.,yes,L06b
Travel Retail & OTAs,eDreams ODIGEO,edreamsodigeo.com,Spain,OTA / metasearch,2000,1k-5k,Revenue >€700M (FY25); Madrid Stock Exchange listed,"Europe's leading OTA group (eDreams, Opodo, Go Voyages, Travellink) with a subscription-loyalty business (Prime) that rewards frequent, high-value travel behavior like F1 tourism.",yes,L06b
Travel Retail & OTAs,lastminute.com,lastminute.com,Switzerland,OTA / dynamic packaging,2000,1k-5k,Revenue ~€500M+; SIX Swiss Exchange listed,European package-holiday specialist well positioned to bundle F1 Grand Prix travel packages across its Italy/Spain/UK core markets.,,L06b
Travel Retail & OTAs,Hopper,hopper.com,Canada,OTA / fintech-travel app,1400,1k-5k,Raised >$730M cumulative incl. $150M 2022 round; valuation >$5B; revenue est. >$500M,"Fast-growing app-first OTA with a young, mobile-native user base — a strong demographic match for F1's audience growth strategy.",yes,L06b
Travel Retail & OTAs,Hostelworld Group,hostelworld.com,Ireland,OTA (hostel/budget accommodation),250,250-1k,"London Stock Exchange listed; profitable, revenue ~€100M+ — included per brief's named tier list",Leading global hostel-booking platform with a youth/backpacker demographic increasingly following F1 through Drive to Survive-driven fandom.,,L06b
Travel Retail & OTAs,Omio,omio.com,Germany,Multi-modal transport booking,600,250-1k,"Raised >$450M cumulative incl. $100M+ rounds; revenue growing, backed by Kinnevik/Temasek",Ground-transport booking platform ideally suited to solving the classic F1 fan pain point — getting to and from circuits across Europe.,,L06b
Travel Retail & OTAs,Trainline,thetrainline.com,UK,Rail booking platform,900,250-1k,"Revenue >£450M (FY25); London Stock Exchange listed, profitable","Europe's leading independent rail-booking app; natural travel partner for UK, Belgian, Italian and other European race weekends.",yes,L06b
Travel Retail & OTAs,Despegar,despegar.com,Argentina,OTA,2500,1k-5k,"Revenue >$700M (2025); Nasdaq-listed, profitable","Latin America's largest OTA, well positioned as F1 grows its presence in the region (Mexico City, São Paulo GPs).",yes,L06b
Travel Retail & OTAs,Almosafer (Seera Group),almosafer.com,Saudi Arabia,OTA / travel group,4000,1k-5k,Seera Group is Tadawul-listed; revenue >$500M,Saudi Arabia hosts a Grand Prix and is investing heavily in sport; Seera/Almosafer is the Kingdom's dominant travel group and a logical regional partner.,yes,L06b
Travel Retail & OTAs,Wego,wego.com,Singapore,Flight/hotel metasearch,300,250-1k,Raised >$30M plus strategic backing from Golden Gate Ventures/Turner Media; MENA/APAC market leader — included per brief's named tier list,"Leading metasearch across MENA and Southeast Asia, both high-growth F1 fan regions with Saudi, Qatar, Bahrain, Abu Dhabi and Singapore races.",,L06b
Travel Retail & OTAs,HRS Group,hrs.com,Germany,Corporate lodging / hotel booking,2000,1k-5k,Revenue est. >$300M; Europe's leading corporate hotel platform,Deep enterprise relationships with the same multinational corporates F1 courts as sponsors — cross-sell potential via corporate hospitality.,,L06b
Travel Retail & OTAs,TravelPerk,travelperk.com,Spain,Business travel platform (SaaS),1200,1k-5k,Raised >$400M cumulative incl. $115M/$104M rounds; valuation $1.4B+,Fast-scaling European business-travel unicorn wanting premium brand visibility with the corporate decision-makers who attend F1 hospitality.,yes,L06b
Travel Retail & OTAs,eSky Group,esky.com,Poland,OTA / flight metasearch,700,250-1k,Revenue est. >$250M; leading CEE OTA — included per brief's named tier list,"Central/Eastern Europe's largest online travel agency, a region with fast-growing F1 fandom and no major regional OTA sponsor.",,L06b
Travel Retail & OTAs,Etraveli Group,etraveligroup.com,Sweden,Flight OTA / B2B travel tech,2000,1k-5k,Was subject to $1.8B Booking Holdings acquisition (blocked by EU); revenue >$500M,"Owns Mytrip, GoToGate, Flight Network and other flight-booking brands across 40+ countries — sizable multi-brand reach for a pan-European F1 tie-in.",,L06b
Travel Retail & OTAs,Webjet Group,webjetgroup.com,Australia,OTA / B2B travel tech (WebBeds),2500,1k-5k,ASX-listed; revenue >$400M (WebBeds + Webjet OTA),Australia hosts the season-opening Melbourne GP; Webjet is the country's leading OTA with an additional global B2B distribution business (WebBeds).,,L06b
Travel Retail & OTAs,Flight Centre Travel Group,flightcentre.com,Australia,Travel agency / corporate travel (FCM),10000,6k-20k,"ASX-listed; revenue >$2.5B (FY25); 10,000+ staff",Major global retail and corporate travel network (incl. FCM Travel) already selling sports-travel packages — scale to support a real sponsorship.,,L06b
Travel Retail & OTAs,Trivago,trivago.com,Germany,Hotel metasearch,800,250-1k,Nasdaq-listed; revenue >$500M annually,"Global hotel metasearch brand with a long history of high-profile TV/sports advertising, seeking fresh premium marketing channels.",yes,L06b
Travel Retail & OTAs,Agoda (Booking Holdings),agoda.com,Singapore,OTA (APAC-focused),6000,5k-6k,"Part of Booking Holdings (parent revenue ~$23B); 6,000+ Agoda staff",Asia's leading hotel OTA with deep ties to Singapore GP host market; distinct enough brand identity to run standalone APAC F1 activations.,,L06b
Travel Retail & OTAs,Kayak,kayak.com,USA,Travel metasearch,1000,250-1k,Part of Booking Holdings; independently ran major Super Bowl/sports ad campaigns historically,US-based metasearch brand with a track record of big-ticket sports marketing (Super Bowl ads); F1's booming US fandom is squarely in its target demo.,,L06b
Travel Retail & OTAs,Priceline,priceline.com,USA,OTA,1500,1k-5k,Part of Booking Holdings; standalone US consumer brand with major ad spend history,"Iconic US travel brand relaunching its consumer marketing; F1's US Grand Prix trio (Austin, Miami, Las Vegas) is a built-in activation platform.",,L06b
Travel Retail & OTAs,Vrbo (Expedia),vrbo.com,USA,Alt-stay / vacation rental,1500,1k-5k,Part of Expedia Group (parent revenue ~$13.7B),"Whole-home rental platform ideal for group bookings around US Grand Prix weekends (Austin, Miami, Las Vegas).",,L06b
Travel Retail & OTAs,Hotels.com (Expedia),hotels.com,USA,OTA (hotels),1500,1k-5k,Part of Expedia Group; standalone consumer brand with independent marketing budget,"Long history of humorous, high-visibility brand marketing; a natural personality fit for F1's fast-growing US fan engagement campaigns.",,L06b
Travel Retail & OTAs,Skyscanner (Trip.com Group),skyscanner.net,UK,Flight metasearch,1200,1k-5k,Owned by Trip.com Group (parent revenue ~$7.6B); Edinburgh-headquartered global brand,"UK-founded, globally recognized flight search brand with strong European roots overlapping F1's British GP heartland.",,L06b
Travel Retail & OTAs,Qunar (Trip.com Group),qunar.com,China,OTA / metasearch,3000,1k-5k,Owned by Trip.com Group (parent revenue ~$7.6B),"Leading Chinese domestic travel search platform, positioned to capture growing Chinese outbound interest in F1 tourism.",,L06b
Travel Retail & OTAs,Fliggy (Alibaba),fliggy.com,China,OTA (Alibaba ecosystem),3000,1k-5k,Part of Alibaba Group (revenue >$130B); backed by China's dominant e-commerce ecosystem,Alibaba's travel arm with access to hundreds of millions of Chinese consumers — strategic for F1's China growth push.,,L06b
Travel Retail & OTAs,Meituan Travel,meituan.com,China,OTA / local services (travel vertical),6000,5k-6k,"Part of Meituan (revenue >$40B); 6,000+ staff in travel vertical alone",China's largest local-services super-app with a fast-growing travel and hotel-booking business feeding into F1's China expansion.,yes,L06b
Travel Retail & OTAs,Tongcheng Travel (LY.com),ly.com,China,OTA,6000,5k-6k,Hong Kong-listed; revenue >$1.5B (2025),"One of China's top-three OTAs by transaction volume, targeting lower-tier cities increasingly engaging with international sports content.",,L06b
Travel Retail & OTAs,Tuniu,tuniu.com,China,OTA (leisure/packaged tours),900,250-1k,"Nasdaq-listed; leisure travel specialist, revenue est. >$250M in strong years","China's leading online leisure-travel and packaged-tour operator, well suited to build F1 travel-package products.",,L06b
Travel Retail & OTAs,Yatra Online,yatra.com,India,OTA (corporate + consumer),1500,1k-5k,Nasdaq-listed; revenue >$100M and growing; strong corporate travel arm,India's leading corporate travel and MICE specialist — a route into F1's growing India corporate hospitality opportunity.,,L06b
Travel Retail & OTAs,Cleartrip,cleartrip.com,India,OTA,600,250-1k,"Owned by Flipkart (parent backed by Walmart, revenue in tens of billions)",Backed by Flipkart/Walmart's balance sheet; positioned to invest in premium brand marketing as India's F1 fanbase surges.,,L06b
Travel Retail & OTAs,EaseMyTrip,easemytrip.com,India,OTA,600,250-1k,"NSE-listed; profitable, revenue >$100M and growing 30%+ YoY","Profitable, fast-growing Indian OTA already investing heavily in celebrity/sports-adjacent brand marketing.",,L06b
Travel Retail & OTAs,Goibibo (MakeMyTrip),goibibo.com,India,OTA,800,250-1k,Part of MakeMyTrip Group (revenue >$900M),"MakeMyTrip's value-focused sister brand, giving a second India-market entry point distinct from the flagship brand.",,L06b
Travel Retail & OTAs,redBus,redbus.in,India,Bus/ground transport booking,800,250-1k,Part of MakeMyTrip Group (revenue >$900M),South Asia's dominant intercity bus-booking platform — relevant to ground logistics for India-based F1 fan travel as the market develops.,,L06b
Travel Retail & OTAs,Rakuten Travel,travel.rakuten.co.jp,Japan,OTA,3000,1k-5k,Part of Rakuten Group (revenue >$16B),"Japan's leading domestic OTA, backed by Rakuten's huge loyalty ecosystem, ahead of Japanese GP travel demand.",,L06b
Travel Retail & OTAs,Yanolja,yanolja.com,South Korea,OTA / travel-tech (Cloudbeds-style SaaS + booking),3000,1k-5k,Revenue est. >$580M; raised $1.94B cumulative incl. $1.7B SoftBank round; valuation ~$9B,"Korea's dominant travel super-app and travel-tech unicorn, expanding internationally and seeking global brand halo.",yes,L06b
Travel Retail & OTAs,OYO,oyorooms.com,India,Alt-stay / budget hospitality platform,6000,5k-6k,"Revenue >$600M (FY24); raised >$3.5B cumulative; 6,000+ staff","India's largest hospitality-tech platform with global (Europe, SE Asia, Middle East) footprint, actively building premium brand credibility.",,L06b
Travel Retail & OTAs,Vacasa,vacasa.com,USA,Alt-stay / vacation rental management,4000,1k-5k,Revenue >$780M (2024); Nasdaq-listed,North America's largest full-service vacation rental manager — ideal for group accommodations around US Grands Prix.,,L06b
Travel Retail & OTAs,Sonder Holdings,sonder.com,USA,Alt-stay / branded short-term rental,1500,1k-5k,Revenue >$280M (2024); formerly Nasdaq-listed hospitality-tech operator across major metros,"Design-led hospitality brand operating in F1 host cities (Miami, Austin, Las Vegas, London) — direct footprint overlap.",,L06b
Travel Retail & OTAs,HomeToGo,homestogo.com,Germany,Vacation rental metasearch,700,250-1k,Frankfurt Stock Exchange listed; revenue >€150M and scaling toward profitability,"Europe's largest vacation-rental marketplace, positioned for group-stay demand around European race weekends.",,L06b
Travel Retail & OTAs,Awaze,awaze.com,UK,"Vacation rental group (Hoseasons, cottages.com, James Villa Holidays)",2000,1k-5k,Owned by Platinum Equity; revenue >£600M across brand portfolio,"Europe's largest vacation-rental group by portfolio size, well placed for UK/European GP accommodation demand.",,L06b
Travel Retail & OTAs,American Express Global Business Travel,amexglobalbusinesstravel.com,USA,Business travel management (TMC),9000,6k-20k,"Nasdaq-listed (AMEX GBT); revenue >$2.3B; 9,000+ staff",World's largest travel management company serving Fortune 500 clients — a bridge to F1's corporate hospitality and paddock-club audience.,,L06b
Travel Retail & OTAs,BCD Travel,bcdtravel.com,Netherlands,Business travel management (TMC),10000,6k-20k,"Privately held; revenue est. >$1B; 10,000+ staff globally",One of the world's largest corporate travel managers with deep enterprise client relationships mirroring F1's sponsor roster.,,L06b
Travel Retail & OTAs,CWT (myCWT),mycwt.com,USA,Business travel management (TMC),10000,6k-20k,"Privately held; revenue est. >$1B; 10,000+ staff globally",Legacy global TMC (Carlson Wagonlit) managing travel for major multinationals — natural conduit into corporate hospitality packages.,,L06b
Travel Retail & OTAs,Corporate Travel Management (CTM),travelctm.com,Australia,Business travel management (TMC),3000,1k-5k,ASX-listed; revenue >$700M AUD (FY25),"Fast-growing global TMC with a strong APAC base near F1's Melbourne, Singapore, and Suzuka rounds.",yes,L06b
Travel Retail & OTAs,Navan,navan.com,USA,Business travel platform (SaaS + booking),3000,1k-5k,Revenue $537M ARR (2025); Nasdaq IPO Oct 2025 raising $923M; valuation $9.2B,"Newly public, fast-scaling corporate travel unicorn with a strong brand-building mandate post-IPO and F1-relevant C-suite user base.",yes,L06b
Travel Retail & OTAs,SAP Concur,concur.com,USA,Travel & expense management (travel tech),6500,6k-20k,"Division of SAP SE (parent revenue >$36B); 6,500+ staff globally",Dominant global travel-and-expense platform embedded in the workflows of the same enterprises F1 courts as corporate sponsors.,,L06b
Travel Retail & OTAs,Amadeus IT Group,amadeus.com,Spain,Travel tech / GDS infrastructure,16000,6k-20k,"Revenue >€6.4B (2025); Madrid Stock Exchange listed; 16,000+ staff","Global travel technology backbone powering airline, hotel and OTA bookings worldwide — deep pockets and a B2B story well suited to F1's tech-partner tier.",yes,L06b
Travel Retail & OTAs,Sabre Corporation,sabre.com,USA,Travel tech / GDS infrastructure,6000,5k-6k,Revenue >$2.9B (2025); Nasdaq-listed,"Major global distribution system powering airline/OTA bookings, seeking brand visibility as it repositions around AI-driven travel tech.",yes,L06b
Travel Retail & OTAs,Travelport,travelport.com,UK,Travel tech / GDS infrastructure,2500,1k-5k,Privately held (Siris Capital/Elliott); revenue est. >$500M,Leading global travel distribution platform serving thousands of agencies and OTAs — a B2B brand-awareness opportunity via F1's tech partner tier.,yes,L06b
Travel Retail & OTAs,HBX Group (Hotelbeds),hbx.com,Spain,B2B travel wholesaler / travel tech,3500,1k-5k,Madrid Stock Exchange listed (IPO Feb 2025); revenue >€1.1B,"World's largest B2B accommodation wholesaler, freshly public and investing in brand visibility as HBX Group scales beyond Hotelbeds.",,L06b
Travel Retail & OTAs,TUI Group,tuigroup.com,Germany,Integrated tour operator / travel platform,60000,20k+,"Revenue >€23B (FY25); Frankfurt/London listed; 60,000+ staff",Europe's largest integrated tourism group (incl. Musement experiences) with the scale to run a marquee F1 travel-package partnership.,,L06b
Travel Retail & OTAs,FlixMobility (FlixBus/FlixTrain),flixbus.com,Germany,Ground transport booking platform,2000,1k-5k,"Revenue >€2B (2025); privately held, backed by major growth equity",Europe's dominant intercity bus/rail network — the literal transport layer for fans travelling to European Grands Prix.,,L06b
Travel Retail & OTAs,Fareportal (CheapOair / OneTravel),fareportal.com,USA,OTA (flights),1500,1k-5k,Privately held; revenue est. >$700M in transaction volume-driven business,"Major US flight OTA with a history of high-visibility ad campaigns, aligned with F1's fast-growing US audience.",,L06b
Travel Retail & OTAs,Airalo,airalo.com,Singapore,Travel tech (eSIM / connectivity for travelers),367,250-1k,Revenue $286M (2024); raised $220M Series C (2025) at $1B valuation — meets both revenue and 24-month funding gates,World's leading travel eSIM marketplace built entirely around cross-border travelers — a natural connectivity partner for F1's globe-trotting fanbase; confirmed not a current F1 sponsor.,,L06b
Travel Retail & OTAs,Booking.com,booking.com,Netherlands,OTA (hotels/accommodation),22000,20k+,Core Booking.com brand within Booking Holdings (parent revenue ~$23B),World's most-visited accommodation booking site and flagship Booking Holdings brand — an obvious standalone activation candidate with independent marketing spend.,,L06b
Travel Retail & OTAs,Wyndham Destinations / Travel + Leisure Co.,travelandleisureco.com,USA,Vacation ownership / travel club platform,8000,6k-20k,"NYSE-listed; revenue >$2.5B; 8,000+ staff","Large-scale vacation and travel-club membership operator with an affluent, loyalty-driven member base overlapping F1 hospitality buyers.",,L06b
Travel Retail & OTAs,Musafir.com,musafir.com,UAE,OTA / corporate travel (MENA),900,250-1k,Backed by Al Naboodah Group; MENA regional revenue est. >$250M in transaction volume,Leading Gulf-region travel agency with strong ties to Abu Dhabi/Bahrain/Saudi/Qatar GPs and the region's F1 hospitality economy.,,L06b
Travel Retail & OTAs,Ostrovok / Emerging Travel Group,emergingtravel.com,Cyprus,"OTA (hotel booking, EMEA/CIS)",2500,1k-5k,Revenue est. >$300M; leading hotel OTA across Eastern Europe/CIS/MEA markets,"Fast-growing multi-brand hotel OTA (Ostrovok, Zenhotels) expanding across EMEA markets adjacent to F1's European and Middle East rounds.",,L06b
Travel Retail & OTAs,Civitatis,civitatis.com,Spain,Experiences / tours platform,600,250-1k,Owned by Iberostar family office; revenue est. >$150M and profitable Spanish-market leader,"Leading Spanish-language tours and activities marketplace, strong in host cities for the Spanish and Mexican Grands Prix.",,L06b
Travel Retail & OTAs,Tiket.com (GoTo Group),tiket.com,Indonesia,OTA,800,250-1k,"Part of GoTo Group (Indonesia's largest tech company, multi-billion-dollar revenue)","Leading Indonesian OTA backed by GoTo's super-app scale, positioned near the Singapore GP and Indonesia's growing motorsport fanbase.",,L06b
Travel Retail & OTAs,CVC Corp,cvc.com.br,Brazil,"OTA / travel agency group (incl. Submarino Viagens, Trend Operadora)",6000,5k-6k,"B3 (Brazil) stock exchange listed; revenue >R$4B (~$700M+); 6,000+ staff","Brazil's largest integrated travel company, with a leisure and MICE portfolio well matched to the São Paulo Grand Prix and Brazil's passionate F1 fanbase.",,L06b
Travel Retail & OTAs,Direct Travel,dt.com,USA,Business travel management (TMC),2500,1k-5k,"Privately held; revenue est. >$1.5B in managed travel volume; 2,500+ staff across 90+ North American offices","One of North America's largest independent corporate travel management companies, serving the same enterprise clients F1 courts for hospitality packages.",,L06b
Travel Retail & OTAs,Aviasales (Go Travel Un Limited),aviasales.com,Cyprus,Flight metasearch / OTA,2500,1k-5k,"Privately held; revenue est. >$400M across its flight, hotel (WayAway) and insurance products","Major CIS/international flight-search platform with a large, engaged travel-deals audience; verify regional sponsorship suitability before outreach given F1's market-access considerations.",,L06b
Environment & Climate,Waste Management (WM),wm.com,United States,Municipal & Industrial Waste,50000,20k+,Revenue >=$250M (~$21.4B FY24),North America's largest waste/recycling operator with deep sustainability marketing budget and fleet/logistics synergy with F1 paddock operations.,,L07a
Environment & Climate,Republic Services,republicservices.com,United States,Municipal & Industrial Waste,41000,20k+,Revenue >=$250M (~$15.6B FY24),Second-largest US waste/recycling company with a strong ESG narrative (Blue Planet circularity fund) that pairs well with F1's Net Zero 2030 platform.,,L07a
Environment & Climate,Waste Connections,wasteconnections.com,United States,Municipal & Industrial Waste,24000,20k+,Revenue >=$250M (~$8.9B FY24),Fast-growing North American solid waste/E&P waste operator with rising ad spend and appetite for premium brand visibility.,,L07a
Environment & Climate,GFL Environmental,gflenv.com,Canada,Municipal & Industrial Waste,15000,6k-20k,Revenue >=$250M (~$7.7B FY24),"Canada's largest diversified environmental services company, aggressively building a national consumer-facing brand.",,L07a
Environment & Climate,Casella Waste Systems,casella.com,United States,Municipal & Industrial Waste,5500,5k-6k,Revenue >=$250M (~$1.3B FY24),Northeast US waste/recycling leader with a resource-solutions growth story suited to a regional activation tier.,,L07a
Environment & Climate,Clean Harbors,cleanharbors.com,United States,Hazardous & Industrial Waste Services,22000,20k+,Revenue >=$250M (~$5.9B FY24),Leading North American hazardous-waste and industrial services company with strong B2B brand-awareness incentives.,,L07a
Environment & Climate,Veolia Environnement,veolia.com,France,"Waste, Water & Energy Services",218000,20k+,Revenue >=$250M (~EUR45B FY24),World's largest environmental services group; global footprint matches F1's calendar and ecological transformation messaging.,yes,L07a
Environment & Climate,Suez,suez.com,France,Waste & Water Services,40000,20k+,Revenue >=$250M (~EUR10.8B FY24),"Global water/waste major re-established as an independent group since 2022, actively rebuilding brand visibility.",yes,L07a
Environment & Climate,Remondis,remondis.com,Germany,Recycling & Municipal Waste,45000,20k+,"Revenue >=$250M (~EUR12B, private)","Europe's largest family-owned recycling/waste group, present in 30+ countries with race-calendar overlap.",,L07a
Environment & Climate,PreZero (Schwarz Group),prezero.com,Germany,Recycling & Circular Economy,30000,20k+,"6,000+ staff / Revenue >=$250M (parent Schwarz Gruppe >EUR175B)",Recycling arm of the Schwarz Group (Lidl/Kaufland) with a well-funded sustainability marketing mandate.,,L07a
Environment & Climate,Biffa,biffa.co.uk,United Kingdom,Municipal & Industrial Waste,10000,6k-20k,Revenue >=$250M (~GBP1.5B FY24),UK's leading integrated waste management company with a British motorsport heritage angle (Silverstone proximity).,,L07a
Environment & Climate,Urbaser,urbaser.com,Spain,Municipal Waste & Recycling,65000,20k+,Revenue >=$250M (~EUR2.9B FY24),"One of the world's largest urban services/waste companies, majority-owned by Platinum Equity, expanding internationally.",,L07a
Environment & Climate,Paprec Group,paprec.com,France,Recycling,15000,6k-20k,Revenue >=$250M (~EUR3B FY24),France's largest independent recycling group; French GP proximity and strong national brand ambitions.,,L07a
Environment & Climate,Seche Environnement,seche.com,France,Hazardous Waste Treatment,6000,5k-6k,Revenue >=$250M (~EUR1.1B FY24),Listed French hazardous/industrial waste specialist looking to raise its European B2B profile.,,L07a
Environment & Climate,Renewi,renewi.com,United Kingdom,Recycling & Waste-to-Product,7000,6k-20k,Revenue >=$250M (~EUR1.9B FY24),Benelux/UK recycling major (LSE-listed) with a circular-economy story fit for sustainability-led sponsorship.,,L07a
Environment & Climate,Cleanaway Waste Management,cleanaway.com.au,Australia,Municipal & Industrial Waste,7500,6k-20k,Revenue >=$250M (~AUD3.4B FY24),"Australia's largest waste management company, positioned near the Australian GP market.",,L07a
Environment & Climate,Averda,averda.com,United Arab Emirates,Waste Management (MEA),15000,6k-20k,"Revenue >=$250M (~$700M-$1B est.) / 6,000+ staff",Leading Middle East/Africa waste operator headquartered near the Abu Dhabi GP with strong regional sponsorship budgets.,,L07a
Environment & Climate,BEEAH Group,beeahgroup.com,United Arab Emirates,Diversified Environmental & Waste Group,9500,6k-20k,Revenue >=$250M (multi-billion diversified group),Sharjah-based environmental/tech conglomerate already active in UAE sports sponsorship and Gulf motorsport culture.,,L07a
Environment & Climate,TOMRA Systems,tomra.com,Norway,Reverse Vending & Recycling Technology,5300,5k-6k,Revenue >=$250M (~EUR1.35B FY24),"Global leader in sensor-based sorting and reverse vending, well-funded circularity technology brand.",,L07a
Environment & Climate,Redwood Materials,redwoodmaterials.com,United States,Battery Recycling & Materials,2000,1k-5k,Raised >=$150M/24mo ($2B DOE loan Feb'25 + $425M Series E Oct'25),Founder-led (JB Straubel) battery-recycling unicorn with EV/motorsport-adjacent brand relevance and deep capital reserves.,,L07a
Environment & Climate,Ecobat,ecobat.com,United States,Battery Recycling,5000,1k-5k,"Revenue >=$250M (~$3-4B est., private)","World's largest lead-acid/lithium battery recycler with global plants, strong fit for F1's electrification storyline.",,L07a
Environment & Climate,Umicore,umicore.com,Belgium,Materials Technology & Recycling,11000,6k-20k,Revenue >=$250M (~EUR4.3B FY24),Global leader in precious-metals/battery-materials recycling; has past motorsport-adjacent industrial partnerships.,,L07a
Environment & Climate,PureCycle Technologies,purecycle.com,United States,Plastics Recycling,600,250-1k,"Raised >=$150M/24mo ($300M Series B preferred, Jun'25)",Patented polypropylene recycling technology scaling capacity globally; fresh capital and a plastics-circularity story.,,L07a
Environment & Climate,Covanta,covanta.com,United States,Waste-to-Energy,5000,1k-5k,"Revenue >=$250M (~$2B est., EQT-owned)","North America's largest waste-to-energy operator, backed by EQT with capital for brand-building.",,L07a
Environment & Climate,FCC Group (Fomento de Construcciones y Contratas),fcc.es,Spain,Municipal Environmental Services,50000,20k+,Revenue >=$250M (~EUR8.7B FY24),Major Spanish infrastructure/environmental group (Slim family) with global waste-services division and Spanish GP proximity.,,L07a
Environment & Climate,Befesa,befesa.com,Luxembourg,Industrial Waste (Steel/Aluminium Recycling),3000,1k-5k,Revenue >=$250M (~EUR900M FY24),Listed European leader in steel dust and aluminium salt-slag recycling serving the automotive/motorsport supply chain.,,L07a
Environment & Climate,Derichebourg,derichebourg.com,France,Metals Recycling & Environmental Services,40000,20k+,Revenue >=$250M (~EUR4.5B FY24),Major French recycling and environmental services conglomerate with automotive-recycling ties.,,L07a
Environment & Climate,Sims Limited,simsltd.com,Australia,Metals Recycling,4000,1k-5k,Revenue >=$250M (~AUD4.5B FY24),"One of the world's largest metal-recycling companies, ASX-listed with global scrap/e-waste operations.",,L07a
Environment & Climate,European Metal Recycling (EMR),emrgroup.com,United Kingdom,Metals Recycling,4500,1k-5k,"Revenue >=$250M (~GBP2.5B est., private)","One of the largest privately held metal recyclers globally, UK-headquartered near several F1 team factories.",,L07a
Environment & Climate,Stena Metall (Stena Recycling),stenametall.com,Sweden,Recycling & Environmental Services,5500,5k-6k,Revenue >=$250M (~SEK30B est.),Major Nordic industrial group with a leading recycling division and strong sustainability brand equity.,,L07a
Environment & Climate,Recology,recology.com,United States,Municipal Waste & Recycling,4000,1k-5k,Revenue >=$250M (~$1.5B est.),Employee-owned West Coast waste/recycling leader building a national sustainability profile.,,L07a
Environment & Climate,Heritage-Crystal Clean,crystal-clean.com,United States,Industrial & Used-Oil Recycling,3000,1k-5k,"Revenue >=$250M (~$830M FY24, NASDAQ: HCCI)",Publicly traded industrial waste/used-oil recycler serving automotive and manufacturing clients.,,L07a
Environment & Climate,Enviri Corporation (Clean Earth),enviri.com,United States,Environmental & Industrial Waste Solutions,11000,6k-20k,"Revenue >=$250M (~$1.9B FY24, NYSE: NVRI)","Formerly Harsco; owns Clean Earth, a top US contaminated soil/hazardous waste remediation business.",,L07a
Environment & Climate,Montrose Environmental Group,montrose-env.com,United States,Environmental Services & Testing,3500,1k-5k,"Revenue >=$250M (~$700M FY24, NYSE: MEG)","Fast-growing environmental measurement, remediation and advisory platform seeking brand elevation.",,L07a
Environment & Climate,Tetra Tech,tetratech.com,United States,Environmental Consulting & Engineering,28000,20k+,"Revenue >=$250M (~$5.1B FY24, NASDAQ: TTEK)",Global environmental engineering/consulting leader with sizable marketing and CSR budget.,,L07a
Environment & Climate,ICF International,icf.com,United States,Environmental & Climate Consulting,9000,6k-20k,"Revenue >=$250M (~$2.1B FY24, NASDAQ: ICFI)",Major environmental/climate policy consultancy with government and corporate sustainability clients.,,L07a
Environment & Climate,ERM (Environmental Resources Management),erm.com,United Kingdom,Environmental Consulting,8000,6k-20k,"Revenue >=$250M (~$1.5B est., KKR-backed)","World's largest pure-play sustainability/environmental consultancy, well-capitalized under KKR ownership.",,L07a
Environment & Climate,Ramboll,ramboll.com,Denmark,Environmental & Engineering Consulting,18000,6k-20k,Revenue >=$250M (~DKK20B FY24),Leading Nordic engineering/environment consultancy with strong sustainability positioning.,,L07a
Environment & Climate,WSP Global,wsp.com,Canada,Environmental & Engineering Services,73000,20k+,Revenue >=$250M (~CAD14.4B FY24),Global engineering/environment consultancy with Canadian GP market presence and scale for premium sponsorship.,,L07a
Environment & Climate,AECOM,aecom.com,United States,Environmental & Infrastructure Services,52000,20k+,"Revenue >=$250M (~$14.4B FY24, NYSE: ACM)",Global infrastructure/environmental services giant with major US brand marketing spend.,,L07a
Environment & Climate,Arcadis,arcadis.com,Netherlands,Environmental Consulting & Design,36000,20k+,Revenue >=$250M (~EUR4.7B FY24),Global design/environmental consultancy active in European sustainability partnerships.,,L07a
Environment & Climate,Jacobs Solutions,jacobs.com,United States,Environmental & Engineering Services,45000,20k+,"Revenue >=$250M (~$12B FY24, NYSE: J)",Large-cap engineering firm with a dedicated environmental/water/climate resilience division and sizable marketing budget.,,L07a
Environment & Climate,Indorama Ventures,indoramaventures.com,Thailand,PET/Plastics Recycling,26000,20k+,Revenue >=$250M (~$15B FY24),"World's largest PET recycler, active in motorsport-adjacent packaging/automotive supply chains and global sustainability marketing.",,L07a
Environment & Climate,Aurubis,aurubis.com,Germany,Copper & Metals Recycling,7300,6k-20k,Revenue >=$250M (~EUR17B FY24),"Europe's largest copper recycler, critical to EV/battery supply chains F1 is promoting.",,L07a
Environment & Climate,Boliden,boliden.com,Sweden,Metals Recycling & Smelting,7800,6k-20k,Revenue >=$250M (~SEK90B FY24),Nordic mining/smelting group with a major electronics-recycling business (Ronnskar smelter).,,L07a
Environment & Climate,SK ecoplant,skecoplant.com,South Korea,Environmental Engineering & Waste,4500,1k-5k,"Revenue >=$250M (SK Group-backed, multi-billion won revenue)",SK Group's environmental arm pursuing an aggressive global waste/recycling M&A and ESG branding strategy.,,L07a
Environment & Climate,SK tes (TES),sktes.com,Singapore,E-waste & Battery Recycling,4000,1k-5k,"Revenue >=$250M (acquired by SK ecoplant for $1.1B, 2022)","Global e-waste and EV battery recycling network spanning 40+ facilities worldwide, backed by SK Group capital.",,L07a
Environment & Climate,Rubicon Technologies,rubicon.com,United States,Waste Tech / Circular Economy Platform,400,250-1k,"Revenue >=$250M (~$680M FY24, NYSE: RBT)","Tech-enabled waste and recycling marketplace with a digital-first, sustainability-tech brand story.",,L07a
Environment & Climate,Tradebe Environmental Services,tradebe.com,Spain,Hazardous Waste Treatment,4000,1k-5k,Revenue >=$250M (~$800M est.),Barcelona-headquartered global hazardous-waste treatment group with a Spanish GP home-market angle.,,L07a
Environment & Climate,China Everbright Environment Group,cebg.com.hk,China,Waste-to-Energy,20000,6k-20k,"Revenue >=$250M (~HKD25B FY24, HKEX-listed)","One of China's largest waste-to-energy operators, expanding internationally and seeking global brand recognition.",,L07a
Environment & Climate,Ragn-Sells,ragnsells.com,Sweden,Recycling & Environmental Services,2200,1k-5k,Revenue >=$250M (~SEK6B est.),Nordic family-owned recycling/environmental group with an innovation-led circular-economy narrative.,,L07a
Environment & Climate,Indaver,indaver.com,Belgium,Hazardous & Industrial Waste Treatment,2400,1k-5k,Revenue >=$250M (~EUR1B est.),Leading European hazardous-waste treatment specialist with cross-border industrial client base.,,L07a
Environment & Climate,Reconomy Group,reconomy.com,United Kingdom,Waste Management Outsourcing / EPR,2000,1k-5k,"Revenue >=$250M (~GBP1B est., private)",UK-based global waste-management outsourcing and compliance network serving multinational corporates.,,L07a
Environment & Climate,Wheelabrator Technologies,wheelabratortechnologies.com,United Kingdom,Waste-to-Energy,1500,1k-5k,"Revenue >=$250M (~$800M est., Macquarie-owned)",International waste-to-energy operator (ex-US Wheelabrator) backed by Macquarie Asset Management capital.,,L07a
Environment & Climate,Nyrstar,nyrstar.com,Belgium,Zinc & Metals Recycling,4000,1k-5k,"Revenue >=$250M (~EUR2B est., Trafigura-owned)",Major zinc smelting/recycling group backed by Trafigura's global trading capital.,,L07a
Environment & Climate,Alpla,alpla.com,Austria,Plastics Packaging Recycling,23000,20k+,"Revenue >=$250M (~EUR5.4B FY24, private)",Global packaging leader with a major PET recycling division promoting circular-plastics innovation.,,L07a
Environment & Climate,Eastman Chemical (Circular Economy),eastman.com,United States,Molecular Plastics Recycling,14000,6k-20k,"Revenue >=$250M (~$9.2B FY24, NYSE: EMN)",Chemicals major with a flagship molecular (chemical) plastics-recycling platform seeking consumer-facing visibility.,yes,L07a
Environment & Climate,Closed Loop Partners,closedlooppartners.com,United States,Circular Economy Investment Platform,100,50-250,"Raised >=$150M/24mo (Circular Economy/Infrastructure funds, $500M+ AUM)","Leading US circular-economy investment platform funding recycling infrastructure at scale, backed by major corporates.",,L07a
Environment & Climate,Fortum Recycling & Waste Solutions,fortum.com,Finland,Waste & Recycling,700,250-1k,Revenue >=$250M (parent Fortum ~EUR5B+ FY24),"Recycling and hazardous-waste arm of Nordic energy major Fortum, aligned with clean-energy sponsorship narratives.",,L07a
Environment & Climate,Hitachi Zosen Inova,hz-inova.com,Switzerland,Waste-to-Energy Engineering,700,250-1k,Revenue >=$250M (parent Hitachi Zosen ~JPY180B FY24),Global waste-to-energy plant builder backed by Japanese industrial parent Hitachi Zosen.,,L07a
Environment & Climate,Daiseki Co.,daiseki.co.jp,Japan,Industrial Waste Treatment,1800,1k-5k,"Revenue >=$250M (~JPY55B FY24, TSE-listed)",Japan's leading industrial waste recycling/treatment company with an international expansion push.,,L07a
Environment & Climate,JFE Engineering (Environmental Solutions),jfe-eng.co.jp,Japan,Waste-to-Energy Engineering,7000,6k-20k,Revenue >=$250M (parent JFE Holdings ~JPY4.9T FY24),"Environmental engineering arm of steel major JFE Holdings, building waste-to-energy plants across Asia.",,L07a
Environment & Climate,Kobelco Eco-Solutions,kobelco-eco.co.jp,Japan,Waste Treatment Engineering,1000,250-1k,Revenue >=$250M (parent Kobe Steel ~JPY2.4T FY24),Environmental engineering subsidiary of Kobe Steel focused on waste incineration and recycling plants.,,L07a
Environment & Climate,Sembcorp Environment,sembcorp.com,Singapore,Waste Management & Recycling,1500,1k-5k,Revenue >=$250M (parent Sembcorp Industries ~SGD7B FY24),"Waste-to-energy and recycling division of Singapore's Sembcorp Industries, an APAC infrastructure major.",,L07a
Environment & Climate,Grandblue Environment,grandblueenv.com,China,Municipal Waste & Water,15000,6k-20k,"Revenue >=$250M (~RMB12B est., Shenzhen-listed)",Large Chinese environmental utility group operating waste-to-energy and water treatment infrastructure.,,L07a
Environment & Climate,"GEM Co., Ltd",gem.com.cn,China,Battery & E-waste Recycling,12000,6k-20k,"Revenue >=$250M (~RMB30B FY24, Shenzhen-listed)","One of the world's largest battery-material recyclers, central to the global EV battery supply chain.",,L07a
Environment & Climate,Brunp Recycling (CATL),brunp.catl.com,China,Battery Recycling,3000,1k-5k,Revenue >=$250M (parent CATL ~RMB400B FY24),"CATL's battery-recycling subsidiary, positioned at the heart of EV/motorsport battery circularity.",,L07a
Environment & Climate,Waste Pro USA,wasteprousa.com,United States,Municipal Waste Collection,5000,1k-5k,"Revenue >=$250M (~$1B est., private)","Large private US regional waste hauler expanding across the Southeast, building national brand recognition.",,L07a
Environment & Climate,WIN Waste Innovations,winwaste.com,United States,Waste-to-Energy,2800,1k-5k,"Revenue >=$250M (~$900M est., Macquarie-owned)",Macquarie-backed US waste-to-energy and collections platform with capital for premium brand partnerships.,,L07a
Environment & Climate,Radius Recycling (formerly Schnitzer Steel),radiusrecycling.com,United States,Metals Recycling,3000,1k-5k,"Revenue >=$250M (~$2.5B FY24, NASDAQ: RDUS)","Long-standing US metals recycler supplying automotive-grade scrap, rebranded to emphasize circularity.",,L07a
Environment & Climate,OmniSource (Steel Dynamics),omnisource.com,United States,Metals Recycling,3000,1k-5k,Revenue >=$250M (parent Steel Dynamics ~$18B FY24),"One of the largest US scrap metal recyclers, part of Steel Dynamics' vertically integrated steel-and-recycling business.",,L07a
Environment & Climate,The David J. Joseph Company (Nucor),djj.com,United States,Metals Recycling,2500,1k-5k,Revenue >=$250M (parent Nucor ~$34B FY24),"Nucor's scrap-recycling subsidiary, a critical supplier to the steel industry that underpins EV and chassis manufacturing.",,L07a
Environment & Climate,Commercial Metals Company (CMC),cmc.com,United States,Metals Recycling & Steel,12000,6k-20k,"Revenue >=$250M (~$8B FY24, NYSE: CMC)",Vertically integrated steel and recycling company with a substantial national marketing budget.,,L07a
Environment & Climate,SA Recycling,sarecycling.com,United States,Metals Recycling,4000,1k-5k,"Revenue >=$250M (~$3.5B est., private)","One of the largest scrap metal recyclers in the US, a Sims/Adams family joint venture with major industrial reach.",,L07a
Environment & Climate,Estre Ambiental,estre.com.br,Brazil,Municipal & Industrial Waste,3000,1k-5k,"Revenue >=$250M (~R$1.5B est., B3-listed)","One of Brazil's largest waste management companies, positioned for the Sao Paulo GP market.",,L07a
Environment & Climate,Solvi (Solvi Participacoes),solvi.com,Brazil,Environmental Services & Waste,9000,6k-20k,Revenue >=$250M (~R$3B est.),Major Brazilian environmental services and waste-to-energy group with growing Latin American footprint.,,L07a
Environment & Climate,Ramky Enviro Engineers,ramkyenviro.com,India,Industrial & Municipal Waste,9000,6k-20k,Raised >=$150M (KKR/private equity backing) / Revenue ~$400M,"India's largest integrated environmental management company, PE-backed and expanding regionally.",,L07a
Environment & Climate,SULO Group,sulo.com,Germany,Waste Collection & Containers,5000,1k-5k,"Revenue >=$250M (~EUR1B est., private)",Major European waste collection and container manufacturing group with pan-European reach.,,L07a
Environment & Climate,Keppel Infrastructure (Environmental),kepinfra.com,Singapore,Waste-to-Energy & Environmental Infrastructure,1000,250-1k,Revenue >=$250M (parent Keppel Corp ~SGD7B FY24),"Environmental infrastructure arm of Singapore conglomerate Keppel Corp, active across APAC waste-to-energy projects.",,L07a
Environment & Climate,Interzero,interzero.de,Germany,EPR Compliance & Recycling,2600,1k-5k,"Revenue >=$250M (~EUR1.1B est., private)",Germany's largest dual-system recycling and EPR-compliance provider (formerly Der Gruene Punkt/Landbell Group).,,L07a
Environment & Climate,Waste Harmonics,wasteharmonics.com,United States,Waste Tech / Managed Services,500,250-1k,"Revenue >=$250M (~$400M+ est., private)",National tech-enabled waste and recycling management provider for multi-site enterprise clients.,,L07a
Environment & Climate,Grundon Waste Management,grundon.com,United Kingdom,Industrial & Hazardous Waste,900,250-1k,"Revenue >=$250M (~GBP300M est., private)",Independent UK hazardous/industrial waste specialist serving corporate clients across southern England.,,L07a
Environment & Climate,Metso (Recycling Solutions),metso.com,Finland,Recycling Equipment & Technology,16000,6k-20k,Revenue >=$250M (~EUR5.2B FY24),Global industrial and recycling technology leader supplying shredding/sorting equipment to the recycling industry.,,L07a
Environment & Climate,China Everbright Greentech,cebg-greentech.com,China,Biomass & Waste-to-Energy,6000,5k-6k,"Revenue >=$250M (~HKD5B est., HKEX-listed)","Biomass and hazardous waste treatment arm of the China Everbright Group, expanding across Asia.",,L07a
Environment & Climate,Beijing Capital Eco-Environment Protection Group,capitalonline.com.cn,China,Municipal Waste & Water,10000,6k-20k,"Revenue >=$250M (multi-billion RMB, HKEX-listed)",Major Chinese state-linked environmental infrastructure group operating waste and water treatment assets nationwide.,,L07a
Environment & Climate,Xylem,xylem.com,United States,Water treatment & smart water infrastructure,23000,20k+,"Revenue ~$8.6B (2024, post-Evoqua acquisition); NYSE:XYL, well above the $250M gate.","Global water-tech leader (pumps, treatment, smart metering) with a sustainability story that maps directly onto F1's 2026 100%-sustainable-fuel era and its water-scarce host markets (Saudi, Qatar, Bahrain, Las Vegas).",yes,L07b
Environment & Climate,Pentair,pentair.com,United Kingdom,Water filtration & pool/residential water treatment,10500,6k-20k,Revenue ~$4.1B (2023); NYSE:PNR. Not a current F1 sponsor.,Consumer-facing filtration brand looking to build global brand equity outside North America — F1's international live audience is a natural growth lever.,yes,L07b
Environment & Climate,Veralto,veralto.com,United States,Water quality analytics & treatment,16000,6k-20k,"Revenue ~$5.1B (2023); NYSE:VLTO, spun off from Danaher.","Water-quality instrumentation (Hach, ChemTreat) fits a paddock-to-planet water-stewardship narrative; recently independent and building its own brand identity post-spinoff.",,L07b
Environment & Climate,Kurita Water Industries,kurita.co.jp,Japan,Industrial water treatment,8000,6k-20k,"Revenue ~¥278B (~$1.9B, FY2023); Tokyo-listed (6370.T).",Japan's top industrial water treatment company; F1's Japanese GP and paddock presence offer a home-market platform to accompany global expansion.,,L07b
Environment & Climate,Organo Corp,organo.co.jp,Japan,Ultrapure water treatment,2000,1k-5k,Revenue ~¥130-140B (~$900M-1B); Tokyo-listed (6368.T).,Ultrapure water for semiconductors ties to F1's high-precision engineering identity; Suzuka GP gives a natural home-market activation.,,L07b
Environment & Climate,Metito,metito.com,United Arab Emirates,Desalination & water treatment EPC,2500,1k-5k,"Delivered >$5B in cumulative water/desal infrastructure; backed by Gulf Capital, IFC and EBRD.","60+ years building the Gulf's desalination backbone; Abu Dhabi/Bahrain/Saudi GPs sit in Metito's core home markets and target client base (governments, utilities).",,L07b
Environment & Climate,Almar Water Solutions,almarwater.com,Spain,Desalination project development,300,250-1k,Water arm of Abdul Latif Jameel Energy; ALJ group is a multi-billion-dollar diversified conglomerate with >$1B committed to water assets.,"ALJ's water platform spans MENA, LatAm and Asia — the same growth geographies as F1's calendar expansion (Saudi, Qatar, Miami, Vegas).",,L07b
Environment & Climate,Aqualia,aqualia.com,Spain,Water utility operations,10000,6k-20k,Revenue ~€1.6B (2023); one of the world's largest private water operators (FCC/IFM-owned).,Pan-European and LatAm water utility footprint gives regional-partner scale for a team activation program.,,L07b
Environment & Climate,Culligan International,culligan.com,United States,Water treatment & filtration,8000,6k-20k,Revenue ~$2.8-3B (2024); PE-backed (BDT/Advent/Mubadala).,"Consumer water brand rebuilding global recognition post-PE ownership changes; F1's premium, family-reach audience suits a household water brand.",yes,L07b
Environment & Climate,ACWA Power,acwapower.com,Saudi Arabia,Desalination & power development,3000,1k-5k,"Revenue ~SAR 7B+ (~$1.9B, 2023); Tadawul-listed (2082.SR).",Saudi desalination/renewables champion aligned with PIF's sports investment strategy; natural fit for the Jeddah/Saudi GP and NEOM narrative.,yes,L07b
Environment & Climate,Doosan Enerbility,doosanenerbility.com,South Korea,Desalination EPC,6000,5k-6k,"Revenue ~KRW 3.4T (~$2.5B); KRX-listed (034020.KS), built ~30% of the world's large-scale desal capacity.",Global EPC leader seeking brand recognition beyond its Gulf/Asia project markets; F1 offers government-decision-maker visibility in the same regions it builds in.,,L07b
Environment & Climate,IDE Technologies,ide-tech.com,Israel,Desalination engineering,1500,1k-5k,"Owned by ICL (revenue ~$6-7B) and Delek Group; built the world's largest SWRO plants (Sorek, Carlsbad, Shuweihat).",Category-defining desalination engineering brand with parent-company scale to fund a marquee partnership and a strong 'water innovation' story for F1.,,L07b
Environment & Climate,Acciona Agua,acciona.com,Spain,Desalination & water infrastructure,2000,1k-5k,Parent Acciona revenue ~€11B (2023); BME-listed (ANA.MC).,Acciona already invests heavily in sustainability-linked sports and infrastructure marketing; water arm offers a distinct sponsorship story from its energy business.,,L07b
Environment & Climate,Fisia Italimpianti,webuildgroup.com,Italy,Desalination EPC,500,250-1k,Parent Webuild revenue ~€10B (2023); Milan-listed (WBD.MI).,Historic desalination EPC brand (Fisia) inside a major infrastructure group seeking higher international profile as it bids on Gulf mega-projects.,,L07b
Environment & Climate,Hyundai Engineering,hec.co.kr,South Korea,Desalination & industrial water EPC,6000,5k-6k,Part of Hyundai Motor Group (group revenue >$200B).,Deep-pocketed conglomerate arm with a large MENA desalination project pipeline; Korean GP heritage and Hyundai's existing motorsport culture (WRC) ease the pitch.,,L07b
Environment & Climate,GS Inima,gsinima.com,Spain,Water treatment & desalination operations,1300,1k-5k,"Owned by GS Engineering & Construction (Korea, revenue ~$8B).","Korean-owned, Spain-headquartered operator active across Spain, LatAm and MENA — geographies overlapping F1's calendar growth.",,L07b
Environment & Climate,Aquatech International,aquatech.com,United States,Industrial water treatment & desalination,1300,1k-5k,"Estimated revenue $400-500M; privately held, delivered 20,000+ water/desal systems worldwide including mega ZLD/SWRO plants.",Family-owned global leader in zero-liquid-discharge and desalination tech looking to build brand recognition against larger public competitors.,,L07b
Environment & Climate,Saur Group,saur.com,France,Water utility operations,10000,6k-20k,"Revenue ~€2.3B (2023); PE-owned (Eiffel Investment Group, CDPQ, Meridiam).",European water utility expanding internationally under new PE ownership; sponsorship supports brand-building beyond its French home base.,,L07b
Environment & Climate,American Water Works,amwater.com,United States,Water utility,6500,6k-20k,"Revenue ~$4.5B (2023); NYSE:AWK, largest publicly traded US water utility.","Largest US regulated water utility, with Austin/Miami/Vegas GP markets inside its service footprint for hyperlocal activation.",,L07b
Environment & Climate,Severn Trent,severntrent.com,United Kingdom,Water utility,9000,6k-20k,Revenue ~£2.2B (2024); LSE-listed (SVT.L).,UK water major seeking a positive-visibility platform amid sector scrutiny of utilities; F1's British GP (Silverstone) offers home-market relevance.,,L07b
Environment & Climate,United Utilities,unitedutilities.com,United Kingdom,Water utility,6000,5k-6k,Revenue ~£2B (2024); LSE-listed (UU.L).,Same UK-utility rationale as Severn Trent — reputational upside from association with F1's environmental commitments.,,L07b
Environment & Climate,China Everbright Environment,cebenvironment.com,China,Water & environmental treatment,15000,6k-20k,Revenue ~HK$25B (~$3.2B); HKEX-listed (0257.HK).,Major Chinese environment/water operator with international ambitions; Chinese GP's return to the calendar strengthens the local activation case.,,L07b
Environment & Climate,Beijing Enterprises Water Group,bewg.com.hk,China,Water treatment operations,12000,6k-20k,"Revenue ~HK$20B+; HKEX-listed (0371.HK), one of China's largest water treatment operators.",State-linked scale operator seeking international brand credibility as it expands water investments along Belt & Road markets that overlap F1's global footprint.,,L07b
Environment & Climate,China Water Affairs Group,cwahk.com.hk,China,Water utility,8000,6k-20k,"Revenue ~HK$8B (~$1B); HKEX-listed (0855.HK), 100+ municipal water projects.",Mid-large Chinese water utility building brand recognition ahead of further international expansion.,,L07b
Environment & Climate,Thermax Limited,thermaxglobal.com,India,"Water & waste solutions, energy",6000,5k-6k,"Revenue ~₹8,700cr (~$1B, FY24); NSE/BSE-listed (THERMAX.NS).",Indian industrial conglomerate with a growing water & environment division seeking global brand elevation as India's F1 fan base grows.,,L07b
Environment & Climate,VA Tech Wabag,vatechwabag.com,India,Water treatment EPC,2000,1k-5k,"Revenue ~₹2,700cr (~$325M, FY24); NSE-listed (WABAG.NS).","Global water treatment EPC leader out of India with projects across Middle East, Africa and Asia — F1's exact expansion geography.",,L07b
Environment & Climate,3M Water Filtration,3m.com,United States,Filtration & purification technology,85000,20k+,Parent 3M revenue ~$32B (2024); NYSE:MMM.,"Global filtration and materials science giant (Aqua-Pure, industrial filtration) with the balance sheet to headline a program and a genuine engineering-innovation story.",yes,L07b
Environment & Climate,Nitto Denko (Hydranautics),hydranautics.com,Japan,RO/UF membrane technology,26000,20k+,Parent Nitto Denko revenue ~¥880B (~$6B); Tokyo-listed (6988.T).,Hydranautics is a top-3 global reverse-osmosis membrane brand — precision materials science pairs naturally with F1's engineering narrative.,,L07b
Environment & Climate,DuPont Water Solutions,dupont.com,United States,Membrane & filtration technology,24000,20k+,Parent DuPont de Nemours revenue ~$12B; NYSE:DD.,Owns FilmTec/IntegraFlux membrane platforms; materials-science storytelling (advanced polymers) mirrors F1 chassis/tire technology narratives.,yes,L07b
Environment & Climate,Dow,dow.com,United States,Water treatment chemistries & membranes,35900,20k+,Revenue ~$45B (2023); NYSE:DOW.,Global materials science major with a water technologies business and a sustainability agenda well-matched to F1's 2026 sustainable-fuel platform.,yes,L07b
Environment & Climate,Donaldson Company,donaldson.com,United States,Filtration technology,14000,6k-20k,Revenue ~$3.4B (FY24); NYSE:DCI.,"Filtration is core to engine/fluid performance — a direct technical parallel to F1 powertrain filtration, useful for a technical-partner pitch.",,L07b
Environment & Climate,Parker Hannifin,parker.com,United States,Filtration & fluid control,60000,20k+,Revenue ~$19.9B (FY24); NYSE:PH.,Diversified motion & control giant with filtration and fluid-purification businesses; already active in motorsport-adjacent aerospace/industrial engineering circles.,,L07b
Environment & Climate,Mueller Water Products,muellerwaterproducts.com,United States,Water infrastructure products,3900,1k-5k,Revenue ~$1.3B (FY24); NYSE:MWA.,"US water-infrastructure leader (leak detection, valves) with a modernization story that fits F1's US market growth push (Austin/Miami/Vegas).",,L07b
Environment & Climate,Itron,itron.com,United States,Smart water metering & analytics,5000,1k-5k,Revenue ~$2.2B (2024); NASDAQ:ITRI.,Smart-grid/smart-water data platform aligns with F1's data-driven performance culture; leak detection and conservation tech is a strong sustainability hook.,,L07b
Environment & Climate,Badger Meter,badgermeter.com,United States,Water metering & analytics,2400,1k-5k,Revenue ~$780M (2024); NYSE:BMI.,Fast-growing smart water metering company building brand awareness beyond its utility-customer base.,,L07b
Environment & Climate,GEA Group,gea.com,Germany,Process technology incl. water/wastewater,18000,6k-20k,Revenue ~€5.5B (2023); Frankfurt-listed (G1A.DE).,"German engineering major with process/separation technology; F1's German heritage teams (Mercedes, Audi entry) offer natural home-market ties.",,L07b
Environment & Climate,Emerson Electric,emerson.com,United States,Water/wastewater automation & instrumentation,86000,20k+,Revenue ~$17.5B (FY24); NYSE:EMR.,Automation and precision instrumentation giant whose water/wastewater division offers a real-time monitoring narrative that echoes F1 telemetry.,yes,L07b
Environment & Climate,Grundfos,grundfos.com,Denmark,Pump manufacturing,20000,6k-20k,"Revenue ~€3.9B (2023); world's largest pump manufacturer, foundation-owned.","Category-leading, engineering-driven pump maker with a strong efficiency/sustainability story and global footprint to match F1's calendar.",yes,L07b
Environment & Climate,Wilo SE,wilo.com,Germany,Pump manufacturing,8700,6k-20k,Revenue ~€1.7B (2023); privately held German engineering leader.,Precision-engineered pumping systems brand seeking global visibility to match its ~60-country footprint.,,L07b
Environment & Climate,Franklin Electric,franklinelectric.com,United States,Pump systems (water & fueling),7000,6k-20k,Revenue ~$2.2B (2024); NASDAQ:FELE.,Spans both water pumping and fueling-systems technology — a distinctive dual fit with F1's water-tech and sustainable-fuel storylines.,,L07b
Environment & Climate,Sulzer,sulzer.com,Switzerland,Pumps & rotating equipment,13000,6k-20k,Revenue ~CHF 3.5B (2023); SIX-listed (SUN.SW).,Precision rotating-equipment engineering firm with a strong performance/efficiency narrative for high-value industrial partnerships.,,L07b
Environment & Climate,KSB SE,ksb.com,Germany,Pumps & valves,15900,6k-20k,Revenue ~€2.9B (2023); Frankfurt-listed (KSB.DE).,Global pump/valve manufacturer with a strong German engineering identity and international project footprint.,,L07b
Environment & Climate,Flowserve,flowserve.com,United States,Pumps & valves,16000,6k-20k,Revenue ~$4.4B (2024); NYSE:FLS.,"Global flow-control leader across water and energy markets, with the scale for a marquee technical-partner sponsorship.",,L07b
Environment & Climate,IDEX Corporation,idexcorp.com,United States,Precision pumps & filtration,8300,6k-20k,Revenue ~$3.2B (2024); NYSE:IEX.,Precision fluidics and filtration company whose engineering-first culture aligns with F1's technical fanbase.,,L07b
Environment & Climate,Alfa Laval,alfalaval.com,Sweden,"Separation, heat transfer & filtration",21000,20k+,"Revenue ~SEK 55B (~$5.2B, 2024); Stockholm-listed (ALFA.ST).","Swedish engineering major with strong sustainability credentials in separation/filtration technology, seeking broader global brand reach.",,L07b
Environment & Climate,Ebara Corporation,ebara.co.jp,Japan,Pump manufacturing,19000,6k-20k,Revenue ~¥750B (~$5B); Tokyo-listed (6361.T).,Major Japanese pump manufacturer with global water infrastructure exposure and a home-GP tie-in via Suzuka.,,L07b
Environment & Climate,Gorman-Rupp,gormanrupp.com,United States,Pump manufacturing,3200,1k-5k,Revenue ~$450M (2024); NYSE:GRC.,US pump manufacturer with a growing international business seeking brand recognition beyond its industrial-buyer base.,,L07b
Environment & Climate,ITT Inc,itt.com,United States,Water/wastewater pumps (Goulds),11000,6k-20k,Revenue ~$3.4B (2024); NYSE:ITT.,ITT's Goulds Pumps water/wastewater division and broader motion-technologies portfolio offer both a water-tech and precision-engineering angle.,,L07b
Environment & Climate,SPX FLOW,spxflow.com,United States,Process & flow equipment,4300,1k-5k,Revenue ~$1.6B (2024); PE-owned (Lone Star Funds).,Process/flow technology company under new PE ownership building a distinct brand identity as it repositions post-carve-out.,,L07b
Environment & Climate,Danfoss,danfoss.com,Denmark,Pump drives & climate/water solutions,39000,20k+,Revenue ~€10B (2023); foundation-owned.,"Major energy-efficiency and drives technology provider for water/wastewater pumping, with a strong decarbonization narrative to pair with F1's fuel story.",,L07b
Environment & Climate,Orbia (Netafim),orbia.com,Mexico,Precision irrigation,22000,20k+,"Revenue ~$7.7B (2023); BMV-listed (ORBIA.MX), owns Netafim.","Owns Netafim, the world's largest drip-irrigation company; a resource-efficiency story (more crop per drop) that mirrors F1's efficiency-engineering ethos.",,L07b
Environment & Climate,Lindsay Corporation,lindsay.com,United States,Irrigation equipment (Zimmatic),1600,1k-5k,Revenue ~$650M (FY24); NYSE:LNN.,Precision agriculture/irrigation technology brand looking for premium global exposure to accelerate international expansion.,,L07b
Environment & Climate,Valmont Industries,valmont.com,United States,Irrigation (Valley) & infrastructure,11000,6k-20k,Revenue ~$4.1B (2024); NYSE:VMI.,Global irrigation and infrastructure leader with resources to fund a marquee partnership and a strong engineering/efficiency narrative.,,L07b
Environment & Climate,Watts Water Technologies,wattswater.com,United States,Water safety & flow control,5000,1k-5k,Revenue ~$2.2B (2024); NYSE:WTS.,Water conservation and safety technology provider with global manufacturing footprint suited to an international sponsorship platform.,,L07b
Environment & Climate,A.O. Smith,aosmith.com,United States,Water heating & treatment,12000,6k-20k,Revenue ~$3.8B (2024); NYSE:AOS.,Consumer/commercial water technology brand expanding aggressively in China and India — both strong F1 growth markets.,yes,L07b
Environment & Climate,Toro Company,thetoro.com,United States,Irrigation & turf technology,9500,6k-20k,Revenue ~$4.6B (FY24); NYSE:TTC.,Precision irrigation and water-efficient turf technology brand with strong North American consumer recognition to extend globally.,,L07b
Environment & Climate,Rain Bird Corporation,rainbird.com,United States,Irrigation equipment,4000,1k-5k,"Estimated revenue $400-750M (private, converging third-party estimates); world's largest irrigation manufacturer by volume across 130+ countries.",Category-leading irrigation brand ('The Intelligent Use of Water™') whose conservation mission and global distribution match F1's international footprint.,,L07b
Environment & Climate,Rivulis,rivulis.com,Israel,Micro-irrigation,570,250-1k,~85% owned by Temasek (acquired from FIMI/Paine Schwartz); est. revenue in the hundreds of millions as a global micro-irrigation leader.,Sovereign-wealth-backed micro-irrigation leader with a strong water-efficiency mission and Temasek's balance sheet behind it.,,L07b
Environment & Climate,Jain Irrigation Systems,jains.com,India,Micro-irrigation,8000,6k-20k,"Revenue ~₹8,900cr (~$1.05B, FY24); NSE-listed (JISLJALEQS.NS), world's #2 micro-irrigation company.","Global micro-irrigation leader out of India, a fast-growing F1 fan market, with a strong 'more crop per drop' sustainability narrative.",,L07b
Environment & Climate,Climeworks,climeworks.com,Switzerland,Direct air capture,500,250-1k,"Raised $650M Series F (2022), cumulative funding >$800M; backed by Microsoft, UBS, Partners Group.",The category-defining DAC brand; carbon removal pairs directly with F1's net-zero-by-2030 commitment and 2026 sustainable-fuel narrative.,,L07b
Environment & Climate,Heirloom,heirloomcarbon.com,United States,Direct air capture,150,50-250,"Raised $150M Series B (2023); backed by Microsoft, Breakthrough Energy Ventures.",Well-capitalized DAC challenger seeking mainstream brand awareness beyond the climate-tech investor community.,,L07b
Environment & Climate,Persefoni,persefoni.com,United States,Carbon accounting software,350,250-1k,Raised $101M Series B (Oct 2021) plus $50M Series C-1 (Aug 2023) — $151M within ~22 months.,Enterprise carbon accounting SaaS leader seeking corporate-buyer visibility; F1's own carbon-accounting push (Scope 1-3 targets) is a natural association.,,L07b
Environment & Climate,Xpansiv,xpansiv.com,United States,Carbon & environmental commodities markets,500,250-1k,"$750M+ total funding, incl. $400M Blackstone investment; backers include Goldman Sachs, BlackRock, Bank of America.",Leading carbon/REC trading infrastructure platform with deep-pocketed financial backers and a growth story well suited to a marquee sponsorship.,,L07b
Environment & Climate,Infinium,infiniumco.com,United States,"E-fuels (eSAF, eDiesel)",250,250-1k,"Raised $300M Series C (2023) led by AP Ventures/Breakthrough Energy, with American Airlines and Amazon among backers.",Direct e-fuels producer — the clearest possible narrative fit with F1's 2026 100%-sustainable-fuel regulations.,,L07b
Environment & Climate,Twelve,twelve.co,United States,CO2-to-fuel & materials,250,250-1k,"Reported $645M in combined equity/project funding (2024); backers include Chan Zuckerberg Initiative, Microsoft, Alaska Airlines.","CO2-transformation technology (E-Jet, synthetic fuel) speaks directly to F1's carbon-capture-fuel storyline for 2026.",yes,L07b
Environment & Climate,Sunfire,sunfire.de,Germany,Electrolysis & e-fuels technology,900,250-1k,"Raised >$1B total funding incl. €315M Series E (2024, EIB-backed).",Leading European electrolyzer/e-fuels technology provider — infrastructure backbone for the synthetic fuels F1 is adopting in 2026.,,L07b
Environment & Climate,Svante,svanteinc.com,Canada,Carbon capture technology,300,250-1k,"Raised $318M Series E (2022, Chevron-led), cumulative ~$470M.","Operates the world's first CO2-capture 'gigafactory' — a bold, visual manufacturing story well suited to broadcast/paddock content.",,L07b
Environment & Climate,Carbon Clean,carbonclean.com,United Kingdom,Point-source carbon capture,250,250-1k,"Raised $150M Series C (2022, Chevron-led); cumulative ~$195M+.","Industrial decarbonization technology leader with major energy-major backing, positioned for a mainstream visibility push.",,L07b
Environment & Climate,1PointFive,1pointfive.com,United States,Direct air capture,500,250-1k,Occidental Petroleum subsidiary; parent revenue ~$28B (NYSE:OXY).,"Operates Stratos, the world's largest DAC facility; strong balance sheet plus a headline-grabbing carbon removal story.",,L07b
Environment & Climate,Aker Carbon Capture,akercarboncapture.com,Norway,Carbon capture technology,200,50-250,"Part of Aker Horizons/Aker ASA; parent conglomerate revenue in the multi-billion-NOK range, Oslo-listed.",Norwegian industrial group's climate-tech arm seeking international brand-building beyond Nordic energy circles.,,L07b
Environment & Climate,Chestnut Carbon,chestnutcarbon.com,United States,Nature-based carbon removal (reforestation),100,50-250,Raised $160M equity commitment from Anthropos Capital (2023).,"Large-scale US reforestation carbon-removal platform offering a visually compelling, land-based counterpart to F1's engineering-driven sustainability story.",,L07b
Environment & Climate,Puro.earth,puro.earth,Finland,Carbon removal marketplace & registry,60,50-250,Owned by Nasdaq Inc; parent revenue ~$6.5B (NASDAQ:NDAQ).,Leading engineered carbon-removal registry with Nasdaq's financial backing — credibility and scale for a carbon-market-education sponsorship.,,L07b
Environment & Climate,Ovivo,ovivowater.com,Canada,Water & wastewater treatment equipment,1300,1k-5k,Estimated revenue $400-500M; global equipment provider (formerly GLV/Christ Water).,Established global water/wastewater equipment brand seeking renewed visibility to support international project pipeline growth.,,L07b
Environment & Climate,Calgon Carbon,calgoncarbon.com,United States,Activated carbon water & air filtration,1000,250-1k,Subsidiary of Kuraray (Japan); parent revenue ~¥600B (~$4B).,"Category-leading activated carbon filtration brand with well-capitalized Japanese parent backing, suited to a technical-partner pitch.",,L07b
Environment & Climate,HIF Global,hifglobal.com,Chile,E-fuels (eGasoline/eMethanol),300,250-1k,"Raised $260M round (2022, Porsche/EIG/Baker Hughes) plus $220M more in 2024.","Porsche-backed e-fuels pioneer (Haru Oni plant, Chile) already tied to motorsport through its lead investor — an easy narrative bridge into F1's synthetic-fuel era.",,L07b
Environment & Climate,Neste,neste.com,Finland,Renewable & sustainable aviation fuels,5700,5k-6k,Revenue ~€22B (2023); Helsinki-listed (NESTE.HE). Confirmed not a current F1 sponsor.,World's largest renewable diesel/SAF producer with direct relevance to F1's 2026 100%-sustainable-fuel transition and existing motorsport (WRC) credibility to build on.,,L07b
Environment & Climate,LanzaJet,lanzajet.com,United States,Sustainable aviation fuel (alcohol-to-jet),250,250-1k,"Strategic-backed at a $650M pre-money valuation by Shell, IAG, Airbus, Southwest, ANA, Mitsui and Microsoft's Climate Innovation Fund.","Ethanol-to-jet SAF technology leader with airline/oil-major strategic backing — a credible, well-capitalized sustainable-fuels story adjacent to F1's own transition.",,L07b
Environment & Climate,Norsk e-Fuel,norsk-e-fuel.com,Norway,E-fuels project development,60,50-250,"~$200M+ committed project financing (2023) from Sunfire, Valinor Renewables and Climate Fund Managers for its first commercial e-fuel plant.",Building Europe's first commercial e-fuel plant — an early-mover story that pairs well with F1's push into synthetic fuels ahead of 2026.,,L07b
Environment & Climate,Topsoe,topsoe.com,Denmark,"E-fuels, e-methanol & SAF technology licensing",3200,1k-5k,Estimated revenue >$1B; backed by Temasek and CVC Capital Partners among others.,Century-old chemical engineering leader now central to global e-fuels/e-methanol/SAF technology licensing — deep technical credibility for F1's fuel-technology story.,,L07b
Environment & Climate,Northumbrian Water Group,nwl.co.uk,United Kingdom,Water utility,3500,1k-5k,"Revenue ~£900M; owned by CK Infrastructure Holdings/CK Hutchison (parent revenue >$25B, HK-listed).","UK water utility with a well-capitalized Hong Kong-listed parent, seeking reputational upside via association with F1's environmental commitments.",,L07b
Environment & Climate,Anglian Water,anglianwater.co.uk,United Kingdom,Water utility,4500,1k-5k,"Revenue ~£1.5B; owned by a consortium including Canada Pension Plan Investment Board, IFM Investors and Dalmore Capital.",Large UK water utility with institutional-investor backing and Silverstone (British GP) in its home service region.,,L07b
Environment & Climate,Cadagua,ferrovial.com,Spain,Desalination & water EPC,600,250-1k,Parent Ferrovial revenue ~€8.6B (2023); Nasdaq/Euronext-listed (FER).,Leading Spanish desalination/water EPC brand inside a global infrastructure group already active in premium international sponsorships.,,L07b
Marine & Outdoor,Ferretti Group,ferrettigroup.com,Italy,Superyacht Builder,2118,1k-5k,"Revenue €1.24B (2024, self-reported), public (HKEX-listed). Owns Riva, Pershing, Custom Line, CRN, Wally.",Global luxury motor yacht group with Ferrari/racing-adjacent brand heritage (Riva); no current F1 tie.,yes,L08a
Marine & Outdoor,Azimut-Benetti Group,azimutbenetti.com,Italy,Superyacht Builder,2000,1k-5k,"Revenue €1.3B FY23/24, forecast €1.5B FY24/25 (self-reported press).","World's largest yacht group by tonnage for 25 years; deep-pocketed Italian luxury brand, no F1 deal.",yes,L08a
Marine & Outdoor,Sanlorenzo S.p.A.,sanlorenzoyacht.com,Italy,Superyacht Builder,1500,1k-5k,"Revenue €930.4M (2024, record year, +10.7%). Public company (Euronext Milan: SL).","Publicly listed, profitable, growth-focused superyacht maker actively expanding brand marketing (owns Nautor's Swan).",yes,L08a
Marine & Outdoor,Lürssen (Fr. Lürssen Werft),lurssen.com,Germany,Superyacht Builder,1900,1k-5k,"Reported revenue ~€1.8B; builder of the world's largest private superyachts (Azzam, etc.), family-owned.",Top-tier custom megayacht builder to UHNW clientele; no current motorsport sponsorship.,,L08a
Marine & Outdoor,Feadship (Royal Van Lent),feadship.nl,Netherlands,Superyacht Builder,750,250-1k,"Self-reported turnover >$200M; industry-topline estimates run higher given routine $100-300M custom builds (private co, so aggregator revenue figures likely understate true scale).",Consistently ranked world's #1-2 superyacht builder by tonnage; ultra-premium brand with global UHNW client base.,,L08a
Marine & Outdoor,Oceanco,oceancoyacht.com,Netherlands,Superyacht Builder,380,250-1k,Builder of $150-500M+ superyachts (e.g. Jeff Bezos's Koru); data-aggregator revenue figures (~$47M) are not credible for this order-book business and likely reflect only a holding entity.,Top-5 global superyacht builder with billionaire clientele; brand exposure at Monaco GP already common.,,L08a
Marine & Outdoor,Princess Yachts International,princessyachts.com,United Kingdom,Yacht Builder,3200,1k-5k,Revenue ~$423M; controlling stake owned by KPS Capital Partners (large US PE firm) since 2023.,"Large-scale UK luxury motor yacht maker, PE-backed with marketing budget to match.",,L08a
Marine & Outdoor,Sunseeker International,sunseeker.com,United Kingdom,Yacht Builder,2600,1k-5k,Revenue est. £280-320M; sold Nov 2024 to Lionheart Capital & Orienta Capital Partners after 11 years under Dalian Wanda.,Iconic British performance motor yacht brand (Bond-film heritage) undergoing new-owner brand relaunch.,,L08a
Marine & Outdoor,Viking Yacht Company,vikingyachts.com,United States,Yacht Builder,2200,1k-5k,"Privately held (Healey family); one of the largest US sportfish/motor yacht producers, est. several hundred $M in annual revenue at ~100+ yachts/yr production.",Largest US builder of convertible sportfishing/motor yachts; strong sponsorship history in fishing/boating events.,,L08a
Marine & Outdoor,Grady-White Boats,gradywhite.com,United States,Boat Builder,900,250-1k,"Privately held; one of the largest US premium center-console/outboard boat manufacturers, est. revenue >$250M at current production scale.",Iconic US premium outboard boat brand with strong dealer network and marketing spend.,,L08a
Marine & Outdoor,Correct Craft,correctcraft.com,United States,Boat Brand Group,1500,1k-5k,"Privately held (Kavanaugh family) multi-brand group (Nautique, Yar-Craft, Bruce's Skis, SEA-DOO dealerships); est. revenue in the several-hundred-million range.",Diversified private marine group with broad sports/watersports sponsorship history (Nautique ski/wake tour).,,L08a
Marine & Outdoor,Sunreef Yachts,sunreef-yachts.com,Poland,Superyacht Builder,1200,1k-5k,"Privately held, rapidly-growing luxury catamaran/superyacht builder with large Gdańsk production campus; multi-million-euro unit prices imply revenue well above $250M at current scale.",Fast-growing luxury catamaran brand actively investing in global marketing/electric-yacht innovation story.,,L08a
Marine & Outdoor,Baglietto,baglietto.com,Italy,Superyacht Builder,220,50-250,"Owned by Gruppo Gavio/ASTM (Italian infrastructure conglomerate, multi-billion € revenue) since 2013.",Historic Italian shipyard (est. 1854) backed by a large industrial parent capable of funding sponsorship.,,L08a
Marine & Outdoor,Nautor's Swan,nautorswan.com,Finland,Sailing Yacht Builder,250,250-1k,"Acquired by Sanlorenzo S.p.A. (public, revenue €930M) in 2022.","Iconic performance sailing yacht brand with deep racing heritage, now backed by a listed parent.",,L08a
Marine & Outdoor,Fountaine Pajot,fountaine-pajot.com,France,Sailing/Catamaran Builder,800,250-1k,Public company (Euronext Growth Paris: ALFPC); revenue est. ~€245M (2023).,"Leading catamaran builder (sail & power), publicly listed with disclosed financials near the affordability line.",,L08a
Marine & Outdoor,Bavaria Yachtbau,bavariayachts.com,Germany,Sailing/Motor Yacht Builder,900,250-1k,Owned by Bain Capital Credit (large global PE/credit firm) since a 2019 debt restructuring.,"One of Europe's largest sailing/motor yacht volume producers, backed by major US private equity.",,L08a
Marine & Outdoor,Groupe Bénéteau,beneteau-group.com,France,Boat Brand Group,6419,6k-20k,"Revenue €1.03B (2024, self-reported). Public company (Euronext Paris: BEN). Owns Jeanneau, Lagoon, Four Winns, Wellcraft, Prestige.",World's largest sailboat/leisure-boat group by volume; public with disclosed financials well above threshold.,,L08a
Marine & Outdoor,Amels (Damen Yachting),amels-holland.com,Netherlands,Superyacht Builder,1000,250-1k,"Parent Damen Shipyards Group: revenue est. $2.5-3.5B, 6,000-12,500 employees globally.",Semi-custom superyacht brand of a very large Dutch shipbuilding conglomerate.,,L08a
Marine & Outdoor,Brunswick Corporation,brunswick.com,United States,Boat & Engine Conglomerate,15000,6k-20k,"Revenue $5.2B (2024). Public (NYSE: BC). Owns Mercury Marine, Boston Whaler, Sea Ray, Bayliner, Lund, Navico Group.",World's largest recreational marine company; scale trivially clears the affordability bar.,,L08a
Marine & Outdoor,Malibu Boats,malibuboats.com,United States,Boat Builder,1700,1k-5k,"Net sales ~$829M FY2024 (self-reported 10-K). Public (NASDAQ: MBUU). Owns Cobalt, Pursuit, Maverick Boat Group.","Leading US performance/ski boat group, publicly traded well above the revenue gate.",,L08a
Marine & Outdoor,MasterCraft Boat Holdings,mastercraft.com,United States,Boat Builder,1000,250-1k,"Revenue $284.2M FY2025 (self-reported). Public (NASDAQ: MCFT). Owns NauticStar, Crest pontoons, Balise/Aviara.",Public performance-boat maker just above the revenue threshold with active sports marketing budget.,,L08a
Marine & Outdoor,Marine Products Corporation,marineproductscorp.com,United States,Boat Builder,1000,250-1k,Public (NYSE: MPX); historical revenue in the $250-350M range (Chaparral & Robalo boats).,Publicly traded US powerboat manufacturer at/above the affordability line.,,L08a
Marine & Outdoor,Chris-Craft,chriscraft.com,United States,Boat Builder,300,250-1k,"Owned by Winnebago Industries (public, NYSE: WGO, revenue ~$2.7B) since 2021.","America's most storied powerboat brand, now backed by a large public parent.",,L08a
Marine & Outdoor,White River Marine Group,basspro.com,United States,Boat Brand Group,4000,1k-5k,"Subsidiary of Bass Pro Shops/Johnny Morris enterprises (private, revenue est. $8-9B post-Cabela's merger). Owns Tracker, Nitro, Tahoe, Ranger, Triton, Regency pontoons.","Largest volume boat manufacturer in the US by units, backed by a massive private outdoor-retail parent.",,L08a
Marine & Outdoor,Bennington Marine,benningtonpontoons.com,United States,Boat Builder,1000,250-1k,"Owned by Polaris Inc. (public, NYSE: PII, revenue ~$8B).",Top pontoon-boat brand backed by a large public powersports/outdoor conglomerate.,,L08a
Marine & Outdoor,Fraser Yachts,fraseryachts.com,Monaco,Yacht Brokerage/Charter,409,250-1k,"Part of MarineMax (public, NYSE: HZO, revenue >$2B) since acquisition into its Superyacht Services division.","World's longest-serving superyacht brokerage; manages a $5.8B+ yacht portfolio, backed by a public parent.",,L08a
Marine & Outdoor,Northrop & Johnson,northropandjohnson.com,United States,Yacht Brokerage/Charter,181,50-250,"Part of MarineMax (public, NYSE: HZO, revenue >$2B).","Leading full-service superyacht brokerage (since 1949), backed by a public parent.",,L08a
Marine & Outdoor,Dream Yacht Charter,dreamyachtcharter.com,France,Yacht Charter,800,250-1k,"World's largest yacht charter fleet (1,500+ boats); backed by TowerBrook Capital Partners, a multi-billion-dollar global private equity firm.",Category-leading global charter platform with major PE sponsorship backing.,,L08a
Marine & Outdoor,The Moorings / Sunsail,moorings.com,British Virgin Islands,Yacht Charter,1500,1k-5k,"Owned by Travelopia, the travel-experiences group backed by KKR (one of the world's largest PE firms).","Two of the best-known global sailing charter brands, both backed by KKR-scale capital.",,L08a
Marine & Outdoor,IGY Marinas,igymarinas.com,United States,Marina Group,700,250-1k,"Standalone revenue est. $200-500M; acquired by MarineMax (public, NYSE: HZO) for ~$480M in 2024.","Premier global superyacht marina network (24 marinas, 13 countries), now backed by a public parent.",,L08a
Marine & Outdoor,Safe Harbor Marinas,safeharbor.com,United States,Marina Group,997,250-1k,Revenue est. $500M-1B; the world's largest owner-operator of marinas (140+ properties).,Category leader in US marina ownership with institutional-scale balance sheet.,,L08a
Marine & Outdoor,D-Marin,d-marin.com,Greece,Marina Group,800,250-1k,"Revenue est. $500M-1B (per enrichment); 28 premium marinas across the Mediterranean/Gulf, backed by major investors incl. Aldar Properties (UAE).",Leading Mediterranean/Gulf marina operator with institutional ownership and scale well above the gate.,,L08a
Marine & Outdoor,Dogus Marina,dogusmarina.com,Turkey,Marina Group,500,250-1k,"Part of Doğuş Holding, a large diversified Turkish conglomerate (automotive, media, finance) with multi-billion-dollar revenue.","Operates Yalıkavak Marina (Bodrum), a leading Mediterranean superyacht hub, backed by a major conglomerate.",,L08a
Marine & Outdoor,Suntex Marina Investors,suntex.com,United States,Marina Group,1500,1k-5k,"One of the largest private marina networks in North America (80+ properties), institutionally backed.",Major US marina consolidator with scale comparable to publicly-traded peers.,,L08a
Marine & Outdoor,MarineMax,marinemax.com,United States,Boat Dealer/Marina Group,5000,1k-5k,Revenue in the $1-10B range (self-reported); public (NYSE: HZO). World's largest recreational boat/yacht retailer.,"Public company spanning dealerships, marinas (IGY), and superyacht brokerage (Fraser, N&J) - broad F1 activation reach.",,L08a
Marine & Outdoor,OneWater Marine,onewatermarine.com,United States,Boat Dealer Group,3000,1k-5k,Revenue in the $1-10B range (self-reported); public (NASDAQ: ONEW).,"Second-largest US boat/yacht dealership group, publicly traded well above the affordability gate.",,L08a
Marine & Outdoor,Porto Montenegro,portomontenegro.com,Montenegro,Marina Group,300,250-1k,"Owned by Investment Corporation of Dubai, a large sovereign-linked investment vehicle.","Flagship Adriatic superyacht marina/resort, backed by a major sovereign investor.",,L08a
Marine & Outdoor,Marinvest Group,marinvestgroup.com,Sweden,Marina Group,500,250-1k,"Scandinavia's largest marina operator; acquired by EQT (one of Europe's largest PE firms, €200B+ AUM) in 2021.",Leading Nordic marina consolidator with major private-equity backing.,,L08a
Marine & Outdoor,Yamaha Motor Co. (Marine Division),yamaha-motor.com,Japan,Marine Engines/Boats,53000,20k+,Parent Yamaha Motor Co. revenue ~$14-17B; public (TSE: 7272). Owns Torqeedo since 2024.,Global outboard-engine and WaveRunner leader; huge public parent with a marine division actively investing in electrification.,,L08a
Marine & Outdoor,Suzuki Motor Corporation (Marine Division),globalsuzuki.com,Japan,Marine Engines,70000,20k+,Parent Suzuki Motor Corp revenue ~$30-38B; public (TSE: 7269).,Major global outboard-engine maker; parent has no current F1 sponsorship tie.,yes,L08a
Marine & Outdoor,Volvo Penta (AB Volvo),volvopenta.com,Sweden,Marine Engines,100000,20k+,Parent AB Volvo (Volvo Group) revenue ~$45B; public (Nasdaq Stockholm: VOLV). Distinct from Volvo Cars.,Leading marine propulsion/electrification brand; AB Volvo has no current F1 program (separate from Volvo Cars).,,L08a
Marine & Outdoor,Torqeedo,torqeedo.com,Germany,Electric Marine Propulsion,156,50-250,"Acquired into Yamaha Motor Group in April 2024 (huge public parent, revenue $14B+).","Leading electric-boat propulsion brand, well-positioned for a sustainability-linked F1 storyline.",,L08a
Marine & Outdoor,Navico Group,navico.com,Norway,Marine Electronics,1800,1k-5k,"Owned by Brunswick Corporation (public, NYSE: BC, revenue $5.2B) since 2021 ($1.05B acquisition). Owns Simrad, Lowrance, B&G, C-MAP.","Leading marine electronics/chartplotter house (Simrad/B&G popular with racing sailors), backed by Brunswick.",,L08a
Marine & Outdoor,Furuno Electric Co.,furuno.com,Japan,Marine Electronics,4300,1k-5k,Revenue $500M-1B (enrichment-confirmed); public company.,"World-leading marine radar/sonar/navigation electronics maker, comfortably above the revenue gate.",,L08a
Marine & Outdoor,Raymarine,raymarine.com,United States,Marine Electronics,15700,6k-20k,"Part of Teledyne Technologies (public, NYSE: TDY, revenue ~$5.7B) via Teledyne FLIR.",Major marine electronics/autopilot brand backed by a large diversified public parent.,,L08a
Marine & Outdoor,Yanmar Holdings,yanmar.com,Japan,Marine Engines,20000,6k-20k,"Large private industrial conglomerate, revenue est. ~$6B; major marine diesel engine supplier.",Leading marine diesel/engine brand with a large industrial parent well above the gate.,,L08a
Marine & Outdoor,Caterpillar Marine,cat.com,United States,Marine Engines,113000,20k+,Parent Caterpillar Inc. revenue >$60B; public (NYSE: CAT).,Major marine/yacht engine supplier backed by a top-tier US industrial giant.,yes,L08a
Marine & Outdoor,MTU (Rolls-Royce Power Systems),mtu-solutions.com,Germany,Marine Engines,10000,6k-20k,"Part of Rolls-Royce plc (public, LSE: RR., revenue £17B+).",Premium yacht/superyacht engine brand backed by a major public aerospace/power group.,,L08a
Marine & Outdoor,Cummins Marine,cummins.com,United States,Marine Engines,68000,20k+,Parent Cummins Inc. revenue ~$34B; public (NYSE: CMI).,Major marine diesel/generator supplier backed by a large public engine manufacturer.,yes,L08a
Marine & Outdoor,BRP Inc. (Sea-Doo/Manitou),brp.com,Canada,Boat/PWC Manufacturer,19000,6k-20k,"Public (TSX: DOO), revenue ~CAD $7-8B.",Leading personal watercraft (Sea-Doo) and pontoon (Manitou) maker with a large public parent and active motorsport marketing culture.,,L08a
Marine & Outdoor,Kohler Marine,kohlerpower.com,United States,Marine Generators/Power,40000,20k+,"Parent Kohler Co. (large private industrial conglomerate, revenue ~$8B).",Major marine generator/power brand backed by a large private industrial parent.,,L08a
Marine & Outdoor,Johnson Outdoors (Minn Kota/Humminbird),johnsonoutdoors.com,United States,Marine Electronics,1600,1k-5k,"Public (NASDAQ: JOUT), revenue ~$600M.","Owns Minn Kota trolling motors and Humminbird fishfinders, both marine-electronics category leaders.",,L08a
Marine & Outdoor,Twin Disc,twindisc.com,United States,Marine Transmissions,900,250-1k,"Public (NASDAQ: TWIN), revenue est. $250-300M.",Leading marine propulsion/transmission systems maker for yachts and workboats.,,L08a
Marine & Outdoor,MAN Engines (MAN Energy Solutions),man-es.com,Germany,Marine Engines,14000,6k-20k,"Part of Traton SE / Volkswagen Group (public, huge revenue).",Major superyacht/large-vessel diesel engine supplier backed by the VW Group.,,L08a
Marine & Outdoor,Seakeeper,seakeeper.com,United States,Marine Stabilization Systems,400,250-1k,"Majority stake acquired by Genstar Capital (large US PE firm, $30B+ AUM) in 2021; category-defining gyro-stabilizer maker installed on tens of thousands of boats.","Dominant, fast-growing marine stabilizer brand with major PE backing.",,L08a
Marine & Outdoor,Kongsberg Maritime,kongsberg.com,Norway,Marine Electronics/Systems,9000,6k-20k,"Part of Kongsberg Gruppen (public, revenue ~NOK 40B).","Major marine navigation/automation systems provider, backed by a large public Norwegian group.",yes,L08a
Marine & Outdoor,Wärtsilä,wartsila.com,Finland,Marine Engines/Power Systems,17500,6k-20k,"Public (Nasdaq Helsinki: WRT1V), revenue ~€6B.","Global leader in marine power/propulsion systems, well above the affordability gate.",,L08a
Marine & Outdoor,ABB Marine & Ports,global.abb,Switzerland,Marine Electronics/Propulsion,110000,20k+,"Part of ABB Group (public, revenue ~$32B).",Major marine electrical/automation systems division of a top global industrial conglomerate.,,L08a
Marine & Outdoor,VETUS,vetus.com,Netherlands,Marine Equipment,8000,6k-20k,"Part of Dometic Group (public, Nasdaq Stockholm: DOM, revenue ~SEK 20B) since 2018.",Leading marine equipment/systems brand backed by a large public parent.,,L08a
Marine & Outdoor,Scania Marine,scania.com,Sweden,Marine Engines,50000,20k+,"Part of Traton SE / Volkswagen Group (public, huge revenue).","Major marine diesel engine supplier for yachts/workboats, VW Group-backed.",yes,L08a
Marine & Outdoor,North Sails,northsails.com,United States,Sailing Gear/Sailmaking,1146,1k-5k,"Revenue $500M-1B (enrichment-confirmed); largest division of North Technology Group, backed by Oakley Capital (major European PE firm).","World's leading sailmaker (America's Cup, Grand Prix, superyacht market) with major PE backing and existing sailing-sponsorship culture.",,L08a
Marine & Outdoor,Musto,musto.com,United Kingdom,Sailing Apparel,217,50-250,"Standalone revenue est. $25-75M (below the size gate on its own), but a profitable premium sailing brand with an established sailing-sponsorship budget (British Sailing Team, INEOS Britannia/America's Cup partner) - fits the sponsorship gate common in this world.",World's leading offshore sailing apparel brand; deeply embedded in elite sailing sponsorship already.,,L08a
Marine & Outdoor,Helly Hansen,hellyhansen.com,Norway,Sailing/Marine Apparel,1500,1k-5k,"Owned by Canadian Tire Corporation (public, TSX: CTC, revenue ~C$16B) since 2018 (~$985M CAD deal).",Major global sailing/foul-weather apparel brand backed by a large public retail parent.,,L08a
Marine & Outdoor,The Italian Sea Group,italiaseagroup.com,Italy,Superyacht Builder,700,250-1k,Public company (Euronext Milan: TISG); revenue est. €300-400M. Owns Perini Navi and Tecnomar.,Publicly listed Italian superyacht group (incl. legendary sailing yacht brand Perini Navi) with disclosed financials above the gate.,,L08a
Marine & Outdoor,Deutz AG,deutz.com,Germany,Marine Engines,4500,1k-5k,"Public (XETRA: DEZ), revenue ~€2.1B. Former parent of Torqeedo; retains its own marine diesel engine unit.","Established marine/industrial diesel engine maker, publicly traded well above threshold.",,L08a
Marine & Outdoor,Kawasaki Heavy Industries (Jet Ski),kawasaki.com,Japan,Personal Watercraft,40000,20k+,"Public (TSE: 7012), revenue ~¥1.6 trillion.",Inventor and category leader of the Jet Ski personal watercraft; large public parent with motorsport marketing heritage (motorcycle racing).,,L08a
Marine & Outdoor,Isuzu Motors (Marine Diesel),isuzu.co.jp,Japan,Marine Engines,35000,20k+,"Public (TSE: 7202), revenue ~¥2.4 trillion.","Major marine diesel engine supplier to commercial and leisure marine markets, backed by a large public automaker.",yes,L08a
Marine & Outdoor,Patagonia,patagonia.com,USA,Outdoor Apparel,3000,1k-5k,"Private; widely reported revenue ~$1.5B, well above $250M threshold",Iconic premium outdoor/performance apparel brand with strong environmental storytelling; not a current 2026 F1 sponsor,,L08b
Marine & Outdoor,The North Face,thenorthface.com,USA,Outdoor Apparel,25000,20k+,"Parent VF Corp, public NYSE:VFC, ~$10B group revenue",Global adventure/performance apparel brand seeking motorsport-adjacent lifestyle exposure; no current F1 tie,,L08b
Marine & Outdoor,Timberland,timberland.com,USA,Outdoor Footwear/Apparel,25000,20k+,"Parent VF Corp, public NYSE:VFC, ~$10B group revenue",Heritage outdoor footwear/apparel brand with global reach and active-lifestyle positioning; no current F1 tie,,L08b
Marine & Outdoor,Columbia Sportswear,columbia.com,USA,Outdoor Apparel,7000,6k-20k,"Public NASDAQ:COLM, ~$3.3B revenue",Major performance-apparel house looking for global motorsport visibility beyond outdoor retail; no current F1 tie,,L08b
Marine & Outdoor,Mountain Hardwear,mountainhardwear.com,USA,Outdoor Apparel,7000,6k-20k,"Owned by Columbia Sportswear (public, ~$3.3B revenue)",Technical mountain apparel brand with premium positioning aligned to F1's performance narrative,,L08b
Marine & Outdoor,Arc'teryx,arcteryx.com,Canada,Premium Outdoor Apparel,11000,6k-20k,"Parent Amer Sports, public NYSE:AS, ~$5.2B revenue",Ultra-premium technical apparel with luxury-adjacent positioning fits F1's affluent global audience; no current F1 tie (Salomon sibling brand also uncommitted),,L08b
Marine & Outdoor,Salomon,salomon.com,France,Outdoor Footwear/Ski,11000,6k-20k,"Parent Amer Sports, public NYSE:AS, ~$5.2B revenue",Global performance footwear/ski brand seeking mainstream motorsport crossover; no current F1 tie,,L08b
Marine & Outdoor,Peak Performance,peakperformance.com,Sweden,Ski/Snow Apparel,11000,6k-20k,"Parent Amer Sports, public NYSE:AS, ~$5.2B revenue",Scandinavian premium ski/lifestyle apparel brand with affluent target demo matching F1 fans,,L08b
Marine & Outdoor,Fjällräven,fjallraven.com,Sweden,Outdoor Apparel,2790,1k-5k,"Parent Fenix Outdoor International, listed Nasdaq Stockholm, ~$729M TTM revenue",Globally recognized premium outdoor apparel brand expanding lifestyle/urban crossover; no current F1 tie,,L08b
Marine & Outdoor,Mammut Sports Group,mammut.com,Switzerland,Climbing/Outdoor Apparel,900,250-1k,Owned by Telemos Capital; established European mountain-sports house with multi-hundred-million CHF revenue,Premium Swiss climbing/outdoor brand with precision-engineering brand story that echoes F1 performance positioning,,L08b
Marine & Outdoor,Montbell,montbell.jp,Japan,Outdoor Apparel/Equipment,1500,1k-5k,"Large private Japanese outdoor manufacturer/retailer, 150+ stores; revenue well above $250M",Major Asian outdoor brand seeking international motorsport exposure to expand beyond Japan/Asia footprint,,L08b
Marine & Outdoor,Snow Peak,snowpeak.co.jp,Japan,Premium Camping/Outdoor,600,250-1k,Publicly listed (Tokyo Stock Exchange Growth Market); category-defining premium camping lifestyle brand,Design-led premium camping lifestyle brand aligned with F1's growing Japanese/Asian fanbase; no current F1 tie,,L08b
Marine & Outdoor,Marmot,marmot.com,USA,Outdoor Apparel,21000,20k+,"Parent Newell Brands, public NASDAQ:NWL, ~$8B group revenue",Technical outdoor apparel brand under a major consumer-goods parent with sponsorship budget capacity,,L08b
Marine & Outdoor,Coleman,coleman.com,USA,Camping,21000,20k+,"Parent Newell Brands, public NASDAQ:NWL, ~$8B group revenue","Iconic mass-premium camping brand looking to refresh brand relevance with younger, motorsport-engaged audiences",yes,L08b
Marine & Outdoor,Icebreaker,icebreaker.com,New Zealand,Outdoor Apparel (merino),25000,20k+,"Parent VF Corp, public NYSE:VFC, ~$10B group revenue",Premium natural-performance apparel brand with global growth ambitions and strong sustainability angle,,L08b
Marine & Outdoor,Carhartt,carhartt.com,USA,Workwear/Active Lifestyle,6000,5k-6k,"Private, family-owned; revenue >$1B and 6,000+ global staff","Durable, heritage American workwear-turned-lifestyle brand with strong crossover appeal to motorsport fans",,L08b
Marine & Outdoor,Duluth Trading Company,duluthtrading.com,USA,Workwear/Outdoor,2500,1k-5k,"Public NASDAQ:DLTH, ~$650M revenue",Growing workwear/outdoor lifestyle retailer seeking national brand-awareness lift,,L08b
Marine & Outdoor,L.L.Bean,llbean.com,USA,Outdoor Apparel/Equipment,5000,1k-5k,Private (Bean family trust); revenue ~$1.6B,Heritage American outdoor brand with deep resources exploring modern lifestyle marketing channels,,L08b
Marine & Outdoor,Eddie Bauer,eddiebauer.com,USA,Outdoor Apparel,2000,1k-5k,"Owned by Marquee Brands/SPARC Group; established national outdoor retailer, revenue est. $500M+",National outdoor apparel brand mid-repositioning toward premium/adventure image,,L08b
Marine & Outdoor,Haglöfs,haglofs.com,Sweden,Outdoor Apparel,9000,6k-20k,"Parent Asics Corp, public (Japan), ~$3.7B group revenue",Scandinavian technical outdoor brand backed by a major global sports company with sponsorship experience,,L08b
Marine & Outdoor,Jack Wolfskin,jack-wolfskin.com,Germany,Outdoor Apparel,7000,6k-20k,"Parent Topgolf Callaway Brands, public NYSE:MODG, ~$4.2B group revenue",German outdoor apparel brand under a public sports/leisure conglomerate actively investing in brand marketing,,L08b
Marine & Outdoor,Regatta Group (incl. Craghoppers),regatta.com,United Kingdom,Outdoor Apparel,3000,1k-5k,Large private UK outdoor apparel group with extensive retail network; revenue >£300M,UK's largest outdoor apparel retailer with strong domestic F1 fan overlap; no current F1 tie,,L08b
Marine & Outdoor,Berghaus,berghaus.com,United Kingdom,Outdoor Apparel,5000,1k-5k,"Owned by Pentland Group, large private UK conglomerate, >£1.5B group revenue",Storied UK technical outdoor brand with a well-capitalized private parent open to sports marketing,,L08b
Marine & Outdoor,Kathmandu / KMD Brands,kathmandu.com.au,New Zealand,Outdoor Apparel/Equipment,5000,1k-5k,"Public (ASX/NZX:KMD), incl. Rip Curl and Oboz; ~$480M group revenue",ANZ-based outdoor and boardsport group seeking global brand elevation via motorsport,,L08b
Marine & Outdoor,Oberalp Group (Salewa / Dynafit),oberalp.com,Italy,Climbing/Ski Touring,1200,1k-5k,Family-owned European mountain-sports group with hundreds of millions in annual revenue,Alpine performance-gear house with an engineering-driven brand story that maps well to F1's technical narrative,,L08b
Marine & Outdoor,Rossignol Group,rossignol.com,France,Ski/Snow,1200,1k-5k,Owned by Altor Equity Partners; group turnover >€300M in 2024,Iconic ski brand with strong French/European motorsport-fan overlap; no current F1 tie,yes,L08b
Marine & Outdoor,Head,head.com,Austria,Ski/Snow/Tennis,2500,1k-5k,Privately controlled by Johan Eliasch; group revenue >$500M,"Multi-sport equipment brand with owner already deeply engaged in motorsport-adjacent leadership (FIA president), suggesting appetite for F1 marketing",,L08b
Marine & Outdoor,Fischer Sports,fischersports.com,Austria,Ski/Snow,2500,1k-5k,Family-owned; group revenue est. €400-500M,Leading alpine/nordic ski manufacturer with premium engineering positioning,,L08b
Marine & Outdoor,Tecnica Group,tecnicagroup.com,Italy,Ski/Snow,4000,1k-5k,"Private; group revenue €541.3M in 2025 (+4.7% YoY), incl. Blizzard, Nordica, Rollerblade, Lowa, Moon Boot",Diversified premium ski/boot/skate group with strong European brand equity and growth momentum,,L08b
Marine & Outdoor,Atomic,atomic.com,Austria,Ski,11000,6k-20k,"Parent Amer Sports, public NYSE:AS, ~$5.2B group revenue",Leading ski brand under a major public sports house with proven sponsorship budgets,,L08b
Marine & Outdoor,Scott Sports,scott-sports.com,Switzerland,Ski/Bike,1036,1k-5k,"Private Swiss global sports brand; revenue in the hundreds of millions across bike, ski and running",Multi-category performance brand (bike/ski) with global distribution seeking motorsport crossover,yes,L08b
Marine & Outdoor,Burton Snowboards,burton.com,USA,Snowboard,950,250-1k,"Private, family-owned; revenue est. $300-400M",Category-defining snowboard/lifestyle brand with strong youth-culture and action-sport crossover appeal,,L08b
Marine & Outdoor,K2 Sports (Völkl / Marker / Dalbello),k2skis.com,USA,Ski/Snow,1500,1k-5k,Owned by Kohlberg & Company (PE); substantial combined multi-brand portfolio revenue,PE-backed ski/snowsports portfolio with resources for a coordinated multi-brand F1 activation,,L08b
Marine & Outdoor,Smith Optics,smithoptics.com,USA,Eyewear/Ski Goggles,6000,5k-6k,"Parent Safilo Group, public, ~€1B group revenue",Premium ski/action-sport eyewear brand under a public eyewear house with global distribution,,L08b
Marine & Outdoor,Descente,descente.co.jp,Japan,Ski/Snow Apparel,1200,1k-5k,Public (Tokyo Stock Exchange); group revenue est. ~$600M,Technical ski/performance apparel brand with strong Asian market presence and F1 fan-base overlap,,L08b
Marine & Outdoor,Trek Bicycle,trekbikes.com,USA,Cycling,5000,1k-5k,Private; revenue est. $1-1.5B,Leading global bicycle brand with strong endurance/performance positioning; not a current F1 sponsor,yes,L08b
Marine & Outdoor,Giant Manufacturing,giant-bicycles.com,Taiwan,Cycling,13000,6k-20k,Public (Taiwan Stock Exchange); revenue est. $1.5-2B,World's largest bicycle manufacturer seeking to expand global brand awareness beyond cycling,yes,L08b
Marine & Outdoor,Merida Industry,merida-bikes.com,Taiwan,Cycling,5000,1k-5k,Public (Taiwan Stock Exchange); revenue est. $700M-1B,Major global bike manufacturer/co-owner of Pinarello with resources for international motorsport marketing,yes,L08b
Marine & Outdoor,Canyon Bicycles,canyon.com,Germany,Cycling,1500,1k-5k,Backed by GBL/Pamplona Capital; revenue >€700M,Direct-to-consumer performance bike brand with strong existing pro-cycling sponsorship pedigree (team ownership) and PE-backed growth capital,yes,L08b
Marine & Outdoor,Pinarello,pinarello.com,Italy,Cycling,400,250-1k,"Majority owned by L Catterton (LVMH-affiliated PE, multi-billion-dollar AUM)",Ultra-premium Italian bike brand with luxury-conglomerate backing well-suited to F1's prestige positioning,,L08b
Marine & Outdoor,Shimano,shimano.com,Japan,Cycling Components,13000,6k-20k,Public (Tokyo Stock Exchange); revenue >$3B,Global leader in cycling/fishing components with deep engineering-brand equity relevant to F1 technology storytelling,,L08b
Marine & Outdoor,SRAM,sram.com,USA,Cycling Components,4000,1k-5k,Private; revenue estimated well above $700M,"Leading performance cycling-component maker with strong pro-cycling sponsorship history, natural fit for F1 tech crossover",,L08b
Marine & Outdoor,Fox Factory Holding Corp,ridefox.com,USA,Cycling/Off-Road Suspension,4000,1k-5k,Public NASDAQ:FOXF; revenue ~$1.4B,"Performance suspension/component maker across bike, off-road and powersports with an engineering-led brand",yes,L08b
Marine & Outdoor,Cannondale,cannondale.com,USA,Cycling,13000,6k-20k,Parent Pon Holdings/Pon.Bike; bike segment revenue ~€2B (2025),Storied performance bike brand under a well-capitalized global mobility conglomerate,yes,L08b
Marine & Outdoor,Cervélo,cervelo.com,Canada,Cycling,13000,6k-20k,Parent Pon Holdings; group revenue ~€9.7B (2025),Aero-engineering-focused performance bike brand with an R&D story that resonates with F1 fans,yes,L08b
Marine & Outdoor,Santa Cruz Bicycles,santacruzbicycles.com,USA,Cycling,13000,6k-20k,Parent Pon Holdings; group revenue ~€9.7B (2025),Premium mountain-bike brand with strong action-sport culture and a deep-pocketed parent,,L08b
Marine & Outdoor,BMC Switzerland,bmc-switzerland.com,Switzerland,Cycling,4300,1k-5k,Parent Pierer Mobility Group (public); group revenue >€2B,Premium Swiss performance bike brand under a motorsport-savvy parent (KTM) already active in racing,,L08b
Marine & Outdoor,Cube Bikes,cube.eu,Germany,Cycling,1200,1k-5k,"Private; one of Europe's largest bicycle manufacturers, revenue >€500M",Leading European bike brand with strong domestic fan overlap and existing pro-cycling team sponsorship experience,yes,L08b
Marine & Outdoor,Garmin,garmin.com,USA/Switzerland,Cycling/Sports Tech,20000,6k-20k,Public NASDAQ:GRMN; revenue ~$5B,GPS/wearables and marine-electronics leader with performance-data storytelling that maps directly to F1 telemetry culture,yes,L08b
Marine & Outdoor,Peloton Interactive,onepeloton.com,USA,Connected Fitness/Cycling,2500,1k-5k,Public NASDAQ:PTON; revenue ~$2.7B,Connected-fitness cycling brand looking for premium global lifestyle marketing to rebuild brand momentum,yes,L08b
Marine & Outdoor,Thule Group,thule.com,Sweden,Cycling/Outdoor Transport,2900,1k-5k,Public (Nasdaq Stockholm); revenue ~$850M,Premium outdoor-transport (roof box/bike rack) brand with active-lifestyle positioning and global reach,,L08b
Marine & Outdoor,Yakima,yakima.com,USA,Outdoor Transport Racks,500,250-1k,"Parent Compass Diversified Holdings, public NYSE:CODI, multi-brand diversified holding company",Premium car-rack/adventure-transport brand under a public holding company with sponsorship experience across its portfolio,,L08b
Marine & Outdoor,Dometic Group,dometic.com,Sweden,Camping/RV/Overlanding,8000,6k-20k,Public (Nasdaq Stockholm); revenue ~$2B,Global leader in mobile living/overlanding gear with strong premium and marine/RV crossover,,L08b
Marine & Outdoor,Osprey Packs,osprey.com,USA,Backpacks,5300,5k-6k,"Parent Helen of Troy, public NASDAQ:HELE, ~$1.9B group revenue",Premium technical backpack brand under a well-capitalized consumer-products parent,,L08b
Marine & Outdoor,Sea to Summit,seatosummit.com,Australia,Camping/Adventure Gear,300,250-1k,Backed by private-equity growth capital funding global expansion,"Fast-growing premium adventure-travel gear brand expanding internationally, seeking elevated brand exposure",,L08b
Marine & Outdoor,Black Diamond Equipment,blackdiamondequipment.com,USA,Climbing/Ski,390,250-1k,"Parent Clarus Corp, public NASDAQ:CLAR, $264.3M revenue (FY2024)",Premium climbing/backcountry ski brand under a public parent already sponsoring extreme sports,,L08b
Marine & Outdoor,Rhino-Rack,rhinorack.com,Australia,Overlanding Racks,390,250-1k,"Parent Clarus Corp, public NASDAQ:CLAR, $264.3M group revenue (FY2024)",Premium overlanding/roof-rack brand under a public adventure-gear conglomerate,,L08b
Marine & Outdoor,Gregory Mountain Products,gregorypacks.com,USA,Backpacks,5500,5k-6k,"Parent Samsonite International, public (HKEX:1910), ~$3.4B group revenue",Premium technical pack brand under a global travel-goods leader with substantial marketing budget,,L08b
Marine & Outdoor,CamelBak,camelbak.com,USA,Hydration Gear,300,250-1k,"Parent Revelyst, acquired by Strategic Value Partners (~$19B AUM PE firm) in a $1.125B enterprise-value transaction (2025)","Iconic hydration/performance-gear brand with existing action-sport sponsorship pedigree, now backed by a large PE owner investing in growth",yes,L08b
Marine & Outdoor,Giro Sport Design,giro.com,USA,Cycling/Ski Helmets,300,250-1k,"Parent Revelyst, backed by Strategic Value Partners ($1.125B transaction, 2025)",Premium cycling/ski helmet brand with strong safety-innovation narrative relevant to F1's safety-tech storytelling,,L08b
Marine & Outdoor,Igloo Products Corp,igloocoolers.com,USA,Coolers,1000,250-1k,"Owned by American Industrial Partners (PE); major cooler manufacturer, revenue est. >$300M",Legacy American cooler brand repositioning toward the premium tier where YETI/RTIC compete,yes,L08b
Marine & Outdoor,Pelican Products,pelican.com,USA,Cases/Coolers,1200,1k-5k,Owned by Behrman Capital (PE); revenue $380M (2024),"Rugged premium case/cooler brand used across motorsport, military and marine markets — direct category adjacency to F1 team logistics",yes,L08b
Marine & Outdoor,Stanley 1913,stanley1913.com,USA,Drinkware/Coolers,1500,1k-5k,Parent Pacific Market International (private); Stanley brand revenue widely reported at ~$750M+ (2023),"Viral premium drinkware brand riding major cultural momentum, actively seeking new global brand-building platforms",yes,L08b
Marine & Outdoor,ARB Corporation (ARB 4x4 Accessories),arb.com.au,Australia,Overlanding,3000,1k-5k,Public (ASX:ARB); revenue est. AUD 700M+,Leading global 4x4/overlanding accessories maker with strong motorsport heritage (Australian off-road racing) and engineering-led brand,,L08b
Marine & Outdoor,GoPro,gopro.com,USA,Adventure Cameras,700,250-1k,Public NASDAQ:GPRO; revenue ~$800M,"Action-camera brand with deep motorsport/extreme-sport content history, natural on-car/on-driver content partner for F1",yes,L08b
Marine & Outdoor,Confluence Outdoor (Wilderness Systems / Old Town / Perception),confluenceoutdoor.com,USA,Watersports/Paddling,500,250-1k,"Owned by Yamaha Motor Co, public (Japan), group revenue >$15B",Leading paddle-sports portfolio under a major public powersports/marine parent with global sponsorship experience,,L08b
Marine & Outdoor,Orvis,orvis.com,USA,Fishing/Hunting Outdoor Lifestyle,1700,1k-5k,"Private; established outdoor-lifestyle brand, revenue est. $400-450M",Heritage American outdoor-lifestyle brand with an affluent customer base overlapping F1's fan demographics,,L08b
Marine & Outdoor,Victorinox,victorinox.com,Switzerland,Adventure/Travel Gear,2200,1k-5k,Private Swiss manufacturer; revenue >CHF 500M,Precision Swiss engineering brand (Swiss Army knives/travel gear) with a heritage-meets-innovation story that suits F1's technical prestige,yes,L08b
Marine & Outdoor,Costa Del Mar,costadelmar.com,USA,Fishing/Watersports Eyewear,190000,20k+,"Parent EssilorLuxottica, public, >€25B group revenue",Premium fishing/marine performance eyewear brand under a deep-pocketed global eyewear leader,yes,L08b
Marine & Outdoor,Decathlon,decathlon.com,France,Multi-Sport Retail,100000,20k+,Private (Mulliez family); group revenue ~€15B,"World's largest sporting-goods retailer with in-house premium brands (Van Rysel, Simond, Quechua) seeking global sports marketing scale",,L08b
Marine & Outdoor,Academy Sports + Outdoors,academy.com,USA,Outdoor Retail,24000,20k+,Public NASDAQ:ASO; revenue ~$6B,Large-format outdoor/sporting-goods retailer expanding national brand marketing,,L08b
Marine & Outdoor,Dick's Sporting Goods,dicks.com,USA,Sporting Goods Retail,50000,20k+,Public NYSE:DKS; revenue ~$13B,Largest US sporting-goods retailer with sizable marketing budget and growing interest in global motorsport fandom (US F1 boom),,L08b
Marine & Outdoor,Deckers Brands (Hoka),deckers.com,USA,Running/Active Footwear,3000,1k-5k,Public NYSE:DECK; revenue ~$4.3B,Fast-growing premium performance-running brand (Hoka) with strong global momentum and active-lifestyle positioning,,L08b
Marine & Outdoor,On Holding,on-running.com,Switzerland,Running,2000,1k-5k,Public NYSE:ONON; revenue ~$2.3B,Premium Swiss performance-running brand with strong global growth and technology-driven brand story,yes,L08b
Marine & Outdoor,Lululemon Athletica,lululemon.com,Canada,Active Lifestyle Apparel,38000,20k+,Public NASDAQ:LULU; revenue ~$9.6B,Premium active-lifestyle apparel brand with an affluent global customer base well matched to F1's fan profile,yes,L08b
Marine & Outdoor,Wolverine World Wide (Merrell),merrell.com,USA,Outdoor Footwear,3300,1k-5k,Public NYSE:WWW; revenue ~$1.8B,Leading hiking/outdoor footwear brand under a public multi-brand footwear house,,L08b
Marine & Outdoor,Keen Footwear,keenfootwear.com,USA,Outdoor Footwear,600,250-1k,"Private; established global hiking/outdoor footwear brand, revenue est. $300M+",Well-known premium outdoor footwear brand with strong US/European retail presence,,L08b
Marine & Outdoor,Zodiac Nautic,zodiac-nautic.com,France,Marine/Inflatable Boats,2000,1k-5k,"Private (Groupe Zodiac); established global marine brand, revenue >€400M",Iconic French marine brand with strong European heritage and racing/performance boat lineage,,L08b
Education & Upskilling,Coursera,coursera.org,United States,MOOC/upskilling platform,2000,1k-5k,Public (NYSE:COUR); FY2024 revenue ~$695M — clears $250M revenue gate,Enterprise/Coursera-for-Business arm sells to Fortune 500 L&D budgets; global consumer brand fits motorsport audience reach.,yes,L09a
Education & Upskilling,Pluralsight,pluralsight.com,United States,Tech skills LMS/platform,1400,1k-5k,"PE-owned (Vista Equity Partners, ~$3.5B take-private 2021); revenue >$400M — clears revenue gate",Tech-skilling platform with enterprise budgets aligned to engineering/data-driven F1 storytelling.,yes,L09a
Education & Upskilling,Skillsoft,skillsoft.com,United States,"Enterprise LMS/content (incl. Codecademy, Global Knowledge)",2700,1k-5k,Public (NYSE:SKIL); revenue ~$550M — clears revenue gate,Large enterprise learning content provider with global B2B marketing budget; direct LMS/skills-platform fit.,,L09a
Education & Upskilling,Docebo,docebo.com,Canada,LMS platform,1000,250-1k,"Public (NASDAQ/TSX:DCBO); revenue in $200-500M range per company data, 3,900+ enterprise customers — approaches/clears revenue gate",AI-driven enterprise LMS vendor actively courting large global brands; strong candidate for brand-visibility sponsorship.,,L09a
Education & Upskilling,Cornerstone OnDemand,cornerstoneondemand.com,United States,"Enterprise LMS/talent suite (incl. Saba, SumTotal, EdCast, Litmos)",3000,1k-5k,PE-owned (Clearlake Capital); combined post-merger revenue >$800M — clears revenue gate,One of the largest enterprise LMS/talent-suite vendors globally; consolidated brand seeking market differentiation.,yes,L09a
Education & Upskilling,D2L,d2l.com,Canada,LMS platform,1263,1k-5k,Public (TSX:DTOL); revenue in $200-500M range per company data — approaches/clears revenue gate,LMS platform expanding from higher-ed into corporate/workforce learning; global brand ambitions.,,L09a
Education & Upskilling,Instructure,instructure.com,United States,LMS platform (Canvas),1500,1k-5k,Taken private by KKR 2024 (~$4.8B deal); last public revenue ~$455M — clears revenue gate,Major LMS vendor with KKR backing and growth mandate post take-private; well-funded for brand marketing.,,L09a
Education & Upskilling,Degreed,degreed.com,United States,Skills/upskilling platform,543,250-1k,Cumulative VC funding >$150M (Riverwood Capital-backed); revenue in $200-500M range per company data,Skills-intelligence platform selling directly to enterprise CHROs; fits upskilling/LXP niche.,,L09a
Education & Upskilling,360Learning,360learning.com,United States,Collaborative LMS,500,250-1k,$240M cumulative funding raised (incl. $200M Series D) — near/at cumulative-funding gate,"AI LMS with SAP/Workday partnerships and enterprise clients (Heineken, Michelin, Cisco); growth-stage marketing appetite.",,L09a
Education & Upskilling,Go1,go1.com,Australia,Learning content marketplace/LXP,600,250-1k,SoftBank-backed rounds; cumulative funding est. >$400M (2022 Series C alone $200M) — clears cumulative-funding gate,World's largest learning content aggregator for workforce development; global enterprise distribution reach.,,L09a
Education & Upskilling,Multiverse,multiverse.io,United Kingdom,Apprenticeship/upskilling platform,1285,1k-5k,$220M Series D (2022); cumulative funding >$400M; valued $1.7B+ — clears cumulative-funding gate,"AI/tech upskilling platform for enterprise apprenticeships (Microsoft, Mars, John Lewis clients); strong UK/US brand-building push.",,L09a
Education & Upskilling,Guild,guild.com,United States,Employer tuition/upskilling benefits platform,1400,1k-5k,Cumulative funding >$640M; valued $4.4B unicorn — clears cumulative-funding gate,Category leader in employer-funded upskilling benefits (works with Fortune 500 employers); ample marketing budget.,,L09a
Education & Upskilling,Simplilearn,simplilearn.com,India,Online bootcamps/certification at scale,3500,1k-5k,Majority stake held by Blackstone (2021); PE-backed scale for global cert-bootcamp business,Large-scale professional certification/bootcamp brand expanding globally under PE ownership; growth marketing focus.,yes,L09a
Education & Upskilling,upGrad,upgrad.com,India,Online degrees/upskilling,3500,1k-5k,"Unicorn (~$2.25B valuation); cumulative funding >$225M — near cumulative-funding gate, large staff base",India's largest online higher-ed/upskilling player pushing international expansion; brand-visibility motivated.,yes,L09a
Education & Upskilling,Great Learning,greatlearning.in,India,Professional upskilling/online degrees,1800,1k-5k,Owned by Byju's (acquired 2021) — CAUTION: parent Byju's is in active insolvency proceedings (2024-25); verify Great Learning's independent financial standing before outreach,Large India-based professional upskilling platform (named in target tier); financial diligence needed given parent's distress.,,L09a
Education & Upskilling,Emeritus (Eruditus),emeritus.org,Singapore,Executive education/upskilling,4000,1k-5k,Unicorn valued $3.4B; cumulative funding >$550M; 2022 revenue reported >$700M — clears revenue and funding gates,Global executive-education/upskilling leader partnering with top universities; large B2B marketing budget.,,L09a
Education & Upskilling,EF Education First,ef.com,Switzerland,Corporate language training,52000,20k+,"Private; one of world's largest education companies, est. revenue >$2B, staff far exceeds 6,000-staff gate",Global corporate language-training giant with existing sports sponsorship history (Olympics language partner); scale fits F1 tier.,,L09a
Education & Upskilling,Kaplan,kaplan.com,United States,Test prep/professional education,15000,6k-20k,Subsidiary of Graham Holdings (NYSE:GHC); segment revenue ~$1.5B — clears revenue gate,Global professional certification/test-prep brand with international footprint matching F1 markets.,,L09a
Education & Upskilling,Berlitz,berlitz.com,United States,Corporate language training,4500,1k-5k,"Owned by Benesse Holdings (TSE:9783), public Japanese company, parent revenue >$1.4B — clears revenue gate via parent",150-year-old corporate language-training brand present in 70+ countries; named in target tier.,,L09a
Education & Upskilling,ETS,ets.org,United States,Assessment/certification,2500,1k-5k,Large nonprofit; revenue >$1B annually — clears revenue gate,"World's largest private assessment/testing nonprofit (TOEFL, GRE, Praxis); global professional-certification reach.",,L09a
Education & Upskilling,Prometric,prometric.com,United States,Testing/certification delivery,2500,1k-5k,"PE-owned (Baring Private Equity Asia); global network of 8,000+ test centers, est. revenue >$500M — clears revenue gate",Leading professional-certification test-delivery network across 160+ countries; strong international footprint.,,L09a
Education & Upskilling,PSI Services,psionline.com,United Kingdom,Testing/certification delivery,1500,1k-5k,PE-backed; est. revenue >$300M — clears revenue gate,Global licensure/certification testing provider; named in target tier.,,L09a
Education & Upskilling,Pearson,pearson.com,United Kingdom,"Assessment/certification/professional education (incl. Pearson VUE, Certiport)",18000,6k-20k,Public (LSE:PSON); revenue ~£3.8B — clears revenue gate,One of the world's largest education companies with a professional certification/testing arm spanning F1's global markets.,,L09a
Education & Upskilling,Wall Street English,wallstreetenglish.com,Hong Kong,Corporate/adult English training,5000,1k-5k,"Owned by Baring Private Equity Asia/CDH Investments consortium; large global network (400+ centers, 30+ countries)",Named in target tier; adult/corporate English-training brand with strong presence in F1-heavy APAC/Middle East markets.,,L09a
Education & Upskilling,Adtalem Global Education (Becker Professional Education),adtalem.com,United States,Professional certification (CPA/CFA/CMA prep),10000,6k-20k,Public (NYSE:ATGE); revenue ~$1.7B — clears revenue gate,Becker is a leading global accounting/finance certification brand under a well-capitalized public parent.,,L09a
Education & Upskilling,Wiley,wiley.com,United States,"Professional certification content (Wiley Efficient Learning, CrossKnowledge)",6800,6k-20k,"Public (NYSE:WLY); revenue ~$1.6B, staff >6,000 — clears revenue and staff gates",Major professional-learning/certification-content publisher with global enterprise LMS assets (CrossKnowledge).,,L09a
Education & Upskilling,FDM Group,fdmgroup.com,United Kingdom,IT talent upskilling/placement at scale,4000,1k-5k,Public (LSE:FDM); revenue ~£220M (~$280M) — clears revenue gate,"Runs large-scale tech reskilling academies feeding enterprise clients; UK-headquartered, F1-market-relevant.",,L09a
Education & Upskilling,SHL,shl.com,United Kingdom,Talent assessment/leadership development,1500,1k-5k,PE-owned (Warburg Pincus); est. revenue >$300M — clears revenue gate,Global leader in workforce assessment feeding leadership-development programs at large enterprises.,,L09a
Education & Upskilling,Gallup,gallup.com,United States,Leadership development/analytics (StrengthsFinder/CliftonStrengths),2000,1k-5k,Private; est. revenue >$400M — clears revenue gate,Iconic leadership-development/workplace-analytics brand selling directly into enterprise L&D budgets.,,L09a
Education & Upskilling,Korn Ferry,kornferry.com,United States,Leadership/talent consulting,10000,6k-20k,Public (NYSE:KFY); revenue ~$2.7B — clears revenue gate,Global leadership-development and talent-consulting leader with enterprise CHRO relationships worldwide.,yes,L09a
Education & Upskilling,Franklin Covey,franklincovey.com,United States,Leadership development,1600,1k-5k,Public (NYSE:FC); revenue ~$290M — clears revenue gate,Iconic leadership-development brand ('7 Habits') selling enterprise training subscriptions globally.,,L09a
Education & Upskilling,Mercer,mercer.com,United States,HR/leadership consulting,25000,20k+,Subsidiary of Marsh McLennan (NYSE:MMC); parent revenue >$24B — clears revenue and staff gates,Global HR/talent consultancy with leadership-development practice and Fortune 500 client base.,,L09a
Education & Upskilling,Project Management Institute (PMI),pmi.org,United States,Professional certification (PMP/CAPM),700,250-1k,Large nonprofit; revenue >$300M — clears revenue gate,World's leading project-management certification body with global corporate membership base.,,L09a
Education & Upskilling,AICPA & CIMA,aicpa-cima.com,United States,Accounting/finance professional certification,1200,1k-5k,Large nonprofit professional body; revenue >$300M — clears revenue gate,Global accounting/finance certification authority with substantial corporate training/CPE revenue.,,L09a
Education & Upskilling,Ascend Learning,ascendlearning.com,United States,"Healthcare/professional certification (ATI, CoursePoint)",1800,1k-5k,PE-backed (Blackstone); est. revenue >$500M — clears revenue gate,Large healthcare/skilled-trades certification and assessment company with strong PE-fueled marketing budget.,,L09a
Education & Upskilling,Babbel,babbel.com,Germany,Language learning for business,800,250-1k,"Profitable, bootstrapped growth; revenue est. >$250M (2023) — approaches/clears revenue gate",Profitable European language-learning brand with a growing Babbel for Business enterprise arm.,yes,L09a
Education & Upskilling,Rosetta Stone,rosettastone.com,United States,Language learning for business,1000,250-1k,"Owned by IXL Learning (large, profitable, bootstrapped private ed-tech co.; ~$372M acquisition 2021)",Iconic language-learning brand with enterprise licensing; well-capitalized parent.,,L09a
Education & Upskilling,Duolingo,duolingo.com,United States,Language learning platform,950,250-1k,Public (NASDAQ:DUOL); revenue >$530M — clears revenue gate,Globally recognized consumer-education brand with a growing owl mascot/marketing culture well-suited to sports sponsorship.,yes,L09a
Education & Upskilling,Infosys,infosys.com,India,B2B IT skilling/certification (Infosys Wingspan),317000,20k+,Public (NYSE:INFY); revenue ~$18B — clears revenue and staff gates,Runs one of the largest external digital-skilling platforms (Wingspan) alongside deep enterprise upskilling contracts.,yes,L09a
Education & Upskilling,Tata Consultancy Services,tcs.com,India,B2B IT skilling platform (TCS iON),600000,20k+,Public (NSE:TCS); revenue ~$29B — clears revenue and staff gates,TCS iON delivers large-scale external digital learning/certification services to enterprises and education boards.,yes,L09a
Education & Upskilling,Wipro,wipro.com,India,B2B IT skilling/talent services,230000,20k+,Public (NYSE:WIT); revenue ~$11B — clears revenue and staff gates,Global IT services major with talent-transformation and upskilling business lines serving enterprise clients.,yes,L09a
Education & Upskilling,HCLTech,hcltech.com,India,B2B IT skilling/talent services,220000,20k+,Public (NSE:HCLTECH); revenue ~$13B — clears revenue and staff gates,Large IT services company with enterprise skilling/upskilling delivery capability.,yes,L09a
Education & Upskilling,Genpact,genpact.com,United States,BPO/professional skilling services,125000,20k+,Public (NYSE:G); revenue ~$4.6B — clears revenue and staff gates,Global professional-services firm with workforce-transformation and skilling business lines.,yes,L09a
Education & Upskilling,New Oriental Education & Technology Group,neworiental.org,China,Adult/professional education,40000,20k+,Public (NYSE:EDU); revenue ~$4B post-pivot to adult/professional segments — clears revenue and staff gates,"China's largest education company, pivoted toward adult professional training post-2021 regulatory shift; strong China/APAC F1 fanbase relevance.",,L09a
Education & Upskilling,EY,ey.com,United Kingdom,Corporate training (EY Academy of Business),400000,20k+,Private partnership; global revenue ~$50B — clears revenue and staff gates,"EY Academy of Business sells leadership/skills training externally; parent has global sponsorship experience (LPGA, etc.).",yes,L09a
Education & Upskilling,KPMG,kpmg.com,Netherlands,Corporate training (KPMG Business School),275000,20k+,Private partnership; global revenue ~$36B — clears revenue and staff gates,KPMG Business School/Lighthouse programs sell external client training; large global professional-services brand.,yes,L09a
Education & Upskilling,McKinsey & Company,mckinsey.com,United States,Corporate leadership academy (McKinsey Academy),45000,20k+,Private partnership; est. global revenue ~$16B — clears revenue gate,McKinsey Academy externally sells leadership/capability-building programs to corporate clients worldwide.,yes,L09a
Education & Upskilling,General Assembly,generalassemb.ly,United States,Tech bootcamps at scale,800,250-1k,Owned by Adecco Group (SIX:ADEN); parent revenue ~€23B — clears revenue gate via parent,Leading enterprise tech-reskilling bootcamp brand backed by a global staffing giant.,,L09a
Education & Upskilling,Learning Technologies Group (LTG),ltgplc.com,United Kingdom,"LMS/L&D holding company (GP Strategies, PeopleFluent, Rustici, Watershed, gomo)",3000,1k-5k,Public (LSE:LTG); revenue ~£200M+ — approaches/clears revenue gate,Umbrella owner of multiple major enterprise L&D brands; UK-listed with international ambitions.,,L09a
Education & Upskilling,Thomson Reuters,thomsonreuters.com,Canada,Professional CLE/CPE certification training,26000,20k+,Public (TSX/NYSE:TRI); revenue ~$6.8B — clears revenue and staff gates,Major legal/tax professional-education and certification (CPE/CLE) business under a large public parent.,yes,L09a
Education & Upskilling,Wolters Kluwer,wolterskluwer.com,Netherlands,Professional CPE/certification training (CCH),21000,20k+,Public (Euronext:WKL); revenue ~€5.9B — clears revenue and staff gates,CCH CPELink and professional-education units sell continuing-education/certification content to enterprises.,,L09a
Education & Upskilling,SHRM,shrm.org,United States,HR professional certification,900,250-1k,Large nonprofit association; revenue ~$300M+ — clears revenue gate,"Largest HR professional body globally, running the SHRM-CP/SCP certification and major corporate conference business.",,L09a
Education & Upskilling,CFA Institute,cfainstitute.org,United States,Finance professional certification,1500,1k-5k,Large nonprofit; revenue >$400M — clears revenue gate,Global gold-standard finance-professional certification body with worldwide corporate/member reach.,,L09a
Education & Upskilling,Capgemini,capgemini.com,France,IT consulting with corporate learning academy,340000,20k+,Public (Euronext:CAP); revenue ~€22B — clears revenue and staff gates,"Global consulting/IT firm with an internal-and-client-facing learning academy; France-headquartered, motorsport-adjacent culture.",yes,L09a
Education & Upskilling,Western Governors University,wgu.edu,United States,Employer-partnered competency-based degrees/upskilling,5000,1k-5k,Large nonprofit online university; revenue >$1B — clears revenue gate,Major employer-partnership upskilling university (Amazon Career Choice and similar programs); national brand-building ambitions.,,L09a
Education & Upskilling,Southern New Hampshire University,snhu.edu,United States,Employer tuition-partnership upskilling,5000,1k-5k,Large nonprofit online university; revenue >$1B — clears revenue gate,"One of the largest employer-partnership online universities in the US, heavy national advertiser.",,L09a
Education & Upskilling,University of Phoenix,phoenix.edu,United States,Employer-partnered adult/workforce education,3000,1k-5k,For-profit (Apollo Global-backed); revenue >$700M — clears revenue gate,Long-running employer-partnered workforce-education brand with major national advertising history.,,L09a
Education & Upskilling,"Strategic Education, Inc.",strategiceducation.com,United States,"Employer-partnered workforce education (Strayer, Capella, Sophia)",3000,1k-5k,Public (NASDAQ:STRA); revenue ~$1B — clears revenue gate,"Owns Strayer/Capella plus the Jack Welch Management Institute leadership brand, aimed squarely at working professionals.",,L09a
Education & Upskilling,Grand Canyon Education,gce.com,United States,Employer/military workforce education services,4500,1k-5k,Public (NASDAQ:LOPE); revenue ~$950M — clears revenue gate,Large-scale workforce/university education services company with strong employer-partnership programs.,,L09a
Education & Upskilling,Perdoceo Education Corporation,perdoceoed.com,United States,"Workforce-aligned career education (CTU, AIU)",2500,1k-5k,Public (NASDAQ:PRDO); revenue ~$700M — clears revenue gate,Public career-education company with employer-aligned degree/certificate programs.,,L09a
Education & Upskilling,Bright Horizons (EdAssist),brighthorizons.com,United States,Employer tuition benefits/upskilling administration,40000,20k+,Public (NYSE:BFAM); revenue ~$2.7B — clears revenue and staff gates,"EdAssist is a leading employer tuition-assistance/upskilling-benefits administrator, direct Guild competitor, well-capitalized parent.",,L09a
Education & Upskilling,Anthology Inc.,anthology.com,United States,LMS/higher-ed & workforce learning platform (Blackboard),3500,1k-5k,PE-owned (Veritas Capital/Leeds Equity); est. revenue >$700M — clears revenue gate,"One of the largest global LMS providers post-Blackboard merger, expanding into workforce/employability solutions.",,L09a
Education & Upskilling,Cengage Group,cengage.com,United States,Courseware/workforce skills content (Cengage Skills),4000,1k-5k,PE-owned (Apollo Global); revenue ~$1.5B — clears revenue gate,Major education-content publisher expanding into workforce-skills training via Cengage Skills/Ed2Go.,,L09a
Education & Upskilling,McGraw Hill,mheducation.com,United States,Professional/corporate education content,4000,1k-5k,PE-owned (Platinum Equity); revenue ~$1.8B — clears revenue gate,Legacy global education-content brand with professional/corporate-training publishing lines.,,L09a
Education & Upskilling,Bureau Veritas,bureauveritas.com,France,Certification & corporate training academy,84000,20k+,Public (Euronext:BVI); revenue ~€6B — clears revenue and staff gates,"Global inspection/certification group with a large corporate-training academy division; France-headquartered, motorsport-adjacent.",,L09a
Education & Upskilling,SGS,sgs.com,Switzerland,Testing/certification & training academy,99500,20k+,Public (SIX:SGSN); revenue ~CHF 6.4B — clears revenue and staff gates,World's largest testing/inspection/certification company with a substantial professional-training business line.,,L09a
Education & Upskilling,DEKRA,dekra.com,Germany,Certification/testing & corporate training (DEKRA Akademie),48000,20k+,Private (association-owned); revenue ~€3.9B — clears revenue and staff gates,DEKRA Akademie is one of Germany's largest corporate training providers; automotive-testing heritage aligns naturally with motorsport.,,L09a
Education & Upskilling,NIIT Limited,niit.com,India,Corporate IT skilling/training,3000,1k-5k,Public (NSE:NIITLTD); longstanding global corporate-training brand with decades of enterprise contracts,Pioneer of large-scale corporate IT training/skilling across 30+ countries; strong India/APAC F1 fanbase relevance.,,L09a
Education & Upskilling,Willis Towers Watson (WTW),wtwco.com,United Kingdom,HR/talent & leadership consulting,48000,20k+,Public (NASDAQ:WTW); revenue ~$9.5B — clears revenue and staff gates,Global HR/benefits/talent consultancy with leadership and workforce-transformation advisory practice.,yes,L09a
Education & Upskilling,Preply,preply.com,Spain,Language learning / tutoring marketplace,1200,1k-5k,"Raised $150M Series D Jan 2026 (total ~$321M cumulative), $1.2B valuation",Fast-scaling global marketplace with strong 18-34 user base; F1 sponsorship offers international brand-credibility lift ahead of continued global expansion.,,L09b
Education & Upskilling,GoStudent,gostudent.org,Austria,Tutoring (K-12),1500,1k-5k,"Raised ~$325M+ cumulative funding (2021 Series C alone €300M), ~$3B peak valuation",Europe's best-funded tutoring unicorn; F1's European base (Austria neighbors Germany/Italy) suits a brand-awareness push into new markets.,,L09b
Education & Upskilling,Benesse Holdings,benesse.co.jp,Japan,Consumer education conglomerate,15000,6k-20k,TYO:9783; revenue ~¥450B (~$3B),"Owns Shinkenzemi, Berlitz and Kumon-adjacent brands; Japan is an established F1 host (Suzuka), giving a natural home-market activation angle.",,L09b
Education & Upskilling,Kumon Holdings,kumonglobal.com,Japan,Tutoring (K-12 franchise),8700,6k-20k,"~8,700 staff across 55 countries, 23,500+ centers (6,000+ staff gate)",Global after-school brand present in nearly every F1 host country; franchise network offers grassroots activation reach far beyond HQ marketing budget.,,L09b
Education & Upskilling,Physics Wallah,pw.live,India,Test prep / tutoring,10000,6k-20k,FY2025 revenue ~₹28.9B (~$326M); IPO'd Nov 2025 (NSE/BSE),"India's newest edtech unicorn-turned-public-company, chasing premium brand credibility as it scales beyond test prep; F1's growing Indian fanbase (post-2023 Indian GP discussions) is a target audience.",,L09b
Education & Upskilling,Allen Career Institute,allen.in,India,Test prep,8000,6k-20k,$600M cumulative investment from Bodhi Tree Systems (James Murdoch/Uday Shankar),Dominant Indian JEE/NEET coaching brand digitizing nationally; global sport sponsorship would support its push beyond India's coaching-hub cities.,,L09b
Education & Upskilling,Unacademy,unacademy.com,India,Test prep / tutoring,3000,1k-5k,"Raised $440M+ cumulative (SoftBank, Tiger Global), ~$3.4B peak valuation",Large-scale Indian edtech platform with an ambitious brand-building mandate; motorsport sponsorship would differentiate it from crowded domestic test-prep peers.,,L09b
Education & Upskilling,Daekyo,daekyo.co.kr,South Korea,Tutoring (K-12),5000,1k-5k,Large Korean education conglomerate (Eye Level); revenue est. ~$500M+,Korea is an emerging F1 market for the sport's Asia growth strategy; a household Korean education brand offers strong local activation.,,L09b
Education & Upskilling,Megastudy,megastudy.net,South Korea,Test prep,2500,1k-5k,KRX-listed; revenue est. ~$400M+,Korea's leading online test-prep platform; fits F1's broader push into Asian markets and youth-skewed digital audiences.,,L09b
Education & Upskilling,TAL Education Group,100tal.com,China,Tutoring / edtech,30000,20k+,NYSE:TAL; revenue rebounded to ~$1.9B post-policy pivot,Major Chinese edtech now expanding non-subject/STEM learning; global sport sponsorship supports its brand-rehabilitation and international-expansion narrative.,,L09b
Education & Upskilling,Gaotu Techedu,gaotu.cn,China,Tutoring / edtech,15000,6k-20k,"NASDAQ:GOTU; FY2025 revenue RMB6.1B (~$850M), +35% YoY",Rapidly re-scaling Chinese edtech pivoting into adult/AI-driven learning; global sponsorship would support international credibility as it diversifies revenue.,,L09b
Education & Upskilling,China Education Group Holdings,cegh.com.hk,China,Higher-ed operator,20000,6k-20k,"HKEX:0839; largest private higher-ed group in China, revenue est. ~$650M+","Operates a large network of private universities seeking to build a premium, internationally-recognized brand — aligned with F1's prestige positioning.",,L09b
Education & Upskilling,Bright Scholar Education,brightscholar.com,China,International schools,10000,6k-20k,NYSE:BEDU; revenue est. $400-500M,Operates bilingual/international K-12 schools feeding students into global universities; F1's international-school-family audience is a natural overlap.,,L09b
Education & Upskilling,GEMS Education,gemseducation.com,United Arab Emirates,International schools,22000,20k+,"Private; revenue est. $1B+, ~22,000 staff (6,000+ staff gate)","Middle East's largest private school operator, headquartered in an active F1 host market (Abu Dhabi); deep existing ties to UAE sports/entertainment sponsorship.",,L09b
Education & Upskilling,Nord Anglia Education,nordanglia.com,United Kingdom,International schools,34000,20k+,"Private (EQT/Baring/CPPIB); revenue est. ~$2.3B, ~34,000 staff",World's largest premium international-schools group; UK-headquartered with schools across nearly every F1 host country — strong fit for a global family-audience partnership.,,L09b
Education & Upskilling,Cognita,cognita.com,United Kingdom,International schools,22000,20k+,"Owned by Jacobs Holding AG; ~22,000 staff across 100+ schools (6,000+ staff gate)",Premium global schools group whose affluent parent audience mirrors F1's paddock/hospitality demographic.,,L09b
Education & Upskilling,Inspired Education Group,inspirededu.com,United Kingdom,International schools,18000,6k-20k,"Owned by TA Associates; revenue est. ~£900M (~$1.1B), 120+ schools",Fast-growing premium schools group actively building international brand recognition to support continued M&A-driven expansion.,,L09b
Education & Upskilling,Globeducate,globeducate.com,Spain,International schools,7000,6k-20k,"Revenue $200-500M; 5,000-10,000 employees (Providence Equity-backed)","Pan-European/LatAm bilingual schools group; Spain, France and Italy are all F1 host markets where Globeducate has school clusters.",,L09b
Education & Upskilling,Laureate Education,laureate.net,United States,Higher-ed operator,10000,6k-20k,NASDAQ:LAUR; revenue ~$1.06B,"Publicly traded higher-ed network (Mexico/Peru) with an established marketing budget and a young, career-focused student base.",,L09b
Education & Upskilling,YDUQS,yduqs.com.br,Brazil,Higher-ed operator,20000,6k-20k,B3:YDUQ3; revenue ~R$5.5B (~$1.1B),One of Brazil's largest higher-ed groups; Brazil is a lapsed/target F1 market with strong motorsport heritage (Senna legacy) that resonates locally.,,L09b
Education & Upskilling,Cogna Educação,cogna.com.br,Brazil,Higher-ed / K-12 operator,25000,20k+,B3:COGN3 (formerly Kroton); revenue est. R$4B+ (~$800M),Brazil's largest education conglomerate spanning K-12 content to higher ed; scale and Brazilian motorsport culture support a national brand campaign.,,L09b
Education & Upskilling,Ânima Educação,animaeducacao.com.br,Brazil,Higher-ed operator,20000,6k-20k,B3:ANIM3; revenue est. R$3B+ (~$600M),Major Brazilian higher-ed group competing for premium-brand differentiation in a crowded market.,,L09b
Education & Upskilling,Ser Educacional,sereducacional.com,Brazil,Higher-ed operator,10000,6k-20k,B3:SEER3; revenue est. ~R$1.5B (~$280M),"Growing Brazilian higher-ed operator; sponsorship would support brand-building against larger scaled rivals (Cogna, YDUQS, Ânima).",,L09b
Education & Upskilling,Galileo Global Education,ggeedu.com,France,Higher-ed operator,15000,6k-20k,"Revenue ~$925.5M; 210,000+ students across 8 countries","Pan-European private higher-ed group headquartered in France, a cornerstone F1 market; creative/design/business schools skew toward F1's affluent, style-conscious audience.",,L09b
Education & Upskilling,Global University Systems,global-university-systems.com,United Kingdom,Higher-ed operator,8000,6k-20k,"Private; large multi-brand group (incl. University of Law, LSBF); revenue est. £600M-1B+","UK-based global higher-ed platform with 175,000+ students across F1-relevant markets (UK, Canada, UAE).",,L09b
Education & Upskilling,Perdoceo Education Corp,perdoceoeducation.com,United States,Higher-ed operator,3500,1k-5k,NASDAQ:PRDO; revenue ~$700M,"US online higher-ed operator (CTU, AIU) with strong balance sheet and marketing spend.",,L09b
Education & Upskilling,PowerSchool Holdings,powerschool.com,United States,K-12 technology,3000,1k-5k,Owned by Bain Capital; FY2023 revenue ~$720M,"Leading K-12 SaaS platform with a large installed base across F1 host markets (US, UK, Canada).",,L09b
Education & Upskilling,Renaissance Learning,renaissance.com,United States,K-12 edtech,2500,1k-5k,Owned by Hg/Francisco Partners; revenue est. $500M+,Global K-12 assessment/reading platform with strong balance sheet from PE ownership.,,L09b
Education & Upskilling,Curriculum Associates,curriculumassociates.com,United States,K-12 edtech,3000,1k-5k,Private; revenue est. $700M+ (i-Ready),"Fast-growing, well-capitalized US K-12 curriculum company looking to build national brand awareness.",,L09b
Education & Upskilling,Age of Learning,ageoflearning.com,United States,Kids' edtech,1200,1k-5k,Private; revenue est. $300M+ (ABCmouse),Leading early-learning consumer brand targeting parents — a segment F1 actively courts via family-oriented paddock experiences.,,L09b
Education & Upskilling,IXL Learning,ixl.com,United States,Kids' edtech / language,1500,1k-5k,"Private, profitable; est. revenue $250M+ (owns IXL, Rosetta Stone, Wyzant)","Bootstrapped, highly profitable multi-brand consumer learning platform with capacity for premium sponsorship investment.",yes,L09b
Education & Upskilling,IDP Education,idp.com,Australia,Study abroad / test prep,6000,5k-6k,ASX:IEL; revenue ~AUD 894M (~$580M),Global leader in international student placement and IELTS testing; Australia's F1 host status (Melbourne/Albert Park) gives a home-market activation angle.,,L09b
Education & Upskilling,Navitas,navitas.com,Australia,Higher-ed pathways,7000,6k-20k,"Owned by BGH Capital/CPPIB/BCI; revenue ~$983.8M, ~7,000 staff",Global university-pathway provider with operations across most F1 host countries; strong PE-backed balance sheet.,,L09b
Education & Upskilling,ApplyBoard,applyboard.com,Canada,Study abroad platform,1800,1k-5k,Raised $930M+ cumulative funding; reached C$4B valuation in 2021 Series D,Canada's best-funded edtech unicorn seeking global brand credibility as it scales into new source/destination markets.,,L09b
Education & Upskilling,Study Group,studygroup.com,United Kingdom,Study abroad / pathways,2500,1k-5k,Owned by Bridgepoint/Providence Equity; revenue est. ~£300M (~$380M),UK-based global pathway/study-abroad operator with a presence across major F1 host countries.,,L09b
Education & Upskilling,Houghton Mifflin Harcourt,hmhco.com,United States,K-12 publishing / edtech,3500,1k-5k,Acquired by Veritas Capital for $2.8B (2022); revenue est. ~$1.4B,Major US K-12 curriculum and edtech company with strong PE-backed capital for brand investment.,,L09b
Education & Upskilling,Scholastic Corporation,scholastic.com,United States,Kids' consumer education,6500,6k-20k,NASDAQ:SCHL; revenue ~$1.6B,Globally recognized children's education and publishing brand reaching families in every F1 market.,,L09b
Education & Upskilling,SABIS,sabis.net,Lebanon / United States,International schools,6500,6k-20k,"Global network of 70+ schools across 20+ countries, ~70,000 students (6,000+ staff gate)",Long-established international school network whose globally mobile families overlap with F1's international fanbase.,,L09b
Education & Upskilling,Arco Platform,arcoplatform.com,Brazil,K-12 curriculum / edtech,3000,1k-5k,NASDAQ:ARCE; revenue est. R$2.3B (~$450M),Leading Brazilian K-12 curriculum provider seeking premium brand positioning; taps into Brazil's strong motorsport culture.,,L09b
Education & Upskilling,Eleva Educação,elevaeducacao.com.br,Brazil,K-12 school group,15000,6k-20k,Backed by Carlyle/Vinci Partners; revenue est. R$3B+ (~$550M),"One of Brazil's largest private-school groups, well-capitalized via major PE sponsors.",,L09b
Education & Upskilling,Aldar Education,aldareducation.com,United Arab Emirates,International schools,4000,1k-5k,"Part of Aldar Properties (ADX:ALDAR), parent revenue $3B+",UAE school operator under a major Abu Dhabi conglomerate already active in the F1 host market ecosystem.,,L09b
Education & Upskilling,IU International University of Applied Sciences,iu.org,Germany,Online higher-ed,3000,1k-5k,Owned by Onex-backed IU Group; revenue est. €500M+ (2023),"Europe's largest private online university, headquartered in an F1 host country, targeting career-driven young adults.",,L09b
Education & Upskilling,Omnes Education,omneseducation.com,France,Higher-ed operator,2500,1k-5k,Private (formerly INSEEC U); revenue est. €300M+,French private higher-ed group in an F1 host market seeking to build a premium multinational brand.,,L09b
Education & Upskilling,China New Higher Education Group,cnhecg.com,China,Higher-ed operator,8000,6k-20k,HKEX:2001; revenue est. $250-300M,Growing Chinese private higher-ed operator with capital-markets access via its Hong Kong listing.,,L09b
Education & Upskilling,Chegg,chegg.com,United States,Consumer education / test prep,1200,1k-5k,NYSE:CHGG; FY2025 revenue $376.9M,Established US student-services brand (despite recent decline) still clears the revenue affordability bar; global marketing history makes it a plausible prospect.,,L09b
Education & Upskilling,Stride Inc,stride.com,United States,K-12 / career online learning,5000,1k-5k,NYSE:LRN; FY2024 revenue ~$2.1B,"Large, well-capitalized US online-education operator (K12.com) spanning K-12 through adult career learning.",,L09b
Education & Upskilling,Discovery Education,discoveryeducation.com,United States,K-12 digital content,1500,1k-5k,Division of Warner Bros. Discovery; parent revenue $38B+,Media-conglomerate-backed education brand with proven large-scale sponsorship experience via its parent's sports rights business.,,L09b
Education & Upskilling,Honoris United Universities,honoris.net,Morocco,Higher-ed operator (Pan-African),5000,1k-5k,Backed by Actis; cumulative PE investment reported $400M+,"Africa's largest private higher-ed network, positioned to leverage F1's growing footprint and interest across emerging markets.",,L09b
Education & Upskilling,Learneo (Course Hero),coursehero.com,United States,Consumer education platform,500,250-1k,Raised $457M Series in 2021 at $3.6B valuation (SoftBank-led); cumulative funding far exceeds $300M,"Well-funded US student-platform parent company (Course Hero, CliffsNotes, Symbolab) with capacity for a differentiated global brand play.",,L09b
"Jewelry, Fragrance & Resale",Cartier,cartier.com,Switzerland,Jewelry - Luxury Maison,"20,000+ (Richemont Jewellery Maisons)",6k-20k,Richemont Group FY revenue >CHF20B ($22B+); Cartier is Richemont's flagship maison,Global HNW audience overlap with F1 paddock/hospitality; Richemont sponsors polo/sailing/golf but not F1 - major white space,yes,L10a
"Jewelry, Fragrance & Resale",Van Cleef & Arpels,vancleefarpels.com,France,Jewelry - Luxury Maison,"5,000-10,000",6k-20k,Richemont Jewellery Maisons segment revenue >$6B/yr,High jewelry heritage brand seeking UHNW global exposure; parent has never activated in F1,yes,L10a
"Jewelry, Fragrance & Resale",Buccellati,buccellati.com,Italy,Jewelry - Luxury Maison,"1,000-2,000",1k-5k,Richemont-owned since 2019; backed by Richemont Group balance sheet,Italian heritage jeweler expanding globally; Monza GP + Ferrari tie-in natural fit,,L10a
"Jewelry, Fragrance & Resale",Piaget,piaget.com,Switzerland,Jewelry & Watches - Luxury Maison,"1,000-3,000",1k-5k,Richemont Specialist Watchmakers segment; parent revenue >$20B,High jewelry/watch maison with motorsport-adjacent heritage (Piaget Polo); could extend into F1,yes,L10a
"Jewelry, Fragrance & Resale",Boucheron,boucheron.com,France,Jewelry - Luxury Maison,"500-1,500",1k-5k,Kering Group revenue >EUR17B; part of Kering's jewelry expansion push,Kering actively building out its jewelry portfolio and seeking new global brand platforms,,L10a
"Jewelry, Fragrance & Resale",Pomellato,pomellato.com,Italy,Jewelry - Luxury Maison,"1,000-2,000",1k-5k,Kering-owned; Kering Group revenue >EUR17B,Growing Italian jewelry maison under Kering; Milan/Monza market fit,,L10a
"Jewelry, Fragrance & Resale",Dodo,dodo.it,Italy,Jewelry - Accessible Luxury,200-500,250-1k,Part of Pomellato Group/Kering,"Younger-skewing accessible jewelry brand; matches F1's younger, Drive to Survive-driven fanbase",,L10a
"Jewelry, Fragrance & Resale",Qeelin,qeelin.com,France,Jewelry - Luxury Maison,300-800,250-1k,Kering-owned; targets China/APAC luxury growth,Kering jewelry brand focused on Chinese consumers; China GP (Shanghai) direct audience match,,L10a
"Jewelry, Fragrance & Resale",Chopard,chopard.com,Switzerland,Jewelry & Watches - Luxury Maison,"3,000-5,000",1k-5k,"Private family-owned (Scheufele family); est. revenue >$1.5-2B; profitable with luxury-sponsorship history (Mille Miglia rally, Cannes)","Already sponsors Mille Miglia classic-car rally, proving motorsport sponsorship appetite; no current F1 presence",yes,L10a
"Jewelry, Fragrance & Resale",Graff,graff.com,United Kingdom,Jewelry - Luxury Maison,"1,000-2,000",1k-5k,"Private, profitable, ultra-high-end diamond jeweler with decades of luxury-market history",World's most exclusive diamond house; UHNW client base mirrors F1 paddock/VIP hospitality guests,yes,L10a
"Jewelry, Fragrance & Resale",Harry Winston,harrywinston.com,United States,Jewelry & Watches - Luxury Maison,"500-1,500",1k-5k,Swatch Group-owned (public); Group revenue >CHF6.7B,"Swatch Group has deep luxury-sponsorship history; Harry Winston is its top jewelry maison, unactivated in F1",yes,L10a
"Jewelry, Fragrance & Resale",Damiani Group,damiani.com,Italy,Jewelry - Luxury Group,"500-1,000",250-1k,"Public (Euronext Growth Milan); family-owned group spanning Damiani, Salvini, Bliss",Publicly listed Italian jewelry group actively growing international profile; Monza GP proximity,,L10a
"Jewelry, Fragrance & Resale",Georg Jensen,georgjensen.com,Denmark,Jewelry & Silverware - Luxury,"1,000-2,000",1k-5k,"Owned by Fung Group (Hong Kong), a large diversified retail conglomerate",Danish design heritage brand; deep-pocketed parent could fund a paddock activation,,L10a
"Jewelry, Fragrance & Resale",Mikimoto,mikimoto.com,Japan,Jewelry - Luxury Maison (Pearls),"1,500-3,000",1k-5k,"Private, 130+ years profitable, Japan's premier pearl jeweler",Iconic Japanese luxury house; Suzuka GP direct home-market tie-in,yes,L10a
"Jewelry, Fragrance & Resale",Tasaki,tasaki.co.jp,Japan,Jewelry - Luxury Maison,"500-1,000",250-1k,"Private-equity backed (MBK Partners), profitable Japanese jeweler",Growing international ambitions out of Japan; Suzuka GP audience fit,,L10a
"Jewelry, Fragrance & Resale",David Yurman,davidyurman.com,United States,Jewelry - Luxury Brand,"1,000-2,000",1k-5k,"Private, family-owned, est. revenue >$500M-$1B, decades of profitability",Leading American luxury jewelry brand; Austin/Miami/Las Vegas triple-GP US market presence,yes,L10a
"Jewelry, Fragrance & Resale",John Hardy,johnhardy.com,Indonesia,Jewelry - Luxury Brand,"500-1,000",250-1k,"Majority stake owned by Titan Company (Tata Group) since 2023, backed by Titan's $4.5B+ revenue and Tata Group scale",Titan-backed brand with global expansion mandate and deep parent sponsorship capacity,,L10a
"Jewelry, Fragrance & Resale",Kendra Scott,kendrascott.com,United States,Jewelry - Accessible Luxury,"2,000-4,000",1k-5k,"Private, PE-backed, valued >$1.8B, profitable, 100+ US stores",Fast-growing US fashion-jewelry brand with young affluent following; Miami/Austin/Vegas GP markets align with store footprint,,L10a
"Jewelry, Fragrance & Resale",Pandora,pandoragroup.com,Denmark,Jewelry - Global Retail / Lab-Grown,"30,000+",20k+,Public (Copenhagen: PNDORA); FY revenue >DKK31B (~$4.5B),"World's largest jewelry brand by volume, already 100% lab-grown-diamond; global retail footprint matches F1's 24-race calendar",,L10a
"Jewelry, Fragrance & Resale",Swarovski,swarovski.com,Austria,Jewelry & Crystal - Global Brand,"20,000+",6k-20k,"Private, family-owned (Swarovski family), revenue >EUR2.5B",Iconic crystal/jewelry house with global retail; sparkle branding suits F1 broadcast visuals,,L10a
"Jewelry, Fragrance & Resale",Signet Jewelers,signetjewelers.com,United States,Jewelry - Global Retail,"20,000+",6k-20k,"Public (NYSE: SIG); FY revenue >$6.7B; owns Kay, Zales, Jared, Blue Nile, James Allen",World's largest jewelry retailer by revenue with budget and brand portfolio for multi-team activation,,L10a
"Jewelry, Fragrance & Resale",Chow Tai Fook,chowtaifook.com,Hong Kong,Jewelry - Global Retail,"20,000+",6k-20k,Public (HKEX); FY revenue >HK$90B (~$11.5B),Largest jewelry retailer in Greater China; Shanghai GP direct market tie-in and huge retail scale,yes,L10a
"Jewelry, Fragrance & Resale",Chow Sang Sang,chowsangsang.com,Hong Kong,Jewelry - Retail Chain,"5,000-10,000",6k-20k,Public (HKEX); revenue >HK$25B,Established HK jewelry retailer expanding into mainland China; China GP audience fit,,L10a
"Jewelry, Fragrance & Resale",Luk Fook Holdings,lukfook.com.hk,Hong Kong,Jewelry - Retail Chain,"5,000-10,000",6k-20k,Public (HKEX); revenue >HK$15B,"Pan-Asia jewelry chain with 3,000+ stores; China/Singapore GP market overlap",,L10a
"Jewelry, Fragrance & Resale",Lao Feng Xiang,laofengxiang.com,China,Jewelry - Retail Chain,"6,000+",5k-6k,"Public (Shanghai-listed); revenue >RMB60B, one of China's largest jewelers",State-linked heritage Chinese jeweler with massive retail scale; Shanghai GP tie-in,,L10a
"Jewelry, Fragrance & Resale",Chow Tai Seng,ctsjewelry.com,China,Jewelry - Retail Chain,"6,000+ (franchise network)",5k-6k,Public (Shenzhen-listed); national franchise revenue >RMB15B,Rapidly growing Chinese jewelry retailer seeking premium global brand association,,L10a
"Jewelry, Fragrance & Resale",Titan Company (Tanishq),titancompany.in,India,Jewelry & Watches - Retail Group,"10,000+",6k-20k,"Public (Tata Group); FY revenue >$4.5B, backed by Tata Group (revenue >$165B)",Tata Group already engages global sports marketing; India's dominant jewelry brand with F1 growth ambitions,,L10a
"Jewelry, Fragrance & Resale",Kalyan Jewellers,kalyanjewellers.net,India,Jewelry - Retail Chain,"10,000+",6k-20k,Public (NSE/BSE); FY revenue >INR200B (~$2.4B),One of India's largest jewelry chains; celebrity-endorsement marketing model fits sponsorship activation,,L10a
"Jewelry, Fragrance & Resale",Malabar Gold & Diamonds,malabargoldanddiamonds.com,India,Jewelry - Retail Chain,"10,000+",6k-20k,"Private, revenue >$5B, one of world's largest jewelry retailers by revenue",Massive Gulf/India footprint; Abu Dhabi/Bahrain/Qatar GP tie-in plus India expansion story,,L10a
"Jewelry, Fragrance & Resale",Joyalukkas,joyalukkas.com,United Arab Emirates,Jewelry - Retail Chain,"6,000+",5k-6k,"Private, est. revenue >$2B, 160+ showrooms across 11 countries","Strong presence in Gulf GP markets (Abu Dhabi, Bahrain, Qatar); global expansion story",,L10a
"Jewelry, Fragrance & Resale",Senco Gold,sencogoldanddiamonds.com,India,Jewelry - Retail Chain,"2,000-4,000",1k-5k,"Public (NSE/BSE, 2023 IPO); revenue >INR40B (~$480M)","Newly public, growth-oriented Indian jeweler seeking brand elevation via global sports marketing",,L10a
"Jewelry, Fragrance & Resale",Damas Jewellery,damasjewellery.com,United Arab Emirates,Jewelry - Retail Chain,"1,000-3,000",1k-5k,"Owned by Mannai Corporation (Qatar, public, diversified group revenue >$2B)",Gulf jewelry chain backed by major Qatari conglomerate; Qatar/Abu Dhabi GP markets,,L10a
"Jewelry, Fragrance & Resale",L'azurde,lazurde.com,Saudi Arabia,Jewelry - Manufacturer/Retail,"1,000-2,000",1k-5k,Public (Tadawul); Saudi's largest gold jewelry manufacturer,Saudi Arabia hosts Jeddah GP; national jewelry champion aligned with Saudi sports-investment push,,L10a
"Jewelry, Fragrance & Resale",Watches of Switzerland Group,watchesofswitzerland.com,United Kingdom,Jewelry & Watch Retail,"3,000-5,000",1k-5k,Public (LSE: WOSG); FY revenue >GBP1.5B,"Major luxury watch/jewelry retailer (Mappin & Webb, Goldsmiths); Silverstone GP home market",,L10a
"Jewelry, Fragrance & Resale",Blue Nile,bluenile.com,United States,Jewelry - Online Retail,"500-1,000",250-1k,Private (Bain Capital-affiliated ownership); est. revenue >$500M,"Pioneer online diamond retailer; digital-first brand suits F1's young, digitally-engaged fanbase",,L10a
"Jewelry, Fragrance & Resale",Brilliant Earth,brilliantearth.com,United States,Jewelry - Lab-Grown/Ethical,"500-1,000",250-1k,Public (NASDAQ: BRLT); FY revenue >$400M,Publicly traded ethical/lab-grown diamond leader seeking mainstream visibility,,L10a
"Jewelry, Fragrance & Resale",Mejuri,mejuri.com,Canada,Jewelry - DTC Fine Jewelry,~700,250-1k,"Private, VC-backed (Index Ventures, Felix Capital); Clay-verified revenue $75-200M, ~700 employees","Fast-growing millennial/Gen-Z fine-jewelry DTC brand matches F1's younger fanbase, but affordability against $3.5M/yr is a stretch - best suited to a smaller-team or driver-level deal",,L10a
"Jewelry, Fragrance & Resale",Angara,angara.com,United States,Jewelry - Online Retail,"500-1,000",250-1k,"Private, profitable online fine-jewelry retailer, est. revenue $150-300M",Global online jewelry brand with international shipping reach matching F1's global audience,,L10a
"Jewelry, Fragrance & Resale",Diamond Foundry (VRAI),diamondfoundry.com,United States,Jewelry - Lab-Grown Diamonds,200-500,250-1k,"Private, raised $200M+ across funding rounds (incl. Leonardo DiCaprio, tech investors); Silicon Valley-backed lab-grown diamond pioneer",Sustainability-forward lab-grown diamond brand; F1's net-zero-by-2030 platform is a natural narrative fit,,L10a
"Jewelry, Fragrance & Resale",De Beers Group,debeersgroup.com,United Kingdom,Jewelry - Diamond Mining & Lab-Grown (Lightbox),"20,000+",6k-20k,"Anglo American subsidiary (in divestment process); historically >$5B revenue, decades of luxury/diamond marketing history",World's most storied diamond marketer with unmatched brand-building history; owns both natural (De Beers) and lab-grown (Lightbox) brands,,L10a
"Jewelry, Fragrance & Resale",The RealReal,therealreal.com,United States,Resale - Luxury Marketplace,"1,000-2,000",1k-5k,Public (NASDAQ: REAL); FY revenue >$500M,Largest US luxury resale platform incl. fine jewelry; appeals to F1's growing female/Gen-Z fanbase interested in sustainable luxury,yes,L10a
"Jewelry, Fragrance & Resale",Vestiaire Collective,vestiairecollective.com,France,Resale - Luxury Marketplace,~700,250-1k,"Private; raised >$700M cumulative (Kering, SoftBank, Tiger Global, Eurazeo); Clay-verified revenue $75-200M",Leading European luxury resale platform; Kering-backed cap table gives balance-sheet depth beyond standalone revenue,,L10a
"Jewelry, Fragrance & Resale",1stDibs,1stdibs.com,United States,Resale - Luxury Marketplace,300-600,250-1k,Public (NASDAQ: DIBS); revenue >$130M,Premier online marketplace for vintage luxury jewelry/watches; upscale collector audience overlaps F1 hospitality guests,,L10a
"Jewelry, Fragrance & Resale",Rebag,rebag.com,United States,Resale - Luxury Handbags/Jewelry,300-600,250-1k,"Private, VC-backed, cumulative raise >$100M; tech-enabled authentication platform (Clair AI)",Fast-growing luxury resale brand; smaller-scale activation candidate given funding is below the $150M/24mo bar,,L10a
"Jewelry, Fragrance & Resale",Fashionphile,fashionphile.com,United States,Resale - Luxury Marketplace,"500-1,000",250-1k,"Owned by Neiman Marcus Group (private, parent revenue >$5B)",Backed by Neiman Marcus Group's balance sheet; luxury resale leader for handbags/jewelry,,L10a
"Jewelry, Fragrance & Resale",Interparfums Inc.,interparfums.com,United States,Fragrance - Licensing Group,"500-1,000",250-1k,"Public (NASDAQ: IPAR); FY revenue >$800M; licenses Montblanc, Jimmy Choo, Coach, Guess fragrances",Major prestige fragrance licensing house with dozens of brand partnerships; natural multi-brand F1 activation vehicle,,L10a
"Jewelry, Fragrance & Resale",Coty Inc.,coty.com,United States,Fragrance & Beauty - Global Group,"8,000-10,000",6k-20k,"Public (NYSE: COTY); FY revenue >$5B; owns Gucci Beauty (license), Calvin Klein, Hugo Boss, Chloe fragrances, Burberry Beauty",One of world's largest fragrance houses with global reach and prior sports-marketing experience,yes,L10a
"Jewelry, Fragrance & Resale",Estee Lauder Companies,elcompanies.com,United States,Fragrance & Beauty - Global Group,"60,000+",20k+,"Public (NYSE: EL); FY revenue >$15B; owns Jo Malone, Le Labo, Frederic Malle, Tom Ford Beauty, By Kilian",Global beauty/fragrance giant with prestige niche-fragrance portfolio and budget for major sports platforms,yes,L10a
"Jewelry, Fragrance & Resale",Clarins Fragrance Group,clarinsfragrancegroup.com,France,Fragrance - Private Group,"1,000-2,000",1k-5k,Private (Courtin-Clarins family); parent Clarins Group revenue >EUR1.5B; owns Mugler and Azzaro fragrances,"Profitable, family-owned French beauty group with iconic fragrance brands (Alien, Angel) seeking younger audience",,L10a
"Jewelry, Fragrance & Resale",Parfums de Marly,parfums-de-marly.com,France,Fragrance - Niche/Prestige,200-500,250-1k,"Private (founder Julien Sprecher); rapid growth, est. revenue $200-400M, profitable independent house",Fast-scaling niche prestige fragrance brand with equestrian/royal heritage branding; motorsport aesthetic fits opulent positioning,yes,L10a
"Jewelry, Fragrance & Resale",Amouage,amouage.com,Oman,Fragrance - Niche/Prestige,"500-1,000",250-1k,Backed by Omani state-linked investment (Renaissance Services); profitable luxury fragrance house since 1983,Middle East's premier luxury fragrance house; Bahrain/Abu Dhabi/Qatar GP markets are core territory,yes,L10a
"Jewelry, Fragrance & Resale",Ajmal Perfumes,ajmalperfume.com,United Arab Emirates,Fragrance - Regional Prestige,"3,000-5,000",1k-5k,"Private, family-owned, large UAE-based fragrance house with 200+ stores across Middle East/Asia","Leading Gulf fragrance house; UAE hosts Abu Dhabi GP, direct home-market opportunity",,L10a
"Jewelry, Fragrance & Resale",Arabian Oud,arabianoud.com,Saudi Arabia,Fragrance - Regional Prestige,"6,000+",5k-6k,"Private, one of the largest fragrance retail chains globally (900+ stores)",Saudi Arabia hosts Jeddah GP; massive retail scale and government-aligned growth ambitions,,L10a
"Jewelry, Fragrance & Resale",Lattafa Perfumes,lattafa.com,United Arab Emirates,Fragrance - Mass-Prestige,"1,000-3,000",1k-5k,"Private, among fastest-growing global fragrance exporters, est. revenue >$300-500M",Rapidly globalizing UAE fragrance house with viral social-media marketing; young audience fit with F1's growth demo,,L10a
"Jewelry, Fragrance & Resale",Creed (Kering Beaute),creedboutique.com,United Kingdom,Fragrance - Niche/Prestige,"500-1,000",250-1k,Acquired by Kering in 2023; Kering Group revenue >EUR17B backing,Storied niche perfumer (Aventus) now backed by Kering's capital; Kering building beauty division seeking marketing platforms,,L10a
"Jewelry, Fragrance & Resale",Diptyque,diptyqueparis.com,France,Fragrance - Niche/Prestige,"500-1,000",250-1k,"Majority owned by Manzanita Capital, with L Catterton minority stake; profitable global growth brand",Cult niche fragrance/candle house expanding categories; premium positioning suits VIP paddock hospitality,yes,L10a
"Jewelry, Fragrance & Resale",Xerjoff,xerjoff.com,Italy,Fragrance - Niche/Prestige,200-500,250-1k,"Private, received growth investment from L Catterton (2022); fast-growing, est. revenue >EUR150-250M",Italian maximalist niche perfumer with rapid international growth; Monza GP home-market tie-in,,L10a
"Jewelry, Fragrance & Resale",OTB Group,otb.net,Italy,Fragrance & Fashion - Global Group,"6,000+",5k-6k,"Private (Renzo Rosso); Group revenue >EUR1.9B; owns Diesel, Maison Margiela Fragrances, Marni, Jil Sander",Diverse fashion/fragrance conglomerate; Diesel's youth-culture cachet fits F1's younger fanbase,yes,L10a
"Jewelry, Fragrance & Resale",Hermes,hermes.com,France,Fragrance & Jewelry - Luxury Maison,"20,000+",6k-20k,"Public (Euronext: RMS); FY revenue >EUR15B; independent, not LVMH-owned",World's most valuable independent luxury house; fragrance (Terre d'Hermes) and jewelry divisions are growth engines,yes,L10a
"Jewelry, Fragrance & Resale",Chanel,chanel.com,France,Fragrance & Jewelry - Luxury Maison,"30,000+",20k+,"Private, independent (Wertheimer family); FY revenue >$18B; owns Chanel No.5 fragrance and Chanel Fine Jewelry",Independent of LVMH; among world's most valuable fragrance/jewelry brands; never activated in motorsport - high white space,yes,L10a
"Jewelry, Fragrance & Resale",Shiseido,shiseido.com,Japan,Fragrance & Beauty - Global Group,"30,000+",20k+,Public (TSE: 4911); FY revenue >JPY1 trillion (~$6.5B),Japan's largest beauty group with global fragrance portfolio; Suzuka GP home-market presence,yes,L10a
"Jewelry, Fragrance & Resale",Ralph Lauren Corporation,ralphlauren.com,United States,Fragrance & Fashion - Global Group,"10,000+",6k-20k,"Public (NYSE: RL); FY revenue >$6.6B, significant fragrance licensing business",Iconic American brand with equestrian/motorsport-adjacent aesthetic (Polo); Austin/Miami/Vegas triple-market presence,yes,L10a
"Jewelry, Fragrance & Resale",Douglas Group,douglas.de,Germany,Fragrance & Beauty - Retail Group,"20,000+",6k-20k,"Public (Frankfurt, 2024 IPO); FY revenue >EUR4.4B; Europe's largest prestige beauty/fragrance retailer",Pan-European beauty retail leader post-IPO seeking brand elevation; Germany/Belgium/Netherlands GP footprint,yes,L10a
"Jewelry, Fragrance & Resale",Ulta Beauty,ulta.com,United States,Fragrance & Beauty - Retail,"50,000+",20k+,Public (NASDAQ: ULTA); FY revenue >$11B,"Largest US beauty retailer carrying prestige fragrance and fine-jewelry accessories; sizable marketing budget, US GP markets",yes,L10a
"Jewelry, Fragrance & Resale",Marionnaud,marionnaud.com,France,Fragrance & Beauty - Retail,"5,000+",1k-5k,Owned by AS Watson (CK Hutchison); large pan-European perfumery chain,AS Watson/CK Hutchison conglomerate backing gives significant sponsorship capacity; European GP footprint,yes,L10a
"Jewelry, Fragrance & Resale",L'Oreal Groupe (L'Oreal Luxe),loreal.com,France,Fragrance - Global Beauty Group,"90,000+",20k+,Public (Euronext: OR); FY revenue >EUR44B; L'Oreal Luxe division alone >EUR13B,"World's largest beauty company; L'Oreal Luxe fragrance portfolio (YSL Beauty, Armani Beauty, Prada Beauty) has ample budget for a marquee F1 partnership",yes,L10a
"Jewelry, Fragrance & Resale",Al Haramain Perfumes,alharamainperfumes.com,United Arab Emirates,Fragrance - Regional Prestige,"1,000-2,000",1k-5k,"Private, large UAE/Gulf-based fragrance manufacturer and retailer with global export business",Established Gulf fragrance house; Abu Dhabi GP home-market opportunity,,L10a
"Jewelry, Fragrance & Resale",Rasasi Perfumes,rasasi.com,United Arab Emirates,Fragrance - Regional Prestige,"1,000-2,000",1k-5k,"Private, major UAE fragrance manufacturer with 300+ retail points across Middle East/Asia",Growing Gulf fragrance brand seeking international premium positioning; UAE GP home market,,L10a
"Jewelry, Fragrance & Resale",Swiss Arabian Perfumes,swissarabianperfumes.com,United Arab Emirates,Fragrance - Regional Prestige,"500-1,000",250-1k,"Private, established Gulf fragrance house since 1974 with regional manufacturing scale",Legacy Gulf perfumer expanding globally; regional GP market fit,,L10a
"Jewelry, Fragrance & Resale",Effy Jewelry,effy.com,United States,Jewelry - Designer Brand,"500-1,000",250-1k,"Private, 40+ years in business, major presence in Macy's/department stores and TV retail; long profitable operating history",Established US fine-jewelry brand with strong department-store and TV-retail distribution; US GP markets,,L10a
"Jewelry, Fragrance & Resale",Atasay Jewelry,atasay.com,Turkey,Jewelry - Manufacturer/Retail,"1,000-2,000",1k-5k,"Private, one of Turkey's largest jewelry manufacturers and exporters",Major Turkish jewelry exporter with growing international retail footprint,,L10a
"Jewelry, Fragrance & Resale",Reliance Jewels,reliancejewels.com,India,Jewelry - Retail Chain,"1,000-3,000",1k-5k,"Part of Reliance Retail Ventures (parent Reliance Industries, revenue >$100B)",Backed by India's largest conglomerate; huge marketing budgets and India F1 growth ambitions,,L10a
"Jewelry, Fragrance & Resale",PNJ (Phu Nhuan Jewelry),pnj.com.vn,Vietnam,Jewelry - Retail Chain,"5,000+",1k-5k,"Public (HOSE: PNJ); Vietnam's largest jewelry retailer, revenue >$1B","Dominant Vietnamese jeweler; Southeast Asia is an F1 growth market, Singapore GP proximity",,L10a
"Jewelry, Fragrance & Resale",Emperor Watch & Jewellery,emperorwj.com,Hong Kong,Jewelry & Watch Retail,"1,000-3,000",1k-5k,Public (HKEX); backed by diversified Emperor Group conglomerate,HK-based luxury retailer with entertainment-industry ties; potential for creative F1 activation crossover,,L10a
"Jewelry, Fragrance & Resale",SK Jewellery Group,skjewellery.com,Singapore,Jewelry - Retail Chain,"1,000-2,000",1k-5k,"Public (Catalist: SGX); Singapore-based jewelry retailer with regional expansion (Malaysia, China)",Singapore hosts an F1 night race; direct home-market retailer opportunity,,L10a
"Jewelry, Fragrance & Resale",Rituals Cosmetics,rituals.com,Netherlands,Fragrance & Home/Body Care,"10,000+",6k-20k,"Private, backed by L Catterton and CVC Capital; FY revenue >EUR1B","Fast-growing global home/body fragrance brand with 1,000+ stores; broad European and Asian footprint aligning with F1 calendar",,L10a
"Jewelry, Fragrance & Resale",ThredUp,thredup.com,USA,Online fashion resale marketplace,1300,1k-5k,"Public (NASDAQ: TDUP); $310.8M FY2025 revenue, +20% YoY","Public, accelerating-growth resale platform expanding into premium/designer categories — fits a US-race (Austin/Miami/Vegas) sustainability-and-scale narrative.",,L10b
"Jewelry, Fragrance & Resale",Poshmark,poshmark.com,USA,C2C fashion resale marketplace,500,250-1k,Owned by Naver Corp (Korea) since 2023; Naver Group revenue >$8B/yr,Naver-backed US resale marketplace with a large social/community audience — Naver's scale affords a test sponsorship even as standalone Poshmark revenue is undisclosed.,,L10b
"Jewelry, Fragrance & Resale",Vinted,vinted.com,Lithuania,C2C fashion resale marketplace,2000,1k-5k,"€813.4M 2024 revenue (+36% YoY), €76.7M net profit — profitable and scaling fast","Europe's #1 C2C resale app, now profitable and pushing into new verticals (electronics, payments) — strong fit for F1's European race cluster and younger fan demo.",,L10b
"Jewelry, Fragrance & Resale",Mercari,mercari.com,Japan,C2C marketplace,1900,1k-5k,"Public (TSE: 4385); ~¥192.6B (~$1.3B) FY2025 revenue, record core operating profit","Japan's dominant C2C marketplace, publicly listed and profitable — natural presence for Suzuka (Japanese GP) plus a growing US marketplace business.",,L10b
"Jewelry, Fragrance & Resale",Cettire,cettire.com,Australia,Luxury e-commerce marketplace,400,250-1k,Public (ASX: CTT); AU$742M FY2025 revenue (~$480M USD),"Fast-growing, publicly listed luxury drop-ship marketplace with global reach — Melbourne (Australian GP) home-market tie-in plus international ambitions.",,L10b
"Jewelry, Fragrance & Resale",Farfetch,farfetch.com,United Kingdom,Luxury e-commerce marketplace,3000,1k-5k,Acquired by Coupang (2024) after restructuring; Coupang Group revenue >$30B backs the brand,Global luxury marketplace now backed by Coupang's balance sheet post-2023 restructuring — rebuilding brand equity makes F1 visibility strategically attractive.,,L10b
"Jewelry, Fragrance & Resale",Mytheresa (LuxExperience/YNAP),mytheresa.com,Germany,Luxury e-commerce,3500,1k-5k,Public (NYSE: MYTE); ~$1.27B FY2025 sales; merged with YNAP (Yoox Net-a-Porter) in 2025 to form LuxExperience,Newly enlarged public luxury e-commerce group (post-YNAP merger) chasing global growth and brand relevance — F1's affluent global audience is a natural adjacency.,yes,L10b
"Jewelry, Fragrance & Resale",eBay,ebay.com,USA,General marketplace w/ luxury watch & authentication vertical,11000,6k-20k,"Public (NASDAQ: EBAY); $10B+ annual revenue, highly profitable",Runs a large authenticated pre-owned watch and luxury vertical (eBay Authenticity Guarantee) — scale easily clears the budget bar and matches F1's affluent collector audience.,yes,L10b
"Jewelry, Fragrance & Resale",Depop,depop.com,United Kingdom,C2C fashion/streetwear resale marketplace,300,250-1k,"Owned by Etsy Inc. (NASDAQ: ETSY), ~$2.8B Group revenue",Gen-Z-skewing resale/streetwear marketplace backed by Etsy's balance sheet — strong culture fit with F1's younger-fan growth push.,,L10b
"Jewelry, Fragrance & Resale",Trove,trove.co,USA,Resale-as-a-service infrastructure,250,250-1k,"Raised $150M Series D (2021), ~$277M cumulative from a16z/Bain Capital Ventures; powers resale for Nike, Patagonia, Levi's, Lululemon",White-label resale infrastructure behind major brands — an F1 partnership could be pitched jointly with an apparel/team-merch resale program.,,L10b
"Jewelry, Fragrance & Resale",Rakuten (Rakuma),rakuten.co.jp,Japan,C2C resale marketplace (Rakuten Group),20000,6k-20k,Rakuten Group revenue >$17B; Rakuma is its dedicated flea-market resale app,Japan's Rakuten Group already sponsors sport broadly (ex-Barcelona football) — Rakuma resale arm gives a Suzuka/Japanese GP hook at group-level budget scale.,yes,L10b
"Jewelry, Fragrance & Resale",Zalando,zalando.com,Germany,Fashion e-commerce with pre-owned/circular resale program,15000,6k-20k,Public (XETRA: ZAL); revenue >€10B/yr,"Europe's largest online fashion platform with a growing pre-owned/circularity business line — scale trivially clears the sponsorship budget, strong DACH-market F1 fit.",yes,L10b
"Jewelry, Fragrance & Resale",Sellpy,sellpy.com,Sweden,Online resale marketplace (H&M Group-backed),300,250-1k,"Majority owned by H&M Group, revenue ~$22B/yr",H&M-backed resale platform expanding across Europe — parent's scale affords sponsorship even though Sellpy itself is a smaller unit.,,L10b
"Jewelry, Fragrance & Resale",Xianyu,2.taobao.com,China,C2C resale marketplace (Alibaba Group),200000,20k+,Alibaba Group business unit; Alibaba Group revenue >$130B/yr,"China's dominant secondhand marketplace (Alibaba-backed) — relevant to F1's Shanghai GP and China growth strategy, with essentially unlimited parent budget.",,L10b
"Jewelry, Fragrance & Resale",Zhuanzhuan,zhuanzhuan.com,China,C2C resale marketplace,3000,1k-5k,"Unicorn-valued (Tencent/58.com-backed), hundreds of millions in cumulative funding",Major China secondhand-goods platform with deep-pocketed backers — a China-market angle for F1 sponsorship growth.,,L10b
"Jewelry, Fragrance & Resale",StockX,stockx.com,USA,Sneaker/streetwear resale marketplace,1200,1k-5k,~$690M+ cumulative funding raised (incl. $255M Series E); multi-hundred-million-dollar revenue base,'Stock market of things' resale platform already active in watches and collectibles — natural fit for F1 collectible/merch drops and Detroit (HQ) or US-race activation.,,L10b
"Jewelry, Fragrance & Resale",GOAT Group,goat.com,USA,Sneaker/streetwear resale marketplace,1000,250-1k,$248M 2024 ARR; $487M cumulative funding raised across 8 rounds,"Leading authenticated sneaker/streetwear resale platform (also owns Grailed, Flight Club) — strong culture-marketing fit for F1's younger, streetwear-adjacent fanbase.",,L10b
"Jewelry, Fragrance & Resale",Grailed,grailed.com,USA,Streetwear/menswear resale marketplace,150,50-250,"Majority owned by GOAT Group since 2021, backed by GOAT's $487M cumulative funding",Menswear/streetwear resale marketplace under GOAT Group's umbrella — good fit for F1 driver/team merch collector culture.,,L10b
"Jewelry, Fragrance & Resale",Stadium Goods,stadiumgoods.com,USA,Sneaker resale marketplace,300,250-1k,"Owned by Coupang (via Farfetch acquisition, 2024); Coupang Group revenue >$30B",Premium sneaker resale/consignment brand now backed by Coupang — collectible-sneaker culture overlaps with F1 limited-edition merch strategy.,,L10b
"Jewelry, Fragrance & Resale",Flight Club,flightclub.com,USA,Sneaker resale/consignment marketplace,200,50-250,"Owned by GOAT Group, backed by GOAT's $487M cumulative funding",Iconic sneaker consignment brand (LA/NYC flagship stores) under GOAT Group — physical-retail activation potential around US race weekends.,,L10b
"Jewelry, Fragrance & Resale",Poizon (Dewu),dewu.com,China,Sneaker/streetwear & luxury resale marketplace,5000,1k-5k,~$10B unicorn valuation; individual luxury brands post billions in annual GMV on the platform,China's dominant sneaker/streetwear and luxury-goods resale app (81M+ MAU) — major play for F1's China growth ambitions and Shanghai GP.,,L10b
"Jewelry, Fragrance & Resale",Avery Dennison (Certilogo/atma.io),averydennison.com,USA,Digital authentication / product-identity technology,36000,20k+,"Public (NYSE: AVY); Group revenue ~$8.7B/yr, profitable industrial leader",Owns Certilogo and the atma.io digital-product-passport platform used across luxury/apparel supply chains — could pitch authenticated F1 merchandise/collectibles tech.,,L10b
"Jewelry, Fragrance & Resale",OLX Group,olxgroup.com,Netherlands,Classifieds marketplace (fashion/luxury resale category),8000,6k-20k,Owned by Prosus/Naspers; Prosus Group revenue >$6B/yr,"Global classifieds group (strong in Brazil, India, MENA — Interlagos, upcoming India interest, Gulf GPs) with deep-pocketed Prosus backing.",,L10b
"Jewelry, Fragrance & Resale",Leboncoin,leboncoin.fr,France,Classifieds marketplace (fashion resale category),1400,1k-5k,"Owned by Adevinta/Prosus; France's #1 classifieds site, revenue >€600M/yr",Dominant French classifieds/resale marketplace — natural domestic-market tie-in for F1's French heritage and fanbase.,,L10b
"Jewelry, Fragrance & Resale",Subito.it,subito.it,Italy,Classifieds marketplace (fashion resale category),400,250-1k,Owned by Adevinta (Prosus-backed); Italy's leading classifieds platform at national scale,"Italy's top marketplace app, headquartered in the country that hosts Monza (Italian GP) — strong home-market activation story.",,L10b
"Jewelry, Fragrance & Resale",Kleinanzeigen,kleinanzeigen.de,Germany,Classifieds marketplace (fashion resale category),800,250-1k,Owned by Adevinta (Prosus-backed); Germany's #1 classifieds platform,Germany's dominant secondhand marketplace — ties to F1's large German fanbase and Mercedes/Audi/Sauber team presence.,,L10b
"Jewelry, Fragrance & Resale",What Goes Around Comes Around (WGACA),whatgoesaroundnyc.com,USA,Luxury vintage consignment retailer,300,250-1k,Majority stake acquired by Bain Capital (2021); backed by a major PE firm's balance sheet,"Original luxury vintage consignment house (NYC/LA) now PE-backed for growth — fits a boutique, editorial-style F1 lifestyle activation.",,L10b
"Jewelry, Fragrance & Resale",Watchfinder & Co,watchfinder.com,United Kingdom,Pre-owned watch marketplace,400,250-1k,Owned by Richemont since 2018; Richemont Group revenue >€21B/yr,"Europe's largest pre-owned watch retailer, Richemont-backed — deep collector-watch audience overlap with F1's timekeeping/luxury culture.",,L10b
"Jewelry, Fragrance & Resale",The Luxury Closet,theluxurycloset.com,United Arab Emirates,Luxury resale marketplace (MENA),150,50-250,Alibaba-backed; leading MENA luxury resale platform after regional consolidation — moderate confidence on precise revenue,"MENA's leading luxury resale platform, based in a region hosting Bahrain, Abu Dhabi, Saudi and Qatar GPs — strong regional-activation rationale.",,L10b
"Jewelry, Fragrance & Resale",Chrono24,chrono24.com,Germany,Pre-owned watch marketplace,900,250-1k,~$215M 2024 revenue growing sharply into 2025; $170M+ Series C raised (2022),"World's largest pre-owned watch marketplace, headquartered in Germany — collector-watch audience is a near-perfect overlap with F1 fandom.",,L10b
"Jewelry, Fragrance & Resale",The 1916 Company (WatchBox),the1916company.com,USA,Pre-owned watch retail/marketplace,1500,1k-5k,Projected >$600M 2024 revenue after WatchBox/Govberg/Radcliffe/Hyde Park merger,Largest US pre-owned watch retail group (WatchBox + top jewelers) with major boutique footprint — a strong US-race (Austin/Miami/Vegas) watch-collector sponsor.,,L10b
"Jewelry, Fragrance & Resale",Wallapop,wallapop.com,Spain,C2C resale marketplace,400,250-1k,~$250M+ cumulative funding (Naspers/Prosus-backed),"Spain's leading C2C resale app, well-positioned ahead of Madrid's 2026 F1 calendar debut alongside Barcelona.",,L10b
"Jewelry, Fragrance & Resale",JD.com,jd.com,China,E-commerce marketplace w/ luxury & authentication programs,500000,20k+,Public (NASDAQ: JD); Group revenue >$150B/yr,China e-commerce giant with dedicated luxury/authentication initiatives — scale trivially clears the budget bar for a China-market F1 push.,yes,L10b
"Jewelry, Fragrance & Resale",Bell & Ross,bellross.com,France,Independent watch brand,150,50-250,Backed by Chanel (minority investor since 2015); prior F1 sponsorship history shows real motorsport marketing budget,"Was official watch partner of the Renault/Alpine F1 Team 2016–2023 — partnership lapsed in 2023, making this a credible 'win-back' target with proven F1 appetite.",,L10b
"Jewelry, Fragrance & Resale",Omega,omegawatches.com,Switzerland,Watch group brand (Swatch Group),4000,1k-5k,Swatch Group (SIX: UHR) revenue ~CHF 6.7B/yr; Omega is its flagship brand,"Global sports-timing heritage brand (Olympics, swimming) not currently in F1 — Rolex holds F1 timekeeping, but Omega has the budget and sports-marketing DNA to compete for team sponsorship.",yes,L10b
"Jewelry, Fragrance & Resale",Longines,longines.com,Switzerland,Watch group brand (Swatch Group),1500,1k-5k,Swatch Group parent revenue ~CHF 6.7B/yr; Longines is a top-3 volume brand in the group,Major equestrian/skiing sponsor with sizable global marketing budget and no current motorsport deal — a credible F1 entrant under Swatch Group backing.,yes,L10b
"Jewelry, Fragrance & Resale",Tissot,tissotwatches.com,Switzerland,Watch group brand (Swatch Group),1200,1k-5k,Swatch Group parent revenue ~CHF 6.7B/yr,"Sports-marketing-forward brand (official timekeeper for MotoGP, NBA, cycling) with a track record of motorsport sponsorship spend — MotoGP tie could extend naturally into F1.",yes,L10b
"Jewelry, Fragrance & Resale",Rado,rado.com,Switzerland,Watch group brand (Swatch Group),800,250-1k,Swatch Group parent revenue ~CHF 6.7B/yr,"Design/materials-innovation brand (ceramics, ultra-hard ceramos) with tennis sponsorship history — F1's engineering narrative is an easy creative fit.",,L10b
"Jewelry, Fragrance & Resale",Hamilton,hamiltonwatch.com,Switzerland,Watch group brand (Swatch Group),500,250-1k,Swatch Group parent revenue ~CHF 6.7B/yr,US-heritage aviation/military watch brand with strong Hollywood/product-placement marketing — Vegas/Austin/Miami GP activation fits its Americana positioning.,yes,L10b
"Jewelry, Fragrance & Resale",Certina,certina.com,Switzerland,Watch group brand (Swatch Group),300,250-1k,Swatch Group parent revenue ~CHF 6.7B/yr,Value-tier sports watch brand with a 'DS' (Double Security) durability positioning that could extend into a performance/motorsport story.,yes,L10b
"Jewelry, Fragrance & Resale",Mido,mido.com,Switzerland,Watch group brand (Swatch Group),300,250-1k,Swatch Group parent revenue ~CHF 6.7B/yr,'Inspired by architecture' engineering-positioned brand with room to build a performance-engineering association via F1.,yes,L10b
"Jewelry, Fragrance & Resale",Swatch,swatch.com,Switzerland,Watch group brand (Swatch Group flagship youth brand),2000,1k-5k,Swatch Group parent revenue ~CHF 6.7B/yr,"Youth-culture, extreme-sports-marketing-heavy brand (beach volleyball, snowboarding) — natural fit for F1's push into younger, culture-forward fandom.",,L10b
"Jewelry, Fragrance & Resale",Citizen,citizenwatch.com,Japan,Watch group flagship brand (Citizen Group),8000,6k-20k,Citizen Watch Co. Group revenue >$2B/yr,"Japan's largest watch group, strong on eco-drive tech marketing — a Suzuka/Japanese GP entry point with real global scale.",yes,L10b
"Jewelry, Fragrance & Resale",Bulova,bulova.com,USA,Watch group brand (Citizen Group),300,250-1k,"Owned by Citizen Watch Group, revenue >$2B/yr",US heritage brand under Citizen with precisionist/aerospace marketing angle — fits a US-race motorsport activation.,,L10b
"Jewelry, Fragrance & Resale",Frederique Constant,frederiqueconstant.com,Switzerland,Watch group brand (Citizen Group),250,250-1k,"Owned by Citizen Watch Group, revenue >$2B/yr","Accessible-luxury Swiss brand under Citizen's umbrella, positioned for growth — sponsorship could raise brand profile quickly.",yes,L10b
"Jewelry, Fragrance & Resale",Alpina,alpinawatches.com,Switzerland,Watch group brand (Citizen Group),100,50-250,"Owned by Citizen Watch Group, revenue >$2B/yr",Motorsport-and-aviation-heritage tool-watch brand under Citizen — genuinely on-brand for an F1 partnership.,,L10b
"Jewelry, Fragrance & Resale",Seiko,seikowatches.com,Japan,Watch group flagship brand (Seiko Group),12000,6k-20k,Seiko Group Corporation revenue >¥400B (~$2.7B)/yr,Historic sports-timing brand (former Olympics/World Cup official timer) with global manufacturing scale — Suzuka tie-in and proven large-event sponsorship history.,yes,L10b
"Jewelry, Fragrance & Resale",Grand Seiko,grand-seiko.com,Japan,Independent-standalone luxury watch brand (Seiko Group),500,250-1k,Backed by Seiko Group Corporation (revenue >¥400B/yr); rapidly scaling global retail footprint since 2017 standalone launch,"Japan's fastest-growing luxury watch export brand, aggressively building Western brand awareness — F1 offers exactly the global stage it's chasing.",,L10b
"Jewelry, Fragrance & Resale",Panerai,panerai.com,Switzerland,Watch maison (Richemont),1000,250-1k,Richemont Group (SIX: CFR) revenue >€21B/yr,"Tool-watch brand with genuine motorsport/motorsport-adjacent sponsorship history (Luna Rossa sailing, classic car rallies) — natural extension into F1.",yes,L10b
"Jewelry, Fragrance & Resale",Roger Dubuis,rogerdubuis.com,Switzerland,Watch maison (Richemont),200,50-250,Richemont Group revenue >€21B/yr,"Already has genuine motorsport DNA via its Lamborghini Squadra Corse partnership — a clear, credible bridge into F1 sponsorship.",,L10b
"Jewelry, Fragrance & Resale",Vacheron Constantin,vacheron-constantin.com,Switzerland,Watch maison (Richemont),1300,1k-5k,Richemont Group revenue >€21B/yr,One of horology's most prestigious houses with a large Richemont-backed budget — high-end paddock/hospitality sponsorship fit.,yes,L10b
"Jewelry, Fragrance & Resale",Montblanc,montblanc.com,Germany,Luxury accessories & watch maison (Richemont),4000,1k-5k,Richemont Group revenue >€21B/yr; Montblanc itself ~€1B/yr,"Precision-engineering brand story (writing instruments, watches) with meaningful standalone revenue — could pitch an F1 'craftsmanship and precision' campaign.",yes,L10b
"Jewelry, Fragrance & Resale",Baume & Mercier,baume-et-mercier.com,Switzerland,Watch maison (Richemont),400,250-1k,Richemont Group revenue >€21B/yr,Has real classic-car racing heritage (Capeland/Shelby Cobra ties) — an accessible-luxury Richemont brand with a built-in motorsport story.,yes,L10b
"Jewelry, Fragrance & Resale",Hublot,hublot.com,Switzerland,Watch maison (LVMH),1000,250-1k,LVMH Group revenue >€90B/yr; Hublot itself est. €700M-1B/yr,Already has Max Verstappen as a personal brand ambassador and a deep motorsport/football sponsorship playbook — a full team partnership is a logical next step.,yes,L10b
"Jewelry, Fragrance & Resale",Zenith,zenith-watches.com,Switzerland,Watch maison (LVMH),400,250-1k,LVMH Group revenue >€90B/yr,"High-frequency chronograph heritage (El Primero movement) with an engineering story well suited to motorsport marketing, backed by LVMH's scale.",yes,L10b
"Jewelry, Fragrance & Resale",Bulgari,bulgari.com,Italy,"Jewelry, watch & fragrance maison (LVMH)",3500,1k-5k,LVMH Group revenue >€90B/yr; Bulgari itself est. €2.5-3B/yr,"Major Italian jewelry/watch/fragrance house with real scale and an Italian-market (Monza GP) hook, backed by LVMH's resources.",yes,L10b
"Jewelry, Fragrance & Resale",Tiffany & Co,tiffany.com,USA,Jewelry & watch maison (LVMH),14000,6k-20k,LVMH Group revenue >€90B/yr; Tiffany itself est. $4-5B/yr,Iconic US jewelry house with major scale under LVMH — a US-race (Miami/Austin/Vegas) sponsorship would extend its American heritage story globally.,,L10b
"Jewelry, Fragrance & Resale",Ulysse Nardin,ulysse-nardin.com,Switzerland,Independent watch manufacture,500,250-1k,Returned to founding-family (Sowind Group) ownership from Kering in 2022/23; profitable niche manufacture — moderate confidence on precise revenue,"Marine-chronometer heritage brand pivoting into bold, disruptive marketing (X series) since regaining independence — motorsport is a plausible next move.",yes,L10b
"Jewelry, Fragrance & Resale",Audemars Piguet,audemarspiguet.com,Switzerland,Independent watch manufacture,2500,1k-5k,"Privately held (family-owned); estimated revenue >CHF 2B/yr, one of the 'Big Three' haute horlogerie houses","Fully independent, highly profitable manufacture with a strong sports-sponsorship playbook (golf, tennis) and no current motorsport deal — real budget and appetite for a marquee F1 partnership.",yes,L10b
"Jewelry, Fragrance & Resale",Franck Muller,franckmuller.com,Switzerland,Independent watch manufacture,2000,1k-5k,Privately held (Sirmakes family); Franck Muller Group (incl. Backes & Strauss) estimated revenue in the several-hundred-million-dollar range,"Bold, complication-forward brand with a flamboyant marketing style ('Master of Complications') well suited to F1's high-visibility, high-drama audience.",yes,L10b
"Jewelry, Fragrance & Resale",Oris,oris.ch,Switzerland,Independent watch manufacture,250,250-1k,"Privately held, profitable independent manufacture; has a genuine prior F1 sponsorship (title partner of Williams F1 Team, 2003-2007)","Independent Swiss manufacture with real F1 sponsorship history (Williams, 2003-2007) — a credible 'return to F1' pitch given renewed brand momentum in diving/aviation collections.",yes,L10b
"Jewelry, Fragrance & Resale",Casio (G-Shock),casio.com,Japan,Multi-category watch group,11000,6k-20k,Public (TSE: 6952); Group revenue >$2B/yr,G-Shock's durability/performance positioning and youth-culture marketing playbook is a strong creative fit for F1's engineering-and-speed narrative.,yes,L10b
"Jewelry, Fragrance & Resale",Timex Group,timex.com,USA,Multi-category watch group,4000,1k-5k,"Privately held; estimated Group revenue in the $500M-700M range across Timex, Guess and other licensed watch brands",Mass-accessible global watch group with strong sports and youth-marketing history — could pitch an entry-level F1 licensed-watch program.,yes,L10b
"Jewelry, Fragrance & Resale",Movado Group,movadogroup.com,USA,Multi-category watch group,1300,1k-5k,"Public (NYSE: MOV); Group revenue ~$700M/yr across Movado, Coach, Tommy Hilfiger, HUGO BOSS, Lacoste, Calvin Klein and EFFY jewelry licenses",Diversified public watch group with multiple licensed fashion brands — an F1 partnership could be built around any one of its portfolio names.,,L10b
"Jewelry, Fragrance & Resale",Blancpain,blancpain.com,Switzerland,Watch group brand (Swatch Group),500,250-1k,Swatch Group parent revenue ~CHF 6.7B/yr,"World's oldest watch brand, with a strong ocean-conservation sponsorship track record showing real appetite for large-scale partnership marketing.",yes,L10b
"Jewelry, Fragrance & Resale",Daniel Wellington,danielwellington.com,Sweden,Independent fashion watch brand,300,250-1k,Privately held; peaked above $200M revenue with a highly influencer/marketing-driven growth model,Built its entire brand on social/influencer marketing spend — a natural fit for F1's content-and-creator-driven fan engagement strategy.,,L10b
"Jewelry, Fragrance & Resale",Shinola,shinola.com,USA,Independent watch & leather goods brand,400,250-1k,Backed by Bedrock/Dan Gilbert; Detroit-manufacturing Americana brand with sustained investor backing,"American-made watch brand with a strong 'built to last' industrial narrative — good fit for Miami, Austin or Las Vegas GP activation.",,L10b
"Jewelry, Fragrance & Resale",Wempe,wempe.com,Germany,Watch & jewelry manufacture/retail group,800,250-1k,Privately held (family-owned); estimated Group revenue €300-400M+/yr across manufacturing and multi-brand retail,"Germany's largest family-owned watch and jewelry house, with its own manufacture (Glashütte) — a strong German-market (Mercedes/Audi/Sauber fan base) F1 lead.",,L10b
"Esports, Streaming & Creator",Savvy Games Group,savvygames.com,Saudi Arabia,Esports org parent / holding,500,250-1k,Subsidiary of Saudi Arabia's Public Investment Fund; PIF has committed $38B to gaming/esports investment,"Saudi PIF's dedicated gaming/esports vehicle already owns ESL FACEIT Group and publisher Scopely and holds stakes in Nintendo, EA and Take-Two; building a global gaming portfolio makes a marquee F1 sponsorship a plausible cross-portfolio play.",,L11a
"Esports, Streaming & Creator",ESL FACEIT Group,eslfaceitgroup.com,Germany,Tournament operator,1500,1k-5k,Owned by Savvy Games Group; combined entity generates 300M+ in annual tournament/media revenue,"World's largest third-party esports tournament operator (IEM, ESL Pro League, FACEIT); PIF backing and its sim/gaming crossover audience align with F1's push into gaming culture.",,L11a
"Esports, Streaming & Creator",Team Liquid,teamliquid.com,Netherlands,Esports org parent,300,250-1k,"Majority stake held by Aser Ventures, which also owns Infront Sports & Media (1B+ revenue global sports marketing agency)","One of the most globally recognized esports orgs (LoL, CS2, VALORANT, Dota2); Aser Ventures/Infront ownership already operates in global motorsport and sports marketing rights.",,L11a
"Esports, Streaming & Creator",T1,t1.gg,South Korea,Esports org parent,200,50-250,"Majority-owned by SK Square (SK Telecom spin-off, market cap 5B+) with Comcast Spectacor as co-investor",Faker's T1 is the most valuable League of Legends org globally; SK Square and Comcast Spectacor backing supports a marquee motorsport sponsorship push into Asia.,,L11a
"Esports, Streaming & Creator",KT Rolster,kt.com,South Korea,Esports org parent,100,50-250,"Owned outright by KT Corporation, Korea's largest telecom (~$22B annual revenue)",Korea's longest-running esports org with a telecom parent large enough to fund F1-scale sponsorship as part of KT's broader sports marketing strategy.,,L11a
"Esports, Streaming & Creator",Telefonica (Movistar KOI),telefonica.com,Spain,Esports org parent / telecom sponsor,100000,20k+,"Top-3 European telecom, ~EUR40B annual revenue",Telefonica co-owns Movistar KOI (with Ibai Llanos/Kun Aguero) and has deep motorsport marketing history; logical extension into F1 title-level sponsorship.,yes,L11a
"Esports, Streaming & Creator",Complexity Gaming,complexity.gg,United States,Esports org parent,100,50-250,"Majority owned by Jerry Jones/Dallas Cowboys organization (NFL franchise, $1B+ annual revenue)",Backed by one of the most valuable sports franchises in the world; Cowboys ownership has funded large-scale marketing crossovers before.,,L11a
"Esports, Streaming & Creator",FunPlus,funplus.com,Switzerland,Publisher with esports org (FunPlus Phoenix),2000,1k-5k,Raised $460M Series B (2020) at a 1B+ valuation; State of Survival grosses hundreds of millions annually,"Owns FunPlus Phoenix, 2019 League of Legends World Champions; mobile-games unicorn with proven appetite for global marketing spend.",yes,L11a
"Esports, Streaming & Creator",Smilegate,smilegate.com,South Korea,Publisher with esports (CrossFire Stars),3000,1k-5k,"Private, estimated 1B+ annual revenue driven by CrossFire's dominance in China","Runs CrossFire Stars, one of Asia's largest esports tournaments; CrossFire's China/SE Asia scale supports major global sponsorship investment.",yes,L11a
"Esports, Streaming & Creator",Fenway Sports Group,fenwaysportsgroup.com,United States,Sim-racing ecosystem (iRacing backer),3000,1k-5k,"FSG (Liverpool FC, Boston Red Sox, Pittsburgh Penguins, RFK Racing) generates well over $1B in combined annual revenue","FSG co-founder John Henry co-founded iRacing, the dominant sim-racing platform used by F1 drivers for training; FSG's NASCAR team (RFK Racing) and deep sports-sponsorship budgets make an F1 conversation natural.",,L11a
"Esports, Streaming & Creator",Sony Interactive Entertainment,sony.com,Japan,Sim-racing ecosystem (Gran Turismo/GT World Series),8000,6k-20k,Sony Group revenue $80B+; SIE gaming segment alone over $25B,"Publisher of Gran Turismo and operator of the FIA-backed GT World Series, a real-world/sim hybrid racing circuit with direct motorsport-audience overlap with F1.",yes,L11a
"Esports, Streaming & Creator",Logitech,logitech.com,Switzerland,Sim-racing / esports hardware,5000,1k-5k,"Public company, ~$4.5B annual revenue, profitable",Logitech G is a leading sim-racing wheel/pedal and esports peripherals brand; fits F1's expansion into gaming-hardware sponsor activations.,yes,L11a
"Esports, Streaming & Creator",GameStop Corp.,gamestop.com,United States,Gaming venues (Belong Gaming Arenas),8000,6k-20k,"Public company, $3.5B+ annual revenue","Operates Belong Gaming Arenas, a national network of gaming/esports venues; retail scale offers F1 gaming-culture activation opportunities.",,L11a
"Esports, Streaming & Creator",Ubisoft Entertainment,ubisoft.com,France,Game publisher with esports arm,17000,6k-20k,"Public, ~EUR2B annual revenue","Major global publisher with esports titles (Rainbow Six Siege, For Honor) and a history of large sports/entertainment sponsorships.",yes,L11a
"Esports, Streaming & Creator",Take-Two Interactive,take2games.com,United States,Game publisher with esports arm,12000,6k-20k,"Public, ~$5.3B annual revenue",Owner of 2K/Rockstar and the NBA 2K esports league; financial scale supports major motorsport sponsorship spend.,yes,L11a
"Esports, Streaming & Creator",CD Projekt,cdprojekt.com,Poland,Game publisher,1100,1k-5k,"Public, consistently profitable, ~$300M+ recent annual revenue from Cyberpunk 2077/The Witcher",High-profile global publisher with strong brand-crossover marketing history and growing global reach aligned with F1's newer-fan strategy.,yes,L11a
"Esports, Streaming & Creator",Embracer Group,embracer.com,Sweden,Game publisher (100+ studios),15000,6k-20k,"Public, ~$2B annual revenue, 6,000+ staff",One of the largest Western game-publisher conglomerates; portfolio scale supports a group-level F1 sponsorship.,,L11a
"Esports, Streaming & Creator",Netmarble Corporation,netmarble.com,South Korea,Game publisher,3300,1k-5k,"Public, ~$2.3B annual revenue",Major Korean mobile publisher expanding global marketing; financial scale supports major sponsorship consideration.,,L11a
"Esports, Streaming & Creator",NCSoft,ncsoft.com,South Korea,Game publisher,4000,1k-5k,"Public, ~$1.4B annual revenue","Major Korean publisher (Lineage, Guild Wars) with global esports scenes; financial scale supports F1-level spend.",yes,L11a
"Esports, Streaming & Creator",Nexon,nexon.com,Japan,Game publisher,7000,6k-20k,"Public, ~$3B annual revenue","One of Asia's largest publishers (MapleStory, KartRider) with a racing-genre franchise already; direct motorsport-adjacent appeal.",,L11a
"Esports, Streaming & Creator",Bandai Namco Holdings,bandainamco.com,Japan,Game publisher,9000,6k-20k,"Public, ~$7B annual revenue",Owner of major esports-relevant franchises (Tekken) and racing IP (Ridge Racer); financial scale and genre fit support sponsorship.,,L11a
"Esports, Streaming & Creator",Sega Sammy Holdings,segasammy.co.jp,Japan,Game publisher,8000,6k-20k,"Public, ~$3B annual revenue","Sega's racing pedigree (Sega Rally, Initial D arcade) plus pachinko/gaming scale gives a strong brand fit for motorsport sponsorship.",,L11a
"Esports, Streaming & Creator",Konami Group,konami.com,Japan,Game publisher,8000,6k-20k,"Public, ~$3B annual revenue",eFootball and Yu-Gi-Oh esports scenes plus deep financial scale support a sponsorship conversation.,yes,L11a
"Esports, Streaming & Creator",Capcom,capcom.com,Japan,Game publisher,4000,1k-5k,"Public, ~$1.1B annual revenue, highly profitable","Runs Capcom Cup (Street Fighter), one of the most established global esports events; strong margins support marketing investment.",yes,L11a
"Esports, Streaming & Creator",Square Enix Holdings,square-enix.com,Japan,Game publisher,5000,1k-5k,"Public, ~$2.5B annual revenue",Major global publisher (Final Fantasy) with growing esports/mobile push and scale to support major sponsorship.,yes,L11a
"Esports, Streaming & Creator",Cognosphere (HoYoverse/miHoYo),hoyoverse.com,Singapore,Game publisher,5000,1k-5k,"Private, estimated $4B+ annual revenue (Genshin Impact, Honkai)","One of the highest-grossing mobile publishers globally, targeting the same younger global audience F1 is chasing; deep marketing budget.",yes,L11a
"Esports, Streaming & Creator",Scopely,scopely.com,United States,Game publisher,1500,1k-5k,Acquired by Savvy Games Group for $4.9B (2023); $1B+ annual revenue,"Major mobile publisher (Monopoly GO!) under Savvy Games Group, whose broader gaming/motorsport strategy makes Scopely a plausible sponsorship vehicle.",yes,L11a
"Esports, Streaming & Creator",Playtika Holding Corp.,playtika.com,Israel,Game publisher,1400,1k-5k,"Public, ~$2.6B annual revenue",Large-scale mobile games publisher with global marketing budgets and history of sports/celebrity crossover campaigns.,yes,L11a
"Esports, Streaming & Creator",Dream Games,dreamgames.com,Turkey,Game publisher,400,250-1k,Raised $255M Series D at a $2.75B valuation (2023); Royal Match is a top-grossing global mobile game,"Fast-growing, richly funded mobile publisher building global brand recognition — a growth-stage sponsor profile F1 has courted before.",yes,L11a
"Esports, Streaming & Creator",Voodoo,voodoo.io,France,Game publisher,900,250-1k,Raised $385M from Goldman Sachs Asset Management (2022); billions of downloads across its portfolio,One of the largest hyper-casual/mobile publishers globally with deep institutional backing and global UA marketing spend.,yes,L11a
"Esports, Streaming & Creator",Tencent Games,tencent.com,China,Game publisher,100000,20k+,"Parent Tencent Holdings, $80B+ annual revenue","World's largest games company by revenue (League of Legends, Honor of Kings) with an enormous esports portfolio; F1's China push aligns directly.",yes,L11a
"Esports, Streaming & Creator","NetEase, Inc.",neteasegames.com,China,Game publisher,30000,20k+,"Public, $14B+ annual revenue",Major Chinese publisher with active esports scenes and large marketing budgets targeting China's growing F1 fanbase.,yes,L11a
"Esports, Streaming & Creator",Sea Limited (Garena),seagroup.com,Singapore,Game publisher / esports tournament operator,20000,6k-20k,"Public (NYSE), $13B+ annual revenue","Garena's Free Fire runs the Free Fire World Series, one of the largest mobile esports events globally, with a young SE Asia/LatAm fanbase F1 is targeting.",,L11a
"Esports, Streaming & Creator",Moonton Games,moonton.com,China,Game publisher,2000,1k-5k,Owned by ByteDance ($100B+ annual revenue),"Publisher of Mobile Legends: Bang Bang, whose MPL/M-Series tournaments are massive in SE Asia, a core F1 growth region; ByteDance funds global marketing pushes.",,L11a
"Esports, Streaming & Creator",Supercell,supercell.com,Finland,Game publisher,400,250-1k,"Majority-owned by Tencent; estimated $2B+ annual revenue, highly profitable",Clash Royale League is a major global esport; profitability and Tencent backing support large sponsorship deals.,yes,L11a
"Esports, Streaming & Creator",Wargaming,wargaming.net,Cyprus,Game publisher with esports arm,4000,1k-5k,"Private, estimated $400-500M+ annual revenue",World of Tanks runs the Wargaming.net League esports circuit; vehicle-simulation brand identity fits motorsport sponsorship.,,L11a
"Esports, Streaming & Creator",Perfect World,perfectworld.com,China,Game publisher,3000,1k-5k,"Public, ~$1B annual revenue",Major Chinese publisher and China distributor for CS2/Dota2 esports; positioned to fund China-market F1 activation.,,L11a
"Esports, Streaming & Creator",Lilith Games,lilithgames.com,China,Game publisher,2000,1k-5k,"Private, estimated $1B+ annual revenue (AFK Arena, Rise of Kingdoms)","One of China's largest mobile publishers by revenue with aggressive global UA/marketing spend, a natural F1 sponsorship prospect.",,L11a
"Esports, Streaming & Creator",37 Interactive Entertainment,37games.com,China,Game publisher,3000,1k-5k,"Public (Shanghai-listed), ~$2.3B annual revenue",Large-scale Chinese publisher with substantial global marketing budget looking to build international brand presence.,,L11a
"Esports, Streaming & Creator",Kingsoft Corporation,kingsoft.com,China,Game publisher,5000,1k-5k,"Public, ~$1B annual revenue",Publisher behind the JX Online 3 esports scene; conglomerate scale supports sponsorship consideration.,,L11a
"Esports, Streaming & Creator",NetDragon Websoft,netdragon.com,China,Game publisher,4000,1k-5k,"Public (HK-listed), $700M+ annual revenue",Established Chinese publisher with global aspirations and marketing scale to support a sponsorship conversation.,,L11a
"Esports, Streaming & Creator",Com2uS,com2us.com,South Korea,Game publisher,1500,1k-5k,"Public, ~$500M annual revenue",Major Korean mobile publisher (Summoners War) with a growing esports scene and global brand-campaign budget.,,L11a
"Esports, Streaming & Creator",Pearl Abyss,pearlabyss.com,South Korea,Game publisher,1200,1k-5k,"Public, ~$300M annual revenue",Publisher of Black Desert Online with global marketing ambitions and financial scale supporting sponsorship consideration.,,L11a
"Esports, Streaming & Creator",Bilibili Inc.,bilibili.com,China,Esports platform / publisher,10000,6k-20k,"Public (NASDAQ/HK), $3.5B+ annual revenue",Owns and operates Bilibili Gaming (LPL champion org) and streams most major esports; strong fit for F1's China audience growth strategy.,,L11a
"Esports, Streaming & Creator",Douyu International,douyu.com,China,Esports platform,2000,1k-5k,"Public (NASDAQ), ~$700-900M annual revenue",One of China's two dominant esports/game-streaming platforms and official broadcaster for LPL/KPL; scale supports China-market sponsorship.,,L11a
"Esports, Streaming & Creator",Huya Inc.,huya.com,China,Esports platform,2500,1k-5k,"Public (NYSE), ~$900M annual revenue",Tencent-backed leading esports streaming platform in China (LPL/KPL rights); positioned to fund China-focused F1 marketing tie-ins.,yes,L11a
"Esports, Streaming & Creator","CyberAgent, Inc.",cyberagent.co.jp,Japan,Tournament operator / publisher,7000,6k-20k,"Public, ~$4B annual revenue","Operates RAGE, Japan's largest esports tournament series, and owns Cygames; strong domestic esports infrastructure and marketing budget.",,L11a
"Esports, Streaming & Creator","Mixi, Inc.",mixi.co.jp,Japan,Game publisher,2000,1k-5k,"Public, ~$1B annual revenue",Publisher of Monster Strike with growing esports and motorsport-adjacent (TIPSTAR) investments; scale supports sponsorship consideration.,yes,L11a
"Esports, Streaming & Creator","Hasbro, Inc.",hasbro.com,United States,Publisher (Wizards of the Coast),5000,1k-5k,"Public, ~$5B annual revenue",Wizards of the Coast runs Magic: The Gathering's competitive Pro Tour circuit and MTG Arena; Hasbro's global marketing scale fits sponsorship consideration.,yes,L11a
"Esports, Streaming & Creator",The Pokemon Company International,pokemon.com,United States,Publisher (competitive gaming),1000,250-1k,"Jointly owned by Nintendo, Game Freak and Creatures Inc.; the Pokemon franchise has generated $100B+ lifetime","Runs the globally broadcast Pokemon World Championships, reaching the young, family-oriented audience F1 is courting.",,L11a
"Esports, Streaming & Creator","Nintendo Co., Ltd.",nintendo.com,Japan,Game publisher,8000,6k-20k,"Public, $14B+ annual revenue",Runs competitive Splatoon and Pokemon VGC circuits; enormous global brand reach and marketing budget make sponsorship plausible.,yes,L11a
"Esports, Streaming & Creator",Microsoft Gaming,xbox.com,United States,Game publisher,20000,6k-20k,"Parent Microsoft Corporation, $200B+ annual revenue",Owns Activision Blizzard (Call of Duty League) and Xbox esports properties; scale makes an F1 sponsorship a trivial marketing allocation.,,L11a
"Esports, Streaming & Creator",Activision Blizzard,activisionblizzard.com,United States,Game publisher,10000,6k-20k,Subsidiary of Microsoft; historically $8B+ standalone annual revenue,Operator of the Call of Duty League and a long-time esports investor; scale and Microsoft ownership support major sponsorship spend.,,L11a
"Esports, Streaming & Creator",Alibaba Group (Alisports),alibabagroup.com,China,Esports platform / publisher,200000,20k+,"Public, $130B+ annual revenue",Alibaba Cloud is an official partner of China's LPL esports league and Alisports has run major international tournaments; financial scale trivially covers F1-level sponsorship.,yes,L11a
"Esports, Streaming & Creator",Discord Inc.,discord.com,United States,Esports platform,1000,250-1k,Raised nearly $1B cumulative across funding rounds; valued at $15B in its 2021 round,"The default communication platform for esports/gaming communities globally; deep VC backing and a young, male-skewing user base align with F1's fan-growth targets.",yes,L11a
"Esports, Streaming & Creator",Roblox Corporation,roblox.com,United States,Competitive/creator gaming platform,2500,1k-5k,"Public (NYSE), $3.6B+ annual revenue","Hosts massive branded and competitive in-platform events reaching Gen Z/Alpha, a logical channel for an F1 branded-experience sponsorship.",yes,L11a
"Esports, Streaming & Creator",Skillz Inc.,skillz.com,United States,Esports/mobile competitive platform,300,250-1k,Raised $500M+ cumulative across VC rounds and its SPAC listing,Public mobile esports/competitive-gaming platform with a large historical funding base for marketing and league partnerships.,,L11a
"Esports, Streaming & Creator",Sportradar Group AG,sportradar.com,Switzerland,Esports data/platform,3000,1k-5k,"Public (NASDAQ), EUR1B+ annual revenue",Runs a dedicated esports data/integrity division serving major leagues; existing motorsport-data relationships make an F1-specific expansion plausible.,yes,L11a
"Esports, Streaming & Creator",Genius Sports Group,geniussports.com,United Kingdom,Esports/sports data platform,2000,1k-5k,"Public (NYSE), $450M+ annual revenue",Provides official data/streaming services to esports leagues alongside traditional sports; scale and existing league partnerships support sponsorship consideration.,yes,L11a
"Esports, Streaming & Creator",Warner Bros. Games,wbgames.com,United States,Game publisher,2000,1k-5k,"Parent Warner Bros. Discovery, $40B+ annual revenue",Publisher of Mortal Kombat/MultiVersus with competitive scenes; WBD's massive media scale and cross-promotion capability support a sponsorship tie-in.,yes,L11a
"Esports, Streaming & Creator",Riot Games,riotgames.com,United States,Publisher / tournament operator,4000,1k-5k,"Wholly owned by Tencent; League of Legends/VALORANT esports generate hundreds of millions annually, Riot itself estimated $1.5B+ revenue","Operator of League of Legends Worlds and the VALORANT Champions Tour, among the largest esports properties globally, with direct competitive-gaming audience overlap with F1.",yes,L11a
"Esports, Streaming & Creator",Valve Corporation,valvesoftware.com,United States,Publisher / platform (Steam),400,250-1k,Private; Steam platform revenue estimated $6B+ annually,"Operates The International (Dota2) and CS2 Majors, two of the highest-prize-pool esports events in the world; Steam's scale gives Valve effectively unlimited sponsorship capacity.",yes,L11a
"Esports, Streaming & Creator",Epic Games,epicgames.com,United States,Publisher / platform (Fortnite esports),3500,1k-5k,"Private, valued at $31B+ (2024); Fortnite generates billions annually",Runs the Fortnite Champion Series and has a track record of branded real-world crossover events; massive marketing budget and young global audience.,yes,L11a
"Esports, Streaming & Creator",Gameloft SE,gameloft.com,France,Game publisher,3000,1k-5k,Backed by Vivendi; annual revenue in the EUR300M+ range,"Publisher of the Asphalt racing franchise, one of the top-grossing mobile racing game series; direct genre and marketing relevance to F1.",,L11a
"Esports, Streaming & Creator",Nacon SA,nacongaming.com,France,Game publisher (racing games) / esports hardware,700,250-1k,Public (Euronext Paris); parent Bigben Interactive Group revenue in the EUR400M+ range,"Publisher of the official WRC game series and Test Drive Unlimited plus an esports gaming-gear brand (RIG, racing wheels); an existing motorsport-genre publishing relationship.",,L11a
"Esports, Streaming & Creator",Comcast Spectacor,comcast-spectacor.com,United States,Gaming venue / esports org,2000,1k-5k,Subsidiary of Comcast Corporation ($120B+ annual revenue),Owns Philadelphia Fusion (Overwatch League) and built the dedicated Fusion Arena esports venue; Comcast's marketing scale supports a major sponsorship consideration.,,L11a
"Esports, Streaming & Creator",Esports World Cup Foundation,esportsworldcup.com,Saudi Arabia,Tournament operator,300,250-1k,Backed by Saudi Arabia's Public Investment Fund; the 2024 Esports World Cup offered a $60M+ combined prize pool across 20+ titles,"Runs the best-funded esports event in history with direct PIF backing, the same fund class behind the Saudi Arabian Grand Prix; a natural cross-portfolio sponsorship conversation.",,L11a
"Esports, Streaming & Creator",Twitch Interactive,twitch.tv,United States,Esports/streaming platform,2000,1k-5k,Subsidiary of Amazon.com ($570B+ annual revenue),"The dominant livestreaming platform for esports and competitive gaming, with existing branded gaming crossover content and Amazon-scale marketing budget.",,L11a
"Esports, Streaming & Creator",Razer Inc.,razer.com,Singapore,Esports/gaming hardware,1500,1k-5k,"Public (HKEX), $800M-$1B annual revenue",One of the world's leading gaming hardware and esports sponsorship brands (title sponsor of numerous tournaments/orgs); a natural next step into motorsport-adjacent sponsorship.,yes,L11a
"Esports, Streaming & Creator","Corsair Gaming, Inc.",corsair.com,United States,Esports/gaming hardware,1900,1k-5k,"Public (NASDAQ), ~$1.4B annual revenue","Major gaming hardware/peripherals company (Elgato, SCUF, Origin PC) with a deep esports sponsorship history and scale for major sponsorship consideration.",,L11a
"Esports, Streaming & Creator",HyperX (HP Inc.),hyperx.com,United States,Esports hardware,500,250-1k,"Parent HP Inc., $50B+ annual revenue",Leading esports peripherals brand with extensive tournament/team sponsorships; HP's scale easily covers F1-level marketing investment.,,L11a
"Esports, Streaming & Creator",SteelSeries,steelseries.com,Denmark,Esports hardware,500,250-1k,"Private, estimated $300M+ annual revenue, longtime major esports sponsor",One of the original esports peripheral sponsors of major orgs/events; scale and marketing history support a motorsport-adjacent expansion.,yes,L11a
"Esports, Streaming & Creator",Turtle Beach Corporation,turtlebeach.com,United States,Esports hardware (owns ROCCAT),300,250-1k,"Public (NASDAQ), ~$350-400M annual revenue",Leading gaming headset/peripheral maker with esports team sponsorships; scale supports sponsorship consideration.,yes,L11a
"Esports, Streaming & Creator",ASUS (ROG - Republic of Gamers),asus.com,Taiwan,Esports/gaming hardware,5000,1k-5k,Public; parent ASUSTeK Computer $15B+ annual revenue,"ROG is one of the most active esports hardware sponsors globally (tournaments, orgs, LAN events); scale trivially covers F1-level sponsorship.",yes,L11a
"Esports, Streaming & Creator",MSI (Micro-Star International),msi.com,Taiwan,Esports/gaming hardware,4000,1k-5k,"Public (Taiwan Stock Exchange), ~$4-5B annual revenue","Long-time esports hardware sponsor (tournament PCs, monitors) across major leagues; financial scale supports a motorsport-adjacent expansion.",yes,L11a
"Esports, Streaming & Creator",NVIDIA Corporation,nvidia.com,United States,Esports/gaming hardware,30000,20k+,"Public (NASDAQ), $100B+ annual revenue",GeForce is deeply embedded across global esports sponsorships and tournament infrastructure; scale makes an F1 partnership easily affordable.,yes,L11a
"Esports, Streaming & Creator",Intel Corporation,intel.com,United States,Esports/gaming hardware,100000,20k+,"Public (NASDAQ), $50B+ annual revenue","Title sponsor of Intel Extreme Masters (IEM), one of the longest-running and most prestigious esports tournament franchises since 2012; a strong precedent for major global sponsorship spend.",yes,L11a
"Esports, Streaming & Creator",Netflix,netflix.com,USA,Video Streaming/OTT,14000,6k-20k,Revenue ~$39B (2024),"Global SVOD leader whose Drive to Survive built F1's US fanbase; docuseries relationship exists but is not a paid sponsorship, leaving room for a formal partnership tied to F1 content/library or race-week activations.",yes,L11b
"Esports, Streaming & Creator",The Walt Disney Company,disney.com,USA,Video Streaming/Sports Media (Disney+/ESPN),180000,20k+,Revenue ~$91B (FY2024),ESPN is F1's US broadcaster and Disney+/ESPN+ need marquee live sports content; a brand partnership would extend beyond media rights into fan-engagement and streaming bundle promotion.,,L11b
"Esports, Streaming & Creator",Warner Bros. Discovery,wbd.com,USA,Video Streaming/Sports Media (Max/TNT Sports),35000,20k+,Revenue ~$39B (2024),Owns Max streaming plus Eurosport/TNT Sports which broadcasts F1 in Europe; deeper brand-level tie-in could bundle F1 library content and race promotion across Max markets.,,L11b
"Esports, Streaming & Creator",Comcast Corporation (NBCUniversal/Peacock),comcast.com,USA,Video Streaming/OTT (Peacock),186000,20k+,Revenue ~$123B (2024),Peacock is building live-sports streaming scale and NBCUniversal has chased F1-adjacent content; sponsorship would support subscriber acquisition around motorsport's growing US audience.,,L11b
"Esports, Streaming & Creator",Sky Group,sky.com,United Kingdom,Sports Media/Pay-TV & Streaming,23000,20k+,"Revenue ~£19B; part of Comcast (>6,000 staff)",Long-time Sky Sports F1 broadcaster in the UK/Italy/Germany; distinct brand budget from Comcast parent could extend into on-track/paddock brand activation beyond pure broadcast rights.,,L11b
"Esports, Streaming & Creator",Roku Inc,roku.com,USA,Streaming Platform/CTV,2800,1k-5k,Revenue ~$4.0B (2024),Leading US CTV platform seeking premium live-sports ad inventory and co-marketing; F1's growing US audience fits Roku's push into sports advertising and The Roku Channel content deals.,yes,L11b
"Esports, Streaming & Creator",Fox Corporation (Tubi),foxcorporation.com,USA,Video Streaming/Free Ad-Supported TV,5000,1k-5k,Revenue ~$5.4B (FY2024),Tubi is scaling live-sports FAST content and Fox Sports has covered motorsport; a partnership could anchor F1 highlights/library content on Tubi's ad-supported platform.,,L11b
"Esports, Streaming & Creator",Sony Pictures Entertainment,sonypictures.com,USA,Video Streaming/Anime (Crunchyroll),10000,6k-20k,Part of Sony Group; revenue >$80B; Sony (F1 games via PlayStation) already gaming-adjacent,"Sony's global entertainment reach (Crunchyroll, PlayStation, Sony Music) overlaps F1's younger international fanbase; cross-portfolio activation across streaming and gaming is a natural fit.",,L11b
"Esports, Streaming & Creator",fuboTV Inc,fubo.tv,USA,Live Sports Streaming (vMVPD),400,250-1k,Revenue ~$1.6B (2023),Sports-first streaming service built around live sports subscriptions; F1 tie-in would support their positioning as the go-to destination for niche/growing live sports.,yes,L11b
"Esports, Streaming & Creator",Vimeo Inc,vimeo.com,USA,Video Hosting/Creator Tools,700,250-1k,Revenue ~$410M (2023),B2B video platform serving pro creators and brands; association with F1's high-production content ecosystem supports enterprise video positioning.,,L11b
"Esports, Streaming & Creator",iQIYI Inc,iqiyi.com,China,Video Streaming/OTT,7000,6k-20k,Revenue ~$4.0B (2024),China's top video streamer as F1 pushes growth in the Chinese market (Shanghai GP); streaming/content partnership would support localized F1 coverage and fan acquisition.,,L11b
"Esports, Streaming & Creator",Alibaba Group (Youku),alibaba.com,China,Video Streaming/OTT,200000,20k+,Revenue ~$130B+ (FY2024),"Youku streaming plus Alibaba's e-commerce/cloud ecosystem gives multiple activation surfaces for F1's China growth strategy, echoing prior Alibaba Cloud sports partnerships.",,L11b
"Esports, Streaming & Creator",Rakuten Group,rakuten.com,Japan,Video Streaming (Rakuten Viki/TV),28000,20k+,"Revenue ~¥2.1T (~$14B, 2024)","Rakuten has a history of major sports sponsorship (FC Barcelona, Golden State Warriors) and streaming ambitions; F1 fits its global brand-building playbook in a market F1 is expanding.",,L11b
"Esports, Streaming & Creator",PCCW Limited (Viu),pccw.com,Hong Kong,Video Streaming/OTT,15000,6k-20k,Group revenue ~HK$34B (~$4.4B),"Viu is a leading pan-Asian streamer; F1's Asian calendar (Singapore, Japan, China) offers natural content and sponsorship tie-ins for regional audience growth.",,L11b
"Esports, Streaming & Creator",Zee Entertainment Enterprises,zee.com,India,Video Streaming/Broadcast (ZEE5),3000,1k-5k,Revenue ~$1.0B (FY2024),Major Indian broadcaster/streamer as F1 explores a return to India; ZEE5 partnership could anchor local-language coverage and fan engagement in a priority growth market.,,L11b
"Esports, Streaming & Creator",Google (YouTube),youtube.com,USA,Video Streaming/Creator Platform,180000,20k+,Alphabet revenue ~$350B (2024),YouTube is the largest video/creator platform globally and already hosts F1 team and driver channels; formal sponsorship could extend into YouTube TV live-sports and creator-led F1 content programs.,,L11b
"Esports, Streaming & Creator",Apple Inc,apple.com,USA,Music & Video Streaming (Apple Music/TV+),164000,20k+,Revenue ~$391B (FY2024),"Apple Music/Apple TV+ have chased premium live sports rights (MLS, MLB) and produced the F1 movie with Brad Pitt; a sponsorship would deepen an existing content relationship into Apple Music/TV+ activation.",yes,L11b
"Esports, Streaming & Creator",TelevisaUnivision,televisaunivision.com,USA/Mexico,Video Streaming/Broadcast (ViX),10000,6k-20k,Revenue ~$4.8B (2023),Largest Spanish-language media company as F1 grows its Latin American fanbase (Mexico City GP); ViX streaming tie-in would support Spanish-language content and regional sponsorship activation.,,L11b
"Esports, Streaming & Creator",Grupo Globo,globo.com,Brazil,Video Streaming/Broadcast (Globoplay),13000,6k-20k,Revenue >$3B (est.),"Brazil's dominant media group and F1's Sao Paulo GP broadcaster; Globoplay partnership would build on an enormous, passionate Brazilian motorsport fanbase (Senna legacy).",,L11b
"Esports, Streaming & Creator",Canal+ Group (Vivendi),canalplus.com,France,Video Streaming/Pay-TV,10000,6k-20k,Revenue ~€6.4B (2024),French pay-TV/streaming leader in F1's home-market-adjacent region with a strong sports rights portfolio; fits F1's push to grow engagement across French-speaking Europe and Africa.,,L11b
"Esports, Streaming & Creator",RTL Group,rtlgroup.com,Luxembourg/Germany,Video Streaming/Broadcast,16000,6k-20k,Revenue ~€6.5B (2024),Pan-European broadcast and streaming group (RTL+) with strong motorsport-following markets in Germany/Netherlands; natural fit for regional F1 content and sponsorship packages.,,L11b
"Esports, Streaming & Creator",ProSiebenSat.1 Media SE,prosiebensat1.com,Germany,Video Streaming/Broadcast (Joyn),6500,6k-20k,Revenue ~€3.9B (2024),German broadcaster/streamer in a top F1 market with multiple German drivers historically; Joyn platform gives a streaming vehicle for localized F1 programming.,,L11b
"Esports, Streaming & Creator",ITV plc,itv.com,United Kingdom,Video Streaming/Broadcast (ITVX),5000,1k-5k,Revenue ~£4.1B (2024),UK free-to-air broadcaster and ITVX streamer building live-sports slate; partnership potential around British GP and UK fan engagement despite Sky holding pay-TV rights.,,L11b
"Esports, Streaming & Creator",Kuaishou Technology,kuaishou.com,China,Short-Video/Creator Platform,24000,20k+,Revenue ~$16B (2024),Major short-video/creator platform in China with large live-streaming and e-commerce reach; fits F1's China audience growth and creator-driven content strategy.,yes,L11b
"Esports, Streaming & Creator",Weibo Corporation,weibo.com,China,Social/Creator Platform,4900,1k-5k,Revenue ~$1.8B (2024),China's leading social/fan-engagement platform for sports and entertainment fandoms; a natural home for F1 driver/team content amplification in China.,,L11b
"Esports, Streaming & Creator",Spotify Technology,spotify.com,Sweden,Music Streaming/Podcasts,7000,6k-20k,Revenue ~€15.7B (2024),"Global audio leader (already backs Overtime and F1-adjacent podcasts) with young, global user base overlapping F1's fan demographic; fits playlist/podcast and paddock-lifestyle activation.",yes,L11b
"Esports, Streaming & Creator",Deezer SA,deezer.com,France,Music Streaming,700,250-1k,"Revenue ~€550M (2024, public Euronext)",French-headquartered global music streamer seeking brand visibility outside core Francophone markets; F1's Paul Ricard/French GP history offers a home-market tie-in.,,L11b
"Esports, Streaming & Creator",SoundCloud,soundcloud.com,Germany,Music Streaming/Creator Platform,400,250-1k,Revenue >$250M (reported profitable FY2023),Artist-first streaming platform with strong Gen-Z/emerging-artist creator community; fits F1's push into youth culture and driver-curated playlists/content.,,L11b
"Esports, Streaming & Creator",SiriusXM Holdings (Pandora),siriusxm.com,USA,Audio Streaming/Podcasts,5700,5k-6k,Revenue ~$8.7B (2024),Major US audio platform with in-car reach (SiriusXM channels in vehicles) and existing motorsports programming; strong synergy with F1's automotive audience.,,L11b
"Esports, Streaming & Creator",iHeartMedia,iheartmedia.com,USA,Radio/Podcast Network,10300,6k-20k,Revenue ~$3.8B (2024),"Largest US radio/podcast operator seeking to grow live-event and motorsports-adjacent programming; F1's US boom (Miami, Vegas, Austin) fits iHeart's live-event marketing model.",,L11b
"Esports, Streaming & Creator",Tencent Music Entertainment,tencentmusic.com,China,Music Streaming,4000,1k-5k,Revenue ~$4.0B (2024),"China's dominant music streamer (QQ Music, Kugou, Kuwo) under Tencent, whose parent has deep sports/esports sponsorship history; fits F1's China fan-growth push.",,L11b
"Esports, Streaming & Creator",NetEase Cloud Music,music.163.com,China,Music Streaming,2000,1k-5k,"Revenue ~$1.4B (2024, HKEX-listed)","Second-largest Chinese music streamer with a young, community-driven user base; complements F1's expanding Chinese fandom via curated content and playlists.",,L11b
"Esports, Streaming & Creator",Infinite Reality (Napster),infinitereality.com,USA,Music Streaming/Immersive Media,300,250-1k,"Reported cumulative funding >$500M across rounds (2024-2025); figures self-reported, verify before outreach","Owner of Napster and an immersive/metaverse platform pursuing sports and entertainment IP tie-ins; F1 fits its stated strategy of virtual fan-engagement partnerships, though funding scale should be reconfirmed.",,L11b
"Esports, Streaming & Creator",Kakao Entertainment,kakaoent.com,South Korea,Music Streaming/Content (Melon),2500,1k-5k,"Revenue ~KRW1.9T (~$1.4B, 2023)","Owns Melon, Korea's top music streamer, plus K-content studios; fits F1's growth interest in South Korea and K-pop crossover marketing (as seen with other F1-adjacent K-pop tie-ins).",,L11b
"Esports, Streaming & Creator",Naver Corporation,navercorp.com,South Korea,"Content/Creator Platform (Webtoon, V Live legacy)",5000,1k-5k,"Revenue ~KRW10.7T (~$8B, 2024)",Korea's top internet/content platform with global Webtoon reach and creator ecosystem; positions well for F1's fan-engagement and content-licensing plays in Asia.,,L11b
"Esports, Streaming & Creator",CJ ENM,cjenm.com,South Korea,"Media/Streaming (TVING, Mnet)",3500,1k-5k,"Revenue ~KRW3.9T (~$2.9B, 2024)","Korean media conglomerate spanning TV, streaming (TVING) and music (Mnet); fits F1's interest in K-content crossover and Korean market growth.",,L11b
"Esports, Streaming & Creator",Storytel AB,storytel.com,Sweden,Audiobook/Podcast Streaming,900,250-1k,"Revenue ~SEK3.1B (~$290M, 2024)",Nordic-headquartered audio-content streamer expanding internationally; smaller scale but public-company revenue clears the affordability bar for a regional activation.,,L11b
"Esports, Streaming & Creator",Warner Music Group,wmg.com,USA,Music Label/Publisher,6000,5k-6k,Revenue ~$6.6B (FY2024),"Major label with a deep artist roster and history of live-event/brand tie-ins; fits F1's music-at-the-track programming (post-race concerts, artist activations).",,L11b
"Esports, Streaming & Creator",Universal Music Group,universalmusic.com,Netherlands,Music Label/Publisher,15000,6k-20k,Revenue ~€11.3B (2024),World's largest music company with artists across every F1 host market; strong candidate for artist-driven race-week entertainment and soundtrack partnerships.,,L11b
"Esports, Streaming & Creator",Sony Music Entertainment,sonymusic.com,USA,Music Label/Publisher,15000,6k-20k,Part of Sony Group; revenue >$80B overall,Global label with cross-portfolio synergy via Sony Pictures/PlayStation; fits F1's growing entertainment-industry crossover strategy.,,L11b
"Esports, Streaming & Creator",Believe SA,believe.com,France,Music Label/Distribution,2000,1k-5k,Revenue ~€1.05B (2024),Fast-growing independent-artist music company headquartered in F1's traditional French heartland; offers artist-network access for race-week entertainment.,,L11b
"Esports, Streaming & Creator","HYBE Co., Ltd.",hybecorp.com,South Korea,Music Label/Entertainment (BTS),2500,1k-5k,"Revenue ~KRW2.2T (~$1.6B, 2024)","K-pop's leading label/agency with a global fanbase skewing young and international, closely matching F1's target growth demographic and Asia expansion.",,L11b
"Esports, Streaming & Creator",SM Entertainment,smtown.com,South Korea,Music Label/Entertainment,1000,250-1k,"Revenue ~KRW920B (~$700M, 2023)","Major K-pop label with a global fandom infrastructure (SM Town, fan platforms); fits F1's interest in K-pop crossover marketing seen at other sports properties.",,L11b
"Esports, Streaming & Creator",JYP Entertainment,jype.com,South Korea,Music Label/Entertainment,700,250-1k,"Revenue ~KRW517B (~$390M, 2023)","K-pop label (TWICE, Stray Kids) with a highly engaged global youth fanbase; smaller than the majors but clears the revenue bar for a targeted activation.",,L11b
"Esports, Streaming & Creator",YG Entertainment,ygfamily.com,South Korea,Music Label/Entertainment,600,250-1k,"Revenue ~KRW400-450B (~$300-340M, 2023-24)","K-pop label (BLACKPINK) with global youth-fan reach; revenue sits near the affordability threshold, so scale should be reconfirmed before outreach.",,L11b
"Esports, Streaming & Creator",BMG Rights Management (Bertelsmann),bmg.com,Germany,Music Label/Publisher,1400,1k-5k,"Revenue ~€800M (est., part of Bertelsmann >6,000 group staff)",Bertelsmann-backed global music/rights company in F1's key German market; fits artist-partnership and licensing angles for race-week content.,,L11b
"Esports, Streaming & Creator",Patreon Inc,patreon.com,USA,Creator Platform/Membership,300,250-1k,Cumulative funding ~$407M raised,"Leading creator-membership platform; a partnership would let F1 drivers/teams and motorsport creators build direct fan-funded content, extending F1's creator-economy footprint.",,L11b
"Esports, Streaming & Creator",Kajabi,kajabi.com,USA,Creator Platform/Course Tools,600,250-1k,Cumulative funding ~$550M raised (2021 growth round),Creator-economy infrastructure company targeting entrepreneurs/influencers; sponsorship would position Kajabi within F1's broader creator and lifestyle content ecosystem.,,L11b
"Esports, Streaming & Creator",Fenix International (OnlyFans),onlyfans.com,United Kingdom,Creator Platform/Subscription,50,50-250,Platform revenue >$1.1B (2022),Extremely high-revenue creator platform (lean headcount but massive revenue) looking to diversify its brand image; F1's lifestyle/glamour positioning offers a rebrand-adjacent sponsorship angle worth vetting for brand-safety fit.,,L11b
"Esports, Streaming & Creator",Rumble Inc,rumble.com,USA,Video Streaming/Creator Platform,200,50-250,Cumulative funding >$700M (incl. 2025 Tether investment); public NASDAQ: RUM,Fast-growing alternative video platform investing heavily in live sports/creator content; well-capitalized and actively pursuing sports-rights and sponsorship deals.,,L11b
"Esports, Streaming & Creator",Snap Inc,snap.com,USA,Creator Platform/Social,5300,5k-6k,Revenue ~$5.4B (2024),"Snapchat's young, mobile-first audience and AR/creator tools fit F1's push into Gen-Z engagement, echoing Snap's existing sports-league AR lens partnerships.",yes,L11b
"Esports, Streaming & Creator",Reddit Inc,reddit.com,USA,Fan Community/Creator Platform,2000,1k-5k,Revenue ~$1.3B (2024),"Home to one of the largest, most engaged F1 fan communities (r/formula1); an official partnership could formalize AMAs, live-race threads, and ad products around that existing fandom.",yes,L11b
"Esports, Streaming & Creator",Audacy Inc,audacyinc.com,USA,Radio/Podcast Network,4600,1k-5k,Revenue ~$900M (2024),Major US radio/podcast operator with sports-talk stations; fits F1's US audience growth via local-market radio promotion and podcast content deals.,,L11b
"Esports, Streaming & Creator",Cumulus Media Inc,cumulusmedia.com,USA,Radio/Podcast Network,3300,1k-5k,Revenue ~$780M (2024),National US radio group (Westwood One network) seeking motorsports-adjacent sponsorship and content partners as F1's US audience expands.,,L11b
"Esports, Streaming & Creator",Global Media & Entertainment,global.com,United Kingdom,Radio/Podcast Network,2000,1k-5k,Revenue ~£500-600M (est.),"UK's largest commercial radio group (Capital, Heart, Radio X) in F1's home market; fits promotional tie-ins around the British GP and UK fan campaigns.",,L11b
"Esports, Streaming & Creator",Bauer Media Group,bauermedia.com,Germany,Radio/Publishing Network,10000,6k-20k,Revenue >€2B (privately held international group),"Large pan-European radio/publishing group with strong presence in F1 markets (UK, Germany, Poland); scale supports a multi-market F1 content and promotion partnership.",,L11b
"Esports, Streaming & Creator",Stats Perform,statsperform.com,United Kingdom,Sports Data & Media,1900,1k-5k,"Revenue ~$300M+ (private, Vista Equity-backed)",Major sports-data/AI provider (Opta) serving global leagues; fits F1's growing use of performance data and media products for broadcasters and fans.,,L11b
"Esports, Streaming & Creator",DAZN Group,dazn.com,United Kingdom,Live Sports Streaming,4000,1k-5k,"Revenue >$2B (est., private)","Global sports-streaming platform aggressively bidding for live-rights and brand deals; strong fit given DAZN's ambition to be the go-to app for global sports fans, F1 included.",,L11b
"Esports, Streaming & Creator",Fanatics Holdings Inc,fanatics.com,USA,Fan Engagement/Merchandise,22000,20k+,"Revenue >$8B (2024, private)","Dominant licensed-merchandise and fan-engagement platform across major leagues; a natural fit to expand into official F1 merchandising, trading cards, and betting products.",yes,L11b
"Esports, Streaming & Creator",Overtime,overtime.tv,USA,Sports Media/Creator Content,300,250-1k,"Cumulative funding ~$270M+ (Series D $100M in 2023, Spotify/Bezos-backed); near but not confirmed above the $300M cumulative gate — verify before outreach","Youth-skewing sports media brand built for short-form/creator-style content; strong alignment with F1's push into younger, digitally-native audiences via highlight and personality-driven content.",,L11b
"Esports, Streaming & Creator",Sorare SAS,sorare.com,France,Fan Engagement/Fantasy & NFT,170,50-250,Cumulative funding ~$730M raised (incl. $680M Series B),Fantasy/digital-collectibles platform already partnered with major football leagues and MLB; well-capitalized and a plausible fit for an official F1 fantasy or digital-collectibles product.,,L11b
"Esports, Streaming & Creator",Endeavor Group Holdings (IMG),endeavorco.com,USA,Sports Media/Talent & Events,8000,6k-20k,"Revenue >$5B (est., taken private by Silver Lake 2025)","Global sports, media and talent conglomerate (IMG, WWE, UFC) with deep event-production and media-rights expertise; natural partner for F1 content production or talent/entertainment crossovers.",,L11b
"Esports, Streaming & Creator",The New York Times Company (The Athletic),nytimes.com,USA,Sports Media/Subscription Journalism,6100,6k-20k,Revenue ~$2.4B (2024),The Athletic has built out dedicated F1 beat coverage as US interest surges; a sponsorship/content partnership would formalize that coverage and reach NYT's premium subscriber base.,yes,L11b
"Esports, Streaming & Creator",Penn Entertainment Inc (theScore),pennentertainment.com,USA,Sports Media & Betting App,19000,6k-20k,Revenue ~$2.7B (2024),Owner of theScore sports-media app and ESPN Bet's operating partner; fits F1's growing US betting-audience overlap and app-based fan engagement.,yes,L11b
"Esports, Streaming & Creator",Yahoo Inc (Yahoo Sports),yahoo.com,USA,Sports Media/Fantasy,9000,6k-20k,"Revenue ~$1.6-2B (est., private under Apollo)",Long-standing sports-media and fantasy-sports portal with a large US audience; F1 fantasy/content integration would tap Yahoo's established fantasy-sports infrastructure.,,L11b
"Esports, Streaming & Creator",beIN Media Group,beinmediagroup.com,Qatar,Sports Media/Broadcast,3000,1k-5k,"Revenue >$1B (est., private)","Major global sports broadcaster across MENA, Europe and Asia with deep motorsport coverage history; fits F1's Middle East growth (Qatar, Saudi Arabia, Abu Dhabi GPs).",,L11b
"Esports, Streaming & Creator",Vox Media Inc,voxmedia.com,USA,"Sports/Digital Media (SB Nation, podcasts)",1600,1k-5k,"Revenue ~$700-800M (est., post Group Nine merger)",Digital media group with SB Nation's sports-fan network and a large podcast portfolio; well positioned for F1 fan-community content and editorial sponsorship.,,L11b
"Esports, Streaming & Creator",Live Nation Entertainment,livenationentertainment.com,USA,Fan Engagement/Live Events & Ticketing,17000,6k-20k,Revenue ~$23.2B (2024),"World's largest live-event and ticketing company; race-weekend concerts and hospitality are core to F1's entertainment strategy, making Live Nation a natural production/ticketing partner.",,L11b
"Esports, Streaming & Creator",SeatGeek Inc,seatgeek.com,USA,Fan Engagement/Ticketing,700,250-1k,Cumulative funding >$500M raised,Ticketing platform with existing pro-sports team partnerships; fits F1's push to simplify race-weekend ticketing and hospitality for new US fans.,yes,L11b
"Esports, Streaming & Creator",Vivid Seats Inc,vividseats.com,USA,Fan Engagement/Ticketing,700,250-1k,"Revenue ~$785M (2024, public NASDAQ)","Publicly traded resale-ticketing marketplace already sponsoring US pro teams/venues; F1's US race growth (Vegas, Miami, Austin) offers a natural secondary-ticketing tie-in.",yes,L11b
"Esports, Streaming & Creator",Eventbrite Inc,eventbrite.com,USA,Fan Engagement/Event Platform,700,250-1k,"Revenue ~$300M (2023, public NYSE)","Self-serve event and experiences platform used heavily by fan-club and watch-party organizers; fits F1's grassroots, fan-club-level engagement outside official ticketing.",yes,L11b
"Esports, Streaming & Creator",Chiliz / Socios.com,chiliz.com,Malta,Fan Engagement/Fan Tokens,400,250-1k,Revenue/funding not clearly verified above gate thresholds — flag for confirmation before outreach,"Already runs fan-token programs with individual F1 teams (Aston Martin, Sauber/Alfa Romeo), showing appetite for F1 activation; a series-level partnership would be a natural expansion, but financial scale needs verification and existing team deals should be checked for conflicts.",,L11b
Lending & RegTech,Affirm,affirm.com,US,BNPL,2700,1k-5k,Public (NASDAQ: AFRM); FY2024 revenue ~$2.3B,"US BNPL leader chasing younger, high-income shoppers; F1's fastest-growing US fanbase is a prime acquisition channel for checkout financing.",yes,L12a
Lending & RegTech,Klarna,klarna.com,Sweden,BNPL,4000,1k-5k,"Public (NYSE: KLAR, 2025 IPO); FY2024 revenue ~$2.8B",Explicitly not on the current F1 sponsor roster despite category scale; global BNPL leader whose e-commerce footprint mirrors F1's international calendar.,yes,L12a
Lending & RegTech,Zilch,zilch.com,UK,BNPL,291,250-1k,Raised $175M+ in 2025 (KKCG-led) on top of prior rounds; well over $150M/24mo,UK-born BNPL unicorn scaling into the US; F1's UK/US crossover audience and the Silverstone home race fit its growth markets.,yes,L12a
Lending & RegTech,Sezzle,sezzle.com,US,BNPL,700,250-1k,Public (NASDAQ: SEZL); FY2024 revenue ~$271M,"US BNPL challenger with a young, mobile-first user base squarely in F1's fastest-growing demographic.",yes,L12a
Lending & RegTech,Tamara,tamara.co,Saudi Arabia,BNPL,1200,1k-5k,New $1.4B+ financing facility (2025) plus prior $340M Series C; well past $150M/24mo,Saudi Arabia hosts a race (Jeddah) and is investing heavily in motorsport; Tamara is the Kingdom's first fintech unicorn and a natural regional partner.,,L12a
Lending & RegTech,Tabby,tabby.ai,UAE,BNPL,4500,1k-5k,"$160M Series E (2025) at $3.3B valuation, secondary at $4.5B; MENA's most valuable fintech","MENA's largest BNPL platform in a region with two races (Abu Dhabi, Saudi) and deep Gulf sponsorship investment in motorsport.",yes,L12a
Lending & RegTech,Kredivo,kredivo.com,Indonesia,BNPL,660,250-1k,$660M cumulative funding; $270M round led by Mizuho (2023),Leading Southeast Asian BNPL/digital credit platform as F1 pushes deeper into APAC engagement.,,L12a
Lending & RegTech,Zip Co,zip.co,Australia,BNPL,1000,250-1k,Public (ASX: ZIP); FY2025 revenue AU$1.08B (~$700M),Australia hosts the Melbourne GP; Zip is a top-tier ASX-listed BNPL brand with a strong US presence too.,yes,L12a
Lending & RegTech,Scalapay,scalapay.com,Italy,BNPL,258,250-1k,€943M cumulative funding incl. $497M Series B,"Italian BNPL unicorn in Ferrari's home market, with fashion/luxury retail partnerships that echo the F1 paddock.",yes,L12a
Lending & RegTech,Alma,getalma.eu,France,BNPL,653,250-1k,€210M Series C (2022) plus prior rounds; cumulative funding >$300M incl. debt,French BNPL leader expanding across Europe as F1 grows its French and broader EU footprint.,,L12a
Lending & RegTech,Katapult,katapult.com,US,BNPL / lease-to-own,130,50-250,Public (NASDAQ: KPLT); TTM revenue ~$281M,"Public lease-to-own fintech serving credit-constrained US consumers, a demographic F1's US expansion is actively courting.",,L12a
Lending & RegTech,Bread Financial,breadfinancial.com,US,BNPL / private-label credit,6000,5k-6k,"Public (NYSE: BFH); FY2025 revenue ~$2.6-4.7B; 6,000+ employees","Major US BNPL/private-label card issuer (Bread Pay, Comenity) with retailer partnerships spanning F1-adjacent lifestyle and apparel brands.",,L12a
Lending & RegTech,Sunbit,sunbit.com,US,POS financing,700,250-1k,~$710M cumulative equity+debt; $1.1B valuation (2023),"Fast-growing US point-of-sale lender (auto service, dental, veterinary) with a mainstream, broad-reach customer base.",,L12a
Lending & RegTech,Riverty,riverty.com,Germany,BNPL / consumer finance,5000,1k-5k,Bertelsmann-owned; multi-billion euro revenue across BNPL/collections,Major European BNPL and consumer-finance platform (ex-Arvato Financial Solutions) with pan-EU retail reach.,,L12a
Lending & RegTech,Upstart Holdings,upstart.com,US,AI consumer/auto lending,1500,1k-5k,Public (NASDAQ: UPST); FY2024 revenue ~$639M,"AI-underwriting personal/auto lender targeting younger borrowers, a segment over-indexing on F1's viewership growth.",,L12a
Lending & RegTech,Avant,avant.com,US,Consumer lending,800,250-1k,$1.5B+ cumulative funding; established near-prime lender at scale,Large-scale US personal loan and credit card lender with broad consumer reach.,,L12a
Lending & RegTech,Best Egg,bestegg.com,US,Consumer lending,900,250-1k,$400M+ cumulative funding; est. revenue >$400M (Marlette Funding),Top-5 US personal loan platform seeking mainstream brand-building beyond fintech-only channels.,,L12a
Lending & RegTech,Achieve,achieve.com,US,Consumer lending / debt resolution,3000,1k-5k,Est. revenue >$800M; large-scale private lender (formerly Freedom Financial Network),"One of the largest US digital consumer finance platforms (loans, debt resolution) with mass-market ad spend already.",,L12a
Lending & RegTech,LendingClub,lendingclub.com,US,Consumer lending,1000,250-1k,Public (NYSE: LC); FY2024 revenue ~$700M,"Original US P2P/personal-loan marketplace turned digital bank, competing for brand share with legacy banks already in F1.",,L12a
Lending & RegTech,Upgrade,upgrade.com,US,Consumer lending / BNPL,1000,250-1k,$165M Series G (2025) at $7.4B valuation; Flex Pay (ex-Uplift) run-rate ~$240M,Fast-growing US personal loan and card platform that acquired travel-BNPL leader Uplift — a natural fit for F1 travel-adjacent spend.,,L12a
Lending & RegTech,OppFi,oppfi.com,US,Consumer lending,420,250-1k,Public (NYSE: OPFI); FY2025 revenue ~$381M,Public near-prime lender scaling brand awareness beyond direct-response marketing.,,L12a
Lending & RegTech,Enova International,enova.com,US,Consumer & SMB lending,2500,1k-5k,Public (NYSE: ENVA); revenue ~$2.5B,"Large public online lender (NetCredit, OnDeck) with major existing media/ad budgets, a natural upsell to F1.",yes,L12a
Lending & RegTech,OneMain Holdings,onemainfinancial.com,US,Consumer lending,9000,6k-20k,"Public (NYSE: OMF); revenue ~$2.4B; 9,000+ staff",Largest US branch-based personal loan lender with a mass consumer brand-building mandate.,,L12a
Lending & RegTech,Oportun,oportun.com,US,Consumer lending,4000,1k-5k,Public (NASDAQ: OPRT); revenue ~$1B,Public lender serving credit-underserved US Hispanic and working consumers — an audience F1 is actively growing in the US.,,L12a
Lending & RegTech,MoneyLion,moneylion.com,US,Consumer lending / neobank,1000,250-1k,Acquired by Gen Digital (NASDAQ: GEN) in 2025 for ~$1B; parent revenue ~$3.9B (verify current parent/brand status before outreach),"Consumer finance super-app now backed by Gen Digital's balance sheet, clearing the affordability bar via its parent.",yes,L12a
Lending & RegTech,Mission Lane,missionlane.com,US,Credit cards / consumer lending,450,250-1k,$757M cumulative funding,Credit-builder card issuer for near-prime US consumers with strong recent funding momentum.,,L12a
Lending & RegTech,Aven,aven.com,US,Home-equity credit cards,175,50-250,$252M raised across Series D+E within 24 months; $2.2B valuation,Fast-scaling home-equity credit card fintech with fresh capital earmarked for growth marketing.,,L12a
Lending & RegTech,Lendbuzz,lendbuzz.com,US,Auto lending,350,250-1k,$2.5B cumulative funding incl. debt/ABS; filed for IPO in 2025,"AI-driven auto lender preparing to go public, well capitalized for brand investment.",,L12a
Lending & RegTech,Prosper Marketplace,prosper.com,US,Consumer lending,500,250-1k,$700M+ cumulative equity/debt funding; established personal loan marketplace,"One of the original US P2P lenders, still active at scale in personal loans and credit cards.",,L12a
Lending & RegTech,Credit Acceptance Corporation,creditacceptance.com,US,Subprime auto lending,2100,1k-5k,Public (NASDAQ: CACC); revenue ~$1.9B,Large public subprime auto lender with a sizable marketing budget and national dealer network.,,L12a
Lending & RegTech,World Acceptance Corporation,worldacceptance.com,US,Consumer installment lending,4000,1k-5k,Public (NASDAQ: WRLD); revenue ~$600M,Long-running branch-based consumer lender with national reach.,,L12a
Lending & RegTech,Regional Management Corp,regionalmanagement.com,US,Consumer installment lending,2500,1k-5k,Public (NYSE: RM); revenue ~$450M,Public installment lender serving underbanked US consumers with a growing brand marketing spend.,,L12a
Lending & RegTech,Synchrony Financial,synchrony.com,US,Private-label credit / consumer finance,20000,6k-20k,Public (NYSE: SYF); revenue ~$18B,"One of the largest US consumer finance/private-label card issuers, scale comparable to F1's existing card-network sponsors.",yes,L12a
Lending & RegTech,American First Finance,americanfirstfinance.com,US,Lease-to-own / POS lending,800,250-1k,Est. revenue >$250M (industry estimate); large-scale POS lender,Large lease-to-own/retail financing provider serving mainstream US shoppers; verify current revenue before outreach.,,L12a
Lending & RegTech,Snap Finance,snapfinance.com,US,Lease-to-own,700,250-1k,Est. revenue $300-400M (industry estimate),National lease-to-own consumer lender with a broad retail partner network; verify current revenue before outreach.,,L12a
Lending & RegTech,Elevate Credit,elevate.com,US,Consumer installment / credit lines,400,250-1k,Historically public revenue ~$380M prior to going private (2023),"Established US online installment lender (Rise, Elastic) with a large historical marketing budget; verify current scale post go-private.",,L12a
Lending & RegTech,SoFi Technologies,sofi.com,US,Consumer lending / neobank,4500,1k-5k,Public (NASDAQ: SOFI); revenue ~$2.6B,"Major US digital lender/neobank already active in marquee sports sponsorship (SoFi Stadium), showing clear appetite for premium sports marketing.",yes,L12a
Lending & RegTech,LendingPoint,lendingpoint.com,US,Consumer lending,400,250-1k,$400M+ cumulative equity/debt funding; est. revenue >$300M,Established near-prime personal loan platform with a securitization-scale balance sheet.,,L12a
Lending & RegTech,Toss (Viva Republica),toss.im,South Korea,Consumer lending / super-app,3000,1k-5k,"$400M+ cumulative funding; revenue >$700M; South Korea's largest fintech, IPO-track","South Korea's dominant fintech super-app spanning lending, credit and payments — a strong APAC growth partner for F1.",yes,L12a
Lending & RegTech,KakaoBank,kakaobank.com,South Korea,Digital bank / consumer lending,1500,1k-5k,Public (KOSPI); revenue >$1B,South Korea's largest digital-only bank with mainstream national reach into a growing APAC F1 audience.,yes,L12a
Lending & RegTech,Chime,chime.com,US,Neobank / credit builder,1500,1k-5k,$2.65B+ cumulative funding; revenue ~$1.3B; IPO'd 2025,"Largest US neobank/credit-builder brand, mass-market and youth-skewing — an ideal fit for F1's fastest-growing fan demographic.",yes,L12a
Lending & RegTech,Current,current.com,US,Neobank / credit builder,400,250-1k,$400M+ cumulative funding,"US neobank targeting younger, credit-building consumers who overlap with F1's fastest-growing fanbase.",yes,L12a
Lending & RegTech,Varo Bank,varomoney.com,US,Digital bank / credit builder,500,250-1k,$992M cumulative funding; first US neobank with a national bank charter,Nationally chartered digital bank with credit-builder products and mainstream US reach.,yes,L12a
Lending & RegTech,Robinhood Markets,robinhood.com,US,Fintech / credit card,2400,1k-5k,Public (NASDAQ: HOOD); revenue >$2B,"Robinhood Gold Card and lending products target a young, engaged investor base overlapping heavily with F1's growth audience.",yes,L12a
Lending & RegTech,CRED,cred.club,India,Credit management / lending,1500,1k-5k,$1.89B cumulative funding; FY2024 revenue ~$279M,"India's premium credit-card rewards and lending platform, targeting affluent consumers as F1's Indian fanbase grows.",yes,L12a
Lending & RegTech,Slice (Slice Small Finance Bank),sliceit.com,India,Credit cards / digital bank,2000,1k-5k,$380M+ cumulative funding; merged with a licensed small finance bank in 2024,"India's first fintech-to-bank merger in credit cards, scaling fast in a market F1 is prioritizing for growth.",,L12a
Lending & RegTech,Neo Financial,neofinancial.com,Canada,Credit cards / neobank,600,250-1k,~$190M+ cumulative funding (verify current round before outreach),Fast-growing Canadian credit-card and banking challenger with a young customer base.,yes,L12a
Lending & RegTech,Rocket Companies,rocketcompanies.com,US,Mortgage / auto / personal lending,15000,6k-20k,Public (NYSE: RKT); revenue >$5B,"One of the largest US mortgage/lending platforms with a history of major sports sponsorships (Rocket Mortgage Classic, stadium naming rights).",,L12a
Lending & RegTech,UWM Holdings,uwm.com,US,Wholesale mortgage lending,7000,6k-20k,"Public (NYSE: UWMC); revenue >$1B; 7,000+ staff",Largest US wholesale mortgage lender with a significant marketing budget and national broker network.,,L12a
Lending & RegTech,loanDepot,loandepot.com,US,Mortgage lending,5000,1k-5k,Public (NYSE: LDI); revenue ~$800M,Public mortgage lender with a large media/marketing budget seeking brand differentiation.,,L12a
Lending & RegTech,Guild Mortgage,guildmortgage.com,US,Mortgage lending,5000,1k-5k,Public (NYSE: GHLD); revenue ~$700M,Large public mortgage originator with national reach and a community-brand marketing strategy.,,L12a
Lending & RegTech,Better Home & Finance (Better.com),better.com,US,Digital mortgage lending,1000,250-1k,$1.5B+ cumulative funding (SoftBank-backed); public via SPAC (NASDAQ: BETR),Digital mortgage disruptor still well-capitalized from its SoftBank-backed history.,,L12a
Lending & RegTech,Blend Labs,blend.com,US,Mortgage / lending software,681,250-1k,Public (NASDAQ: BLND); >$300M cumulative funding pre-IPO,Public lending-technology platform powering mortgage and consumer loans for major US banks.,,L12a
Lending & RegTech,Figure Technologies,figure.com,US,Home equity / blockchain lending,700,250-1k,IPO raised $787.5M (2025); FY2024 adjusted revenue ~$339M,Newly public blockchain-powered home equity lender with fresh IPO capital for brand growth.,,L12a
Lending & RegTech,Exeter Finance,exeterfinance.com,US,Subprime auto lending,2000,1k-5k,Blackstone-backed; est. revenue >$500M at scale,"Major subprime auto finance company backed by Blackstone, serving a broad national dealer network.",,L12a
Lending & RegTech,Westlake Financial,westlakefinancial.com,US,Subprime auto lending,4000,1k-5k,Est. revenue >$500M; one of the largest privately held US auto lenders,Large-scale private auto lender with a car-buying customer base that mirrors motorsport fandom.,,L12a
Lending & RegTech,Mr. Cooper Group,mrcooper.com,US,Mortgage servicing / lending,8000,6k-20k,Public (NASDAQ: COOP); revenue >$2B,"One of the largest US mortgage servicers, well capitalized for national brand marketing.",,L12a
Lending & RegTech,PennyMac Financial Services,pennymacfinancial.com,US,Mortgage lending,4000,1k-5k,Public (NYSE: PFSI); revenue >$1B,Top-3 US mortgage originator/servicer with meaningful marketing spend.,,L12a
Lending & RegTech,New American Funding,newamericanfunding.com,US,Mortgage lending,4000,1k-5k,Est. revenue >$500M; one of the largest privately held US mortgage lenders,Major private mortgage lender investing in brand awareness beyond loan officer networks.,,L12a
Lending & RegTech,Movement Mortgage,movement.com,US,Mortgage lending,4000,1k-5k,Est. revenue >$400M; large privately held mortgage lender,Large-scale private mortgage lender with an active community/sports sponsorship history.,,L12a
Lending & RegTech,Ally Financial,ally.com,US,"Auto / consumer lending, digital bank",11000,6k-20k,Public (NYSE: ALLY); revenue >$8B,Large public digital bank and top US auto lender with a marketing-forward brand strategy.,yes,L12a
Lending & RegTech,Funding Circle,fundingcircle.com,UK,SMB lending,900,250-1k,Public (LSE: FCH); cumulative funding incl. IPO proceeds >$300M,"UK-founded SMB lending pioneer, publicly listed, with strong European small-business reach — Silverstone home-market fit.",,L12a
Lending & RegTech,iwoca,iwoca.co.uk,UK,SMB lending,700,250-1k,$270M+ equity plus large debt facilities; billions in cumulative originations,Major UK/EU SMB lender (overlap with existing sponsor category acceptable per brief) with strong small-business brand recognition.,,L12a
Lending & RegTech,YouLend,youlend.com,UK,Embedded SMB finance,545,250-1k,Est. revenue $200-500M,"Embedded-finance powerhouse behind Amazon, eBay, Shopify and SumUp merchant financing — huge platform reach (overlap with existing sponsor category acceptable per brief).",,L12a
Lending & RegTech,BlueVine,bluevine.com,US,SMB banking / lending,622,250-1k,Est. revenue $200-500M; $14B+ in loans delivered since 2013,Established US SMB lender/banking platform with a large small-business customer base.,yes,L12a
Lending & RegTech,Wayflyer,wayflyer.com,Ireland,Revenue-based SMB financing,443,250-1k,"$250M+ cumulative funding; $6B+ deployed to 6,000+ businesses",Fast-growing e-commerce financing platform with strong European and US small-business reach.,yes,L12a
Lending & RegTech,Parafin,parafin.com,US,Embedded SMB capital,169,50-250,$250M+ cumulative funding incl. large receivables facilities,"Embedded capital provider for major platforms (DoorDash, Faire) reaching a broad small-business base.",,L12a
Lending & RegTech,Capchase,capchase.com,US,Vendor / SaaS financing,100,50-250,$250M+ cumulative debt+equity funding,"B2B vendor financing platform serving enterprise tech buyers, useful for a premium B2B activation.",yes,L12a
Lending & RegTech,Biz2Credit,biz2credit.com,US,SMB lending / lending SaaS,507,250-1k,Est. revenue $200-500M; $8B+ in small business financing facilitated,"Established SMB lending and lending-technology platform (Biz2X) with global bank clients (HSBC, TATA Capital).",,L12a
Lending & RegTech,Credibly,credibly.com,US,SMB lending,400,250-1k,Est. cumulative debt/equity funding >$300M via warehouse facilities,National US SMB lender with a broad small-business merchant base; verify current funding scale before outreach.,,L12a
Lending & RegTech,Forward Financing,forwardfinancing.com,US,SMB lending,400,250-1k,Est. cumulative credit facilities >$300M,Established US small-business financing provider; verify current scale before outreach.,,L12a
Lending & RegTech,Uncapped,weareuncapped.com,UK,Revenue-based SMB financing,200,50-250,$170M+ equity plus a $400M debt facility (2023),European e-commerce financing platform with strong UK/EU small-business brand reach.,yes,L12a
Lending & RegTech,Kapitus,kapitus.com,US,SMB lending,300,250-1k,Est. cumulative credit facilities >$300M; long-running US SMB funder,One of the longest-running US alternative SMB lenders; verify current scale before outreach.,,L12a
Lending & RegTech,Fora Financial,forafinancial.com,US,SMB lending,300,250-1k,Est. cumulative funding/facilities >$300M,Established US small-business financing provider; verify current scale before outreach.,,L12a
Lending & RegTech,Ramp,ramp.com,US,Corporate cards / SMB financing,1500,1k-5k,$1.9B+ cumulative funding; ~$22.5B valuation; revenue >$300M ARR,Fastest-growing US corporate card/spend-management platform with embedded financing (Ramp Flex) and high brand ambition.,yes,L12a
Lending & RegTech,Brex,brex.com,US,Corporate cards / SMB financing,1000,250-1k,$1.5B+ cumulative funding; revenue est. >$300M ARR,Well-capitalized corporate card and business financing platform actively building premium brand awareness.,yes,L12a
Lending & RegTech,OakNorth,oaknorth.com,UK,SME banking / lending,1400,1k-5k,$1B+ cumulative equity incl. $440M SoftBank round; revenue ~$250-300M,"UK-based, profitable SME lender/bank at scale with global expansion ambitions (US, EU).",yes,L12a
Lending & RegTech,Zopa,zopa.com,UK,Digital bank / personal lending,900,250-1k,$700M+ cumulative funding; FY2023 revenue ~£227M (~$290M),UK digital bank and personal-loan pioneer with a mainstream British consumer base — Silverstone home-market fit.,yes,L12a
Lending & RegTech,Konfio,konfio.mx,Mexico,SMB lending,700,250-1k,$400M+ cumulative equity+debt funding; $1.3B valuation,"Mexico's leading SMB lending fintech, a strong partner as F1 grows its Mexico City GP audience.",yes,L12a
Lending & RegTech,Creditas,creditas.com,Brazil,Consumer lending (auto/home equity/payroll),3000,1k-5k,$1.2B+ cumulative funding; $4.8B valuation,Brazil's largest secured-lending fintech in the market hosting the São Paulo/Interlagos GP.,,L12a
Lending & RegTech,Tala,tala.co,US,Microlending (emerging markets),500,250-1k,$500M+ cumulative equity+debt funding; $800M valuation,Emerging-markets consumer lending platform aligned with F1's growth push into Southeast Asia and Latin America.,,L12a
Lending & RegTech,Cleo,meetcleo.com,UK,AI money app / credit builder,400,250-1k,$170M+ cumulative funding; reported crossing $200M+ ARR and profitability,AI-driven money app with cash-advance/credit-builder features and strong Gen Z/millennial engagement matching F1's fastest-growing fan segment.,,L12a
Lending & RegTech,London Stock Exchange Group (Refinitiv / World-Check),lseg.com,UK,Financial data & sanctions/PEP screening,"25,000+",20k+,LSEG group revenue >£8B/yr,"Owns World-Check (sanctions/PEP screening) and Refinitiv data terminals used by every compliance desk; deep pockets, global brand, no F1 sponsorship on record.",yes,L12b
Lending & RegTech,Moody's Analytics (Moody's Corporation),moodys.com,USA,Credit risk & KYC data (Orbis/Bureau van Dijk),"14,000+",6k-20k,Moody's Corp revenue ~$6B/yr,Credit risk analytics and KYC/entity data used across global banking; strong brand-prestige rationale for F1 sponsorship.,yes,L12b
Lending & RegTech,S&P Global Market Intelligence,spglobal.com,USA,Financial data & risk analytics,"35,000+",20k+,S&P Global revenue ~$12B/yr,Massive financial-data and risk-analytics business (post-IHS Markit merger); global brand fit for F1's finance-heavy audience.,yes,L12b
Lending & RegTech,FactSet Research Systems,factset.com,USA,Financial data & analytics platform,"12,000+",6k-20k,Revenue ~$2.1B/yr,Financial data terminal for investment professionals globally; public company with strong margins and brand budget.,yes,L12b
Lending & RegTech,Morningstar,morningstar.com,USA,Investment & credit research data,"10,000+",6k-20k,Revenue ~$2B/yr,Global investment research and credit-rating data brand; consumer-facing enough to benefit from F1 exposure.,yes,L12b
Lending & RegTech,Intercontinental Exchange (ICE Data Services),ice.com,USA,Financial market data & infrastructure,"10,500+",6k-20k,Revenue ~$8B/yr,"Owns NYSE and a huge fixed-income/mortgage data & infrastructure business; ample sponsorship budget, no F1 presence.",yes,L12b
Lending & RegTech,MSCI Inc.,msci.com,USA,Financial & ESG data/indices,"5,000+",1k-5k,Revenue ~$2.5B/yr,Global index/risk-data provider to asset managers; premium brand seeking institutional visibility.,yes,L12b
Lending & RegTech,Dun & Bradstreet,dnb.com,USA,Business credit & compliance data,"6,000+",5k-6k,Revenue ~$2.2B/yr,Business credit scoring and third-party risk/compliance data used globally by banks and corporates.,,L12b
Lending & RegTech,Experian,experianplc.com,Ireland,"Credit bureau, identity & fraud data","22,000+",20k+,Revenue ~$6.6B/yr,Global credit bureau and fraud/identity data leader; consumer-facing brand well suited to F1's global reach.,yes,L12b
Lending & RegTech,Equifax (incl. Kount fraud unit),equifax.com,USA,Credit bureau & fraud prevention,"24,000+",20k+,Revenue ~$5.3B/yr,"Global credit bureau that also owns Kount (fraud prevention); large consumer brand, big marketing budget.",yes,L12b
Lending & RegTech,TransUnion,transunion.com,USA,Credit bureau & identity/fraud,"10,000+",6k-20k,Revenue ~$4B/yr,Global credit bureau with fraud/identity solutions; competes directly with Experian/Equifax for brand visibility.,yes,L12b
Lending & RegTech,Broadridge Financial Solutions,broadridge.com,USA,Regulatory reporting & financial infrastructure,"14,000+",6k-20k,Revenue ~$6.4B/yr,"Backbone infrastructure/regulatory communications provider to the securities industry; ample budget, global footprint.",yes,L12b
Lending & RegTech,SS&C Technologies,ssctech.com,USA,Fund administration & compliance software,"27,000+",20k+,Revenue ~$5.8B/yr,Massive fintech/compliance software conglomerate serving asset managers and insurers globally.,yes,L12b
Lending & RegTech,Kroll (incl. Kroll Compliance),kroll.com,USA,AML/compliance advisory & risk data,"6,500+",6k-20k,"Revenue ~$1.5B+/yr (PE-backed, Stone Point Capital)",Leading financial-crime compliance and due-diligence advisory firm; global brand-building ambitions.,,L12b
Lending & RegTech,FIS (Fidelity National Information Services),fisglobal.com,USA,"Core banking, payments & financial crime compliance","55,000+",20k+,Revenue ~$14B/yr,"One of the largest core-banking/fintech infrastructure providers globally, including AML/fraud modules; deep pockets.",yes,L12b
Lending & RegTech,Fiserv,fiserv.com,USA,Core banking & financial infrastructure,"40,000+",20k+,Revenue ~$19B/yr,"Massive core-banking and payments infrastructure company; huge marketing budget, no F1 presence identified.",yes,L12b
Lending & RegTech,Jack Henry & Associates,jackhenry.com,USA,Core banking software (community banks/credit unions),"7,000+",6k-20k,Revenue ~$2.2B/yr,Public core-banking software provider to thousands of US banks/credit unions; strong balance sheet.,yes,L12b
Lending & RegTech,nCino,ncino.com,USA,Cloud banking & loan origination software,"1,800+",1k-5k,"Revenue ~$487M/yr (public, NASDAQ:NCNO)",Cloud banking operating system for banks and credit unions globally; public company with strong growth profile.,yes,L12b
Lending & RegTech,Finastra,finastra.com,UK,Core banking & financial software,"7,000+",6k-20k,Revenue ~$2B/yr (Vista Equity-backed),"One of the world's largest private fintech software firms, spanning core banking, lending and compliance.",yes,L12b
Lending & RegTech,Sopra Banking Software,soprabanking.com,France,Core banking software,"56,000+ (Sopra Steria group)",20k+,Sopra Steria group revenue ~€5.8B/yr,Major European core-banking software vendor within the large Sopra Steria group; global bank client base.,,L12b
Lending & RegTech,Avaloq (NEC),avaloq.com,Switzerland,Core banking software (wealth/private banking),"2,500+",1k-5k,Revenue ~CHF 400M/yr; parent NEC Corp revenue >$25B,Leading core-banking platform for private banks/wealth managers; NEC parent provides deep sponsorship capacity.,,L12b
Lending & RegTech,Q2 Holdings,q2.com,USA,Digital banking platform,"2,500+",1k-5k,"Revenue ~$650M/yr (public, NYSE:QTWO)",Digital banking/lending platform for US banks and credit unions; public company with solid revenue scale.,,L12b
Lending & RegTech,Alkami Technology,alkami.com,USA,Digital banking platform,"1,000+",250-1k,"Revenue ~$282M/yr (public, NASDAQ:ALKT)",Cloud-based digital banking platform serving US banks/credit unions; public company scale.,,L12b
Lending & RegTech,Zeta,zeta.tech,USA,Core banking & card issuing platform,"2,500+",1k-5k,Raised $250M round (2021) at $1.45B valuation,"Modern core-banking/card-issuing processor backed by SoftBank; global bank clients, aggressive growth ambitions.",,L12b
Lending & RegTech,Entrust (incl. Onfido),entrust.com,USA,Identity verification & digital security,"2,800+",1k-5k,Revenue ~$800M+/yr (PE-backed),Owns Onfido (identity verification) plus broad digital-identity/security portfolio serving financial institutions.,yes,L12b
Lending & RegTech,Trulioo,trulioo.com,Canada,Identity verification / KYC,400+,250-1k,Raised $394M Series D (2021),Global identity-verification network for KYC/AML compliance across 195+ countries; heavily-funded scale-up.,yes,L12b
Lending & RegTech,ID.me,id.me,USA,Identity verification (government & finance),900+,250-1k,Raised $300M+ cumulative funding,Large-scale identity-verification network used by US federal/state agencies and financial institutions.,yes,L12b
Lending & RegTech,"GBG plc (GB Group, incl. Acuant)",gbgplc.com,UK,Identity verification & fraud,"1,200+",1k-5k,"Revenue ~£238M/yr (public, LSE:GBG)",Public UK identity-verification/fraud-prevention leader with global bank and fintech customer base.,,L12b
Lending & RegTech,Transmit Security,transmitsecurity.com,Israel,Identity & fraud prevention for financial services,500+,250-1k,Raised $543M Series A (2021),One of the largest single funding rounds in identity/fraud security; heavily targets financial-services clients.,yes,L12b
Lending & RegTech,Forter,forter.com,Israel,Fraud prevention (fintech/e-commerce),700+,250-1k,"Raised $525M+ cumulative, valued >$3B",Leading fraud-prevention platform for online commerce and fintech; well-capitalized unicorn.,yes,L12b
Lending & RegTech,Riskified,riskified.com,Israel,E-commerce & fintech fraud prevention,700+,250-1k,"Revenue ~$300M/yr (public, NYSE:RSKD)",Public fraud-prevention company; strong revenue base and consumer-adjacent brand relevance.,yes,L12b
Lending & RegTech,Signifyd,signifyd.com,USA,E-commerce fraud protection,700+,250-1k,"Raised $556M+ cumulative, valued ~$1.75B","Major fraud-protection unicorn for online retail/payments; heavily funded, brand-visibility motivated.",,L12b
Lending & RegTech,NICE Ltd (NICE Actimize),nice.com,Israel,"Financial crime & compliance (AML, fraud)","8,000+",6k-20k,"Revenue ~$2.4B/yr (public, NASDAQ:NICE)",NICE Actimize is the leading AML/fraud/compliance suite for banks worldwide; public parent with large cash reserves.,yes,L12b
Lending & RegTech,BAE Systems Applied Intelligence (NetReveal),baesystems.com,UK,Financial crime (AML) software,"93,000+ (BAE Systems group)",20k+,BAE Systems revenue ~£25B/yr,NetReveal AML/fraud platform backed by a defense/technology giant with vast sponsorship capacity.,yes,L12b
Lending & RegTech,SAS Institute,sas.com,USA,Fraud & compliance analytics software,"11,000+",6k-20k,Revenue ~$3.2B/yr,Global leader in fraud/AML analytics software for banks; large private analytics company.,yes,L12b
Lending & RegTech,Palantir Technologies,palantir.com,USA,Compliance & financial crime analytics platform,"3,800+",1k-5k,"Revenue ~$2.9B/yr (public, NYSE:PLTR)","Data platform used by banks for financial-crime/compliance analytics; large public company, brand-building phase.",yes,L12b
Lending & RegTech,Diligent Corporation,diligent.com,USA,"Governance, risk & compliance (GRC) software","2,500+",1k-5k,Revenue ~$700M+/yr (Insight Partners-backed),Leading GRC/board-governance software for financial institutions and public companies globally.,,L12b
Lending & RegTech,OneTrust,onetrust.com,USA,Privacy & compliance management platform,"2,500+",1k-5k,Raised $920M+ cumulative funding,"One of the best-funded compliance-software unicorns; heavy marketing spend, global enterprise client base.",yes,L12b
Lending & RegTech,Vanta,vanta.com,USA,Compliance automation platform,600+,250-1k,Raised $150M Series C (2024) at $2.45B valuation,Fast-growing compliance-automation platform serving fintechs and financial institutions; strong recent capital raise.,yes,L12b
Lending & RegTech,Drata,drata.com,USA,Compliance automation platform,600+,250-1k,Raised $328M cumulative (incl. $200M Series C at $2B valuation),Leading compliance-automation unicorn; well-capitalized and brand-conscious for enterprise credibility.,,L12b
Lending & RegTech,Avalara,avalara.com,USA,Tax compliance software,"5,000+",1k-5k,"Revenue ~$620M/yr (acquired by Vista Equity for $8.4B, 2022)",Global tax-compliance automation platform for financial and commercial transactions; PE-backed scale.,yes,L12b
Lending & RegTech,Vertex Inc,vertexinc.com,USA,Tax compliance technology,"1,700+",1k-5k,"Revenue ~$600M/yr (public, NASDAQ:VERX)",Public tax-compliance technology provider for global enterprises and financial services.,yes,L12b
Lending & RegTech,Sovos Compliance,sovos.com,USA,Tax & regulatory compliance software,"2,000+",1k-5k,Revenue ~$400M+/yr (Hg Capital-backed),Global regulatory/tax-compliance software rollup with dozens of acquisitions; strong PE backing.,yes,L12b
Lending & RegTech,Descartes Systems Group,descartes.com,Canada,Trade compliance & denied-party screening,"2,000+",1k-5k,"Revenue ~$550M/yr (public, NASDAQ:DSGX)",Global trade/denied-party screening compliance leader; public company with steady growth and cash generation.,yes,L12b
Lending & RegTech,E2open,e2open.com,USA,Supply chain & trade compliance software,"3,400+",1k-5k,"Revenue ~$550M/yr (public, NYSE:ETWO)",Global trade-management and compliance screening platform for large enterprises.,,L12b
Lending & RegTech,CoreLogic,corelogic.com,USA,Property/mortgage risk & fraud data,"5,000+",1k-5k,Revenue ~$1.5B/yr (Stone Point/Insight Partners-backed),Major mortgage/property risk and fraud-analytics data provider to US lenders; large PE-backed scale.,,L12b
Lending & RegTech,Confluence Technologies,confluence.com,USA,Regulatory reporting for asset managers,"1,400+",1k-5k,Revenue ~$300M+/yr (Clearlake Capital-backed rollup),"Regulatory reporting and investment-data platform built via multiple large acquisitions (StatPro, Novus, etc.).",,L12b
Lending & RegTech,Plaid,plaid.com,USA,Open banking / financial data connectivity & ID verification,"1,000+",250-1k,Raised $734M+ cumulative funding,Foundational financial-data-connectivity and identity/fraud infrastructure for fintechs; heavily funded.,yes,L12b
Lending & RegTech,Envestnet | Yodlee,yodlee.com,USA,Financial data aggregation,"2,500+ (Envestnet)",1k-5k,"Envestnet revenue ~$1.1B/yr (public, NYSE:ENV)",Long-standing financial-data-aggregation platform underpinning banking apps and lending decisions globally.,,L12b
Lending & RegTech,Pagaya Technologies,pagaya.com,USA,AI credit/lending marketplace,900+,250-1k,"Revenue ~$727M/yr (public, NASDAQ:PGY)",AI-based credit and lending-decision network partnering with major banks; large public revenue base.,,L12b
Lending & RegTech,Credit Karma (Intuit),creditkarma.com,USA,Consumer credit data platform,"1,000+ (Intuit division)",250-1k,Parent Intuit revenue ~$16B/yr,Massive consumer credit-data/scoring brand under Intuit; strong brand-awareness rationale for F1.,,L12b
Lending & RegTech,Hyperscience,hyperscience.com,USA,Document AI for financial-services compliance/back-office,450+,250-1k,Raised $360M+ cumulative funding,AI document-processing platform heavily used by banks/insurers for compliance and back-office automation.,,L12b
Lending & RegTech,Addepar,addepar.com,USA,Wealth management data platform,900+,250-1k,Raised $470M+ cumulative funding,"Investment/wealth-data platform for RIAs and family offices; heavily funded, brand-conscious growth stage.",yes,L12b
Lending & RegTech,InvestCloud,investcloud.com,USA,Wealth management technology platform,"1,800+",1k-5k,Revenue ~$300M+/yr (Motive Partners/SS&C-backed),"Wealth-management technology platform for banks/advisors globally, formed via large-scale mergers.",,L12b
Lending & RegTech,Fireblocks,fireblocks.com,USA,Digital asset custody & compliance infrastructure,800+,250-1k,"Raised $1B+ cumulative, valued ~$8B",Institutional digital-asset infrastructure with built-in compliance/policy engine; one of the best-funded fintechs.,yes,L12b
Lending & RegTech,Anchorage Digital,anchorage.com,USA,Regulated crypto custody infrastructure,400+,250-1k,Raised $317M+ cumulative funding,OCC-chartered federally regulated crypto bank/custodian; well-funded and compliance-first positioning.,yes,L12b
Lending & RegTech,Deutsche Börse Group,deutsche-boerse.com,Germany,Financial market infrastructure & data,"11,000+",6k-20k,Revenue ~€5.4B/yr (public),Major European exchange/market-data operator with regulatory reporting hub; large public company.,yes,L12b
Lending & RegTech,SIX Group,six-group.com,Switzerland,Financial market infrastructure & data,"4,000+",1k-5k,Revenue ~CHF 1.7B/yr,"Swiss financial-market infrastructure and data operator (owns SIX Swiss Exchange), bank-consortium owned.",yes,L12b
Lending & RegTech,Euroclear,euroclear.com,Belgium,Post-trade financial infrastructure,"4,500+",1k-5k,Revenue ~€2B/yr,Major global post-trade settlement/custody infrastructure provider; deep-pocketed financial utility.,yes,L12b
Lending & RegTech,DTCC (Depository Trust & Clearing Corp),dtcc.com,USA,Post-trade financial market infrastructure,"4,700+",1k-5k,Revenue ~$2.4B/yr,Core US post-trade clearing/settlement infrastructure processing trillions in securities transactions daily.,yes,L12b
Lending & RegTech,Cboe Global Markets,cboe.com,USA,Financial market data & infrastructure,"1,600+",1k-5k,"Revenue ~$3.5B/yr (public, BATS:CBOE)",Global exchange operator and market-data provider; public company with strong cash flow.,yes,L12b
Lending & RegTech,Exiger,exiger.com,USA,AML & supply-chain compliance software,700+,250-1k,Raised $175M growth investment from Vista Equity Partners (2023),AI-driven financial-crime and third-party risk compliance platform serving major banks and government.,,L12b
Lending & RegTech,Kyriba,kyriba.com,USA,"Treasury, cash management & financial infrastructure","1,200+",1k-5k,Valued >$1B; raised $100M+ in recent growth funding,Leading treasury/liquidity-management SaaS platform for global corporates and banks; well-capitalized unicorn.,yes,L12b
Lending & RegTech,HighRadius,highradius.com,USA,Financial process automation (AR/credit),"3,000+",1k-5k,Raised $300M Series B (2022) at $3.1B valuation,AI-driven order-to-cash/credit-risk automation for enterprise finance teams; heavily funded unicorn.,yes,L12b
Lending & RegTech,Tipalti,tipalti.com,USA,Global payables & tax compliance automation,"1,000+",250-1k,"Raised $550M+ cumulative, valued ~$8.3B",Global mass-payables platform with built-in tax/regulatory compliance; one of fintech's best-funded unicorns.,yes,L12b
Lending & RegTech,Bloomberg L.P.,bloomberg.com,USA,Financial data & analytics terminal,"20,000+",6k-20k,Revenue >$10B/yr (private),The dominant global financial-data terminal and compliance/surveillance tools provider; vast marketing budget.,yes,L12b
Lending & RegTech,BlackLine,blackline.com,USA,Financial close & SOX compliance automation,"1,800+",1k-5k,"Revenue ~$600M+/yr (public, NASDAQ:BL)",Public financial-controls/compliance automation software used by finance teams at large enterprises.,yes,L12b
Lending & RegTech,Workiva,workiva.com,USA,Regulatory & ESG reporting compliance platform,"2,700+",1k-5k,"Revenue ~$650M+/yr (public, NYSE:WK)",SEC filing/regulatory-reporting compliance platform used by thousands of public companies; strong balance sheet.,yes,L12b
Lending & RegTech,Coupa Software,coupa.com,USA,Spend management & procurement compliance,"3,000+",1k-5k,"Revenue ~$770M/yr at acquisition (Thoma Bravo, $8B, 2023)",Business-spend-management platform with audit/compliance controls; large PE-backed enterprise software firm.,yes,L12b
Lending & RegTech,Bill.com (BILL Holdings),bill.com,USA,AP/AR automation & payment fraud prevention,"2,700+",1k-5k,"Revenue ~$1.2B/yr (public, NYSE:BILL)",Public financial-operations platform for SMBs with built-in fraud detection/compliance controls.,yes,L12b
