#,company,domain,hq_country,sector,subsector,employees_est,affordability,why_f1
1,Aiper,aiper.com,China,Premium Home & Smart Appliances,Robotic pool cleaners,90,"Revenue $200-500M (Clay est.); $100M strategic investment from Fluidra closed April 2025 as part of $160M total raised, well within last 24 months","World's #1 cordless robotic pool cleaner brand (4M+ users, 57+ countries) mid-globalization with fresh Fluidra capital; F1's outdoor-living, high-net-worth audience is a direct match for premium pool tech."
2,Aiphone,aiphone.com,Japan,Premium Home & Smart Appliances,Video intercoms & access control,400,Publicly traded (TSE); estimated revenue $200-500M range,Not an F1 sponsor; category-defining intercom/access-control brand for homes and buildings globally
3,Airmate Group Corp,airmate.com.cn,China,Premium Home & Smart Appliances,Air Purifiers & Small Appliances,3800,Publicly listed (Shenzhen:002959); est. revenue >$500M/yr,Major Chinese small-appliance/air-treatment maker seeking premium international brand positioning
4,Airweave,airweave.com,Japan,Premium Home & Smart Appliances,Performance/premium sleep tech,600,Privately held Japanese premium sleep-tech brand with an established elite-athlete/Olympic-team sponsorship history (option-3 affordability path: sponsorship spend >$1M/yr documented via multi-national-team partnerships).,"Rare sleep brand with a genuine track record of high-value sports sponsorship (Olympic teams, elite athletes across multiple countries), directly evidencing F1-scale sponsorship capacity; not an F1 partner today."
5,Ajax Systems,ajax.systems,Cyprus / Ukraine,Premium Home & Smart Appliances,Wireless security & alarm systems,5000,"Bootstrapped/profitable at scale: 4 factories, sold in 180+ countries, fast-growing European market leader","Not an F1 sponsor; sits right at the employee ceiling but is a fast-scaling, profitable European security hardware leader - good regional diversification"
6,Alarm.com,alarm.com,United States,Premium Home & Smart Appliances,Smart home security software/platform,2051,"Public (NASDAQ: ALRM); 2025 revenue $1.01B, profitable","Not an F1 sponsor; dominant SaaS platform behind thousands of security dealers, comfortably affordable"
7,Alliance Laundry Systems (Speed Queen),speedqueen.com,United States,Premium Home & Smart Appliances,Premium residential & commercial laundry appliances,"~2,500-3,000 (est.)","Privately/PE-industrial owned; revenue estimated $700M-1B — estimate, needs confirmation","Premium-positioned, made-in-USA laundry brand with a durability/performance story and growing DTC premium consumer line; motorsport-adjacent 'built to last' positioning untapped."
8,Angel Yuemei (Angel Drinking Water Equipment Co Ltd),angel-group.com,China,Premium Home & Smart Appliances,Water Purification,3500,Publicly listed (Shenzhen); est. revenue >$500M/yr,China's leading water purifier brand with global expansion strategy and high brand-visibility ambitions
9,Antolini,antolini.com,Italy,Premium Home & Smart Appliances,Luxury natural stone surfaces,1200,Family-owned global leader in luxury natural stone (marble/granite/quartzite); estimated revenue in the EUR500-600M range.,"The world's most prestigious natural-stone supplier for luxury architecture, yachts and hospitality; scale and margins support a premium sponsorship; no F1 tie."
10,Appotronics / Formovie,formovie.com,China,Premium Home & Smart Appliances,Laser TV & home cinema projectors,2000,"Public company (Shenzhen STAR Market: 688007), revenue $200-500M",No F1 sponsorship found; ALPD laser display pioneer pushing into premium home theater globally
11,Aqara (Lumi United Technology),aqara.com,China,Premium Home & Smart Appliances,Smart home robots & IoT,1000,Annual revenue ~$320-400M; total funding $262M raised (Series C $156.5M),"Leading smart-home ecosystem brand (hubs, sensors, cleaning robots) expanding aggressively into Europe/US; sponsorship would build category-leading brand awareness beyond its current smart-home-enthusiast niche."
12,Arclinea (Fantoni Group),arclinea.it,Italy,Premium Home & Smart Appliances,Luxury kitchens,1000,Part of the family-owned Fantoni Group (office furniture + Arclinea premium kitchens); estimated combined group revenue near/above EUR200-250M.,"Premium Italian kitchen brand (Arclinea) known for Michelin-chef collaborations and design-world visibility, backed by a larger profitable industrial group; affordability estimate is near the threshold so should be treated as a secondary-tier lead pending direct verification."
13,Arhaus,arhaus.com,United States,Premium Home & Smart Appliances,Premium furniture retailer,2800,"Public (NASDAQ: ARHS); FY2025 revenue $1.38B; ~2,800 employees -- confirms brief's ~2,500 band note (slightly higher, still well under 5,000).",Fast-growing premium American lifestyle furniture retailer with strong balance sheet and brand-building ambitions (record revenue + special dividend in 2025); no F1 relationship.
14,Ariens Company,ariens.com,USA,Premium Home & Smart Appliances,Garden Power Tools,3000,Private; revenue ~$580-600M/yr,Major independent outdoor power equipment maker (Ariens/Gravely) with no current sports platform; challenger vs Husqvarna/Toro
15,Arlo Technologies,arlo.com,United States,Premium Home & Smart Appliances,Smart security cameras,800,"Public (NYSE: ARLO); FY2025 revenue $529.3M, ARR $330M","Not an F1 sponsor (spun off from Netgear, independent); revenue clears $250M threshold comfortably"
16,Article,article.com,Canada,Premium Home & Smart Appliances,Premium D2C furniture,900,Vancouver-based D2C modern-design furniture retailer; historically reported revenue in the $300-400M range at scale.,"Design-forward, digitally native premium furniture brand with strong North American/European growth ambitions; revenue history supports affordability; no F1 relationship."
17,Atlas Concorde,atlasconcorde.com,Italy,Premium Home & Smart Appliances,Luxury ceramic surfaces,1500,Family-owned major Italian ceramic tile producer; estimated group revenue in the EUR400-500M range with strong export share.,Global-reach premium porcelain surfaces brand used in high-end residential/hospitality/retail projects; revenue scale supports a multi-year partnership; no F1 relationship.
18,Audio-Technica,audio-technica.com,Japan,Premium Home & Smart Appliances,Turntables & headphones with home lines,2500,"Private, profitable, 60+ year operating history; industry-estimated global group revenue $300-500M",No F1 sponsorship found; major turntable/headphone brand with strong presence at music and broadcast events
19,AVM (FRITZ!),avm.de,Germany,Premium Home & Smart Appliances,Home networking (routers/mesh),900,"Privately held, profitable; 2025 turnover €630M (~$680M) per company disclosure","Not an F1 sponsor; Germany's #1 home-networking brand (FRITZ!Box), decades of profitability"
20,B&B Italia (Flos B&B Italia Group / Design Holding),bebitalia.com,Italy,Premium Home & Smart Appliances,Design furniture house,2160,"Group (incl. B&B Italia, Louis Poulsen) reported ~2,160 employees and >EUR500M consolidated revenue -- band and revenue both verified within range.","Design Holding's B&B Italia is one of the most globally recognized Italian design houses (Investindustrial/Carlyle-backed); scale confirmed within 50-5,000 employee band unlike MillerKnoll-tier rivals; no current F1 partnership."
21,"Beijing Roborock Technology Co., Ltd.",roborock.com,China,Premium Home & Smart Appliances,Premium smart home robotic vacuums & cleaning appliances,"~2,000-3,000 (est., asset-light model)",Shanghai STAR Market-listed (688169); revenue >RMB10B (~$1.4B),Global premium smart-home appliance brand (competes with Dyson/iRobot) with aggressive Europe/US expansion and heavy performance-tech marketing that fits an F1 innovation narrative.
22,BenQ Corporation,benq.com,Taiwan,Premium Home & Smart Appliances,Home projectors & monitors,4000,"Diversified private electronics group (spun off from Acer, 2001); revenue well over $1B","No F1 sponsorship found; BenQ/Zowie already runs major esports sponsorships, showing motorsport-adjacent sponsorship appetite"
23,Bernhardt Furniture Company,bernhardtfurniture.com,United States,Premium Home & Smart Appliances,Premium American furniture manufacturer,2800,Family-owned since 1889; one of the largest family-owned furniture manufacturers in the US with estimated revenue in the $400-500M range.,"Large-scale, vertically integrated premium American furniture manufacturer with strong balance sheet from generations of profitability; no F1 tie."
24,Bertazzoni S.p.A.,bertazzoni.com,Italy,Premium Home & Smart Appliances,Premium Cookware & Ranges,700,"Private, family-owned; est. revenue >€300M/yr",Italian premium kitchen range/cookware maker with strong export growth and craftsmanship story
25,Big Green Egg,biggreenegg.com,USA,Premium Home & Smart Appliances,Grills & Outdoor Cooking (Kamado),500,"Private, profitable category leader; est. revenue >$250M/yr","Cult premium kamado grill brand with passionate global community, strong lifestyle/event activation fit"
26,BISSELL Homecare,bissell.com,United States,Premium Home & Smart Appliances,Cordless & robot vacuum cleaning,1469,"Revenue $500M-1B (Clay est.); privately held, family-owned, 150-year operating history implying strong profitability","150-year-old, family-owned floor-care leader (SpinWave robot vacuums, cordless lines) with global distribution (US, UK, EU, ANZ, Canada) and no current motorsport presence to leverage for premium brand-building."
27,Bluetti (PowerOak),bluettipower.com,China,Premium Home & Smart Appliances,Portable power stations / home backup power,1600,"1,000-5,000 employees at scale in 110+ countries; total funding ~$150M raised",Not an F1 sponsor; fast-growing global rival to EcoFlow/Jackery in home battery backup
28,BoConcept,boconcept.com,Denmark,Premium Home & Smart Appliances,Design furniture house,1300,"PE-backed Danish design furniture retailer (~1,300 employees, ~300 stores in 60+ countries); estimated group revenue in the low hundreds of millions.",Global affordable-luxury Danish design retail network with heavy urban footprint in F1 host cities; scale and franchise reach support a sponsorship case; no F1 tie.
29,Breville Group Limited,breville.com,Australia,Premium Home & Smart Appliances,Premium countertop kitchen appliances & espresso machines,"~1,300-1,600",ASX-listed (BRG); revenue ~A$1.5B (~$1B),"Design-led global premium appliance brand (Breville/Sage) with strong US, UK and Asia growth; F1's global calendar matches its multi-market retail footprint."
30,Brinks Home (Monitronics International),brinkshome.com,United States,Premium Home & Smart Appliances,Home security monitoring,1300,Public via OTCQX (SCTY); revenue in the $500-800M range,"Not an F1 sponsor; long-established residential alarm monitoring brand, distinct from Brink's Co."
31,Brita GmbH,brita.net,Germany,Premium Home & Smart Appliances,Water Filtration,1900,"Private, family-owned; est. revenue >€600M/yr as global filter-pitcher category leader",Globally dominant water-filter brand with strong sustainability messaging aligned to F1's environmental push
32,Broan-NuTone LLC,broan-nutone.com,United States,Premium Home & Smart Appliances,Range hoods & residential ventilation,"~2,500-3,500",Privately held (Trilantic Capital Partners-backed); revenue estimated $750M-960M,"Largest independent North American ventilation/range-hood maker looking to elevate its premium sub-brands (Best, Zephyr-adjacent) beyond builder-channel awareness."
33,BUNN-O-Matic Corporation,bunn.com,United States,Premium Home & Smart Appliances,Premium coffee brewing equipment (home & commercial),"~1,500-2,000 (est.)","Family-owned, decades-profitable; revenue estimated $400-500M — estimate, needs confirmation",Iconic US-made coffee equipment brand with strong engineering heritage and hospitality-channel relationships that could extend into F1 paddock/hospitality coffee service.
34,California Closets,californiaclosets.com,United States,Premium Home & Smart Appliances,Luxury closets & home storage,1200,System-wide network revenue estimated well above $500M across corporate and franchised US/international locations.,The category-defining premium custom closet brand in North America with extensive high-net-worth clientele overlap with F1 fandom; no F1 relationship.
35,Calix,calix.com,United States,Premium Home & Smart Appliances,Home networking (managed Wi-Fi/broadband platforms for smart homes),2547,Public (NYSE: CALX); revenue over $1B,"Not an F1 sponsor; powers whole-home managed Wi-Fi/smart-home platforms for 1,200+ broadband service providers"
36,Casper Sleep,casper.com,United States,Premium Home & Smart Appliances,Premium mattress & sleep,350,Historically public (NYSE: CSPR) with FY2021 revenue ~$497M before a 2022 take-private recapitalization by Durational Capital Management; remains a top-tier US sleep brand sold through thousands of retail doors.,One of the original premium DTC sleep brands with globally recognized marketing DNA and a strong historical revenue base; distinct from Eight Sleep; current post-recapitalization financials should be re-verified before outreach; no F1 tie.
37,Cecotec,cecotec.es,Spain,Premium Home & Smart Appliances,Robot vacuums & cordless cleaning,812,"Revenue ~€510M / $200-500M band (2023-24, +63% YoY); #1 small-appliance brand in Spain",Spain's leading small-appliance and robot-vacuum brand (Conga) expanding across Europe/Latin America; F1's Spanish and European fan base plus Barcelona/Madrid GP ties make this a strong regional-to-global fit.
38,Century Furniture,centuryfurniture.com,United States,Premium Home & Smart Appliances,Premium American furniture manufacturer,1800,Family-owned since 1947 with significant North Carolina manufacturing employment; estimated revenue near/above $200-250M.,Long-established premium American upholstery/casegoods house with deep to-the-trade and retail relationships; scale supports a sponsorship case; no F1 tie.
39,ChargePoint,chargepoint.com,United States,Premium Home & Smart Appliances,EV home charging,1440,Public (NYSE: CHPT); FY2025 revenue $417M,Not an F1 sponsor; leading EV charging network operator with meaningful home/residential charger line
40,Conair LLC (Cuisinart),conair.com,United States,Premium Home & Smart Appliances,"Premium countertop kitchen appliances (Cuisinart, Waring)","~2,100","Privately held; revenue in the $500M-1B band (LinkedIn/company data), diversified profitable global consumer-products company","Cuisinart is a household-name premium kitchen brand under Conair's diversified umbrella, with global retail reach that would benefit from F1's international exposure."
41,Corticeira Amorim (Amorim Revestimentos),amorim.com,Portugal,Premium Home & Smart Appliances,Premium cork & wood flooring/surfaces (public),4300,Public (Euronext Lisbon: COR); group revenue ~EUR900M.,World's largest cork products group with a premium sustainable-flooring/surfaces division used in luxury architecture; publicly disclosed financials confirm affordability; no F1 tie.
42,CP Plus (Aditya Infotech),cpplusworld.com,India,Premium Home & Smart Appliances,CCTV & security cameras,1027,"Estimated revenue $200-500M; India's largest surveillance brand with 30,000+ channel partners",Not an F1 sponsor; category leader in India's fast-growing home/business CCTV market
43,Crestron Electronics,crestron.com,USA,Premium Home & Smart Appliances,Home cinema & smart-home AV control systems,2298,"Private, revenue $500M-1B",No F1 sponsorship found; premium home-cinema/whole-home AV integration technology leader
44,"Cuckoo Homesys Co., Ltd.",cuckoo.co.kr,South Korea,Premium Home & Smart Appliances,"Premium rice cookers, water/air purifiers & kitchen appliances","~1,000-1,700 (incl. Cuckoo Electronics manufacturing arm)",KRX-listed (284740); FY2024 revenue ~KRW1.06T (~$770M),"Korea's top rental/premium appliance brand expanding into Southeast Asia, US and Middle East; targeting international brand credibility a motorsport platform would provide."
45,D-Link Corporation,dlink.com,Taiwan,Premium Home & Smart Appliances,Home networking,2000,Publicly traded (TWSE: 2332); global revenue in the $500-600M range,Not an F1 sponsor; globally recognized home Wi-Fi/router and smart-home ecosystem brand
46,d.light,dlight.com,United States (Kenya/India/China operations),Premium Home & Smart Appliances,Off-grid home solar power & lighting,1096,"Scaled multinational (1,096 employees, offices in US/Kenya/India/China); long operating history with major impact-investor backing",Not an F1 sponsor; pioneering global home solar-lighting brand serving underserved households worldwide
47,Dedon GmbH,dedon.de,Germany,Premium Home & Smart Appliances,Luxury Outdoor Furniture,1200,Private; est. revenue ~$250M+/yr on large-scale Philippines manufacturing operations,Leading global luxury outdoor furniture brand with hospitality/yacht/resort client base overlapping F1 paddock hospitality
48,Dolby Laboratories,dolby.com,USA,Premium Home & Smart Appliances,"Home cinema audio/video technology (Dolby Atmos, Dolby Vision)",2200,"Public company (NYSE: DLB), revenue ~$1.3B","No F1 sponsorship found; Dolby technology is embedded in nearly every premium AV receiver, soundbar and TV worldwide"
49,Dreame Technology,dreametech.com,China,Premium Home & Smart Appliances,Robot vacuums & cordless cleaning,2200,Annual revenue $500M-1B (Clay); total funding disclosed $250M+; sold in 120+ countries,"Fast-scaling challenger to Roborock/Ecovacs pouring capital into premium brand-building (MOVA sub-brand, global retail expansion); motorsport sponsorship would fast-track Western premium credibility."
50,Dynaudio,dynaudio.com,Denmark,Premium Home & Smart Appliances,Premium loudspeakers,250,Parent GoerTek (Shenzhen-listed) revenue ~$13.8B; well-capitalized standalone-brand subsidiary,"No F1 sponsorship found; already supplies premium automotive audio (Volvo, Genesis) showing automotive-sponsorship appetite"
51,EcoFlow,ecoflow.com,China,Premium Home & Smart Appliances,Smart home robots (robotic mowers) & portable power,2600,"Revenue ~$1B ARR (2024); $1B valuation, $104M+ raised","Fast-growing smart outdoor/home tech brand (Blade robotic mower, power stations) building premium global awareness; F1's tech-enthusiast, high-income fanbase mirrors EcoFlow's target buyer."
52,Edifier International,edifier.com,China,Premium Home & Smart Appliances,Premium speakers & home audio systems,3000,"Public company, revenue $200-500M",No F1 sponsorship found; globally distributed premium consumer audio brand across 70+ countries
53,Ekornes (Stressless),ekornes.com,Norway,Premium Home & Smart Appliances,Premium recliner furniture,2000,"Revenue estimated at ~NOK3.5B (~$330M); formerly Oslo-listed before 2018 Qumei acquisition, giving strong historical financial transparency.",Globally iconic premium Norwegian recliner brand (Stressless) with worldwide retail distribution and strong margins; revenue comfortably above threshold; no F1 tie.
54,Elica S.p.A.,elica.com,Italy,Premium Home & Smart Appliances,Range hoods & kitchen ventilation systems,"~2,600","Revenue €452.1M (2024, listed company financials) — meets $250M threshold","Borsa Italiana-listed world leader in cooker hoods seeking premium global brand halo as it pushes into North America/Asia; motorsport-grade engineering story (airflow, precision) fits an F1 partnership narrative."
55,Emma - The Sleep Company,emma-sleep.com,Germany,Premium Home & Smart Appliances,Premium mattress & sleep (D2C),1256,"Majority owned by Franz Haniel & Cie; FY2023 revenue reported at EUR873-962M; ~1,256 employees.",One of Europe's largest D2C sleep brands with hundreds of millions in revenue and an aggressive international performance-marketing playbook; distinct from Eight Sleep; no current F1 deal.
56,Enphase Energy,enphase.com,United States,Premium Home & Smart Appliances,Home solar & battery energy systems,2872,Public (NASDAQ: ENPH); revenue well over $1B,"Not an F1 sponsor; verified employee count keeps it inside the 50-5,000 band despite being a major public solar name"
57,Evoca Group (Gaggia / Saeco / Necta / Wittenborg),evocagroup.com,Italy,Premium Home & Smart Appliances,Professional & home espresso/coffee machines,"~2,000",Revenue >€450M (~$490M+); Lone Star Funds private-equity backed with capital deployment well beyond the $150M/24-month bar,Owns iconic Gaggia and Saeco espresso brands; global hospitality/coffee-culture footprint pairs naturally with F1 paddock/VIP hospitality activations.
58,Fenix Outdoor International AG,fenixoutdoor.se,Sweden,Premium Home & Smart Appliances,Outdoor Living & Camping Gear,1900,Public (Nasdaq Stockholm/SIX); revenue ~SEK 3B (~$280M)/yr,"Profitable Nordic outdoor-lifestyle group (Fjällräven, Primus, Tierra) with premium brand portfolio and no F1 history"
59,Fisher & Paykel Appliances,fisherpaykel.com,New Zealand,Premium Home & Smart Appliances,Premium major kitchen & laundry appliances,"~2,300-3,300","Revenue ~NZ$1.6B (~US$1B, 2025); majority-owned by Haier since 2012 but run as an independent standalone brand/management team out of Auckland with its own P&L","Design-led premium New Zealand brand with strong ANZ, US and Asia footholds looking for global prestige marketing; standalone operating brand distinct from Haier's mass-market portfolio."
60,Fissler GmbH,fissler.com,Germany,Premium Home & Smart Appliances,Premium Cookware,1500,"Private, 170-year-old heritage brand; est. revenue $250-300M/yr, moderate-confidence estimate",Premium German engineering-cookware brand with strong European retail presence; natural DACH-market F1 fit
61,Florim Ceramiche,florim.com,Italy,Premium Home & Smart Appliances,Luxury ceramic surfaces,2200,"Privately held (Bulgarelli family); estimated group revenue ~EUR500M across Floor Gres, Rex, Casa dolce Casa and CEDIT premium brands.",Major Italian premium ceramic-surfaces manufacturer with strong architecture/design specification business and export orientation; scale supports affordability; no F1 relationship.
62,Focal-Naim (Vervent Audio Group),focal.com,France,Premium Home & Smart Appliances,"Hi-fi speakers, amplifiers & headphones",430,"Vervent Group revenue ~€110M; being fully acquired by Barco (Euronext Brussels, revenue $1B-10B) as of March 2026",No F1 sponsorship found; French audio engineering heritage brand (Naim already supplies Bentley/JLR automotive audio)
63,Fox ESS,fox-ess.com,China,Premium Home & Smart Appliances,Home solar & battery storage,1500,Estimated revenue $200-500M; $100-250M raised; active in 70+ countries,Not an F1 sponsor; fast-scaling residential inverter/storage brand with strong EU/LatAm distribution
64,Genetec,genetec.com,Canada,Premium Home & Smart Appliances,Security video management & access control,2354,Privately held; estimated revenue $200-500M,"Not an F1 sponsor; Montreal-based unified security-software leader, strong North American anchor"
65,Ginlong Technologies (Solis),ginlong.com,China,Premium Home & Smart Appliances,Home solar inverters,2000,Public (Shenzhen: 300763); estimated revenue $200-500M,Not an F1 sponsor; one of the world's top-5 solar inverter makers (Solis brand) with a strong residential line
66,Glen Raven (Sunbrella),sunbrella.com,United States,Premium Home & Smart Appliances,Premium performance/outdoor textiles,3200,Privately held US textile manufacturer; estimated group revenue >$700M.,"Sunbrella is the definitive premium performance-fabric brand for luxury outdoor/marine/interior furniture, with a heritage of marine and motorsport-adjacent material innovation; no F1 tie."
67,Godrej Interio,godrejinterio.com,India,Premium Home & Smart Appliances,Premium furniture (India),2500,"Business unit of Godrej & Boyce; estimated segment revenue near/above $250M and a large, profitable Indian furniture manufacturing/retail footprint.","Leading premium Indian furniture brand positioned to capture India's growing F1 fanbase (post-2023 Indian GP interest); part of a storied, deep-pocketed conglomerate; no F1 relationship."
68,Govee,govee.com,China / United States,Premium Home & Smart Appliances,Smart lighting,700,Estimated revenue $200-500M based on market data,"Not an F1 sponsor; one of the top global smart-lighting DTC brands (LED strips, ambient lighting)"
69,Growatt New Energy,growatt.com,China,Premium Home & Smart Appliances,Home solar inverters & energy storage,2000,Global #1 residential inverter supplier by shipment volume (S&P Global/Wood Mackenzie); revenue estimated well above $250M,Not an F1 sponsor; world-leading residential solar/storage brand sold in 100+ countries
70,Hacker Kuchen,haecker-kuechen.de,Germany,Premium Home & Smart Appliances,Premium kitchens,2200,One of Germany's largest family-owned kitchen manufacturers; estimated group revenue >EUR700M.,"Large, profitable German premium kitchen manufacturer with pan-European distribution and design credentials; revenue comfortably clears the bar; no F1 tie."
71,Hamilton Beach Brands Holding Company,hamiltonbeach.com,United States,Premium Home & Smart Appliances,Premium/mid small kitchen appliances,"~1,100-1,400",NYSE-listed (HBB); revenue ~$650M,"Long-established, profitable, publicly traded US small-appliance maker actively premiumizing its portfolio and expanding commercial/international channels."
72,"Hangzhou Robam Appliances Co., Ltd.",robam.com,China,Premium Home & Smart Appliances,"Premium range hoods, cooktops & built-in kitchen appliances","~1,000-5,000 (LinkedIn-banded; best estimate ~3,000-4,000)","SZSE-listed (002508); China's #1 premium range-hood brand, revenue estimated well above RMB10B (~$1.4B) — figures need fresh confirmation",China's premier high-end kitchen appliance brand seeking to build global recognition beyond APAC as it expands into Europe and the Middle East.
73,Hastens,hastens.com,Sweden,Premium Home & Smart Appliances,Ultra-luxury mattresses,350,"Family-owned since 1852 with ultra-premium pricing (beds from ~$80K); documented luxury-lifestyle collaboration history (e.g., Bugatti co-branded bed) supporting the option-3 sponsorship-history affordability path.","Named seed brand; a proven collaborator with automotive luxury (Bugatti) and design/equestrian events, directly evidencing willingness and capacity to fund high-visibility lifestyle partnerships; no F1 tie."
74,Hayward Holdings,hayward.com,United States,Premium Home & Smart Appliances,Pool tech & robotic cleaners,1439,"Public company (NYSE: HAYW); revenue $1B-10B band, reported ~$1.05B","Leading IoT-enabled pool equipment maker (SmartPad ecosystem, robotic cleaners) with strong North American/European footprint and marketing budget to match a global platform sponsorship."
75,Helix Sleep (incl. Birch),helixsleep.com,United States,Premium Home & Smart Appliances,Premium mattress & sleep,450,Large US DTC sleep company (Helix + Birch + Leesa portfolio via parent) with revenue estimated in the $200-300M range and continued growth.,Fast-scaling premium/personalized sleep brand with strong performance-marketing DNA well matched to F1 audiences; not affiliated with Eight Sleep or Tempur Sealy; no F1 deal.
76,HexClad,hexclad.com,USA,Premium Home & Smart Appliances,Premium Cookware,200,$100M raised Jul 2024 from Studio Ramsay/Fox Corp at ~$1B valuation; rapid DTC revenue growth,"Viral, celebrity-backed (Gordon Ramsay) premium cookware brand with media-savvy growth marketing approach"
77,Hooker Furnishings,hookerfurnishings.com,United States,Premium Home & Smart Appliances,Premium furniture (public),1300,Public (NASDAQ: HOFT); revenue ~$500M.,"Listed US furniture group (Hooker, Sunset West, Home Meridian) with upper-premium positioning and transparent financials confirming affordability; no F1 tie."
78,Hoymiles Power Electronics,hoymiles.com,China,Premium Home & Smart Appliances,Home solar microinverters & storage,1600,Publicly listed (Shanghai STAR Market); revenue $500M-1B,Not an F1 sponsor; global MLPE/microinverter leader serving homeowners in 190+ countries
79,IFB Industries Ltd,ifbindustries.com,India,Premium Home & Smart Appliances,"Premium washing machines, dishwashers & kitchen appliances","~4,000-4,300",BSE-listed (502726); revenue estimated ~$450-500M,Leading Indian premium appliance and engineering company diversifying its brand beyond washing machines; regional growth story fits F1's expanding Indian audience.
80,Igloo Products Corp,igloocoolers.com,USA,Premium Home & Smart Appliances,Outdoor Living (Coolers),1000,PE/family-owned; est. revenue $300-400M/yr,Iconic global outdoor cooler brand with wide distribution; no existing F1 presence
81,Instant Brands Holdings (Instant Pot),instantbrands.com,United States,Premium Home & Smart Appliances,Premium countertop electric cookers & small appliances,"~1,000-1,500 (est., post-2023 restructuring)",Private-equity backed following 2023 Chapter 11 restructuring; estimated revenue >$400-500M — post-restructuring financials should be reconfirmed before outreach,Globally viral premium kitchen brand rebuilding its marketing engine post-restructuring; a high-visibility platform like F1 would support a brand-relaunch narrative.
82,Intelbras,intelbras.com.br,Brazil,Premium Home & Smart Appliances,"Security cameras, alarms & networking",4900,Publicly traded on B3 (INTB3); reported group revenue in the ~$900M-1B range,"Not an F1 sponsor; Latin America's leading CCTV/alarm/networking manufacturer, strong LatAm brand equity"
83,Interface Inc.,interface.com,United States,Premium Home & Smart Appliances,Premium commercial flooring/surfaces,3800,Public (NASDAQ: TILE); LTM revenue ~$1.4B.,"Design-led, sustainability-pioneering premium flooring/carpet-tile leader (FLOR, nora) with global specification business; publicly disclosed financials confirm affordability; no F1 tie."
84,International Audio Group (IAG),iagworld.com,China,Premium Home & Smart Appliances,"Loudspeakers & AV receivers (Wharfedale, Quad, Mission, Audiolab)",2000,"One of the world's largest loudspeaker manufacturers by volume; multi-brand portfolio implies revenue above $250M -- precise financials not independently confirmed, recommend direct verification",No F1 sponsorship found; heritage British hi-fi brand portfolio manufactured at large scale
85,IQAir AG,iqair.com,Switzerland,Premium Home & Smart Appliances,Air Purifiers,450,"Private, family-owned; est. revenue near/above $250M/yr as global premium market leader (moderate confidence)",Premium air-quality technology leader sold in 100+ countries; sustainability/health story fits F1 messaging
86,Iris Ceramica Group,irisceramicagroup.com,Italy,Premium Home & Smart Appliances,Luxury ceramic/porcelain surfaces,3000,"Family-owned (Romani family) Italian large-format porcelain surfaces group; estimated group revenue in the EUR700-800M range across FMG, Ariostea, Iris and other premium brands.",Global leader in premium architectural porcelain surfaces used in luxury real estate and hospitality; scale well above the revenue bar and within the employee band; no F1 tie.
87,Iseki & Co Ltd,iseki-global.com,Japan,Premium Home & Smart Appliances,Garden & Compact Tractors,1300,Public (TYO:6310); est. revenue >$400M/yr,Established Japanese compact-tractor/garden-equipment maker expanding globally; precision-engineering brand fit
88,Jackery,jackery.com,China,Premium Home & Smart Appliances,Portable power stations / home backup power,1800,Listed on Shanghai STAR Market (688317.SH); revenue in the RMB 3-4B (~$450-550M) range,"Not an F1 sponsor; publicly listed portable-power pioneer, revenue clears $250M by a wide margin"
89,Jura Elektroapparate AG,jura.com,Switzerland,Premium Home & Smart Appliances,Luxury home & office espresso machines,"~850-1,000","Privately held; revenue in the CHF700-800M range (last disclosed CHF704M/861 FTE in 2021, since grown); decades of profitable category leadership","Swiss precision-engineering positioning ('If not now, then when?') and an affluent-lifestyle customer base align tightly with F1's brand values; currently sponsors tennis (Federer) but not motorsport."
90,Kahrs Group,kahrsgroup.com,Sweden,Premium Home & Smart Appliances,Premium wood flooring,800,Group sales reported at SEK 2.1-4.0B in recent years (~$200-380M); 751-818 employees.,"Market-leading premium hardwood/engineered flooring group across Nordics, UK, US, DACH; revenue near/above the $250M bar with a lean, well-under-5,000 workforce; no F1 tie."
91,Karimoku Furniture,karimoku.co.jp,Japan,Premium Home & Smart Appliances,Premium furniture manufacturer,3500,"Japan's largest furniture manufacturer; estimated group revenue well above $250M across Karimoku Furniture, Karimoku Case and Karimoku Commercial.",Dominant premium Japanese wood-furniture manufacturer with growing international design collaborations (Karimoku Case); strong APAC anchor for global-spread requirement; no F1 tie.
92,KEF (GP Acoustics),kef.com,United Kingdom,Premium Home & Smart Appliances,Premium loudspeakers,361,"KEF entity revenue $200-500M; backed by Gold Peak Technology Group (Hong Kong-listed, multi-billion-dollar diversified parent)","No F1 sponsorship found; iconic British hi-fi engineering brand (standalone-brand subsidiary of Gold Peak, per seed guidance)"
93,Kent RO Systems Ltd,kent.co.in,India,Premium Home & Smart Appliances,Water Purification,3500,"Private, profitable; est. revenue ~$240-280M/yr (near threshold, moderate confidence)",India's top water-purifier brand pursuing premiumization and international expansion
94,Kettler International,kettler.net,Germany,Premium Home & Smart Appliances,Outdoor Furniture & Leisure,1000,"Private; est. revenue €200-300M/yr, moderate-confidence estimate",German outdoor furniture/leisure brand with pan-European retail presence
95,Kinetico Incorporated,kinetico.com,USA,Premium Home & Smart Appliances,Water Filtration/Purifiers,800,"Private; est. revenue $150-250M/yr, moderate-confidence estimate",Established US water-softening/filtration technology leader with dealer network across 100+ countries
96,King Living,kingliving.com,Australia,Premium Home & Smart Appliances,Premium furniture manufacturer,1100,"Privately held Australian design furniture manufacturer with international showrooms (US, UK, Asia); estimated revenue in the AUD200-300M range.",Global-reach Australian design house well matched to the Melbourne/Australian GP market and international expansion goals; no F1 tie.
97,Klipsch / Premium Audio Company,klipsch.com,USA,Premium Home & Smart Appliances,Speakers & home AV components (incl. Onkyo/Pioneer/Jamo brands),800,"Voxx International segment revenue $427.5M; Voxx now a Gentex Corporation company (public, revenue $1B-10B)",No F1 sponsorship found; iconic US speaker brand with strong Americana/motorsport-adjacent heritage marketing
98,Kvadrat,kvadrat.dk,Denmark,Premium Home & Smart Appliances,Luxury upholstery & interior textiles,1700,"Estimated group revenue >EUR300M; profitable, family/foundation-linked Danish textile house supplying luxury furniture, auto and hospitality interiors.","The world's leading high-design textile house (Kvadrat/Raf Simons, Kvadrat Febrik) with deep design-world credibility and history of art/design collaborations; no F1 relationship."
99,"Kyungdong Navien Co., Ltd.",navien.com,South Korea,Premium Home & Smart Appliances,"Premium water heating, boilers & home comfort systems","~2,000-3,000 (est.)",KOSDAQ-listed (092790); revenue estimated ~$1B,Fast-growing premium major-appliance category (water heating/HVAC) leader expanding hard in North America; adjacent to core kitchen/appliance bucket as a 'major appliance' regional champion.
100,L. & J.G. Stickley (Stickley Furniture),stickley.com,United States,Premium Home & Smart Appliances,Premium American furniture manufacturer (heritage),1000,Family-owned since 1900 with large vertically integrated US factories (NY and NC); estimated revenue in the $150-250M range.,"Iconic heritage American premium furniture brand with strong manufacturing scale and design credibility; revenue near threshold, backed by long-run profitability; no F1 tie."
101,La Marzocco S.r.l.,lamarzocco.com,Italy,Premium Home & Smart Appliances,Luxury espresso machines & grinders,~700-800,"Revenue >€220M and growing (last disclosed figure, Riverside Company growth-equity backed); trajectory implies current revenue near/above $250M",Cult premium Italian espresso brand central to specialty-coffee culture globally; Riverside's growth-capital backing supports a marquee sponsorship push into new territories.
102,Landmann GmbH & Co KG,landmann.de,Germany,Premium Home & Smart Appliances,Grills & Outdoor Cooking,500,"Private; est. revenue €150-250M/yr, moderate-confidence estimate",European grill brand with broad distribution across DACH and export markets
103,Le Creuset SAS,lecreuset.com,France,Premium Home & Smart Appliances,Premium Cookware,2100,Private; est. revenue well above $250M/yr as globally iconic luxury cookware brand,Globally recognized premium French cookware brand with strong gifting/retail business and brand equity to leverage
104,LEDVANCE,ledvance.com,Germany,Premium Home & Smart Appliances,Smart lighting,2680,Publicly traded; revenue $500M-1B,"Not an F1 sponsor (distinct from Signify/Philips Hue, which IS excluded); OSRAM's former general-lighting arm with a growing smart-lighting line"
105,Levantina,levantina.com,Spain,Premium Home & Smart Appliances,Luxury natural stone surfaces,1500,Major Spanish natural stone/quartz surfaces company (Cosentino peer); estimated revenue in the EUR300-400M range.,Global premium natural-stone and engineered-surfaces manufacturer supplying luxury real estate worldwide; positioned as a Cosentino-scale alternative that still fits the employee band; no F1 tie.
106,Lexington Home Brands,lexington.com,United States,Premium Home & Smart Appliances,Premium American furniture manufacturer,1100,"Privately held multi-brand US furniture company (Lexington, Tommy Bahama Home, Tommy Bahama Outdoor Living); estimated revenue in the $300-400M range.",Established premium/lifestyle American furniture group with strong licensed-brand marketing experience directly transferable to sponsorship activation; no F1 tie.
107,Ligne Roset,ligne-roset.com,France,Premium Home & Smart Appliances,Design furniture house,2000,"Family-owned French design furniture house with several vertically integrated French factories employing an estimated ~2,000 people; profitable multi-generational business.","Named seed brand; one of the largest vertically integrated design furniture manufacturers in France with a genuinely large manufacturing workforce, indicating substantial scale despite private ownership; no F1 tie."
108,Lodge Manufacturing (Lodge Cast Iron),lodgecastiron.com,USA,Premium Home & Smart Appliances,Premium Cookware,1700,"Private, family-owned, profitable; est. revenue >$250M/yr as America's largest cast-iron cookware maker",Iconic heritage American cookware brand with broad outdoor-cooking crossover appeal; no F1 sponsorship history
109,Loxone,loxone.com,Austria,Premium Home & Smart Appliances,Home & building automation,1000,"Privately held; ~1,000 employees at 45 locations, revenue estimated $300M-1B range","Not an F1 sponsor; Europe's leading independent whole-home automation platform (300,000+ projects)"
110,Lutron Electronics,lutron.com,United States,Premium Home & Smart Appliances,Smart lighting controls & shades,3373,"Privately held, family-owned; long-standing market leader in lighting controls, decades of profitability","Not an F1 sponsor; verified employee count (3,373) confirms it is inside the size band despite its scale/market dominance"
111,M-KOPA,m-kopa.com,"United Kingdom (operations across Kenya, Nigeria, Uganda, Ghana, South Africa)",Premium Home & Smart Appliances,Pay-as-you-go home solar & connected-device financing,3360,"Revenue in the $1B-10B band per company data; extended $2B+ in consumer credit, 7M+ customers","Not an F1 sponsor; Africa's largest connected pay-as-you-go solar-home-system platform, strong Africa footprint for the target's global-spread goal"
112,Marshall Group,marshall.com,Sweden,Premium Home & Smart Appliances,Heritage headphones & speakers with home lines,653,Revenue ~$389M (2023) after Zound Industries + Marshall Amplification merger,"Not found on any 2026 F1 team/global partner list; culture-forward brand already active in live music/festival sponsorship, seed flagged as clean"
113,Maytronics,maytronics.com,Israel,Premium Home & Smart Appliances,Robotic pool cleaners,662,"Public company; revenue $200-500M (Clay est., consistent with historical ~$300-400M); ~2M active Dolphin users worldwide",Category-defining robotic pool cleaner brand (Dolphin) with global distribution across 50+ countries; F1's affluent poolside/outdoor-living demographic is a natural fit for premium pool robotics.
114,Molteni Group,molteni.it,Italy,Premium Home & Smart Appliances,"Luxury furniture & kitchens (incl. Dada, Unifor, Citterio)",1137,"FY2025 group revenue ~EUR560M (record year), 1,137 employees -- comfortably clears the $250M revenue bar.","Fast-growing, profitable Italian design conglomerate spanning residential and contract furniture/kitchens; scale and growth trajectory support a multi-year sponsorship; no current F1 tie."
115,Multilaser (Grupo Multilaser),multilaser.com.br,Brazil,Premium Home & Smart Appliances,Smart home devices & consumer electronics,4578,Revenue $500M-1B; one of Brazil's 200 largest companies,Not an F1 sponsor; Brazil's leading consumer-tech conglomerate with a growing Multilaser Smart Home line
116,Napoleon (Wolf Steel Ltd),napoleon.com,Canada,Premium Home & Smart Appliances,Grills & Outdoor Cooking,1800,"Private, family-owned; est. revenue >$400M/yr across grills+fireplaces (multi-plant manufacturer)",Leading premium grill/outdoor-living manufacturer with global distribution and no existing motorsport platform
117,Narwal Robotics,narwal.com,China,Premium Home & Smart Appliances,Robot vacuums & mops,1200,"Revenue $200-500M band (Clay est.); total funding $100-250M, Series E closed April 2025",Top-tier Chinese robot vacuum/mop challenger (700K+ households) with fresh Series E capital and IPO ambitions; a global motorsport platform would support its push into Western premium retail.
118,National Presto Industries Inc,gopresto.com,USA,Premium Home & Smart Appliances,Cookware & Small Kitchen Appliances,700,"Public NYSE:NPK; revenue ~$400M/yr, debt-free balance sheet","Profitable, diversified US appliance manufacturer with strong cash position for premium brand repositioning"
119,Natuzzi,natuzzi.com,Italy,Premium Home & Smart Appliances,Premium upholstered furniture,3205,"Public (NYSE: NTZ); FY2025 revenue EUR308.2M; 3,205 employees -- verified within band and revenue threshold.","Only Italian furniture maker listed on NYSE, giving full financial transparency; strong global upholstery brand seeking growth catalysts; not affiliated with any F1 team."
120,Netgear,netgear.com,United States,Premium Home & Smart Appliances,Home networking,784,Public (NASDAQ: NTGR); 2025 revenue ~$694M,"Not an F1 sponsor; iconic home Wi-Fi/router brand, employee count verified well under the 5,000 cap"
121,Nice S.p.A.,niceforyou.com,Italy,Premium Home & Smart Appliances,"Smart shades, gates & home security",1758,"Publicly traded, ~2,000 employees on 5 continents; revenue estimated $200-500M","Not an F1 sponsor; leading European home-management brand for gate automation, shading and wireless alarms"
122,Nick Scali,nickscali.com.au,Australia,Premium Home & Smart Appliances,Premium furniture retailer (public),800,Public (ASX: NCK); revenue ~AUD450M (~$300M).,Listed Australian premium furniture retailer with strong margins and an appetite for brand-building tied to the Australian GP; transparent financials; no F1 tie.
123,Novita Pte Ltd,novita.com.sg,Singapore,Premium Home & Smart Appliances,Water Purification & Air Treatment,400,"Private; est. revenue $150-250M/yr, moderate-confidence estimate",Fast-growing Southeast Asian premium home-appliance brand with a natural home-market tie-in to the Singapore GP
124,Onward Manufacturing Company (Broil King),broilkingbbq.com,Canada,Premium Home & Smart Appliances,Grills & Outdoor Cooking,700,"Private; est. revenue $200-350M/yr, moderate-confidence estimate",Established North American premium grill brand with global distribution; no motorsport sponsorship
125,Ooni (CookOut Ventures Ltd),ooni.com,UK,Premium Home & Smart Appliances,Pizza Ovens,400,"Private; revenue £208M (~$260M) reported FY, 254% growth trajectory",Fast-growing global DTC outdoor-cooking brand with strong social/content culture; unsponsored in motorsport
126,Optoma (Coretronic),optoma.com,Taiwan,Premium Home & Smart Appliances,Home cinema projectors,700,"Parent Coretronic Corporation (TWSE: 5371, public) revenue $1B-10B",No F1 sponsorship found; leading 4K UHD home-cinema projector brand
127,Ozner Water International Holding,ozner.net,China,Premium Home & Smart Appliances,Water Purification,2200,Publicly listed (Hong Kong); est. revenue $150-250M/yr,Chinese premium water-dispenser/purifier company with commercial and residential product lines
128,Panariagroup Industrie Ceramiche,panariagroup.it,Italy,Premium Home & Smart Appliances,Luxury ceramic surfaces (public),1800,Public company (Borsa Italiana: PAN); consolidated revenue in the EUR350-400M range.,"Listed Italian premium tile/surfaces group (Panaria, Cotto d'Este, Lea Ceramiche, Florida Tile in the US) with transparent financials confirming affordability; no F1 tie."
129,Polywood Inc,polywood.com,USA,Premium Home & Smart Appliances,Outdoor Furniture,2000,Private; est. revenue >$250M/yr as vertically-integrated recycled-plastic furniture category leader,Largest US recycled-plastic outdoor furniture manufacturer with strong DTC and retail growth
130,Porcelanosa Group,porcelanosa.com,Spain,Premium Home & Smart Appliances,Luxury ceramic surfaces & kitchens,4980,"Revenue ~$1.4B; employees verified at ~4,980 -- just inside the 5,000 cap (per brief's request to verify hard).","Family-owned Spanish tile/surfaces & kitchen giant with premium architecture and hospitality client base; revenue far exceeds threshold; headcount confirmed just under the 5,000 ceiling; not an F1 sponsor."
131,Positec Group (Worx / Kress),positec.com,China,Premium Home & Smart Appliances,Robotic lawn mowers & power tools,4300,Revenue $681.6M (2025); raised $250M from Bain Capital in 2025 to fund global growth,"Global robotics/power-tool group (Worx Landroid, Kress robotic mowers) with fresh PE capital earmarked for brand growth; F1's global, affluent homeowner audience aligns with its premium outdoor robotics push."
132,Purmo Group,purmogroup.com,Finland,Premium Home & Smart Appliances,"Climate control (radiators, underfloor heating, smart controls)",2700,"2,700 employees across 20 countries; European indoor-climate-comfort leader, revenue estimated in hundreds of millions",Not an F1 sponsor; leading European home-climate/heating brand recently listed on Nasdaq Helsinki
133,Purple Innovation,purple.com,United States,Premium Home & Smart Appliances,Premium mattress & sleep tech,1100,"Public (NASDAQ: PRPL); trailing-12-month revenue ~$460M; 1,100 employees.",Publicly traded US premium mattress/sleep-tech brand with proprietary GelFlex material story well suited to performance marketing; distinct from Eight Sleep (Mercedes) and Tempur Sealy; not an F1 partner.
134,Qinyuan Group Co Ltd,qinyuan.com,China,Premium Home & Smart Appliances,Water Purification,3200,Publicly listed (Shanghai); est. revenue >$300M/yr,Major Chinese water-purifier/kitchen-appliance maker with international expansion ambitions
135,Reolink,reolink.com,China / United States,Premium Home & Smart Appliances,Smart security cameras,700,Estimated revenue $200-500M; trusted by 2M+ families/businesses across 110+ countries,Not an F1 sponsor; fast-growing DIY home-camera brand and a genuine Ring/Arlo rival
136,Roche Bobois,roche-bobois.com,France,Premium Home & Smart Appliances,Design furniture house,2500,"Public (Euronext Paris: RBO); FY2025 revenue EUR402.5M, well above the $250M revenue bar.",Publicly listed with disclosed financials confirming affordability; global design-furniture retailer (58 countries) with brand ambitions matching F1's international reach; not a 2026 F1 sponsor.
137,Room & Board,roomandboard.com,United States,Premium Home & Smart Appliances,Premium furniture retailer,1800,Employee-owned US premium modern furniture retailer; estimated revenue in the $400-500M range.,One of the most respected American modern-design furniture retailers with US-made manufacturing and a loyal affluent customer base; no F1 tie.
138,Saatva,saatva.com,United States,Premium Home & Smart Appliances,Luxury mattress & sleep,300,Multiple third-party estimates place revenue in the $300-450M range as the largest online luxury mattress brand in the US.,"Category-leading US luxury mattress DTC brand with premium price points and showroom expansion; strong revenue base for a lean, profitable headcount; no F1 affiliation."
139,SALTO Systems,saltosystems.com,Spain,Premium Home & Smart Appliances,Smart locks & access control,1038,Estimated revenue $200-500M; global access-control leader across 5 continents,Not an F1 sponsor; one of the world's largest independent electronic-lock/access-control makers
140,Savant Systems,savant.com,USA,Premium Home & Smart Appliances,Smart-home & home entertainment control,231,PE-backed ($50-100M raised); combined group revenue (incl. 2020 GE Lighting acquisition) estimated above $250M -- recommend confirming latest financials,No F1 sponsorship found; premium smart-home/home-cinema control brand
141,Scavolini,scavolini.com,Italy,Premium Home & Smart Appliances,Premium kitchens,600,"Italy's largest kitchen manufacturer; turnover reported in the EUR170-220M range and growing; profitable, privately held with decades of design-world sponsorship activity (design fairs, Formula-adjacent motorsport partnerships historically explored).",Category-leading premium Italian kitchen brand seeking international brand-building; revenue near threshold backed by strong profitability and export share; no current F1 deal.
142,Sennheiser electronic,sennheiser.com,Germany,Premium Home & Smart Appliances,Immersive home audio (Ambeo soundbars) & headphones,2171,"Revenue €463.1M (~$500M) FY2025, family-owned and profitable",No F1 sponsorship found in team/global partner checks; Ambeo home-cinema soundbar line is a direct AV-receiver/home-cinema category fit
143,"SharkNinja, Inc.",sharkninja.com,United States,Premium Home & Smart Appliances,"Premium small kitchen appliances, blenders, coffee & cleaning tech","~4,100 (2025)",NYSE-listed (SN); FY2024 revenue ~$4.9B — far above threshold,"Fast-growing, marketing-forward consumer brand with heavy media spend and celebrity/influencer partnerships already; not yet in motorsport, and F1's global/affluent audience matches its premiumization push (Ninja Luxe, Shark FlexStyle)."
144,Shure,shure.com,USA,Premium Home & Smart Appliances,Microphones & headphones with home listening lines,2342,"Private, family/ESOP-owned, profitable; revenue in the $1B-10B bracket",No F1 sponsorship found; century-old audio engineering brand with deep live-event/music sponsorship history
145,Silentnight Group,silentnight.co.uk,United Kingdom,Premium Home & Smart Appliances,Premium mattress & sleep,850,PE-backed (H.I.G. Capital) UK bed/mattress manufacturer; estimated revenue near/above GBP200M.,UK's best-known premium bed manufacturer with PE ownership providing marketing budget flexibility; revenue near threshold; no F1 tie.
146,SimpliSafe,simplisafe.com,United States,Premium Home & Smart Appliances,DIY home security systems,1250,"PE-backed (GTCR acquired Sept 2025); revenue ~$300-400M/yr, well above $250M threshold","Not an F1 sponsor; scaled US home security leader with strong DTC brand and PE capital behind it, fits smart locks/security systems bucket squarely"
147,"SK Magic Co., Ltd.",skmagic.com,South Korea,Premium Home & Smart Appliances,"Premium kitchen appliances, water purifiers & dishwashers","~1,500-2,000 (est.)","Privately held (SK Networks-affiliated); revenue estimated ~$700M — estimate, not independently confirmed","Fast-growing Korean premium appliance/rental brand pushing overseas (Malaysia, Vietnam, Middle East) expansion and would use F1 to build export credibility."
148,SMA Solar Technology,sma.de,Germany,Premium Home & Smart Appliances,Home solar inverters,3500,Public (XETRA: S92); revenue $500M-1B,Not an F1 sponsor; legacy German solar-inverter leader with dedicated Home & Business Solutions division
149,Smeg S.p.A.,smeg.com,Italy,Premium Home & Smart Appliances,"Luxury ranges, ovens & retro-styled small appliances",500-999,"Revenue ~€634M / ~$680M (2024, official Italian filings) — well above $250M threshold; family-owned, consistently profitable","Globally recognized retro-luxury design icon expanding aggressively in North America and Asia; kitchen/lifestyle category is open on the F1 grid and Smeg already sponsors design, fashion and culinary events, a natural adjacency to motorsport hospitality."
150,Snap One Holdings,snapone.com,USA,Premium Home & Smart Appliances,"Home entertainment/AV control & distribution (Control4, Episode)",2700,"Public company (NASDAQ: SNPO), revenue estimated $700-800M",No F1 sponsorship found; leading custom-install home-cinema/AV brand portfolio
151,Society Limonta,societylimonta.com,Italy,Premium Home & Smart Appliances,Luxury textile mill (interiors),800,Privately held Italian textile mill supplying major luxury fashion and interiors houses; estimated revenue in the EUR150-200M range -- affordability should be treated as a secondary-tier lead given data limitations.,"Go-to premium textile supplier for luxury interiors and fashion houses, giving it strong design-world credibility and likely access to co-marketing budgets; no F1 tie."
152,SolarEdge Technologies,solaredge.com,Israel,Premium Home & Smart Appliances,Home solar inverters & battery systems,3576,Public (NASDAQ: SEDG); revenue ~$1.3B (rev/employee $372K x headcount),"Not an F1 sponsor; verified employee count (3,576) confirms it sits inside the size band despite past scale"
153,SolaX Power,solaxpower.com,China,Premium Home & Smart Appliances,Home solar & battery storage inverters,1200,Estimated revenue $200-500M; residential storage systems rank top-3 worldwide,Not an F1 sponsor; major residential hybrid-inverter brand active in 130+ countries
154,Solo Brands Inc,solobrands.com,USA,Premium Home & Smart Appliances,Outdoor Living / Fire Pits,700,Public NYSE; implied total revenue ~$500M/yr (DTC segment alone $316.6M = 63.5% of sales),"Premium outdoor-living portfolio (Solo Stove, Isle, Oru) with heavy social/influencer marketing fit for F1's fan growth strategy"
155,Sonos,sonos.com,USA,Premium Home & Smart Appliances,Wireless multi-room speakers & soundbars,1840,"Revenue $1.44B FY2025 (NASDAQ: SONO), profitable public company, well above $250M floor",Not a current F1 team/global sponsor per 2026 partner lists; category-defining premium home audio DTC brand with strong lifestyle/affluent-audience fit
156,STIGA Group,stiga.com,Italy,Premium Home & Smart Appliances,Robotic lawn mowers,872,Revenue $500M-1B band (Clay est.); sells 1M+ garden machines/year across 85 countries,"90-year-old Italian garden-equipment group (STIGA, Alpina, Mountfield, Castelgarden, Atco) with a dedicated robot-mower division; European manufacturing base and affluent-homeowner customer base align with F1's European fan core."
157,"Sub-Zero Group, Inc.",subzero-wolf.com,United States,Premium Home & Smart Appliances,"Luxury refrigeration & ranges (Sub-Zero, Wolf, Cove)","~1,870 (2024/2025)","Revenue ~$728M — above threshold; privately held, family/employee-owned and decades-profitable","The definitive US luxury kitchen brand with an affluent-homeowner customer base that mirrors F1's fanbase demographics; no motorsport presence today, high design/precision-engineering story fit."
158,Summer Classics Inc,summerclassics.com,USA,Premium Home & Smart Appliances,Outdoor Furniture,600,"Private; est. revenue $200-250M/yr, moderate-confidence estimate",Premium outdoor furniture and lifestyle brand with growing retail footprint; no sports sponsorship yet
159,Sun King,sunking.com,Kenya,Premium Home & Smart Appliances,Off-grid home solar power,2219,Revenue $200-500M; $100-250M raised; powers 20M+ homes across 40+ countries,"Not an F1 sponsor; leading global off-grid home-solar provider, strong Africa/South Asia presence"
160,Synology,synology.com,Taiwan,Premium Home & Smart Appliances,Home networking & connected storage,1000,Publicly traded (TWSE: 5285); revenue reported well over $250M in company filings,Not an F1 sponsor; category-leading NAS/home-network brand with Surveillance Station security software
161,Teka Group,teka.com,Spain,Premium Home & Smart Appliances,"Premium built-in kitchen appliances (hobs, ovens, hoods, sinks)","~3,500-4,500 (est.)","Cinven private-equity owned; revenue estimated ~€700-800M — estimate, needs verification",Century-old European premium kitchen brand with broad EMEA/LatAm distribution seeking a global platform beyond its traditional design-fair marketing.
162,The AZEK Company Inc,azekco.com,USA,Premium Home & Smart Appliances,Outdoor Living (Composite Decking),2300,Public NYSE:AZEK; revenue ~$1.4B/yr,Fast-growing premium outdoor-living materials brand; direct rival dynamic to Trex creates category-exclusivity pitch
163,The Cookware Company (GreenPan),greenpan.com,Belgium,Premium Home & Smart Appliances,Premium Cookware (Ceramic Non-stick),450,"Private; est. revenue $250-300M/yr, sold in 90+ countries as category leader",European ceramic-cookware innovator seeking global brand-building platform outside sponsorship-crowded categories
164,The Vollrath Company LLC,vollrath.com,USA,Premium Home & Smart Appliances,Premium & Commercial Cookware,1600,"Private, century-old, profitable; est. revenue >$300M/yr","Established premium metal cookware/foodservice equipment maker with strong balance sheet, no sports sponsorship yet"
165,Tiger Corporation,tiger-corporation.com,Japan,Premium Home & Smart Appliances,"Premium rice cookers, thermoses & cooking appliances","~1,900-2,200 (est., group)","TSE-listed; revenue estimated $400-500M — figure is an estimate, needs confirmation from latest annual report","Long-established premium Japanese heat-tech appliance brand ('Heat to Heart') expanding in the US, China and Southeast Asia; motorsport sponsorship would be a first for the category in Japan."
166,Traeger Inc,traeger.com,USA,Premium Home & Smart Appliances,Grills & Outdoor Cooking (Pellet Grills),800,Public NYSE:COOK; revenue ~$550-600M/yr,Premium DTC outdoor-cooking brand with strong influencer/content marketing DNA suited to F1's younger fanbase push
167,Trex Company Inc,trex.com,USA,Premium Home & Smart Appliances,Outdoor Living (Composite Decking),2700,Public NYSE:TREX; revenue ~$1.2B/yr,Market-leading sustainable outdoor-living materials brand with substantial consumer marketing budget; unsponsored in motorsport
168,Tropitone Furniture Co,tropitone.com,USA,Premium Home & Smart Appliances,Outdoor Furniture,700,"Private; est. revenue $200-250M/yr, moderate-confidence estimate",One of the largest US contract/premium outdoor furniture manufacturers with hospitality-industry ties
169,Tuya Inc.,tuya.com,China,Premium Home & Smart Appliances,IoT/smart-home cloud platform,2700,"Public (NYSE: TUYA); 2025 revenue $321.8M, up 7.8% YoY","Not an F1 sponsor; the cloud platform powering millions of third-party smart locks, lights, cameras and sensors globally"
170,Ubiquiti,ui.com,United States,Premium Home & Smart Appliances,Home & prosumer networking,1667,Public (NYSE: UI); FY2025 revenue $2.6B,"Not an F1 sponsor; large, profitable networking brand with strong prosumer/home following"
171,V-ZUG Holding AG,vzug.com,Switzerland,Premium Home & Smart Appliances,Luxury built-in kitchen & laundry appliances,"~1,700-1,900",SIX Swiss Exchange-listed (VZUG); revenue ~CHF500-550M,Switzerland's premium built-in appliance leader with precision-engineering DNA and an affluent European customer base; no current motorsport presence.
172,Verkada,verkada.com,United States,Premium Home & Smart Appliances,Smart cameras & access control,2780,Raised $300M in 2025 (Feb $200M Series E + Dec $100M) at $5.8B valuation; revenue ~$357M ARR,Not an F1 sponsor; both revenue and recent-funding tests satisfied independently
173,VeSync Co Ltd (Levoit/Cosori),vesync.com,USA,Premium Home & Smart Appliances,Air Purifiers & Smart Home,600,Public Nasdaq:VESY; revenue ~$400-500M/yr,Fast-growing smart air-quality brand (Levoit) with e-commerce/influencer marketing DNA appealing to younger F1 fanbase
174,ViewSonic,viewsonic.com,USA,Premium Home & Smart Appliances,Projectors & premium displays,1303,Established private company; industry-estimated global revenue $700M-1B,No F1 sponsorship found; global home/business projector and display brand with strong esports sponsorship history
175,"Viomi Technology Co., Ltd.",viomi.com,China,Premium Home & Smart Appliances,Smart kitchen & water-purification appliances,"~800-1,200 (est.)","Nasdaq-listed ADR (VIOT); revenue estimated ~RMB2-2.5B (~$300-350M) — smaller/riskier on the affordability threshold, verify before outreach","Smart-kitchen ecosystem brand (Xiaomi-ecosystem-adjacent, independently listed) seeking international brand credibility beyond China/APAC."
176,Vitamix Corporation,vitamix.com,United States,Premium Home & Smart Appliances,Premium countertop blenders,"~700-1,000","Privately held (Barnard family); category-leading revenue estimated in the several-hundred-million range, decades profitable — treat revenue precisely as an estimate pending deeper verification",Iconic US premium blender brand with global expansion ambitions and strong health/performance-lifestyle positioning that overlaps with F1's fitness/precision brand story.
177,Vitra,vitra.com,Switzerland,Premium Home & Smart Appliances,Design furniture house,1800,Family-owned (Fehlbaum family) Swiss design icon; estimated group revenue in the hundreds of millions from global contract/residential furniture and the Vitra Design Museum platform.,"One of the world's most prestigious design furniture houses (Eames, Design Museum) with global architecture/design-world reach; well within the employee band; no F1 relationship."
178,Vivitek,vivitek.com,Taiwan,Premium Home & Smart Appliances,Home & business projectors,300,"Parent Delta Electronics (TWSE: 2308, public) revenue >$10B","No F1 sponsorship found; global projector brand under a major electronics manufacturer, standalone-brand subsidiary"
179,VIVOTEK,vivotek.com,Taiwan,Premium Home & Smart Appliances,IP security cameras,1200,Public (TWO: 3454); estimated revenue $200-500M,Not an F1 sponsor; long-standing global IP-camera and NVR brand
180,Voltas Limited,voltas.com,India,Premium Home & Smart Appliances,Premium air conditioning & commercial refrigeration,"~2,000-2,500 (est., asset-light manufacturing model)",BSE/NSE-listed (Tata Group JV with own P&L); revenue ~$1.3B,"Tata Group heritage brand and India's AC/cooling market leader; strong existing sports-sponsorship culture within Tata group companies and a large, growing F1 fanbase in India."
181,Weber Inc,weber.com,USA,Premium Home & Smart Appliances,Grills & Outdoor Cooking,2500,"Private (BDT Capital take-private 2023); revenue ~$1.3B/yr, far exceeds $250M bar",Category-defining global grill brand with huge outdoor/tailgate lifestyle audience overlapping F1 fandom; not a current F1 sponsor
182,Whirlpool of India Ltd,whirlpoolindia.com,India,Premium Home & Smart Appliances,Major kitchen & laundry appliances,"~2,500-3,000 (est.)","Separately BSE/NSE-listed (own P&L and minority public shareholders, though majority-owned by Whirlpool Corp); revenue estimated ~$800M",India's premiumizing appliance market and F1's growing Indian fanbase make this standalone-listed entity a distinct regional sponsorship opportunity separate from the (excluded) global Whirlpool parent.
183,Winix Inc.,winix.com,South Korea,Premium Home & Smart Appliances,Premium air purifiers & air-treatment appliances,"~500-700 (est., global)",KOSDAQ-listed (044340); revenue estimated ~$400-450M — estimate pending confirmation,Category leader in premium air purification in the US big-box channel; air-quality/performance-engineering story is a plausible motorsport tie-in (cabin/garage air systems).
184,XGIMI Technology,xgimi.com,China,Premium Home & Smart Appliances,Premium home projectors,1500,"Public company (Shanghai STAR Market: 688696), revenue $200-500M","No F1 sponsorship found; fastest-growing global home-cinema projector brand, actively expanding in Europe/US"
185,Xperi Inc. (DTS),xperi.com,USA,Premium Home & Smart Appliances,Home cinema audio technology licensing (DTS),1000,"Public company (NASDAQ: XPER), revenue ~$400-500M",No F1 sponsorship found; DTS audio is embedded across premium AV receivers and soundbars globally
186,Zojirushi Corporation,zojirushi.com,Japan,Premium Home & Smart Appliances,"Premium rice cookers, thermoses & small kitchen appliances","~1,300",TSE-listed (7965); FY2024 revenue ~¥87.2B (~$595M),Century-old premium Japanese heritage brand pushing global (non-Japan) growth; F1's Japan/Asia race weekends and audience offer a culturally resonant platform.
187,Zwilling J.A. Henckels,zwilling.com,Germany,Premium Home & Smart Appliances,Premium Cookware & Cutlery,4000,"Private, family-owned; group revenue ~€830M/yr (~$900M), well over $250M bar",300-year German heritage premium cookware/cutlery house with strong European retail footprint; no F1 presence
188,Zyxel Networks,zyxel.com,Taiwan,Premium Home & Smart Appliances,Home networking,1500,Public (TWSE: 2609); estimated revenue $200-500M,Not an F1 sponsor; 35-year home/SMB networking brand with 100M+ devices shipped
189,Ananth Technologies,ananthtech.com,India,Satellite & Space Connectivity,Spacecraft/launch-vehicle systems integration & geospatial services,1019,"Profitable-at-scale: ~$75-200M revenue, privately held since 1992, systems integrated into ~50 launch vehicles and ~100 spacecraft — India's largest private space-hardware supplier by headcount","India's largest independent aerospace/space manufacturing company (not a space-agency arm), a scaled, profitable private supplier riding India's commercial space liberalization."
190,Anuvu,anuvu.com,United States,Satellite & Space Connectivity,Inflight & maritime connectivity and entertainment,931,PE-backed (post Global Eagle restructuring); revenue estimated ~$400-500M,"Major inflight/maritime connectivity provider serving airlines, cruise and government fleets; mobility-connectivity brand story aligns with F1 team-travel and fan-experience content. Not a current F1 sponsor."
191,Apex Space,apexspace.com,United States,Satellite & Space Connectivity,Satellite Bus Manufacturer,393,"Private; $100-250M raised incl. ~$200M Series C (2025), meeting the $150M/24-month bar","Solving the satellite-manufacturing bottleneck with productized, configurable buses at scale; a16z/Point72-backed high-growth challenger to legacy primes."
192,Arabsat,arabsat.com,Saudi Arabia,Satellite & Space Connectivity,GEO regional satcom (MENA),267,Revenue topped $200M in 2023 per trade press and trending higher; profitable 21-member Arab League government consortium operating since 1976 with a strong regional broadcast/sponsorship footprint,"Leading MENA satellite operator owned by 21 Arab states, based in Riyadh -- direct alignment with F1's growing Middle East footprint (Saudi Arabia, Qatar, Bahrain, UAE races) and regional broadcast reach across 100+ countries"
193,Arianespace,arianespace.com,France,Satellite & Space Connectivity,Launch services (commercial operator of Ariane/Vega),220,"Annual revenue ~EUR1.25B, well above the $250M revenue threshold.","Europe's flagship commercial launch-services operator (Ariane 6, Vega-C); iconic legacy brand with pan-European reach for F1's European races."
194,AsiaSat,asiasat.com,Hong Kong SAR,Satellite & Space Connectivity,"GEO fixed satellite services (broadcast, telecom, mobility)",118,"Profitable-at-scale: profitable GEO fleet operator (6 satellites) since 1988, taken private in 2019 by a Bain Capital/CITIC-backed consortium at ~$685M enterprise value","Asia-Pacific's longest-running satellite operator, backed by global private equity (Bain Capital) and Chinese strategic capital (CITIC) — an established, well-capitalized regional operator."
195,AST SpaceMobile,ast-science.com,United States,Satellite & Space Connectivity,Direct-to-device satellite-to-phone (D2D),1126,Raised well over $3.5B cumulative capital through 2025 incl. carrier/telecom investors and a $550M term loan; clears both the $150M/24mo and $400M cumulative gates,"Consumer-facing D2D brand (AT&T, Verizon, Vodafone, Rakuten partnerships) building mainstream awareness ahead of commercial global rollout; F1's global live audience is a natural consumer-education platform"
196,Astranis,astranis.com,United States,Satellite & Space Connectivity,GEO small-satellite broadband (MicroGEO),577,Has raised $750M cumulative funding from top global investors; $1B+ backlog; clears both $150M/24mo and $400M cumulative gates,"Fast-scaling US GEO broadband challenger (SF-based) with government + commercial contracts (Space Force, NASA); wants a high-visibility global brand platform as it scales beyond engineering-only awareness"
197,Astroscale,astroscale.com,Japan,Satellite & Space Connectivity,In-space servicing & active debris removal,500,"Public (Tokyo Stock Exchange Growth: 186A, listed June 2024); pre-IPO cumulative funding of $370M+ plus IPO proceeds clears the $400M cumulative bar.","Category-defining orbital-debris-removal company with missions for JAXA, ESA, UK Space Agency and US Space Force; strong sustainability narrative."
198,Axiom Space,axiomspace.com,United States,Satellite & Space Connectivity,Commercial space stations,803,"Private; $250M+ cumulative per Clay, widely reported to exceed $500-700M across Series A-C2 rounds.",Builder of ISS successor (Axiom Station) and commercial spacesuits; premium human-spaceflight brand well suited to hospitality/paddock activations.
199,Beyond Gravity,beyondgravity.com,Switzerland,Satellite & Space Connectivity,Satellite & Launch Vehicle Structures/Components,1541,"PE-owned (Warburg Pincus/Motive Partners, ex-RUAG Space); revenue $500M-1B band, well above $250M bar",Preferred structures/fairings supplier to nearly every Western launch vehicle and a top satellite-products player; PE-backed scale-up with footprint across CH/SE/AT/US/PT/FI gives genuine European multi-market activation reach.
200,Chang Guang Satellite Technology,jl1global.com,China,Satellite & Space Connectivity,Commercial remote sensing / Jilin-1 Earth observation constellation,587,"Cumulative funding met: $409M+ raised, including a $375M round for the Jilin-1 program (2020) and a ~CNY5B Series C+ round, among China's largest commercial-satellite raises","China's first commercial remote-sensing satellite company, operator of the 100+ satellite Jilin-1 constellation, founded with Jilin provincial government backing — a high-profile national champion pursuing global EO-data commercialization."
201,Cobham SATCOM,cobham.com,United Kingdom,Satellite & Space Connectivity,"Maritime & land VSAT terminals, antennas, tracking systems",1168,Division of Cobham Limited (Advent International-backed defense/comms group); parent revenue $500M-1B,"Storied maritime/land SATCOM terminal brand (Sailor, Explorer) under a well-capitalized PE-backed group; strong European base. Not a current F1 sponsor."
202,Communications & Power Industries (CPI),cpii.com,United States,Satellite & Space Connectivity,"Satcom ground amplifiers (SSPA/TWTA), antennas & radomes",1618,PE-backed (Arlington Capital Partners); revenue $733M,"Core ground-segment hardware supplier (high-power amplifiers, antennas) to satcom operators worldwide; solidly clears the revenue bar. Not a current F1 sponsor."
203,Comtech Telecommunications Corp.,comtech.com,United States,Satellite & Space Connectivity,"Satcom ground terminals, teleport & network infrastructure",1770,Public (NASDAQ: CMTC); Satellite & Space Communications segment; total company revenue ~$500M+ (FY2024/25),"Mission-critical ground-network and satcom infrastructure provider (incl. 911/emergency comms) serving telecom, defense and government worldwide; global broadcast/paddock-connectivity narrative fits F1's live-data story. Not a current F1 sponsor."
204,DTN LLC,dtn.com,USA,Satellite & Space Connectivity,"Weather, agriculture & energy operational decision-data platform",1300,"Privately held (backed by TBG AG). Clay confirms revenue in the $200-500M band and 1,200+ global staff - clears the revenue >=$250M leg.","Major US weather-and-decisioning data provider (energy, ag, aviation, land transport); scaled, well-capitalized private company with global offices; no current F1 tie-in."
205,EagleView Technologies,eagleview.com,USA,Satellite & Space Connectivity,Aerial imagery & property-intelligence analytics,1324,"PE-owned (Clearlake Capital Group). Clay confirms revenue in the $500M-1B band, clearing the PE-owned+revenue>=$250M leg.","Major US aerial-imagery/property-intelligence platform (300+ patents, imagery covering ~94% of US population) used by insurance, government and construction; well-capitalized PE-backed scale-up; not an F1 sponsor."
206,Esri (Environmental Systems Research Institute),esri.com,USA,Satellite & Space Connectivity,GIS software & geospatial analytics platform (ArcGIS),4700,"Privately/founder-owned (Jack Dangermond); widely and consistently reported annual revenue above $1.5B in industry press - clears the revenue >=$250M leg by a wide margin. Flagged as an estimate: Esri does not publish audited financials and Clay's tool matched only a regional distributor, not global HQ figures.","The dominant global GIS/geospatial-analytics software vendor (ArcGIS), foundational to most EO/geospatial workflows worldwide; large, well-resourced private company; no F1 sponsorship today."
207,Eutelsat Group,eutelsat.com,France,Satellite & Space Connectivity,GEO fixed satellite services + LEO broadband (OneWeb),1600,"Revenue ~€1.1-1.2B (~$1.2B) FY24/25, well above $250M threshold; Euronext/LSE-listed multi-orbit operator post-OneWeb merger",Pan-European/global multi-orbit operator pushing OneWeb LEO connectivity into mobility (aero/maritime/auto) markets that overlap heavily with F1's fanbase and sponsor categories; strong European media/PR appetite post-merger rebrand
208,Firefly Aerospace,fireflyspace.com,United States,Satellite & Space Connectivity,Launch & lunar landers,1410,"Public (NASDAQ: FLY) since May 2026 IPO; market cap ~$3-4B, clears $1B threshold.","Freshly public launch/lunar-lander company (Alpha rocket, Blue Ghost lander) needing consumer brand awareness beyond space-industry circles."
209,Galactic Energy,galactic-energy.cn,China,Satellite & Space Connectivity,Launch (Ceres-1/Pallas-1 rockets),800,Private; cumulative funding of $536M+ (incl. $200M round in 2022 and a $336M round in September 2025) - clears both cumulative and 24-month thresholds.,China's most active private launch provider by cadence; strong global-spread candidate with clean funding verification.
210,GalaxySpace,galaxyspace.com,China,Satellite & Space Connectivity,LEO satellite manufacturing & broadband constellation,700,"Cumulative funding met: China's first commercial space/satellite-internet unicorn, valued at $1.58B (2023) after successive large funding rounds since 2016 (valued $1.2B in 2020), cumulative raises reported in the hundreds of millions to $1B+","Leading Chinese LEO satellite manufacturer and constellation operator running its own mass-production 'satellite factory' — flagship of China's commercial space push, already piloting international service demos (e.g., with Thailand)."
211,Gilat Satellite Networks,gilat.com,Israel,Satellite & Space Connectivity,"VSAT & SATCOM ground terminals (incl. Gilat Wavestream, DataPath, Stellar Blu on-the-move antennas)",1371,Public (NASDAQ/TASE: GILT); FY2024 revenue ~$300M and growing on mobility/defense demand,"Leading VSAT ground-equipment maker pushing hard into on-the-move (aero/maritime/defense) antennas; F1's global, mobile, high-bandwidth broadcast operation is an on-brand showcase. Not a current F1 sponsor."
212,Globalstar,globalstar.com,United States,Satellite & Space Connectivity,LEO satellite IoT / direct-to-device (Apple Emergency SOS partner),640,"Record FY2025 revenue $273M (4th consecutive record year), clears $250M gate; backed by ~$1.5B Apple investment/infrastructure deal","Consumer profile skyrocketed via Apple iPhone satellite features; motorsport/adventure safety-and-connectivity narrative (SPOT, asset tracking) fits F1's technology-and-safety storyline"
213,GMV,gmv.com,Spain,Satellite & Space Connectivity,"Space systems, GNSS/Galileo ground segment & geointelligence engineering",4223,"Privately (employee-)owned technology group; widely reported annual revenue around EUR650M+ (2023 public filings), clearing the revenue >=$250M leg (Clay could not resolve the figure directly).","Major independent European space/GNSS engineering group (Galileo ground segment, EO ground systems, autonomous/ITS); 4,000+ staff across 20+ countries; no F1 relationship."
214,Gogo Inc. (Gogo Business Aviation),gogoair.com,United States,Satellite & Space Connectivity,Air-to-ground & multi-orbit satcom connectivity for business/government aviation,783,Public (NASDAQ: GOGO); FY2024 revenue ~$430M,"Public, profitable inflight-connectivity leader for business aviation, a segment closely tied to the F1 paddock's private-jet travel; multi-orbit satcom pivot is a growth story to showcase. Not a current F1 sponsor."
215,Hanwha Systems,hanwhasystems.com,South Korea,Satellite & Space Connectivity,LEO flat-panel satcom antennas (via Phasor Solutions acquisition) + defense/ICT electronics,1424,Public (KRX: 272210); group revenue >$2B,Korean defense-electronics major building a LEO flat-panel antenna business off its Phasor acquisition; strong Asia-Pacific footprint and deep pockets. Not a current F1 sponsor.
216,Hispasat,hispasat.com,Spain,Satellite & Space Connectivity,GEO regional satcom (Europe / Latin America bridge),449,Revenue in the $200-500M band per company data (one of the top-revenue operators in its sector per own reporting); wholly owned by Redeia (Spain's profitable state-backed grid operator),Iberian/LatAm bridge operator owned by a large profitable state-linked parent (Redeia); Spain hosts an F1 race and Hispasat has a long history of broadcasting Spanish-language sports content across Latin America
217,ICEYE,iceye.com,Finland,Satellite & Space Connectivity,"SAR satellite constellation - disaster response, insurance & defense analytics",1061,Raised EUR450M primary (>EUR1B incl. secondary) in June 2026 Series F alone - far exceeds the $150M/24-month leg; cumulative funding well over $1B.,"World's largest SAR smallsat operator with rapidly scaling government and insurance/disaster-response business; decacorn valuation (~$12B); high-growth European space brand with global reach, no F1 tie-in."
218,Impulse Space,impulsespace.com,United States,Satellite & Space Connectivity,In-space transport / orbital transfer vehicles,526,"Private; $250M+ cumulative funding (incl. $150M Series B, 2024) and $75-200M annual revenue per Clay enrichment.",Founded by Tom Mueller (ex-SpaceX); fast-growing in-space mobility (Mira/Helios OTVs) provider with a strong founder story for activation content.
219,Intellian Technologies,intelliantech.com,South Korea,Satellite & Space Connectivity,"Maritime, aero & enterprise flat-panel/VSAT antennas",850,Public (KOSDAQ: 189300); revenue trending to ~$250-300M (2024) on Starlink-maritime kit demand — verify latest annual filing,"World's largest maritime VSAT antenna maker, rapidly expanding into multi-orbit flat-panel terminals; strong Asia anchor for a global sponsor roster. Not a current F1 sponsor."
220,Intuitive Machines,intuitivemachines.com,United States,Satellite & Space Connectivity,Lunar landers & space infrastructure services,671,"Public (NASDAQ: LUNR); annual revenue $200-500M per Clay, at/above the $250M threshold, with market cap fluctuating above $1B.","First private company to soft-land on the Moon (IM-1, 2024); strong mainstream media profile ideal for F1's broadcast reach."
221,Iridium Communications,iridium.com,United States,Satellite & Space Connectivity,LEO mobile satellite services (voice/data/IoT),846,"FY2025 revenue $872M, comfortably clears $250M gate; NASDAQ-listed, profitable",Global L-band constellation with maritime/aviation/government reach; motorsport global logistics and remote-team connectivity is an on-brand use case for a company already selling ruggedized comms
222,Isar Aerospace,isaraerospace.com,Germany,Satellite & Space Connectivity,Launch (Spectrum orbital rocket),480,"Private; $905M cumulative funding, including a EUR270M (~$312M) Series D closed June 2026 - clears both cumulative and 24-month thresholds.",Europe's best-funded orbital launch startup and first to attempt an orbital launch from continental Europe; strong European activation fit.
223,ispace,ispace-inc.com,Japan,Satellite & Space Connectivity,Lunar Landers & Rovers,342,Public (Tokyo Stock Exchange); cumulative private + IPO funding above the $400M bar,"Leading commercial lunar transportation company with Japan/Luxembourg/US operations, building toward high-frequency cislunar logistics; strong Japanese/global brand appeal."
224,K2 Space,k2space.com,United States,Satellite & Space Connectivity,Large-Format Satellite Manufacturer,300,"Private; $100-250M raised, revenue $75-200M, approaching the $150M/24-month bar","Building some of the largest commercial satellite buses for national-security missions; strong VC backing (Altimeter, Redpoint) and a bold engineering narrative."
225,Kacific Broadband Satellites Group,kacific.com,Singapore,Satellite & Space Connectivity,High-throughput satellite broadband (Asia-Pacific/Pacific Islands),83,Cumulative funding met: ~$450-470M total financing package (equity plus DFI debt incl. JBIC) closed to build/launch Kacific-1 — one of the largest satcom project financings in Asia-Pacific,Singapore-headquartered HTS operator connecting underserved Asia-Pacific and Pacific Island markets — a growth-stage regional operator with a landmark capitalization event and expanding enterprise/government client base.
226,Karman Holdings,karmanholdings.com,United States,Satellite & Space Connectivity,"Propulsion, Separation & Hypersonic Components",1400,"Public (NYSE: KRMN, Feb 2025 IPO); FY2024 revenue ~$410M, well above $250M bar",Critical propulsion/separation/hypersonic components supplier across nearly every major US space and defense prime; high-growth newly public challenger with strong technical storytelling potential.
227,Kratos Defense & Security Solutions,kratosdefense.com,United States,Satellite & Space Connectivity,"Satcom ground systems & software (OpenSpace C2, TT&C, ground station virtualization)",3900,"Public (NASDAQ: KTOS); FY2025 revenue $1.35B; ~3,900 employees company-wide","Ground-segment software/hardware leader (space & defense); figures are company-wide, not isolated to the satcom ground unit — flagged per brief for verification, but company easily clears revenue/employee thresholds. Not a current F1 sponsor."
228,KSAT (Kongsberg Satellite Services),ksat.no,Norway,Satellite & Space Connectivity,"Global ground station network, TT&C and Earth-observation downlink services",451,"Subsidiary of Kongsberg Gruppen ASA (OSE: KOG), a large, profitable public parent (group revenue >$5B) — included with note per brief's sub-unit pattern",Operator of the world's largest commercial polar ground-station network; distinctive Nordic anchor and telemetry/real-time-data theme resonates with F1's data-driven racing. Not a current F1 sponsor.
229,Kymeta Corporation,kymetacorp.com,United States,Satellite & Space Connectivity,Flat-panel metamaterial electronically-steered antennas,219,"Cumulative funding historically reported ~$400-480M (Bill Gates, Liberty Global, Intelsat, Belgacom) per Crunchbase/PitchBook; live Clay check shows a partial $100-250M band — recommend re-verifying total raise before outreach","Pioneer of flat-panel metamaterial antenna tech for on-the-move connectivity, backed by marquee strategic investors; motorsport-grade mobility use case is a natural fit. Not a current F1 sponsor."
230,LandSpace,landspace.cn,China,Satellite & Space Connectivity,Launch (methalox orbital rockets),1200,"Private; widely reported cumulative funding well above $400M across 10+ rounds since 2015, backing the launch of Zhuque-2, the world's first orbital methalox rocket (2023).",China's most technically advanced private launch company; global spread candidate for F1's China market push.
231,Loft Orbital,loftorbital.com,United States,Satellite & Space Connectivity,Satellite Platform-as-a-Service,357,"Private; funding $250M+ (incl. ~$170M Series C, 2024), meeting the $150M/24-month bar","Standardized, plug-and-play satellite bus/infrastructure leader serving government and commercial missions, with a genuinely multi-national US/France footprint."
232,Marlink,marlink.com,France,Satellite & Space Connectivity,Maritime & enterprise hybrid (satellite/terrestrial/cyber) connectivity services,1143,"Private, Investindustrial-backed; revenue in the $200-500M band (est. ~$400M+), one of the largest maritime VSAT providers globally","Maritime connectivity leader with a marketing history around ocean racing/sailing sponsorships; global fleet footprint mirrors F1's logistics-heavy, always-connected operations. Not a current F1 sponsor."
233,MDA Space,mda.space,Canada,Satellite & Space Connectivity,Space robotics & in-space manufacturing infrastructure,3802,"Public (TSX: MDA); annual revenue ~$1.2B (2025), far above the $250M threshold.",Legacy Canadarm/robotics prime pivoting into lunar and commercial-station hardware; strong North American global-spread candidate with solid balance sheet.
234,MEASAT,measat.com,Malaysia,Satellite & Space Connectivity,National GEO satellite operator & rural broadband,216,"Profitable-at-scale: Malaysia's primary satellite operator since 1996, profitable, multiple industry 'Regional Satcom Operator of the Year' awards (Novaspace/Euroconsult), 500,000+ subscribers on its CONNECTme rural broadband service","Malaysia's national satcom champion, an authorised Starlink reseller and regional teleport leader — a scaled Southeast Asian operator with strong government/enterprise ties."
235,Neo Space Group,neospacegroup.com,Saudi Arabia,Satellite & Space Connectivity,"Satcom, Earth observation, PNT & IoT — PIF national space champion",476,"Profitable-at-scale / cumulative funding met: wholly owned by Saudi PIF as the kingdom's designated space national champion; ~$75-200M revenue and scaling, with PIF capitalizing satellite manufacturing/services buildout (incl. the UP42 acquisition, which alone brought 400+ staff) well past $400M","Sovereign-backed Saudi space champion consolidating satcom, EO and navigation under PIF, explicitly built to be Saudi Arabia's flagship space company — mirrors other PIF portfolio companies' global sports sponsorship plays (LIV, Newcastle, etc.)."
236,Nilesat,nilesat.com.eg,Egypt,Satellite & Space Connectivity,National broadcast satellite operator (DTH),255,"Profitable-at-scale: EGX-listed, profitable, Egypt/MENA's dominant DTH broadcast platform since 1996",Egypt's national satellite champion and the leading DTH platform across the Arab world — a rare African/MENA regional operator with public-market financial transparency.
237,OHB SE,ohb.de,Germany,Satellite & Space Connectivity,"Space infrastructure, exploration systems & launch (parent of Rocket Factory Augsburg)",3589,"Annual revenue ~EUR1.25B (2025), well above the $250M threshold (delisted from public markets in 2023; majority owned by founding family + KKR).","Diversified German space prime (ISS Columbus module, lunar/exploration systems, Rocket Factory Augsburg parent); strong DACH-region activation fit."
238,ORBCOMM,orbcomm.com,United States,Satellite & Space Connectivity,Satellite IoT / industrial M2M connectivity,869,"Est. revenue ~$280-320M (last public FY2020 figure was $220.7M; grown via acquisitions under GI Partners private-equity ownership since 2021), clearing $250M gate","IoT/asset-intelligence player serving global shipping, trucking and cold-chain fleets -- F1's logistics-heavy global touring operation (freight, team trucks, supply chain) is a live case study ORBCOMM could sponsor into"
239,Pasifik Satelit Nusantara (PSN),psn.co.id,Indonesia,Satellite & Space Connectivity,Satellite telecommunications (fixed & mobile),820,"Profitable-at-scale: ~$75-200M revenue, Indonesia's first and largest private satellite telecom operator, decades-established with 800+ staff","Indonesia's pioneering private satcom operator, positioned as the country's national champion in satellite connectivity for the world's largest archipelagic nation."
240,Planet Labs PBC,planet.com,USA,Satellite & Space Connectivity,Daily-revisit EO satellite constellation & analytics platform,1750,"Public (NYSE: PL). FY2025 revenue $244.4M (just under the $250M revenue leg) but cumulative capital raised historically exceeds $400M (VC rounds + SPAC/PIPE proceeds), clearing the cumulative-funding leg.","Operates the world's largest fleet of imaging satellites (Dove/SkySat/Pelican/Tanager); iconic, globally recognized EO brand with agriculture, defense and climate customers; no F1 presence today."
241,PLD Space,pldspace.com,Spain,Satellite & Space Connectivity,Launch (Miura small-lift rockets),465,"Private; $348M cumulative funding, plus a EUR180M (~$195-209M) Series C closed March 2026 - clears the $150M/24-month bar on its own.",Leading Southern European launch provider (Mitsubishi Electric-backed); strong regional story for F1's Spanish Grand Prix market.
242,Redwire,rdw.com,United States,Satellite & Space Connectivity,In-space manufacturing & space infrastructure,1246,"Public (NYSE: RDW); annual revenue $500M-1B per Clay, well clear of $250M threshold.","Space manufacturing/infrastructure prime (in-space 3D printing, roll-out solar arrays, Axiom module structures) with real scale revenue for a multi-year deal."
243,Relativity Space,relativityspace.com,United States,Satellite & Space Connectivity,Launch (3D-printed reusable rockets),700,"Private; cumulative funding ~$1.34B across 8 rounds, well above $400M cumulative bar.","Manufacturing-innovation story (largest 3D-printed rocket, Terran R) pairs naturally with F1's advanced-manufacturing/engineering narrative."
244,Rocket Lab,rocketlabusa.com,United States,Satellite & Space Connectivity,"Launch (small/medium orbital, reusable)",2600,"Public (NASDAQ: RKLB); market cap tens of billions USD, far above $1B threshold.","Global brand-building rocket launch and space-systems prime with consumer-facing profile (Neutron reusable rocket program); fits F1's performance-engineering, live-ops storytelling."
245,Safran Passenger Innovations,safran-group.com,United States,Satellite & Space Connectivity,Inflight connectivity hardware (formerly Zodiac Inflight Innovations),1200,"Wholly-owned unit of Safran SA (Euronext: SAF), a large profitable aerospace parent (group revenue >EUR27B) — brief flags 'verify standalone'; unit-level financials not independently disclosed",Leading inflight-connectivity hardware maker under a top-tier aerospace parent; mobility/connectivity story parallels F1's broadcast and fan-engagement tech. Not a current F1 sponsor.
246,Satellogic Inc.,satellogic.com,Uruguay,Satellite & Space Connectivity,Vertically-integrated high-resolution EO constellation,206,"Public (NASDAQ: SATL). Cumulative funding raised ~$422M (Clay confirms $250M+ band), clearing the cumulative-funding leg even though current revenue (~$17.7M) is small.","Public, low-cost EO constellation operator (LatAm-rooted, US-listed) with defense and government contracts (incl. sovereign satellite sales); distinct LatAm/global-spread story; not an F1 sponsor."
247,Satrec Initiative,satreci.com,South Korea,Satellite & Space Connectivity,Earth observation satellite manufacturing & imagery/analytics,145,"Profitable-at-scale: publicly listed (KOSDAQ), ~$75-200M revenue, profitable, 25+ year track record as Korea's only vertically-integrated EO satellite manufacturer","Korea's leading Earth-observation satellite house (with SI Imaging Services and SI Analytics subsidiaries) — an established, profitable public company positioned to be Korea's flagship space sponsor."
248,Sierra Space,sierraspace.com,United States,Satellite & Space Connectivity,Space stations & reentry vehicles (Dream Chaser spaceplane),1345,"Private; cumulative funding ~$1.4-1.7B raised (incl. large 2021-2024 rounds), well above $400M threshold.","Reusable spaceplane (Dream Chaser) and Orbital Reef station developer; large, well-funded, mid-cap-scale team with strong technology-performance narrative."
249,SKY Perfect JSAT Corporation,skyperfectjsat.space,Japan,Satellite & Space Connectivity,GEO regional satcom (Asia-Pacific) + media/broadcast,1900,"Tokyo Stock Exchange-listed (9412); group consolidated revenue in the ~$1B range (space + media segments), clearing $250M gate",Asia's largest satellite operator (17 GEO satellites) diversifying into non-terrestrial networks and space intelligence; Japan hosts an F1 race and the company has an active media/broadcast arm that overlaps with F1 broadcast rights ecosystem
250,Skyroot Aerospace,skyroot.in,India,Satellite & Space Connectivity,Launch (Vikram small-lift rockets),1000,"Private; India's first space-tech unicorn, crossing $1.1B valuation in 2026 on the back of a $60M extension round following an earlier ~$200M raise - clears the $150M-in-24-months bar.",India's leading private launch company; strong fit for F1's growth ambitions in the Indian market and its large engineering talent pool.
251,Space Pioneer (Beijing Tianbing Technology),tianbing-tech.com,China,Satellite & Space Connectivity,Launch (Tianlong liquid rockets),700,"Private; cumulative funding of ~$414M as of 2023 (Series C round), clearing the $400M cumulative bar.","One of China's best-funded private launch companies (first Chinese private liquid-fuel orbital launch, 2023); global spread candidate."
252,Space42 (Yahsat),space42.ai,United Arab Emirates,Satellite & Space Connectivity,GEO/MEO regional satcom + AI-driven space services,350,"FY2025 revenue $577M, clears $250M gate; Abu Dhabi Securities Exchange-listed (G42/Mubadala-backed)",UAE state-linked space champion actively building international brand recognition (Yahsat legacy + new AI positioning); UAE hosts an F1 race (Abu Dhabi GP) giving a built-in home-market activation angle
253,Speedcast,speedcast.com,United States,Satellite & Space Connectivity,"Maritime, energy, media & enterprise satcom/network services",2300,"PE-backed (Centerbridge Partners, post-Ch.11 restructuring); revenue well above $500M, 3,200+ customers in 140+ countries",Largest independent maritime/remote connectivity provider by footprint; global multi-continent network is directly relevant to F1's touring-circus logistics. Not a current F1 sponsor.
254,Spire Global,spire.com,United States,Satellite & Space Connectivity,"LEO satellite data, weather & IoT constellation-as-a-service",517,Cumulative capital raised (VC + 2021 SPAC listing proceeds) exceeds $400M with active NYSE-listed operations (ticker SPIR); satisfies cumulative-funding-with-active-ops gate,"NYSE-listed ""Space as a Service"" constellation operator (weather, maritime/aviation tracking, spoofing detection) wanting a marquee consumer-facing brand platform to complement its enterprise/government business"
255,ST Engineering iDirect,idirect.net,United States,Satellite & Space Connectivity,VSAT hub/modem technology & ground network infrastructure,973,Standalone branded business unit of ST Engineering (Singapore); unit revenue ~$200-500M range per data provider,"Included per brief as a standalone operating unit despite large parent — a top-3 global VSAT platform vendor across broadcast, mobility and government markets. Not a current F1 sponsor."
256,Stoke Space,stokespace.com,United States,Satellite & Space Connectivity,Launch (fully reusable orbital),397,"Private; cumulative funding ~$1.34B including $860M extended Series D (2026), clears both cumulative and 24-month thresholds.",Well-capitalized fully-reusable rocket challenger (Nova) with a performance/reusability story that maps to F1 engineering audiences.
257,Telesat,telesat.com,Canada,Satellite & Space Connectivity,GEO fixed satellite + LEO broadband (Lightspeed),1071,"FY2025 revenue $418M, clears $250M revenue gate; public company (TSAT)",Building Telesat Lightspeed LEO network for telecom/government/maritime/aero customers; needs a global brand moment to build enterprise awareness as Lightspeed nears commercial service
258,Telespazio,telespazio.com,Italy,Satellite & Space Connectivity,"Satellite operations, ground segment & regional space services",2879,"Revenue $500M-1B band per company data; JV of Leonardo (67%) and Thales (33%), two large profitable European defense/aerospace groups","Backed by Leonardo and Thales, both with deep motorsport-adjacent engineering brand ambitions in Europe; Telespazio's satellite ops/space services positioning fits an F1 tech-partner narrative in Italy (home of Ferrari)"
259,The Exploration Company,exploration.company,France,Satellite & Space Connectivity,Reentry cargo capsules (Nyx),400,Private; $160M Series B closed November 2024 alone clears the $150M-in-24-months bar; total raised approaching/exceeding $200M.,European reusable reentry-capsule challenger (Nyx) positioning as Europe's answer to Dragon; strong founder-led growth story.
260,Tomorrow.io,tomorrow.io,USA,Satellite & Space Connectivity,AI-driven weather intelligence & proprietary radar smallsat constellation,228,"Raised $175M (Feb 2026) + $35M add-on (May 2026) = $210M inside 24 months at a $1B+ valuation, clearing the $150M/24-month leg; cumulative funding ~$535M also clears the $400M leg.","Fast-growing 'weather security' unicorn (Boston/Tel Aviv) serving airlines, US Air Force, Uber and governments with proprietary radar satellites plus AI forecasting; high-visibility motorsport-relevant use case (race-day weather); not an F1 sponsor."
261,True Anomaly,trueanomaly.space,United States,Satellite & Space Connectivity,Space Domain Awareness & Defense Spacecraft,450,"Private; funding $250M+, well above the $150M/24-month bar","Pure-play space-defense company building spacecraft and mission software for space superiority; fast-growing, well-capitalized independent defense-space challenger."
262,u-blox Holding AG,u-blox.com,Switzerland,Satellite & Space Connectivity,"GNSS/positioning chipsets, modules & precise-positioning services",1449,"PE-owned - Advent International completed a $1.3B take-private acquisition (Nov 2025); TTM revenue ~$337M, clearing both the PE-owned+revenue>=$250M leg and the plain revenue leg.","Leading Swiss GNSS/positioning semiconductor and module supplier (automotive, IoT, industrial); newly PE-backed with fresh capital for growth; not currently affiliated with F1."
263,Vantor (formerly Maxar Intelligence),vantor.com,USA,Satellite & Space Connectivity,"Optical/SAR EO imagery, spatial intelligence & analytics",2000,"PE-owned (Advent International/BCI, $6.4B take-private of Maxar); FY2025 revenue ~$487.5M (Clay confirms $500M-1B band) - clears revenue >=$250M leg easily.","The largest US commercial EO/geospatial-intelligence prime (legacy DigitalGlobe/Maxar imagery fleet), rebranded Vantor Oct 2025; deep pockets via PE ownership and defense/intel revenue base; not a current F1 sponsor."
264,Varda Space Industries,varda.com,United States,Satellite & Space Connectivity,Reentry capsules & in-space manufacturing,262,"Private; $250M+ cumulative funding per Clay, including $187M Series C (Aug 2024) within/near the 24-month window.","In-orbit pharma manufacturing + hypersonic reentry capsule technology; novel, telegenic hardware well suited to trackside content."
265,Vast,vastspace.com,United States,Satellite & Space Connectivity,Commercial space stations,1160,"Private; company states ""over a billion dollars in private capital invested,"" clearing the $400M cumulative bar comfortably.","Only company to have flown and operated its own commercial space station module (Haven Demo, 2025); high-momentum challenger brand story."
266,Voyager Technologies,voyagertechnologies.com,United States,Satellite & Space Connectivity,Space stations (Starlab) & national-security space,709,"Public (NYSE: VOYG) since June 2025 IPO; debut valuation ~$3.8B, clears $1B market-cap threshold.","Newly public, high-profile ISS-successor (Starlab) developer looking to build consumer/investor brand awareness."
267,Weathernews Inc.,weathernews.com,Japan,Satellite & Space Connectivity,Private weather & climate-risk intelligence services,600,"Public (Tokyo Stock Exchange: 4825). Clay confirms revenue in the $200-500M band, clearing the revenue >=$250M leg.","World's largest private weather company; ~40 years serving maritime, aviation, energy and land-transport clients across 20+ countries; motorsport-adjacent weather-ops relevance; global footprint (US, EU, APAC); not an F1 sponsor."
268,York Space Systems,yorkspacesystems.com,United States,Satellite & Space Connectivity,Smallsat Bus Manufacturer,474,"Newly public ($YSS, AE Industrial Partners-backed 2025 listing); IPO proceeds exceed $150M raised in last 24 months",High-volume standardized smallsat bus manufacturer for USSF/SDA proliferated constellations; freshly public with fresh growth capital and a fast-scaling defense-space challenger story.
