#,company,domain,hq_country,sector,subsector,employees_est,affordability,why_f1
1,Affordable Care (Affordable Dentures & Implants),affordablecare.com,USA,Consumer Health & OTC Pharma,Dental Service Organization (DSO) - Dentures & Implants,"1,001-5,000","Revenue USD 200-500M (Clay-verified band); 380+ affiliated practices in 39 states, established consumer retail healthcare brand.",America's leading tooth-replacement retail healthcare company wants mass consumer visibility to build trust for implant/denture treatment among F1's US audience.
2,Alain Afflelou,afflelou.com,France,Consumer Health & OTC Pharma,Optical & Hearing Retail,"~1,592","Revenue USD 458.7M, leading European eyewear/hearing-aid franchise group.","Pan-European optical and hearing-aid franchise (nearly 1,400 stores in 13 countries) wants premium global visibility to expand beyond its Western European core."
3,American Vision Partners,americanvisionpartners.com,USA,Consumer Health & OTC Pharma,Eye Care / Vision Physician Services,"1,001-5,000","Revenue USD 500M-1B (Clay-verified band); PE-backed (H.I.G. Capital), 100+ eye-care centers across 5 US states.",One of the largest US eye-care physician services organizations wants national brand elevation to support its acquisitive multi-state growth strategy.
4,Benevis,benevis.com,USA,Consumer Health & OTC Pharma,Dental Service Organization (DSO),"1,001-5,000","Revenue USD 200-500M (Clay-verified band); PE-backed (New Mountain Capital), serves ~5M patients/year across 100+ locations.",Leading family/pediatric dental network wants a high-visibility platform to build consumer trust and support recruitment nationally.
5,Bloomage Biotech,bloomagebiotech.com,China,Consumer Health & OTC Pharma,Derma-Cosmetic / HA Filler & Raw Materials,"~4,444","Revenue RMB 5.37B (~USD 740M) in 2024, Shanghai Stock Exchange-listed (688363.SS).",World's largest hyaluronic-acid supplier (44% global raw-material share) with fast-growing medical/consumer terminal products wants international brand visibility as it diversifies beyond China.
6,Classys Inc,eclassys.com,South Korea,Consumer Health & OTC Pharma,Aesthetic Energy-Based Devices,"~500-1,000","Consolidated revenue KRW 336.8B (~USD 245M) in 2025, +38.6% YoY, 50%+ operating margin, KOSDAQ-listed (214150).","Global #2 Korean aesthetic-device maker (Ultraformer, Volnewmer) with 70%+ overseas revenue wants a marquee global brand stage beyond K-beauty circles."
7,ClearChoice Dental Implant Centers,clearchoice.com,USA,Consumer Health & OTC Pharma,Dental Implants (Consumer Clinic Network),"~1,324","Revenue USD 200-500M (Clay-verified band, ~USD 620M per press estimates), already a heavy national TV advertiser.",America's largest single-focus dental-implant network already buys premium national ad campaigns; F1 offers a natural global step-up for its 'New Teeth Today' brand.
8,Coltene Holding,coltene.com,Switzerland,Consumer Health & OTC Pharma,Dental Consumables,"~1,176","Group sales CHF 240M (~USD 270M) FY2025, SIX-listed (SOCH: CLTN), profitable.",Swiss-listed dental-disposables leader targeting margin recovery and 3-5% organic growth wants global brand elevation to support that turnaround story.
9,Croma-Pharma,cromapharma.com,Austria,Consumer Health & OTC Pharma,Injectables / Dermal Filler,~582,"Revenue ~EUR 250-300M (grew 27% YoY to EUR121M in 2022 with sustained double-digit growth since), profitable, family-owned.","Leading European hyaluronic-acid filler, toxin and biostimulator maker (Princess brand) expanding into new export markets wants a premium global platform to compete with Galderma/Merz-scale rivals."
10,Crown Laboratories (Revance),crownlaboratories.com,USA,Consumer Health & OTC Pharma,Injectables / Toxin & Derma-Cosmetic,"~500-1,000","Combined entity (Crown consumer skincare + Revance/Daxxify aesthetics, acquired Feb 2025) est. revenue >USD 250M.","Newly unified toxin/filler plus consumer-skincare powerhouse (Daxxify, RoC, Sudden Change) wants a marquee platform to launch its combined aesthetics brand globally."
11,Daewoong Pharmaceutical,daewoong.co.kr,South Korea,Consumer Health & OTC Pharma,Injectables / Botulinum Toxin (Nabota) & Diversified Pharma,"~2,057","Consolidated revenue KRW 1.57T (~USD 1.15B) in 2025, record performance, profitable, KRX-listed.",Nabota (botulinum toxin) export sales surged 93% YoY; wants a marquee global platform to build its aesthetics brand internationally against Allergan and fellow Korean rival Hugel.
12,Dentalia,dentalia.com.mx,Mexico,Consumer Health & OTC Pharma,Dental Service Organization (DSO),"1,001-5,000","Revenue USD 200-500M (Clay-verified band); Mexico's largest dental clinic network (60+ own clinics, 1.7M patients benefited).",Mexico's largest dental clinic network wants a global-caliber brand platform tied to Mexico City GP's passionate home fanbase and its own national expansion.
13,Forefront Dermatology,forefrontdermatology.com,USA,Consumer Health & OTC Pharma,Dermatology / Cosmetic Dermatology Network,"1,001-5,000","Revenue USD 500M-1B (Clay-verified band); PE-backed (Partners Group), offers Botox/Juvederm/Dysport cosmetic treatments alongside medical dermatology.",Fast-growing US dermatology network with a significant cosmetic-treatment business wants a marquee sponsorship to build national consumer trust.
14,Great Expressions Dental Centers,greatexpressions.com,USA,Consumer Health & OTC Pharma,Dental Service Organization (DSO),"1,001-5,000","Revenue USD 500M-1B (Clay-verified band); 40-year-old, 250-practice DSO across 9 states.",Established multi-state DSO wants elevated national brand recognition to compete against larger PE-backed dental consolidators.
15,HearUSA,hearusa.com,USA,Consumer Health & OTC Pharma,Hearing Retail,~709,"Revenue USD 390.5M, self-funded and profitable with no outside VC/PE capital.","Independently profitable hearing-care leader wants a step-change consumer platform reaching F1's older, affluent audience that matches its exact patient demographic."
16,Hugel Inc,hugel-aesthetics.com,South Korea,Consumer Health & OTC Pharma,Injectables / Botulinum Toxin & Filler,~625,"Revenue KRW 425.1B (~USD 310M) in 2025, record results, +14% YoY, profitable, KOSDAQ-listed (145020.KQ).",Korea's #1 botulinum toxin/filler maker with exports (toxin+filler) now 74% of sales and Americas revenue up 105% YoY; wants a marquee global stage to build trust as it pushes into the US/EU aesthetics market against Allergan/Galderma.
17,Ideal Image,idealimage.com,USA,Consumer Health & OTC Pharma,Medical Spa / Aesthetics Clinic Chain,"~1,453-2,000",Revenue estimated USD 400-630M; PE-backed (L Catterton / NewSpring Capital).,North America's #1 medical aesthetics provider (150+ centers) wants a glamorous global platform to accelerate national brand-building against fragmented med-spa competitors.
18,InterDent (Gentle Dental),interdent.com,USA,Consumer Health & OTC Pharma,Dental Service Organization (DSO),"1,001-5,000",Revenue USD 200-500M (Clay-verified band); 150+ affiliated offices across 8 western US states.,Western US dental network (Gentle Dental brand) consolidating multiple regional banners wants national brand elevation via a marquee global sponsorship.
19,IntriCon (Forj Medical),forjmedical.com,USA,Consumer Health & OTC Pharma,Hearing-Aid Components & Micro-Medical Devices,"~500-1,000",Revenue USD 200-500M (Clay-verified band); precision micro-hearing-technology supplier to major global hearing-aid brands.,"Precision miniaturized-hearing-tech manufacturer wants a premium engineering-adjacent platform mirroring F1's own miniaturized, high-precision technology storytelling."
20,Ivoclar Vivadent,ivoclar.com,Liechtenstein,Consumer Health & OTC Pharma,Dental Materials & Digital Dentistry,"~3,600","Revenue ~CHF 856M / USD 860-900M, privately-held, profitable global dental-materials leader.",World-leading dental-materials and digital-dentistry innovator wants a premium global consumer-adjacent brand halo to support international expansion.
21,Kaya Limited (Kaya Clinic),kaya.in,India,Consumer Health & OTC Pharma,Dermatology / Medical Aesthetics Clinic Chain,"~1,196","Revenue USD 200-500M (Clay-verified band); NSE/BSE-listed, India's leading dermatology clinic chain (80+ clinics).",India's most trusted dermatology/skin clinic chain wants global-caliber marketing as Indian F1 fandom accelerates around the sport's growing subcontinental audience.
22,MegaGen Implant,imegagen.com,South Korea,Consumer Health & OTC Pharma,Dental Implants,~700,"Consolidated revenue KRW 545.9B (~USD 400M) in 2025, up 33% YoY, profitable.",Fast-growing Korean dental-implant challenger sold via 90+ distributors in 100+ countries wants global brand leapfrog against Osstem and Straumann.
23,Merz Pharma,merz.com,Germany,Consumer Health & OTC Pharma,Injectables / Botulinum Toxin & Filler,"~4,300","Merz Aesthetics division revenue ~USD 750M; group revenue >USD 1.3B (prior FY), profitable, privately-held family company.","Owner of Xeomin, Radiesse and Ultherapy wants a global aesthetics stage to compete with AbbVie/Allergan and Galderma; German engineering heritage pairs naturally with F1's technology story."
24,OdontoPrev,odontoprev.com.br,Brazil,Consumer Health & OTC Pharma,Dental Benefits & DSO Network,"~2,128","Revenue USD 500M-1B (Clay-verified band); B3-listed (ODPV3), leading dental-benefits company with a 25,000-dentist network.",Latin America's largest dental-benefits company (6M+ clients) wants a global platform tied to São Paulo GP's rising Brazilian F1 fandom.
25,Paris Miki Holdings,paris-miki.com,Japan,Consumer Health & OTC Pharma,Optical Retail,"~2,426","Revenue JPY 50.8B (~USD 340M), TSE-listed (7455), top-3 Japanese optical retailer.",Japan's top-tier optical chain (630+ stores across Asia/Europe/US) wants global consumer visibility tied to Suzuka home-race pride and Asian expansion.
26,Planmeca,planmeca.com,Finland,Consumer Health & OTC Pharma,Dental Equipment & Imaging,"~4,300","Group turnover EUR 1.24B in 2025; largest privately-owned dental-equipment company, 98% of production exported to 120+ countries.",Finnish precision-engineering dental-equipment leader wants premium global visibility that mirrors F1's engineering-driven brand narrative.
27,PortmanDentex (Portman Dental Care),portmandentex.com,United Kingdom,Consumer Health & OTC Pharma,Dental Service Organization (DSO),"~1,200","Revenue >GBP 435M post-Dentex merger (75% YoY jump), PE-backed.",UK/Ireland's largest dental group wants a marquee global platform (Silverstone/British GP tie-in potential) to build consumer trust following its major merger.
28,Sisram Medical (Alma Lasers),almalasers.com,Israel,Consumer Health & OTC Pharma,Aesthetic Energy-Based Devices,~600-650,"Revenue USD 349.1M (2024), publicly listed on HKEX (1696.HK); majority-owned by Fosun Pharma.","Global leader in aesthetic laser/RF devices used in 46,000+ clinics across 110+ countries wants consumer-facing brand recognition to complement its practitioner-channel sales."
29,Smile Brands,smilebrands.com,USA,Consumer Health & OTC Pharma,Dental Service Organization (DSO),"~3,900",Revenue ~USD 1.1B; one of the largest US dental support organizations (650+ affiliated offices).,Leading US DSO (Bright Now! Dental and other banners) wants national/global brand-building to differentiate against larger PE-backed DSO rivals.
30,Sunstar Group,sunstar.com,Switzerland,Consumer Health & OTC Pharma,Oral Care,"~1,400-4,000","Revenue estimated USD 700M-1.2B (privately-held group, Japan-founded/Switzerland-HQ'd), sold across 100+ countries.",Global oral-care leader (GUM brand) wants a unifying international platform to elevate its brand beyond pharmacy-channel awareness across its 20+ operating countries.
31,U.S. Dermatology Partners,usdermatologypartners.com,USA,Consumer Health & OTC Pharma,Dermatology / Cosmetic Dermatology Network,"1,001-5,000",Revenue USD 500M-1B (Clay-verified band); 100+ locations across 8 states serving 2M+ patients/year.,Major US dermatology network offering both medical and cosmetic dermatology wants a premium platform to elevate its consumer-facing brand nationally.
32,Adamed Group,adamed.com,Poland,Consumer Health & OTC Pharma,Specialty Pharma & Diversified OTC,"~1,900","Revenue ~USD 400-600M, profitable family-owned Polish pharma/consumer-health group.",Central Europe's leading independent pharma group wants Western-European-caliber brand exposure to support regional expansion.
33,Adcock Ingram,adcock.com,South Africa,Consumer Health & OTC Pharma,Regional OTC Champion (Diversified),"~3,000-3,500","Revenue ~ZAR 6.7B / USD 370M (FY2025, JSE: AIP), South Africa's leading listed OTC/consumer-health group.",South Africa's top listed consumer-health company wants global sport marketing exposure to support pan-African brand expansion.
34,Aflofarm,aflofarm.pl,Poland,Consumer Health & OTC Pharma,Diversified OTC,"~2,000-2,500","Revenue ~PLN 1.5-2B / USD 400-500M, profitable leading Polish OTC manufacturer.",Poland's top domestic OTC brand owner wants to signal international-caliber quality as it pushes exports across the EU.
35,Almirall,almirall.com,Spain,Consumer Health & OTC Pharma,Dermatology Specialty Pharma,"~1,800","Revenue ~EUR 900M / USD 970M (2025, BME: ALM), listed dermatology-focused pharma.",Dermatology leader wants pan-European visibility to support prescription and OTC skin-health brand launches.
36,Angelini Pharma,angelinipharma.com,Italy,Consumer Health & OTC Pharma,Analgesics/CNS & Diversified OTC,"~2,200-2,500",Angelini Industries group revenue ~EUR 1.7B (2025); pharma is the largest and fastest-growing division.,Owner of Tachipirina (Italy's leading paracetamol brand) wants to extend beyond home market via marquee international sport property.
37,Biocodex,biocodex.com,France,Consumer Health & OTC Pharma,Digestive Health (Probiotics),"~1,400-1,500","Revenue ~EUR 300M+ / USD 330M, profitable family-owned probiotics leader (Ultra-Levure) sold in 100+ countries.",Global probiotic brand present in 100+ markets wants a unifying international platform to standardize brand awareness.
38,Boiron,boiron.com,France,Consumer Health & OTC Pharma,Homeopathic & Diversified OTC,"~2,600-2,800","Revenue ~EUR 500M / USD 545M (2025, Euronext: BOI), leading global homeopathic/OTC group.",Global pharmacy-channel leader seeking premium visual platform to reach younger consumers across Europe and Asia.
39,Boryung Pharmaceutical,boryung.co.kr,South Korea,Consumer Health & OTC Pharma,Diversified Specialty & Consumer Health,"~1,000-5,000 (LinkedIn band; Clay-verified)","Revenue USD 200-500M range (Clay-verified estimate), profitable listed Korean pharma with space-health innovation program.",Innovation-forward Korean pharma (with its own space-health R&D program) wants a cutting-edge global platform matching its tech-forward brand.
40,Cantabria Labs,cantabrialabs.com,Spain,Consumer Health & OTC Pharma,Dermatology/Skincare OTC,"~1,000-1,200","Revenue ~EUR 300-350M, profitable family-owned dermocosmetics group (Heliocare, Endocare).","Sun-care market leader (Heliocare) sees natural fit with F1's outdoor, sun-exposed circuit calendar for co-marketing."
41,Caudalie,caudalie.com,France,Consumer Health & OTC Pharma,Dermatology/Skincare OTC (Cosmeceutical),"~1,200","Revenue ~EUR 280M / USD 300M, PE-backed (L Catterton) French skincare group sold globally.",PE-backed premium skincare brand pursuing US/Asia growth wants a glamorous global platform to boost prestige positioning.
42,Cimed,cimed.com.br,Brazil,Consumer Health & OTC Pharma,Diversified OTC,"~2,000-2,500","Revenue ~BRL 3B / USD 550M (2025), fast-growing profitable privately-held Brazilian OTC/generics leader.",Brazil's fastest-growing pharma challenger brand wants a bold global platform to fuel its aggressive market-share push against incumbents.
43,Cooper Consumer Health,coopercompanies.eu,France,Consumer Health & OTC Pharma,"Diversified OTC (digestive, sleep, foot & skin care)","~500-1,000","Revenue >EUR 1.2B (2024), CVC/PE-backed pan-European OTC consolidator with 20+ acquired brands.",PE-backed roll-up building a pan-European consumer-health portfolio wants one big platform to unify dozens of local brands.
44,Dong-A Pharmaceutical,donga.co.kr,South Korea,Consumer Health & OTC Pharma,"Diversified OTC (energy drinks, digestive, analgesics)","~2,300-2,500 (LinkedIn 1,001-5,000 band)","Revenue >USD 550M (2025), South Korea's oldest and most established pharma/consumer-health group.",Owner of iconic Bacchus energy tonic wants a high-energy global sport platform to modernize its brand for younger consumers.
45,Earth Corporation,earth.jp,Japan,Consumer Health & OTC Pharma,Diversified Consumer Health (OTC + household health),"~3,500-4,000","Revenue ~JPY 140B / USD 950M (FY2025, TSE: 4985), profitable listed consumer-health group.",Household/personal-health leader expanding across Southeast Asia wants a global sport platform to build brand trust regionally.
46,Emami Ltd,emamiltd.in,India,Consumer Health & OTC Pharma,Dermatology/Skincare & Diversified Consumer Health,"~3,000-3,500","Revenue ~INR 3,700 crore / USD 440M (FY2025, NSE: EMAMILTD), profitable listed FMCG-health group.",India's F1 fandom is rising fast (Indian GP talk); Emami's Zandu/Boroplus brands want to ride that wave with global-caliber marketing.
47,EVA Pharma,evapharma.com,Egypt,Consumer Health & OTC Pharma,Regional OTC & Generics Champion,"~4,000-4,500",Revenue ~USD 300-400M; raised >USD 100M from IFC/EBRD (2022-2024) for African/MENA expansion.,Fast-growing Egyptian pharma exporter to 44+ African/MENA countries wants a premium global brand halo to support that expansion.
48,Ferrer,ferrer.com,Spain,Consumer Health & OTC Pharma,Specialty Pharma with Consumer Brands,"~2,000","Revenue ~EUR 800M-1B, profitable family-owned Barcelona-based international pharma group.",Barcelona-headquartered pharma with global specialty portfolio wants marquee sponsorship tied to Spanish GP market.
49,Genomma Lab Internacional,genommalab.com,Mexico,Consumer Health & OTC Pharma,Diversified OTC & Personal Care,"~1,700","Revenue ~USD 950M-1B (2025, BMV: LABB), profitable pan-LatAm OTC/personal-care leader.",LatAm's largest independent OTC company wants a global platform as Mexico City's F1 race anchors its home market brand story.
50,Ironwood Pharmaceuticals,ironwoodpharma.com,USA,Consumer Health & OTC Pharma,Digestive Health (GI Specialty Pharma),~300-350,"Revenue ~USD 400-450M (2025, NASDAQ: IRWD), Linzess/gastroenterology-focused specialty pharma.",Precision-engineering brand story of F1 fits GI specialty pharma's science-forward positioning to physicians and consumers alike.
51,J B Chemicals & Pharmaceuticals,jbcpl.com,India,Consumer Health & OTC Pharma,Diversified OTC & Specialty Pharma,"~2,800","Revenue ~INR 3,500 crore / USD 415M (FY2025, NSE: JBCHEPHARM); KKR is the majority shareholder.","KKR-backed Indian pharma scaling internationally (Rantac, Cilacar) wants global brand credibility as it pushes into export markets."
52,Jamieson Wellness,jamiesonwellness.com,Canada,Consumer Health & OTC Pharma,"Vitamins, Supplements & Wellness","~900-1,000","Revenue ~CAD 620M / USD 450M (2025, TSX: JWEL), profitable, exports to 50+ countries.",Canadian wellness brand expanding aggressively into China/Middle East retail wants global sport marketing to accelerate export growth.
53,Julphar (Gulf Pharmaceutical Industries),julphar.ae,UAE,Consumer Health & OTC Pharma,Regional OTC & Generics Champion,"~3,000","Revenue ~USD 300-350M, majority-owned by Investment Corporation of Dubai (sovereign-linked backing).","Gulf's largest pharma manufacturer, backed by Dubai's sovereign investment arm, wants regional visibility ahead of Abu Dhabi GP."
54,Karo Healthcare,karohealthcare.com,Sweden,Consumer Health & OTC Pharma,"Diversified OTC (digestive, skin, pain, cough/cold)","~500 (LinkedIn 201-500 band, ~580 total)","Revenue USD 200-500M range; acquired by KKR in 2025, giving strong PE-backed sponsorship budget capacity.","Fresh KKR ownership and pan-European OTC portfolio (Zyrtec-adjacent, digestive, intimate health) wants a bold brand-building move."
55,Klosterfrau Healthcare Group,klosterfrau.com,Germany,Consumer Health & OTC Pharma,Cough/Cold & Women's Health (Herbal OTC),"~1,300","Revenue ~EUR 400M / USD 435M, established profitable German consumer-health group.",Legacy herbal-remedy house modernizing its brand image for younger Europeans via elite motorsport association.
56,Kobayashi Pharmaceutical,kobayashi.co.jp,Japan,Consumer Health & OTC Pharma,Diversified OTC/Personal Health Care,"~3,000","Revenue ~JPY 170B / USD 1.15B (FY2025, TSE: 4967), profitable listed OTC innovator.",Innovation-led Japanese OTC brand seeking global consumer relevance beyond Japan as it expands into overseas retail.
57,Kwangdong Pharmaceutical,kwangdong.co.kr,South Korea,Consumer Health & OTC Pharma,"Diversified OTC (energy tonics, digestive health)","~1,000-1,200","Revenue ~KRW 600B / USD 450M, profitable listed Korean OTC/beverage-health group (Vita500).",Vita500 owner wants a global energetic-performance brand tie-in to expand its tonic/wellness beverage line internationally.
58,Laboratoires Théa,laboratoires-thea.com,France,Consumer Health & OTC Pharma,Eye Care,"~1,200-2,200","Revenue ~USD 970M-1B (2024), independent world leader in preservative-free eye-care drops.",World's largest independent eye-care company wants global visibility as it expands beyond ophthalmology channels into consumer awareness.
59,Laboratorios Bagó,bago.com.ar,Argentina,Consumer Health & OTC Pharma,Regional Specialty & OTC Champion,"~3,000","Revenue ~USD 500-600M, profitable multinational LatAm pharma group operating in 40+ countries.",Pan-LatAm pharma group with operations across 40+ countries wants a unifying global brand platform for its regional subsidiaries.
60,Mega Lifesciences,megawecare.com,Thailand,Consumer Health & OTC Pharma,Diversified OTC & Supplements,"~3,800","Revenue ~USD 455M (2025, SET: MEGA), profitable pan-ASEAN OTC/nutraceutical leader.",Pan-ASEAN OTC and supplements leader wants a global brand platform to support its expansion across a dozen Asian markets.
61,NAOS (Bioderma),naos.com,France,Consumer Health & OTC Pharma,Dermatology/Skincare OTC,"~3,000","Revenue ~EUR 700M+ / USD 760M, profitable family-owned pharmacy dermocosmetics leader (Bioderma).",Bioderma's pharmacy-channel skincare brand seeks a global stage to compete with L'Oreal/Kenvue-owned dermo-cosmetic rivals.
62,Nature's Sunshine Products,naturessunshine.com,USA,Consumer Health & OTC Pharma,"Vitamins, Supplements & Nutraceuticals",~500-600,"Revenue ~USD 400M (2024, NASDAQ: NATR), profitable global supplements company.",Performance/wellness positioning aligns with driver fitness storylines; F1's global distributor markets mirror NSP's international sales footprint.
63,Pharmaniaga,pharmaniaga.com,Malaysia,Consumer Health & OTC Pharma,Regional OTC & Generics Champion,"~3,000","Revenue ~MYR 2B / USD 430M (2025, Bursa Malaysia: PHARMA), Malaysia's largest integrated pharma company.",Malaysia's leading integrated pharma group wants elevated brand prestige as it rebuilds market position and expands regionally.
64,Prestige Consumer Healthcare,prestigebrands.com,USA,Consumer Health & OTC Pharma,"Diversified OTC (analgesics, eye/ear, cough/cold, digestive)",~700-800,"Revenue ~USD 1.15B FY2025 (NYSE: PBH), owns Midol, Clear Eyes, Chloraseptic, BC/Goody's.",US-listed multi-brand OTC portfolio wants a global halo platform to push brands like Clear Eyes and BC Powder into new international markets.
65,Queisser Pharma,queisser.de,Germany,Consumer Health & OTC Pharma,Vitamins & Supplements (Doppelherz),~900,"Revenue ~EUR 460M / USD 500M (2024), profitable family-owned German vitamins leader.",Doppelherz owner expanding across Eastern Europe/Asia wants premium sport sponsorship to build brand trust outside Germany.
66,Recordati,recordati.com,Italy,Consumer Health & OTC Pharma,Specialty Pharma with Consumer Health Segment,"~4,700","Revenue EUR 2.62B / USD 3.0B (2025, Borsa Italiana: REC), highly profitable specialty & consumer pharma group.",Large European specialty pharma with a growing consumer-health arm has budget headroom and wants premium global brand exposure.
67,Ricola,ricola.com,Switzerland,Consumer Health & OTC Pharma,Cough/Cold (Herbal Confectionery-Pharma),~500-600,"Revenue ~USD 339-400M, profitable family-owned Swiss herbal brand sold in 40+ countries.",Iconic Swiss herbal brand with strong European identity looking for a marquee platform (Swiss GP heritage) to widen global reach.
68,Roemmers,roemmers.com.ar,Argentina,Consumer Health & OTC Pharma,Regional Specialty & OTC Champion,"~1,700","Revenue ~USD 750M, Argentina's largest privately-held pharma group with pan-LatAm reach.",LatAm's leading independent pharma house wants premium international exposure as it grows outside its Argentine home base.
69,Rohto Pharmaceutical,rohto.co.jp,Japan,Consumer Health & OTC Pharma,Eye Care & Skincare OTC,"~3,000-4,000","Revenue ~JPY 240B / USD 1.6B (FY2025, TSE: 4527), profitable global eye-care/skincare leader.","Global eye-drop and skincare leader (Rohto, Mentholatum) wants a premium global platform to support Western market expansion."
70,Santen Pharmaceutical,santen.com,Japan,Consumer Health & OTC Pharma,Eye Care,"~4,500-5,000","Revenue ~JPY 280B / USD 1.9B (FY2025, TSE: 4536), world's largest independent ophthalmic-focused pharma.",World-leading eye-care specialist wants global consumer-facing visibility to complement its clinical/pharmacy channel presence.
71,SPIMACO,spimaco.com.sa,Saudi Arabia,Consumer Health & OTC Pharma,Regional OTC & Generics Champion,"~2,500-3,000","Revenue ~SAR 1.5B / USD 400M (2025, Tadawul: 2070), PIF-linked Saudi pharma leader.",Saudi state-linked pharma champion aligns with Vision 2030 sport investment and Jeddah/Qiddiya F1 presence in the Kingdom.
72,Tabuk Pharmaceuticals,tabukpharma.com,Saudi Arabia,Consumer Health & OTC Pharma,Regional Specialty & OTC Champion,"~2,000-2,500","Revenue ~USD 250-300M, leading privately-held Saudi pharma manufacturer and exporter.",Growing Saudi pharma exporter wants a marquee brand association tied to the Kingdom's F1 host status and sport-investment push.
73,Theramex,theramex.com,United Kingdom / Luxembourg,Consumer Health & OTC Pharma,Women's Health Specialty Pharma,~500-600,Acquired by Carlyle in 2023 (deal value >USD 1.5B); revenue ~USD 350-400M.,Carlyle-backed women's-health specialist wants to align with F1's push on female fan engagement and the F1 Academy platform's audience.
74,Unilab,unilab.com.ph,Philippines,Consumer Health & OTC Pharma,Regional OTC & Rx Champion,"~4,900","Revenue ~USD 300-500M (Clay-verified estimate), the Philippines' largest privately-held pharma/consumer-health company.","Dominant Philippine pharma house (Alaxan, Bioflu) wants marquee global sponsorship to elevate its brand as it eyes regional ASEAN growth."
75,União Química,uniaoquimica.com.br,Brazil,Consumer Health & OTC Pharma,Regional OTC & Generics Champion,"~4,000","Revenue ~BRL 2-2.5B / USD 400-450M, profitable privately-held Brazilian pharma/vaccine group.",Major Brazilian pharma manufacturer wants global-caliber sponsorship as São Paulo GP drives national F1 enthusiasm.
76,Uriach,uriach.com,Spain,Consumer Health & OTC Pharma,"Diversified Consumer Health (allergy, digestive)",~700-900,"Revenue ~EUR 280-300M, profitable 250-year-old Spanish consumer-health company (Aquilea brand).",Fast-growing Aquilea wellness brand wants premium visibility to expand from Iberia into wider European markets.
77,USANA Health Sciences,usana.com,USA,Consumer Health & OTC Pharma,"Vitamins, Supplements & Nutraceuticals","~1,100-1,300","Revenue ~USD 800M (2024, NYSE: USNA), direct-selling nutrition brand with global distributor network.",Global direct-sales model needs high-visibility brand equity across Asia/LatAm markets where F1 fandom is surging.
78,Yuhan Corporation,yuhan.co.kr,South Korea,Consumer Health & OTC Pharma,Diversified OTC & Consumer Health Distribution,"~1,800-2,000","Revenue ~KRW 2 trillion / USD 1.5B (2025, KRX: 000100), Korea's most trusted profitable pharma brand.",Korea's most-trusted pharma brand wants a global platform to support its expanding consumer-health and OTC export business.
79,Zambon,zambongroup.com,Italy,Consumer Health & OTC Pharma,Respiratory & Specialty Pharma with Consumer Brands,"~2,300","Revenue ~USD 787M (2025), family-owned, profitable multinational respiratory/rare-disease group.",Respiratory-health brand story pairs with F1's endurance/breathing performance narrative and pan-European fan base.
80,Zeria Pharmaceutical,zeria.co.jp,Japan,Consumer Health & OTC Pharma,Digestive Health,"~2,000","Revenue ~JPY 100B / USD 670M (FY2025, TSE: 4559), profitable listed GI-focused pharma.",GI-health specialist seeking to diversify brand recognition beyond its core Japan/Europe prescription business.
81,Zydus Wellness,zyduswellness.com,India,Consumer Health & OTC Pharma,Digestive Health & Diversified Consumer Health,"~1,200-1,500","Revenue ~INR 2,400 crore / USD 285M (FY2025, NSE: ZYDUSWELL), owns ENO, Glucon-D, Complan.",ENO/Complan owner targeting premiumization and youth appeal wants a high-energy global sponsorship platform in India's growing motorsport market.
82,Aboca,aboca.com,Italy,Consumer Health & OTC Pharma,Herbal/phytotherapy supplements,1500,"Revenue estimated in the $400-540M range, privately held, agricultural-integrated model","Italy's market leader in natural remedies with pan-European ambitions; F1's Italian races (Monza, Imola) offer home-market activation plus international scale-up."
83,AG1 (Athletic Greens),drinkag1.com,United States,Consumer Health & OTC Pharma,Greens powder / foundational nutrition (D2C wellness),484,"Revenue ~$600M (2024-25), profitable, no F1 deal found (only informal Lewis Hamilton investor tie)","Already sponsors England Rugby, SailGP and LIV Golf as it builds a global sports portfolio; F1 fits its performance/longevity positioning and its existing Hamilton connection gives a natural activation hook."
84,Arkopharma,arkopharma.com,France,Consumer Health & OTC Pharma,Phytotherapy & nutritional supplements,1500,"Revenue estimated $300M+, European leader in plant-based medicine, present in 60+ countries",Europe's phytotherapy leader expanding internationally; F1's French Grand Prix heritage and global footprint support Arkopharma's cross-border growth ambitions.
85,Bionorica SE,bionorica.de,Germany,Consumer Health & OTC Pharma,Herbal/phytopharmaceutical supplements,1600,"Privately held, profitable phytomedicine leader with revenue estimated €300M+","Europe's leading science-based herbal medicine maker looking to build consumer awareness beyond pharmacy channels; F1 provides premium, evidence-aligned visibility."
86,Blackmores,blackmores.com.au,Australia,Consumer Health & OTC Pharma,"Vitamins, herbal & mineral supplements",1150,"Revenue several hundred million AUD, backed by Kirin Holdings investment, longstanding sports sponsorship history (running events, cricket)",Australia's best-known vitamin brand with a track record of sports sponsorship; the Australian Grand Prix (Melbourne) gives it a home-market activation anchor for a global F1 deal.
87,DHC Corporation,dhc.co.jp,Japan,Consumer Health & OTC Pharma,"Supplements, health foods & beauty nutrition",2000,"Privately held, Japan's top-share vitamin/supplement brand, revenue estimated $700M+",A dominant domestic Japanese wellness brand with global retail ambitions; F1's Japanese GP and Asia-wide broadcast offer a route to international recognition.
88,Fancl Corporation,fancl.co.jp,Japan,Consumer Health & OTC Pharma,Supplements & nutraceuticals,1300,"Revenue ~$700-770M, publicly listed (TYO:4921), profitable",Japan's Suzuka round and F1's strong Japanese following give Fancl a home-market platform to pair with international expansion into Asia and the West.
89,HealthKart (MuscleBlaze),healthkart.com,India,Consumer Health & OTC Pharma,Sports nutrition & D2C vitamins,1400,"Cumulative funding raised $250M+, India's #1 online sports-nutrition brand",India's #1 sports-nutrition platform positioned around performance; F1's rising Indian fanbase and performance narrative align tightly with MuscleBlaze's brand story.
90,Huel,huel.com,United Kingdom,Consumer Health & OTC Pharma,Nutritionally complete food / D2C wellness,550,"Revenue in the £200M+ range, profitable D2C challenger brand",A performance/efficiency-focused nutrition brand popular with tech and fitness audiences that overlap heavily with F1's engineering-minded fanbase.
91,iHerb,iherb.com,United States,Consumer Health & OTC Pharma,D2C vitamins & supplements e-commerce platform,2045,"Net sales $2.9B FY2025, backed by major PE (Advent/TA) with $2.4B capital raised 2021","Ships to 180+ countries with strong Middle East, LatAm and Asia demand; F1's global broadcast footprint mirrors iHerb's cross-border customer base far better than single-market sponsorships."
92,Metagenics,metagenics.com,United States,Consumer Health & OTC Pharma,Practitioner-channel nutraceuticals,1087,Revenue in the $500M-1B band; PE-backed (Gryphon Investors) with prior funding raises,Expanding from clinician channel into consumer wellness; F1's science/performance-adjacent audience helps bridge Metagenics' credibility from practitioners to mainstream buyers.
93,NOW Foods (Now Health Group),nowfoods.com,United States,Consumer Health & OTC Pharma,"Vitamins, supplements & natural foods manufacturer",1500,"Revenue in the $500M-1B band, privately profitable, family-owned since 1968",Sold in 60+ countries through health-food and e-commerce channels; F1 sponsorship would be a step-change in mainstream visibility for a brand historically reliant on specialty retail.
94,Nutrabolt (Cellucor / C4 / XTEND),nutrabolt.com,United States,Consumer Health & OTC Pharma,Sports nutrition & performance supplements,700,"Raised $250M+ growth investment from KKR (2021), revenue estimated ~$600M+",C4's energy/performance positioning directly parallels existing motorsport sponsor categories; KKR backing gives balance-sheet room to fund a marquee global sponsorship like F1.
95,Nutraceutical International Corporation,nutraceutical.com,United States,Consumer Health & OTC Pharma,"Multi-brand supplements manufacturer (Solaray, KAL)",1800,"Revenue estimated ~$400-500M, PE-owned, established 40+ year manufacturer",A portfolio of specialty supplement brands seeking a unifying premium platform; F1 sponsorship could be leveraged across its house of brands simultaneously.
96,Nutrisystem,nutrisystem.com,United States,Consumer Health & OTC Pharma,Weight-management & nutrition wellness,800,"PE-owned (Kainos Capital, acquired 2023); legacy revenue base in the $300-400M range","Repositioning under new ownership toward broader wellness; F1's health-conscious, affluent viewership offers a premium rebrand vehicle beyond direct-response advertising."
97,Orthomol,orthomol.com,Germany,Consumer Health & OTC Pharma,Micronutrient combination supplements,600,"Profitable privately-held leader; official partner of the German Olympic Sports Confederation (DOSB), an elite-sport sponsorship north of $1M/yr","Existing Olympic-team sponsorship shows willingness to fund elite sport association; F1 would extend that performance-science positioning into a global, always-on property."
98,Pharmavite (Nature Made),naturemade.com,United States,Consumer Health & OTC Pharma,Multivitamins & minerals,1900,Revenue estimated well over $1B; Nature Made is the #1 pharmacist-recommended US vitamin brand,"A dominant US retail vitamin brand with room to build international awareness; F1's US Grands Prix (Miami, Austin, Vegas) plus global reach support a US-anchored international push."
99,Shaklee Corporation,shaklee.com,United States,Consumer Health & OTC Pharma,MLM wellness & nutritionals,650,"Privately held (Roll/Wonderful Company backed), historical revenue in the $300-500M range",A legacy wellness MLM seeking relevance with younger demographics; F1's growing US Gen Z/millennial fanbase offers a rejuvenation opportunity for distributor recruitment.
100,Standard Process,standardprocess.com,United States,Consumer Health & OTC Pharma,Whole-food practitioner supplements,900,"Family-owned since 1929, profitable, estimated revenue in the $250-350M range","A century-old, debt-free supplement maker looking to extend beyond the clinician channel; F1 offers a prestige consumer-facing platform to complement its practitioner heritage."
101,Sunrider International,sunrider.com,United States,Consumer Health & OTC Pharma,Herbal/botanical wellness (MLM),1000,"Privately held, historical global revenue estimated $500M+, strong presence in Asia","Deep distributor networks across Asia (Taiwan, China, Japan) align with F1's Asian race calendar, offering activation opportunities at Suzuka, Shanghai and Singapore."
102,Vitabiotics,vitabiotics.com,United Kingdom,Consumer Health & OTC Pharma,Multivitamins & minerals (Wellman/Wellwoman/Pregnacare),600,"UK's #1 vitamin company; profitable with an established sports-sponsorship history (Team GB Olympic/Paralympic partner, football sponsorships)",Already invests in elite sport sponsorship (Team GB); F1 is a natural next step to build on its performance-nutrition association at global scale.
103,Vitamin Well Group,vitaminwell.com,Sweden,Consumer Health & OTC Pharma,Functional wellness beverages & supplements,600,"PE-backed (Procuritas/Nordic Capital lineage), revenue estimated €400M+, active sports sponsor in Nordic football",Already invests in football sponsorships across the Nordics; F1 would be a natural scale-up from regional sports marketing to a global platform.
104,Weleda,weleda.com,Switzerland,Consumer Health & OTC Pharma,Natural health & wellness products,2500,"Revenue estimated ~€450M globally, profitable century-old cooperative","A globally distributed natural-wellness brand (60+ countries) seeking to modernize its image; F1's younger, digitally engaged audience offers relevance beyond its traditional customer base."
105,Angelalign Technology,angelalign.com,China,"Longevity, Diagnostics & Recovery",Clear aligners,2600,2024 revenue ~RMB 1.87B (~USD 260M); HKEX-listed with strong cash position,China's #1 clear-aligner brand expanding aggressively into Europe/Brazil against Invisalign; F1's China race return and global reach fit its internationalization push.
106,APR Corp (medicube),apr-in.com,South Korea,"Longevity, Diagnostics & Recovery",Home beauty devices (medicube AGE-R),800,"Revenue exceeding KRW 1T (~USD 730M) in 2025, KOSPI-listed, ~KRW 10T market cap, ~90% overseas sales",Explosive K-beauty device unicorn (6M+ AGE-R devices sold) chasing US/global awareness; F1 offers instant premium global reach for its device-led brand.
107,ARKRAY,arkray.co.jp,Japan,"Longevity, Diagnostics & Recovery",Diabetes & home diagnostics,3200,"Revenue est USD 500M+ (private, 40+ country footprint)",Kyoto-based diabetes-monitoring maker with global distribution seeking consumer brand recognition; Suzuka home-race platform plus health-data story fit.
108,Bauerfeind,bauerfeind.com,Germany,"Longevity, Diagnostics & Recovery","Sports orthopedics (braces, compression, insoles)",2400,"Revenue ~EUR 480M, profitable family-owned; long-time Olympic/sports partner (spends on sport at scale)","Germany's premium sports-medical brand already embedded in elite sport (Olympic teams, NBA players); driver-recovery and pit-crew orthopedic storyline is ready-made."
109,BeautyHealth (Hydrafacial),beautyhealth.com,United States,"Longevity, Diagnostics & Recovery","Skin-health devices (Hydrafacial, SkinStylus)",1100,FY2024 revenue ~USD 334M (NASDAQ: SKIN),Hydrafacial is a mass consumer skin-treatment brand present in 90+ countries; experiential activation model (treatment lounges) translates perfectly to F1 paddock clubs.
110,Beta Bionics,betabionics.com,United States,"Longevity, Diagnostics & Recovery",Automated insulin delivery (iLet bionic pancreas),700,Raised ~USD 234M in Jan 2025 IPO (NASDAQ: BBNX) - within 24 months,Freshly IPO'd bionic-pancreas maker needing rapid consumer awareness vs incumbents; autonomous closed-loop tech narrative maps neatly onto F1 automation/telemetry.
111,BTL Industries (Emsculpt/Emface),btlnet.com,Czech Republic,"Longevity, Diagnostics & Recovery",Body-contouring & aesthetic devices,4000,"Revenue est USD 1B+ (private; 80+ offices worldwide, category leader in body contouring)",Consumer-famous Emsculpt/Emface brands built on celebrity endorsement; muscle-performance and physio heritage (BTL also makes rehab devices) map directly onto F1 fitness culture.
112,Candela Medical,candelamedical.com,United States,"Longevity, Diagnostics & Recovery","Aesthetic devices (GentleMax, Profound)",1600,"Revenue est USD 400M (private, Apax Partners-backed), 86-country footprint",One of the largest global aesthetics-device platforms driving consumer awareness for practitioner treatments; global race calendar mirrors its market map.
113,Cynosure Lutronic,cynosure.com,United States,"Longevity, Diagnostics & Recovery",Aesthetic laser devices,2200,Combined revenue est USD 500M+ post-2024 merger; PE-backed (Clarion/CD&R heritage),"Merged US-Korean aesthetics leader (Picosure, Genius RF) needing a unified global brand moment; consumer demand generation is its stated growth lever."
114,Dentium,dentium.com,South Korea,"Longevity, Diagnostics & Recovery",Dental implants,1500,"Revenue ~KRW 400B (~USD 290M), KOSPI-listed, profitable",Fast-growing Korean implant challenger with major China/emerging-market exposure; global sports platform would leapfrog brand awareness vs Osstem/Straumann.
115,embecta,embecta.com,United States,"Longevity, Diagnostics & Recovery","Diabetes care consumables (pen needles, patch pump)",2000,"FY2024 revenue ~USD 1.1B (NASDAQ: EMB), profitable",BD spin-off serving 30M+ people with diabetes in 100+ countries; needs standalone brand identity post-spin - a global platform like F1 accelerates that.
116,Evolus,evolus.com,United States,"Longevity, Diagnostics & Recovery",Performance beauty (Jeuveau aesthetics),600,"FY2024 revenue USD 266M (NASDAQ: EOLS), guiding ~USD 350M+",Self-styled 'performance beauty' company targeting millennials with cash-pay aesthetics; brand voice built around speed/performance - unusually natural F1 fit for the category.
117,FOREO,foreo.com,Sweden,"Longevity, Diagnostics & Recovery",Beauty & skincare devices,3000,"Revenue USD 200-500M (Clay-verified estimate); 20M+ devices sold, global retail in 500+ chains",Swedish beauty-tech leader with mass global retail; F1's fast-growing female audience and glamour races (Monaco/Vegas) fit a beauty-device first-mover play.
118,Gentle Monster (IICOMBINED),gentlemonster.com,South Korea,"Longevity, Diagnostics & Recovery",Premium eyewear / optical retail,1000,"Revenue est USD 500M+ (IICOMBINED), highly profitable, global flagship footprint",Cult premium eyewear brand with luxury/tech collabs; F1's fashion-forward young global audience (esp. Asia + Vegas/Miami) is core territory for a statement partnership.
119,hear.com (audibene),hear.com,Germany,"Longevity, Diagnostics & Recovery",Hearing aids D2C challenger,1600,Revenue est EUR 350M+; world's largest online hearing-care platform (note: majority-owned by WS Audiology but independently run D2C brand),"Performance-marketing-driven D2C hearing brand in US/DE; F1's 50+ affluent male viewership is exactly its customer, and it already spends heavily on mass-reach media."
120,Hyperice,hyperice.com,United States,"Longevity, Diagnostics & Recovery","Recovery technology (percussion, compression)",350,"Profitable; est revenue USD 200-300M; proven multi-million sports sponsorship portfolio (official recovery tech of NBA, NFL partnerships, PGA)","The recovery-tech brand that buys league-scale sports deals; with rival Therabody at Red Bull, Hyperice has a competitive imperative to claim another F1 garage."
121,i-SENS,i-sens.com,South Korea,"Longevity, Diagnostics & Recovery",Glucose monitoring / CGM (CareSens),1800,"Revenue ~KRW 400B (~USD 290M), KOSDAQ-listed",Korean biosensor challenger rolling out CareSens Air CGM in Europe; needs consumer brand-building vs giants - global motorsport visibility fits.
122,InMode,inmodemd.com,Israel,"Longevity, Diagnostics & Recovery",Aesthetic medical devices (RF body/face),1000,"FY2024 revenue ~USD 394M (NASDAQ: INMD), very high margins, large cash pile","Cash-rich Israeli aesthetics leader whose consumer-facing brands (Morpheus8, EvolveX) are celebrity-driven; F1 glamour markets align with aesthetics demand centers."
123,Inspire Medical Systems,inspiresleep.com,United States,"Longevity, Diagnostics & Recovery",Sleep apnea neurostimulation (CPAP alternative),1100,FY2024 revenue ~USD 800M (NYSE: INSP),Runs mass DTC advertising ('No mask. No hose.') to pull patients from CPAP; sleep-performance angle plus older affluent male F1 demo is an exact match.
124,iRhythm Technologies,irhythmtech.com,United States,"Longevity, Diagnostics & Recovery",Wearable cardiac monitoring (Zio),1800,FY2024 revenue ~USD 590M (NASDAQ: IRTC),Leader in long-term wearable heart monitoring going international (Japan/EU); heart-rate-under-G-force content with drivers is a distinctive health-awareness platform.
125,JINS Holdings,jins.com,Japan,"Longevity, Diagnostics & Recovery",Eyewear retail / functional lenses,4000,"Revenue ~JPY 73B (~USD 500M), TSE Prime-listed, profitable","Functional-eyewear innovator (JINS MEME sensing glasses, driving lenses) expanding in China/US; Suzuka home race plus tech-eyewear story fit F1 activation."
126,Lumenis,lumenis.com,Israel,"Longevity, Diagnostics & Recovery",Aesthetic & vision energy-based devices,1300,Revenue est USD 400M+; owned by Baring Private Equity Asia (deep pockets),"Global aesthetics/ophthalmic energy-device pioneer building consumer pull for treatments (OptiLight, Stellar M22); F1 provides premium worldwide consumer stage."
127,Löwenstein Medical,loewensteinmedical.com,Germany,"Longevity, Diagnostics & Recovery",CPAP & respiratory care challenger,3000,Revenue est EUR 400M+ (group; leading European CPAP maker behind ResMed/Philips),"German family-owned sleep/respiratory champion expanding internationally; German engineering vs ResMed narrative suits F1, incl. home-market visibility."
128,MED-EL,medel.com,Austria,"Longevity, Diagnostics & Recovery",Hearing implants / hearing health,2900,"Revenue est EUR 400M+ (global #2 in cochlear implants, sold in 140+ countries)",Austrian family-owned hearing-implant leader seeking global consumer awareness vs Cochlear; F1 (incl. Red Bull Ring home race) offers precision-engineering brand alignment.
129,medi GmbH (medi & CEP),medi.de,Germany,"Longevity, Diagnostics & Recovery","Compression, orthopedics & sports recovery (CEP brand)",3000,"Revenue ~EUR 350M, profitable family-owned; CEP is a global sports compression brand",Owns consumer sports-compression brand CEP sold in 90 countries; recovery-under-heat-and-vibration narrative fits driver physiology content.
130,Menicon,menicon.com,Japan,"Longevity, Diagnostics & Recovery",Contact lenses / myopia control,4500,"Revenue ~JPY 110B (~USD 730M), TSE-listed",Japan's largest contact-lens maker expanding in Europe/China with myopia-control products; F1 (Suzuka + global) suits its premium vision-performance positioning.
131,Osstem Implant,osstem.com,South Korea,"Longevity, Diagnostics & Recovery",Dental implants / consumer dental,4300,Revenue ~USD 890M (2024); world's top implant maker by volume,Heavily consumer-advertised dental brand in Asia (TV/celebrity campaigns) with 30+ country footprint; F1 gives premium global visibility vs Straumann.
132,Oura Health,ouraring.com,Finland,"Longevity, Diagnostics & Recovery",Smart ring / sleep & recovery wearable,900,"Raised USD 200M Series D (Dec 2024, USD 5.2B valuation); revenue ~USD 500M","Category leader in recovery wearables; with Whoop joining Ferrari for 2026, Oura is the obvious counter-signing for a rival team's driver-readiness story."
133,Rodenstock,rodenstock.com,Germany,"Longevity, Diagnostics & Recovery",Ophthalmic lenses / premium eyewear,4900,Revenue ~EUR 500M; owned by Apollo Global (deep-pocketed PE backing),German precision-lens brand (B.I.G. biometric lenses) competing with Zeiss/Essilor; 'biometric precision vision' aligns with F1 engineering narrative and premium European audience.
134,Sinocare,sinocare.com,China,"Longevity, Diagnostics & Recovery",Blood glucose monitoring / CGM challenger,4500,"Revenue ~RMB 4.4B (~USD 610M), Shenzhen-listed, profitable",China's #1 glucose-meter brand pushing new CGM globally against Abbott/Dexcom; F1's China and emerging-market reach supports international consumer launch.
135,STAAR Surgical,staar.com,United States,"Longevity, Diagnostics & Recovery",Vision correction (EVO ICL implantable lenses),2300,FY2024 revenue USD 313.9M (NASDAQ: STAA),Markets EVO ICL lens-based vision correction direct to young consumers (incl. athletes with Joe Jonas/max sports ambassadors); 'perfect vision for elite performance' is a natural driver-eyesight story.
136,Starkey Hearing Technologies,starkey.com,United States,"Longevity, Diagnostics & Recovery",Hearing aids challenger,5000,Revenue ~USD 1B (private; largest US-owned hearing aid maker),"Consumer hearing-health brand fighting Sonova/Demant giants; F1's global, older-skewing affluent audience is a direct demographic match, and AI-hearing (Genesis AI) narrative fits tech-performance storytelling."
137,Tandem Diabetes Care,tandemdiabetes.com,United States,"Longevity, Diagnostics & Recovery",Insulin pumps / diabetes tech challenger,2400,FY2024 revenue ~USD 940M (NASDAQ: TNDM),Consumer-loved insulin-pump challenger to Medtronic/Insulet; 'technology managing performance under pressure' plus diabetic-athlete storytelling fits F1 well.
138,Thuasne,thuasne.com,France,"Longevity, Diagnostics & Recovery",Orthopedic braces & sports supports,2400,"Revenue ~EUR 270M, profitable 175-year-old family group",French ortho/sport-support leader (Thuasne Sport) with retail consumer lines; home-market French GP heritage and Le Mans-style endurance ties make motorsport natural.
139,Warby Parker,warbyparker.com,United States,"Longevity, Diagnostics & Recovery",Vision correction / eyewear D2C,3700,FY2024 revenue USD 771M (NYSE: WRBY),Category-defining eyewear disruptor entering growth phase with brand campaigns; F1's young affluent US fanbase growth (Miami/Austin/Vegas) matches expansion strategy.
140,Ypsomed,ypsomed.com,Switzerland,"Longevity, Diagnostics & Recovery",Insulin pumps / injection systems,2800,"Revenue ~CHF 650M, SIX-listed, profitable and growing double-digit",Swiss diabetes-device maker scaling its mylife pump ecosystem across Europe/US; Swiss precision-engineering brand story is tailor-made for F1.
141,Zenni Optical,zenni.com,United States,"Longevity, Diagnostics & Recovery",Vision correction / online eyewear,3000,"Profitable private online-eyewear leader (70M+ frames sold); proven sports spender well above USD 1M/yr - official eyewear of SF 49ers, Boston Celtics, former Chicago Bulls jersey patch (~USD 8-10M/yr)","Already buys big US sports sponsorships and has a dedicated sports partnerships team; F1 is the logical global step-up, incl. blue-light/driving lens activation."
142,Össur,ossur.com,Iceland,"Longevity, Diagnostics & Recovery","Prosthetics, braces & supports",4500,"Revenue ~USD 990M (Nasdaq Copenhagen: OSSR), profitable",Global mobility-tech brand behind Paralympic running blades; human-performance engineering story resonates with F1 tech audience and broadens its consumer bracing business.
143,10x Genomics,10xgenomics.com,United States,"Longevity, Diagnostics & Recovery",Genomics / single-cell platform,1400,Revenue ~$600M FY2025; Nasdaq-listed,Leading single-cell/spatial genomics platform; F1 hospitality supports pharma and academic B2B relationships.
144,Adaptive Biotechnologies,adaptivebiotech.com,United States,"Longevity, Diagnostics & Recovery",Immune-based diagnostics / MRD,624,Revenue ~$277M FY2025 (MRD +46%); Nasdaq-listed,MRD leader (clonoSEQ) with a high-science story that maps to F1's engineering-and-precision brand values.
145,Amedes Group,amedes-group.com,Germany,"Longevity, Diagnostics & Recovery",Specialty lab network,4500,Revenue ~$855M; large PE-backed specialty diagnostics group,Major German/Belgian specialty-lab network; F1 hospitality supports B2B and clinician relationships across Europe.
146,Australian Clinical Labs,clinicallabs.com.au,Australia,"Longevity, Diagnostics & Recovery",Diagnostic lab network,4700,"Revenue ~A$742M / ~$490M FY2025; ASX-listed, profitable",Major Australian pathology network; F1's Melbourne GP and APAC audience align with its consumer and corporate-health services.
147,BillionToOne,billiontoone.com,United States,"Longevity, Diagnostics & Recovery",Molecular diagnostics (prenatal/oncology),839,Revenue ~$220M FY2025 range $200M-500M (Clay); $130M Series D 2024 at $1B+ valuation,Fast-scaling molecular-diagnostics unicorn; global platform supports brand-building as its oncology line grows.
148,Bio-Techne,bio-techne.com,United States,"Longevity, Diagnostics & Recovery",Biomarker reagents & molecular diagnostics,3100,"Revenue ~$1.21B FY2025; Nasdaq-listed, profitable",Diversified biomarker and molecular-diagnostics leader; global F1 platform supports enterprise brand and recruitment.
149,CareDx,caredx.com,United States,"Longevity, Diagnostics & Recovery",Transplant diagnostics,800,Revenue ~$380M FY2025 (+14% YoY); Nasdaq-listed,Category leader in transplant diagnostics; global visibility aids expansion and physician-network relationships.
150,Castle Biosciences,castlebiosciences.com,United States,"Longevity, Diagnostics & Recovery",Genomic diagnostics (dermatology),793,Revenue ~$344M FY2025; Nasdaq-listed,Profitable-track molecular-diagnostics brand; F1's premium audience overlaps its dermatology and skin-cancer positioning.
151,Dr Lal PathLabs,lalpathlabs.com,India,"Longevity, Diagnostics & Recovery",Diagnostic lab network,4600,"Revenue ~$317M FY2025 (+10% YoY); highly profitable, NSE/BSE-listed",India's leading listed diagnostics chain; F1's growing Indian fanbase and premium positioning suit its consumer health-check push.
152,Element Biosciences,elementbiosciences.com,United States,"Longevity, Diagnostics & Recovery",DNA sequencing platform,438,$858M raised total; ~$175M+ Series E (2026) within 24 months; unicorn,Well-funded sequencing challenger scaling its installed base globally; sponsorship raises profile against incumbent giants.
153,Freenome,freenome.com,United States,"Longevity, Diagnostics & Recovery",Early cancer detection (liquid biopsy),530,$1.4B+ raised total; $75M (Nov-2025) and $254M (Feb-2024) rounds within 24 months,Deep-pocketed early-detection player nearing commercial launch; F1 exposure builds consumer trust for blood-based cancer screening.
154,Fulgent Genetics,fulgentgenetics.com,United States,"Longevity, Diagnostics & Recovery",Genetic testing / lab services,1300,"Revenue ~$323M FY2025 (+14% YoY); Nasdaq-listed, strong cash balance",Cash-rich diagnostics company diversifying into oncology and therapeutics; global sponsorship supports brand repositioning.
155,Function Health,functionhealth.com,United States,"Longevity, Diagnostics & Recovery",Consumer biomarker testing,517,"Raised $298M Series B (Nov-2025) at $2.5B valuation, plus $450M growth financing","Direct-to-consumer longevity/biomarker brand with 200k+ members; F1 is a natural channel to its aspirational, performance-focused audience."
156,GeneDx,genedx.com,United States,"Longevity, Diagnostics & Recovery",Genomic testing (rare disease),1319,Revenue ~$427M FY2025 (exome/genome +54%); Nasdaq-listed,Fast-scaling genomic-testing story; a global sponsorship elevates a category-leading brand as it expands beyond pediatric rare disease.
157,Grail,grail.com,United States,"Longevity, Diagnostics & Recovery",Multi-cancer early detection,1135,"Well-capitalized post-Illumina spinoff (>$1B cash, $250M+ funding class); Galleri revenue scaling ~26% YoY","Galleri multi-cancer test targets exactly F1's affluent, prevention-minded demographic; a marquee global platform accelerates consumer awareness."
158,Guangzhou Wondfo Biotech,wondfo.com,China,"Longevity, Diagnostics & Recovery",Point-of-care testing / IVD,3197,"Revenue ~$379M FY2025; Shenzhen-listed, profitable",Global POCT/IVD manufacturer; F1 sponsorship raises brand profile across export markets.
159,Guardant Health,guardanthealth.com,United States,"Longevity, Diagnostics & Recovery",Liquid biopsy / oncology diagnostics,2506,Revenue ~$982M FY2025 (+24% YoY); Nasdaq-listed,"High-growth precision-oncology brand with global reach; F1's affluent, health-conscious global audience matches its early-detection consumer push (Shield blood test)."
160,HeartFlow,heartflow.com,United States,"Longevity, Diagnostics & Recovery",Cardiac diagnostics (imaging AI),843,Revenue ~$176M FY2025 (+38% YoY); raised ~$332M in Aug-2025 IPO,"Freshly public, well-funded cardiac-AI brand; heart-health messaging resonates with F1's global audience and athlete-performance angle."
161,InHealth Group,inhealthgroup.com,United Kingdom,"Longevity, Diagnostics & Recovery",Diagnostic imaging & screening,2500,Revenue ~GBP 337M / ~$430M FY2024 (+11%); large private diagnostics provider,UK's largest independent diagnostics/imaging provider scaling screening and community diagnostics; global sponsorship builds brand for private-pay expansion.
162,LetsGetChecked,letsgetchecked.com,Ireland,"Longevity, Diagnostics & Recovery",At-home health testing,750,Raised $165M Series F (Jan-2025); ~$525M valuation post Truepill merger,At-home testing + telehealth + pharmacy platform; F1's global consumer reach fits its DTC growth ambitions.
163,Maccura Biotechnology,maccura.com,China,"Longevity, Diagnostics & Recovery",IVD (clinical diagnostics),3472,Revenue ~$306M (TTM 2025); Shenzhen-listed,"Integrated IVD player with molecular, immunoassay and chemistry lines; global platform supports international expansion."
164,Molbio Diagnostics,molbiodiagnostics.com,India,"Longevity, Diagnostics & Recovery",Point-of-care molecular diagnostics,800,"Profitable; FY25 revenue ~INR 1,020Cr / ~$122M with ~INR 138Cr PAT; $1.6B unicorn, IPO-bound",Profitable Indian IVD unicorn (Truenat) heading to IPO; a global sponsorship builds brand equity ahead of listing and international expansion.
165,Myriad Genetics,myriad.com,United States,"Longevity, Diagnostics & Recovery",Genetic testing,2600,Revenue ~$825M FY2025; Nasdaq-listed,Consumer-facing hereditary and prenatal testing brand; global F1 platform supports its DTC awareness and payer-market expansion.
166,Neko Health,nekohealth.com,Sweden,"Longevity, Diagnostics & Recovery",Preventive full-body scanning,648,Raised $260M Series B (Jan-2025) and $700M Series C (Jul-2026); $1.8B+ valuation,Spotify-founder-backed preventive-scanning unicorn expanding into the US; F1 is a premium global stage for its consumer-health brand.
167,NeoGenomics,neogenomics.com,United States,"Longevity, Diagnostics & Recovery",Oncology testing / specialty lab,2500,Revenue ~$727M FY2025 (+10% YoY); Nasdaq-listed,Scaled cancer-diagnostics lab network; F1 hospitality offers B2B relationship-building with oncology and pharma partners across US/Europe.
168,Oxford Nanopore Technologies,nanoporetech.com,United Kingdom,"Longevity, Diagnostics & Recovery",Sequencing platform / IVD,1335,Revenue ~GBP 224M / ~$295M FY2025 (+24% cc); LSE-listed,"British deep-tech sequencing champion; F1 aligns with its engineering-led, real-time diagnostics narrative."
169,Prenuvo,prenuvo.com,United States,"Longevity, Diagnostics & Recovery",Preventive whole-body imaging,473,~$275M raised total; $120M round Feb-2025; celebrity-backed premium consumer brand,Archetypal preventive whole-body MRI brand aimed at affluent early-adopters; F1 paddock is a direct match to its high-net-worth clientele.
170,Randox Laboratories,randox.com,United Kingdom,"Longevity, Diagnostics & Recovery",IVD / clinical diagnostics,2000,"Revenue ~$600M+; private, profitable IVD manufacturer","Randox already sponsors elite sport (Grand National); a proven, well-resourced sports sponsor and IVD scale-up seeking global consumer health-check awareness."
171,RAYUS Radiology,rayusradiology.com,United States,"Longevity, Diagnostics & Recovery",Diagnostic imaging network,1990,Revenue ~$400M; large PE-backed national imaging network,National advanced-imaging brand; F1 supports consumer awareness for elective/preventive imaging among premium audiences.
172,Sansure Biotech,sansure.com,China,"Longevity, Diagnostics & Recovery",Molecular diagnostics,2128,"Revenue ~$226M (TTM) growing ~63% YoY; profitable, Shanghai STAR-listed",Fast-growing molecular-diagnostics maker expanding into new clinical fields; F1 gives it a premium global brand stage.
173,SD Biosensor,sdbiosensor.com,South Korea,"Longevity, Diagnostics & Recovery",Point-of-care / rapid diagnostics,660,Revenue ~$499M FY2025; KOSPI-listed,High-volume rapid-diagnostics manufacturer with global distribution; F1 supports post-COVID brand diversification into chronic-disease POC.
174,Seegene,seegene.com,South Korea,"Longevity, Diagnostics & Recovery",Molecular diagnostics (PCR),1000,"Revenue ~$334M FY2025 (+14% YoY); KOSDAQ-listed, returning to profit",Global syndromic-PCR leader expanding via automation partnerships; F1 gives Asia-Pacific and European brand lift.
175,Shenzhen New Industries Biomedical (SNIBE),snibe.com,China,"Longevity, Diagnostics & Recovery",IVD (immunoassay),2800,"Revenue ~$628M FY2025; Shenzhen-listed, profitable",Fast-growing chemiluminescence-immunoassay maker expanding internationally; F1 supports global brand credibility outside China.
176,Tempus AI,tempus.com,United States,"Longevity, Diagnostics & Recovery",Genomics & AI diagnostics,3400,Revenue ~$1.27B FY2025 (+83% YoY); Nasdaq-listed,AI-plus-genomics narrative aligns with F1's data/technology story; strong marketing budget and a founder who courts high-visibility brand partnerships.
177,Twist Bioscience,twistbioscience.com,United States,"Longevity, Diagnostics & Recovery",NGS / synthetic biology platform,1107,Revenue ~$376M FY2025 (+20% YoY); Nasdaq-listed,DNA-synthesis and NGS-diagnostics platform with a strong innovation story that pairs with F1's technology positioning.
178,Veracyte,veracyte.com,United States,"Longevity, Diagnostics & Recovery",Genomic diagnostics,820,"Revenue ~$450M+ FY2025 (testing rev +17%); Nasdaq-listed, profitable",Profitable genomic-diagnostics company; F1 hospitality supports clinician and payer engagement in US and Europe.
179,Vitrolife Group,vitrolife.com,Sweden,"Longevity, Diagnostics & Recovery",Reproductive genetics & IVF diagnostics,1150,Revenue ~$361M (SEK 3.44B) FY2025; Nasdaq Stockholm-listed,Global reproductive-health and genetic-testing leader (Igenomix); F1 offers premium reach across its 125-market footprint.
180,Alan,alan.com,France,"Longevity, Diagnostics & Recovery",Digital health insurance & care super-app,700,ARR >€450M (2024) and targeting profitability by 2026; €173M Series F (2024) at €4B+ valuation,Design-led European health brand scaling into Belgium/Spain/Canada; French F1 fanbase and employer buyers overlap
181,Aledade,aledade.com,United States,"Longevity, Diagnostics & Recovery",Value-based primary care enablement network,1800,Est. revenue >$500M; $260M Series F at $3.5B valuation; company has stated it is profitable,Largest independent primary-care network in the US; national brand-building phase as it courts practices and payers
182,Alibaba Health (AliHealth),alihealth.cn,China,"Longevity, Diagnostics & Recovery",Online pharmacy & digital health services,1300,"Public (HKEX: 241); revenue ~RMB 27B+ (~US$3.8B), profitable; asset-light headcount well within range",Separately listed health arm of Alibaba; consumer health mega-platform for F1's China market push
183,Alto Pharmacy,alto.com,United States,"Longevity, Diagnostics & Recovery",Digital pharmacy & same-day medication delivery,810,Clay-verified 810 employees; company has cited $1B+ annualized revenue run-rate; ~$550M raised (SoftBank-backed),"Speed-and-logistics brand story ('right medication, right now') maps directly onto F1 precision/pit-stop imagery"
184,Apollo 24|7,apollo247.com,India,"Longevity, Diagnostics & Recovery","Telehealth, e-pharmacy & diagnostics super-app",1200,"Clay-verified 1,199 employees, $200-500M revenue band; parent Apollo HealthCo ~US$1B revenue; Advent invested ~$297M (2024)",India's most trusted healthcare brand going digital; F1's large and young Indian fanbase is an untapped sponsor market
185,Calm,calm.com,United States,"Longevity, Diagnostics & Recovery",Sleep & behavioral wellness app,350,"Profitable since 2022 with est. revenue ~$300M; prior seven-figure sports deals (NBA/WNBA official partner, sports TV ad buys)",Proven sports-sponsorship playbook (NBA mental-wellness partner) extendable to F1 drivers' recovery and focus
186,Carbon Health,carbonhealth.com,United States,"Longevity, Diagnostics & Recovery",Hybrid virtual + clinic primary and urgent care,2500,Est. revenue ~$350M+; >$620M raised including $100M CVS Health Ventures round,Tech-forward omnichannel care brand rebuilding consumer awareness; motorsport reach suits its urban consumer base
187,Charlie Health,charliehealth.com,United States,"Longevity, Diagnostics & Recovery",Virtual intensive outpatient mental health,3300,"Clay-verified 3,306 employees and $200-500M revenue band; reported profitable, capital-efficient growth",Fast-scaling profitable behavioral health brand; youth mental-health mission aligns with F1's young fanbase initiatives
188,ComPsych,compsych.com,United States,"Longevity, Diagnostics & Recovery",Employee assistance & behavioral health (EAP),2800,"World's largest EAP provider; private, profitable, est. revenue ~$600M; serves 78k organizations in 200 countries",Global corporate client base across every F1 market; hospitality-led B2B activation fits its enterprise sales motion
189,DispatchHealth,dispatchhealth.com,United States,"Longevity, Diagnostics & Recovery",Tech-enabled in-home acute & hospital-at-home care,2000,"Merged with Medically Home (2025) creating est. >$400M-revenue leader; >$700M raised from Optum, Humana, others",Rapid-response medical logistics brand — 'emergency room speed to your door' resonates with F1 speed positioning
190,DocMorris,docmorris.com,Switzerland,"Longevity, Diagnostics & Recovery",Online pharmacy & telemedicine,1500,Public (SIX: DOCM); revenue ~CHF 1.1B; German e-Rx market inflection driving growth,Pan-European online pharmacy in a two-horse race with Redcare — mass German-speaking audience is F1 heartland
191,Doctolib,doctolib.fr,France,"Longevity, Diagnostics & Recovery","Care booking, telehealth & practice software",3000,"Revenue ~€350M (FY2024), Europe's largest e-health platform; €5.8B valuation; reached profitability in 2024",Household name in France/Germany/Italy — three core F1 markets; ready for pan-European brand consolidation
192,Doximity,doximity.com,United States,"Longevity, Diagnostics & Recovery",Physician network & telehealth workflow tools,1100,"Public (NYSE: DOCS); FY2025 revenue ~$570M with ~35% net margins and >$800M cash, no debt",Highly profitable with large cash reserves; premium global platform matches its 'physician cloud' enterprise ambitions
193,Evolent Health,evolent.com,United States,"Longevity, Diagnostics & Recovery",Specialty care management & value-based care technology,4500,Public (NYSE: EVH); 2024 revenue ~$2.55B,Multi-billion-revenue health tech seeking C-suite visibility with national payers; premium hospitality platform fits
194,GoodRx,goodrx.com,United States,"Longevity, Diagnostics & Recovery",Prescription savings & pharmacy marketplace,600,"Public (Nasdaq: GDRX); revenue ~$800M, adjusted-EBITDA profitable; historically large media/marketing budget",Mass-market US consumer brand with proven nine-figure marketing spend; F1's US surge fits its awareness playbook
195,Headspace,headspace.com,United States,"Longevity, Diagnostics & Recovery","Mindfulness, sleep & mental health app",850,"Est. revenue ~$300M post Headspace-Ginger merger ($3B merger valuation); 70M+ users, 4,000+ enterprise clients",Focus/mindfulness content pairs with driver cognitive-performance narratives; precedent of sports-league wellness deals
196,Included Health,includedhealth.com,United States,"Longevity, Diagnostics & Recovery",Healthcare navigation & virtual care,2500,"Est. revenue ~$400M (Grand Rounds + Doctor On Demand merger); $340M+ raised, ~$3.3B valuation",Navigation category leader selling to jumbo employers; F1 B2B hospitality reaches exactly those CHRO/CFO buyers
197,Innovaccer,innovaccer.com,United States / India,"Longevity, Diagnostics & Recovery",Healthcare AI & data platform,1700,"$275M Series F raised Jan-2025 (within 24 months); ~$675M total funding, $3.45B valuation",Freshly capitalized healthcare-AI leader with US-India footprint; data/AI narrative aligns with F1's tech-sponsor cohort
198,JD Health,jdhealth.com,China,"Longevity, Diagnostics & Recovery","Online pharmacy, telehealth & health e-commerce",3564,"Public (HKEX: 6618); revenue ~RMB 58B (~US$8B), profitable; 3,564 employees per 2024 annual report",China's largest online healthcare platform with global ambitions; huge marketing budget and Shanghai GP tie-in
199,LifeMD,lifemd.com,United States,"Longevity, Diagnostics & Recovery",Virtual primary care & weight management,700,"Public (Nasdaq: LFMD); 2025 revenue guidance ~$265-275M, crossing the $250M mark; Novo Nordisk NovoCare partner",Publicly listed telehealth challenger needing national brand awareness against Hims/Ro; male 25-54 skew fits F1 US growth
200,Lyra Health,lyrahealth.com,United States,"Longevity, Diagnostics & Recovery",Employer mental health benefits,1400,"ARR $235M in 2024 (up ~110% YoY), est. >$250M 2025; $910M raised, $5.85B valuation; serves Fortune 500 employers",Sells to global Fortune 500 HR buyers — F1 paddock hospitality is a proven B2B enterprise sales platform
201,Phreesia,phreesia.com,United States,"Longevity, Diagnostics & Recovery","Patient intake, access & payments platform",3100,"Public (NYSE: PHR); FY2025 revenue ~$420M, adjusted-EBITDA positive",Scaled healthcare SaaS entering profitability; brand elevation with provider-enterprise buyers via F1 hospitality
202,Quantum Health,quantum-health.com,United States,"Longevity, Diagnostics & Recovery",Healthcare navigation & care coordination,2300,Est. revenue $400M+; majority-owned by Warburg Pincus (2020 deal valued >$1B); ~500 large-employer clients,PE-backed navigation leader; premium employer-facing hospitality platform accelerates enterprise pipeline
203,Redcare Pharmacy,redcare-pharmacy.com,Netherlands,"Longevity, Diagnostics & Recovery",Online pharmacy & digital health e-commerce,2700,"Public (XETRA: RDC); 2024 revenue ~€2.37B, ~12M active customers across 7 European markets",Europe's #1 e-pharmacy fighting a brand war for e-prescription share; F1's European reach hits its exact customer base
204,Transcarent,transcarent.com,United States,"Longevity, Diagnostics & Recovery",AI health navigation & care experience,2900,Combined revenue >$500M after $621M Accolade acquisition (Apr 2025); raised $126M Series D May 2024 at $2.2B,Glen Tullman-led consolidator building a national brand fast; high-visibility sponsorship suits its aggressive posture
205,WELL Health Technologies,well.company,Canada,"Longevity, Diagnostics & Recovery",Omnichannel digital health & virtual care network,3200,"Public (TSX: WELL); 2025 revenue guidance CA$1.40-1.45B (~US$1B+); ~3,200 employees",Canada's largest digital-health operator expanding into the US; Montreal GP home race and public-market brand upside
206,Zocdoc,zocdoc.com,United States,"Longevity, Diagnostics & Recovery",Doctor booking & healthcare navigation marketplace,900,Est. revenue ~$300M; company states it has been profitable since 2023; category-leading consumer marketplace,Consumer appointment-booking brand whose growth is pure brand-awareness driven — ideal fit for mass sports media
207,Al-Dawaa Medical Services,aldawaa.com,Saudi Arabia,"Longevity, Diagnostics & Recovery",Pharmacy & Health Retail Chain,"~4,222","Revenue ~USD 1.79B TTM (Tadawul: 4163), one of Saudi Arabia's leading pharmacy operators with 950+ pharmacies.",Fast-growing Saudi pharmacy retailer wants elevated brand prestige aligned with the Kingdom's sport-investment push and Jeddah GP.
208,Colsanitas (Keralty Group),colsanitas.com,Colombia,"Longevity, Diagnostics & Recovery",Private Hospital & Health Insurance Group,"~4,667","Revenue ~USD 302.8M (Clay-verified, Colsanitas entity); parent Keralty Group revenue >USD 2B across 11,000+ care centers in Colombia, Spain and the US.",Colombia's leading private-health and insurance brand (part of pan-LatAm Keralty) wants a global platform to support expansion into the US and Central America.
209,Columbia Asia (Asia Pacific Medical Group),columbiaasia.com,Malaysia,"Longevity, Diagnostics & Recovery",Private Hospital Group (Malaysia/Indonesia/Vietnam),"~1,001-5,000 (Malaysia entity, Clay-verified)","Revenue ~USD 200-500M (Clay-verified, Malaysia entity); majority-owned by Hong Leong Group and TPG (global alternative-asset manager), giving deep sponsorship-budget capacity.","TPG-backed Southeast Asian hospital network wants global brand credibility to support its expansion across Malaysia, Indonesia and Vietnam."
210,Deva Holding,deva.com.tr,Turkey,"Longevity, Diagnostics & Recovery",Generics & Specialty Pharma,"~3,023","Revenue ~USD 423-486M (2024-25, Borsa Istanbul: DEVA), profitable, 82-country export footprint.",Turkey's #3 pharma manufacturer by unit sales wants marquee international exposure to support its cardiovascular/dermatology export push.
211,Droguerías y Farmacias Cruz Verde,cruzverde.com.co,Colombia,"Longevity, Diagnostics & Recovery",Pharmacy & Health Retail Chain,"~3,700",Revenue est. USD 400-600M; Colombia's largest pharmacy chain (380+ drugstores) with multi-country Andean and cross-continental footprint.,Colombia's leading pharmacy brand wants global-caliber sponsorship to support its pan-Andean and cross-continental retail expansion.
212,Grupo Ángeles Servicios de Salud,hospitalesangeles.com,Mexico,"Longevity, Diagnostics & Recovery",Private Hospital Group,"~1,200-5,000 (LinkedIn/Clay band)","Revenue est. USD 300-400M (Clay band USD 101-500M); Mexico and Latin America's largest private hospital operator, 28 Hospital Ángeles facilities nationwide.",Mexico's largest private hospital network wants marquee global sponsorship as Mexico City's F1 race anchors its home-market brand story.
213,Indira IVF,indiraivf.com,India,"Longevity, Diagnostics & Recovery",Fertility Clinic Network,"~2,826","Revenue ~USD 200-500M (Clay-verified band; FY24 revenue ~INR 1,490 Cr / ~USD 180M and growing fast); India's largest IVF chain (160+ centres), backed by TA Associates.",India's #1 fertility-clinic network wants a high-visibility global platform to destigmatize infertility as it scales toward a planned IPO.
214,Liv Hospital Group,livhospital.com,Turkey,"Longevity, Diagnostics & Recovery",Private Hospital Group,"~1,778","Revenue ~USD 200-500M (Clay-verified); backed by Demirören Group, a major diversified Turkish conglomerate (media, energy, real estate).",Istanbul-based premium hospital brand with a strong international-patient focus wants a marquee global platform to support medical-tourism growth.
215,Mitra Keluarga Karyasehat,mitrakeluarga.com,Indonesia,"Longevity, Diagnostics & Recovery",Private Hospital Group,"~3,900-4,000","Revenue ~USD 305M (TTM 2025, IDX: MIKA), profitable, ~USD 2B market cap; 17 hospitals across Jabodetabek and Java.",Indonesia's top-margin listed hospital chain wants premium global visibility as it expands beyond Jabodetabek into new Indonesian cities.
216,Mouwasat Medical Services,mouwasat.com,Saudi Arabia,"Longevity, Diagnostics & Recovery",Private Hospital Group,"~3,700","Revenue ~SAR 3.4B / USD ~900M (2025, Tadawul: 4002), highly profitable listed Saudi hospital operator (net profit SAR 822M, +27% YoY).",Dammam-based hospital network riding Saudi's sport-investment wave wants marquee global association tied to Vision 2030 and the Kingdom's F1 host status.
217,Nova IVF Fertility,novaivffertility.com,India,"Longevity, Diagnostics & Recovery",Fertility Clinic Network,"~1,484","Revenue ~USD 200-500M (Clay-verified); owned by Asia Healthcare Holdings, backed by Quadria Capital and TPG Growth.",PE-backed Indian fertility chain (120+ centres) wants global brand-building support as it scales toward regional consolidation.
218,Polpharma,polpharma.com,Poland,"Longevity, Diagnostics & Recovery",Generics & Diversified Pharma,"~2,400 (Poland entity; Group ~6,200)","Revenue ~USD 750M (Poland entity, 2025) / Group net revenue >EUR 1.3B, profitable, Poland's largest pharmaceutical group.","Poland's #1 pharma group (generics, OTC and biosimilars) wants Western-European-caliber brand exposure as it scales exports and biosimilar launches across the EU."
219,Purpose Brands (Anytime Fitness / Orangetheory Fitness),purposebrands.com,United States,"Longevity, Diagnostics & Recovery",Fitness/Wellness Franchise Parent,"~200-500 (corporate, LinkedIn band)","Combined systemwide revenue ~USD 3.7B across Anytime Fitness, Orangetheory Fitness, Waxing the City and The Bar Method (7,000+ locations, 46 countries); Roark Capital-backed.","The world's largest fitness-franchise portfolio (backed by Roark Capital, one of the biggest franchise-focused PE firms) wants a unifying global sponsorship to cross-promote its brands across 46 countries."
220,Rainbow Children's Medicare (Rainbow Hospitals),rainbowhospitals.in,India,"Longevity, Diagnostics & Recovery",Pediatric & Fertility Hospital Group,"~2,900","Revenue ~USD 200-500M (Clay-verified), profitable, NSE-listed (RAINBOW); 22 hospitals combining pediatric care and its BirthRight fertility/perinatal arm.",India's largest listed pediatric-hospital chain wants global visibility as India's F1 fanbase and family-health spending both surge.
221,Sanovel İlaç,sanovel.com.tr,Turkey,"Longevity, Diagnostics & Recovery",Generics & Specialty Pharma,"~1,906","Revenue ~USD 200-500M (Clay-verified); Turkey's patent-leading pharma group, EU GMP- and FDA-approved production, 60+ brands.",Turkey's IP-leading generics powerhouse wants a premium global platform as it pushes into new international export markets.
222,Snap Fitness (Lift Brands),snapfitness.com,United States,"Longevity, Diagnostics & Recovery",Fitness/Wellness Franchise Parent,"~200-500 (corporate, LinkedIn band)","Systemwide revenue est. USD 500M-1B (Clay-verified); 1,000+ clubs globally under Lift Brands (Snap Fitness, 9Round, Fitness on Demand).","Global 24/7 gym franchisor with 1,000+ clubs worldwide wants an international sport platform to accelerate brand awareness against rival franchise chains."
223,Tecnoquímicas,tecnoquimicas.com,Colombia,"Longevity, Diagnostics & Recovery",Diversified OTC & Specialty Pharma,"~4,289","Revenue ~USD 650M+ (est., up from USD 646M in 2022), Colombia's #1 domestic pharma/consumer-health group (~14% market share).",Colombia's leading independent pharma group wants a global brand platform to support its export push across the Andean region and beyond.
224,Tempo Scan Pacific,temposcan.com,Indonesia,"Longevity, Diagnostics & Recovery",Diversified OTC & Consumer Pharma,"~4,500","Revenue ~USD 862M (2025, IDX: TSPC), profitable, diversified pharma/consumer-products/cosmetics conglomerate.","One of Indonesia's largest listed consumer-pharma groups (Bodrex, Hemaviton) wants global-caliber visibility to support ASEAN-wide OTC expansion."
225,The Gym Group,thegymgroup.com,United Kingdom,"Longevity, Diagnostics & Recovery",Fitness/Wellness Franchise Parent,"~2,077","Revenue ~GBP 244.9M / USD 310M (2025, LSE: GYM), profitable budget-fitness chain with ~945,000 members.",UK's leading budget-gym operator wants a high-visibility global platform to build brand equity beyond its domestic market.
226,Xponential Fitness,xponential.com,United States,"Longevity, Diagnostics & Recovery",Fitness/Wellness Franchise Parent,~400,"Revenue ~USD 315M (2025, NYSE: XPOF); franchisor of Club Pilates, CycleBar, StretchLab, Pure Barre, Row House, AKT, YogaSix and Stride.",The archetypal boutique-fitness franchise-of-franchises wants a marquee global platform to cross-promote its nine-brand portfolio internationally.
227,Zulekha Hospital,zulekhahospitals.com,United Arab Emirates,"Longevity, Diagnostics & Recovery",Private Hospital Group,"~2,575","Revenue ~USD 200-500M (Clay-verified); long-established UAE 'Superbrand' hospital operator (Dubai and Sharjah) with over 4,000 staff cited company-wide.",Long-established Dubai/Sharjah hospital brand wants a global stage tied to the UAE's Abu Dhabi GP season finale.
228,Almoosa Health,almoosahealthgroup.org,Saudi Arabia,"Longevity, Diagnostics & Recovery",Private healthcare & preventive health (Vision 2030 expansion),4000,IPO Jan 2025 raised SAR 1.69B (~$449M) on Tadawul; institutional tranche 103x oversubscribed,Freshly capitalized Saudi health group expanding aggressively; Saudi GP sponsorship aligns with Vision 2030 health and sport agendas.
229,Altos Labs,altoslabs.com,United States,"Longevity, Diagnostics & Recovery",Longevity biotech (cellular rejuvenation),1000,"$3B raised — the best-capitalized longevity biotech ever (Bezos, Milner-backed)",Deepest-pocketed longevity science company; an F1 platform could anchor talent branding and mainstream the rejuvenation-science narrative.
230,American Hospital Dubai,ahdubai.com,United Arab Emirates,"Longevity, Diagnostics & Recovery",Private hospital with executive health & longevity programs,3500,"Revenue ~$271M; ~4,900 staff (2025); flagship private hospital of Dubai's medical-tourism push",Premium Gulf healthcare brand courting international patients; Abu Dhabi GP season finale is its home audience.
231,Bumrungrad International Hospital,bumrungrad.com,Thailand,"Longevity, Diagnostics & Recovery",Executive health checkups & VitalLife longevity center,4800,"Revenue ~$700M, highly profitable (SET: BH); premier medical-tourism brand",World-leading medical tourism destination with VitalLife longevity clinic; F1's Asian and Gulf races reach its exact international patient base.
232,Canyon Ranch,canyonranch.com,United States,"Longevity, Diagnostics & Recovery",Wellness & longevity resorts and clubs,1450,"Revenue $200-500M and $100-250M raised (Clay); VICI Properties strategic capital; expanding new formats (Austin, wellness clubs)",Pioneer luxury wellness brand in expansion mode; F1 Paddock Club-level clientele is exactly its guest profile.
233,Flo Health,flo.health,United Kingdom,"Longevity, Diagnostics & Recovery",Women's health app (cycle & health tracking),600,$200M from General Atlantic (Jul 2024) at $1B+ valuation; profitable with ~70M MAU,First femtech unicorn seeking mainstream brand moments; F1's surging female audience (~40%+) is a strategic white space.
234,Hims & Hers Health,hims.com,United States,"Longevity, Diagnostics & Recovery",Men's/women's health & GLP-1 telehealth,2500,"Revenue $1.5B+ (2024, NASDAQ: HIMS); acquiring Eucalyptus for up to $1.15B to go global","Consumer health mega-brand chasing global (esp. European) expansion; F1's young male-skewing affluent audience matches its core customer, and performance/optimization narrative fits the paddock."
235,Hinge Health,hingehealth.com,United States,"Longevity, Diagnostics & Recovery",Digital musculoskeletal & preventive care,1400,IPO May 2025 raised ~$437M (NYSE: HNGE); revenue ~$500M run-rate,Category leader in digital MSK with public-company marketing budgets; F1 gives global brand halo for employer and consumer expansion.
236,LaserAway,laseraway.com,United States,"Longevity, Diagnostics & Recovery",Med-spa / aesthetic dermatology chain,2000,Est. revenue >$400M across 160+ clinics; PE-backed; heavy national advertiser (Super Bowl-level ad spend),Largest US aesthetics chain already buying premium sports media; Miami/Vegas/Austin GPs align with its urban customer base.
237,Marathon Health,marathon.health,United States,"Longevity, Diagnostics & Recovery",Employer-sponsored preventive primary care,1750,Revenue $200-500M (Clay); merged with Everside Health 2024; General Atlantic-backed,Scaled preventive-care network selling to large employers; F1 paddock hospitality is a differentiated B2B channel.
238,MDVIP,mdvip.com,United States,"Longevity, Diagnostics & Recovery",Concierge preventive primary care network,1100,"Revenue $500M-1B (Clay); 400k+ members, 1,100+ physicians; Goldman Sachs/Charlesbank-owned",Largest US concierge-medicine network monetizing affluent 45+ preventive-care consumers — squarely F1's US hospitality demographic.
239,Milan Laser Hair Removal,milanlaser.com,United States,"Longevity, Diagnostics & Recovery",Med-spa / laser aesthetics chain,3000,"380+ clinics, est. revenue >$400M; Leonard Green & Partners-backed",Scaled PE-backed med-spa platform in growth-marketing phase; US F1 races offer national brand reach.
240,Natera,natera.com,United States,"Longevity, Diagnostics & Recovery",Genetic testing & early-detection diagnostics,3700,"Revenue ~$1.7B (2024, NASDAQ: NTRA)",Large-cap preventive genomics leader with consumer-facing tests; F1 offers a global health-tech brand platform.
241,Noom,noom.com,United States,"Longevity, Diagnostics & Recovery",Behavioral weight & metabolic health,1200,Revenue ~$400M (peaked >$500M); large consumer subscription base plus Noom Med GLP-1 arm,Psychology-based health brand fighting for differentiation vs telehealth rivals; global F1 platform suits its consumer subscription growth push.
242,Omada Health,omadahealth.com,United States,"Longevity, Diagnostics & Recovery",Digital metabolic & chronic-condition prevention,1000,IPO June 2025 raised ~$150M (NASDAQ: OMDA); revenue >$200M and growing ~35%,Newly public preventive-care leader needing brand awareness beyond B2B; F1 employer/partner hospitality is a strong enterprise sales channel.
243,Personify Health,personifyhealth.com,United States,"Longevity, Diagnostics & Recovery",Corporate health & wellbeing platform (Virgin Pulse + HealthComp),3000,Revenue ~$600M following Virgin Pulse-HealthComp merger; Marlin/NEA-backed,Employer wellbeing giant rebranding post-merger; F1 B2B hospitality is a proven enterprise pipeline builder.
244,Ping An Health (Ping An Good Doctor),pagd.net,China,"Longevity, Diagnostics & Recovery",Digital health management & preventive care platform,3000,Revenue RMB 5.47B (~$770M) in 2025; net profit up 366% YoY (HKEX: 1833),Newly profitable Chinese health-management giant; F1's return to Shanghai and global prestige fit parent Ping An's brand ambitions.
245,Progyny,progyny.com,United States,"Longevity, Diagnostics & Recovery",Fertility & women's health benefits,1000,"Revenue ~$1.2B (2024), profitable (NASDAQ: PGNY)",Women's health/fertility leader expanding globally; F1's fast-growing female fanbase and corporate hospitality suit its employer sales motion.
246,Raffles Medical Group,rafflesmedicalgroup.com,Singapore,"Longevity, Diagnostics & Recovery",Executive health screening & private healthcare,2800,"Revenue ~S$750M (~$560M), profitable (SGX-listed)",Pan-Asian premium health screening brand; Singapore GP home-race activation plus regional expansion in China/Vietnam.
247,Ro,ro.co,United States,"Longevity, Diagnostics & Recovery",GLP-1 weight & men's health telehealth,700,"Est. revenue well above $250M (GLP-1 weight business widely reported around $1B annualized); $6.6B valuation, $1B+ raised to date",Direct rival to Hims with heavy DTC ad spend; F1 offers a mass premium-male reach platform to cement brand trust in the GLP-1 land-grab.
248,Sharecare,sharecare.com,United States,"Longevity, Diagnostics & Recovery",Digital health & wellbeing platform,2500,Revenue ~$400M; taken private by Altaris (2024) with capital to reposition the brand,Consumer health platform in relaunch mode under new PE ownership; sponsorship could reset brand visibility.
249,Sono Bello,sonobello.com,United States,"Longevity, Diagnostics & Recovery",Body contouring / cosmetic procedure chain,1050,Revenue $500M-1B (Clay); 100+ centers; major national TV advertiser,One of the biggest ad spenders in consumer aesthetics; sports sponsorship is a logical next channel for its mass-affluent audience.
250,Sword Health,swordhealth.com,United States,"Longevity, Diagnostics & Recovery",AI musculoskeletal & preventive digital care,900,~$170M raised in last 24 months ($130M Jun 2024 + $40M Jun 2025); $4B valuation,AI-care unicorn preparing for IPO; movement-health story pairs naturally with elite motorsport physical performance.
251,Thirty Madison,thirtymadison.com,United States,"Longevity, Diagnostics & Recovery","Specialty men's/women's telehealth (Keeps, Nurx, Cove)",550,"Company-reported revenue >$325M (2022); backed by HealthQuest, Polaris, Johnson & Johnson","Portfolio of condition-specific brands (hair loss, migraine, women's health) targeting the same 25-45 demographic F1 over-indexes on."
252,WeightWatchers (WW International),weightwatchers.com,United States,"Longevity, Diagnostics & Recovery",Weight management & GLP-1 clinical services,2000,Revenue ~$700M; relisted post-restructuring (2025) debt-light with growing WeightWatchers Clinic GLP-1 arm,Iconic brand relaunching around clinical weight care; a bold sponsorship could signal reinvention to a global audience.
253,Wellhub,wellhub.com,United States,"Longevity, Diagnostics & Recovery",Corporate wellness network (ex-Gympass),2000,Revenue ~$319M ARR (2025); $2.4B+ valuation; global footprint across Americas & Europe,"Rebranded global wellness platform active in Brazil, US and Europe — mirrors the F1 calendar; needs brand awareness under its new name."
254,Beurer,beurer.com,Germany,"Longevity, Diagnostics & Recovery",Massage / wellness devices,900,"Privately/family-owned; revenue in the $200-500M band, ranked among Germany's top growth/revenue performers by Munich Strategy Group.","German market-leading massage, heat-therapy and connected-health device maker with no current motorsport sponsorship; strong fit with F1's German fan base and returning German GP interest."
255,boAt Lifestyle,boat-lifestyle.com,India,"Longevity, Diagnostics & Recovery",Smart bands / wearables,1738,"Private; revenue in the $200-500M band, India's #1 audio/wearables brand with IPO ambitions.",India's largest wearables brand seeking premium global sport association as F1's Indian fanbase and commercial push grow.
256,Bodyfriend,bodyfriend.com,South Korea,"Longevity, Diagnostics & Recovery",Massage chairs / recovery tech,1000,"South Korea's #1 massage-chair and healthcare-technology brand; has run marquee celebrity/athlete endorsement campaigns (e.g., Son Heung-min), indicating meaningful annual marketing budget.","Category leader in premium recovery furniture with global expansion ambitions (US, Europe); would be a first-of-kind Korean recovery-tech sponsor in F1."
257,Casper Sleep,casper.com,United States,"Longevity, Diagnostics & Recovery",Sleep tech,600,"Private (Durational Capital-backed); revenue in the $200-500M band, and has raised $100-250M in growth funding historically.",Iconic DTC sleep brand looking to reposition around performance/recovery; travel-heavy F1 calendar is an obvious storytelling hook.
258,Emma – The Sleep Company,emma-sleep.com,Germany,"Longevity, Diagnostics & Recovery",Sleep tech,1329,"Private; revenue in the $500M-1B band — the world's largest D2C sleep brand, present in 25+ markets, comfortably clears the $250M revenue bar.","Frankfurt-based sleep tech scale-up wants global brand-building; F1's European calendar (Germany, Belgium, Hungary, Italy) matches its core markets."
259,HoMedics,homedics.com,United States,"Longevity, Diagnostics & Recovery",Massage / percussive recovery,426,"Private, family-owned since 1987; self-described #1 brand in massage, distributing to 60+ countries — long-established profitable consumer-wellness leader.",Mass-premium massage/recovery brand looking to move upmarket; motorsport recovery narrative (post-race muscle recovery) is untapped for the brand.
260,iFIT (NordicTrack / ProForm),ifit.com,United States,"Longevity, Diagnostics & Recovery",Premium fitness equipment,1474,"Private; revenue in the $500M-1B band, ~$100-250M raised in growth funding, 12M+ member community across its NordicTrack/ProForm/Freemotion brand portfolio.","Connected fitness ecosystem spanning cardio, strength and recovery content; scale and international footprint support a premium global sponsorship."
261,Life Fitness,lifefitness.com,United States,"Longevity, Diagnostics & Recovery",Premium fitness equipment,2281,"Private (KPS Capital-owned); revenue in the $500M-1B band, five decades as a category-leading commercial fitness equipment maker.",Equips elite training facilities worldwide (incl. pro sports teams); natural extension into F1 team fitness/gym partnerships.
262,MTG Group (SIXPAD / ReFa),mtg.gr.jp,Japan,"Longevity, Diagnostics & Recovery",EMS training / massage recovery tech,1200,"Private; revenue in the $500M-1B band. SIXPAD (EMS training gear) already has a marquee athlete-endorsement deal with Cristiano Ronaldo, showing willingness to spend on major sports sponsorships.",Nagoya-based beauty/wellness device conglomerate with proven appetite for global athlete sponsorship and strong APAC distribution — matches F1's push into Japan and broader Asia.
263,OSIM International,osim.com,Singapore,"Longevity, Diagnostics & Recovery",Massage / wellness tech,816,"Private; revenue in the $200-500M band. Long history of celebrity endorsement deals (Andy Lau, Hyun Bin, JJ Lin) shows established large sports/entertainment marketing budgets.",Asia's leading massage-chair/wellness-tech brand with 396+ retail stores across 97 cities; strong overlap with F1's Singapore Grand Prix market.
264,Peloton Interactive,onepeloton.com,United States,"Longevity, Diagnostics & Recovery",Premium fitness equipment,2891,"Public company (NASDAQ: PTON); revenue in the multi-billion-dollar range, comfortably clearing the $250M revenue bar.",Global connected-fitness brand with a large affluent subscriber base; motorsport is an untapped sponsorship category for a brand that already sponsors other pro sports.
265,Polar Electro,polar.com,Finland,"Longevity, Diagnostics & Recovery",HRV / sports watches,800,"Private and profitable for over four decades; long-standing sponsor of major running/cycling events and athletes, signalling established annual sports-marketing spend.",Pioneer of heart-rate/HRV training tech with no existing F1 tie (unlike Garmin); Finnish HQ adds a Nordic anchor to F1's sponsor roster.
266,Purple Innovation,purple.com,United States,"Longevity, Diagnostics & Recovery",Sleep tech,1234,"Public company (NASDAQ: PRPL); revenue in the $200-500M band, comfortably clearing the $250M revenue bar.",Patented Purple Grid recovery-sleep technology is positioned squarely in performance recovery; sponsorship would target driver sleep/travel recovery.
267,Restore Hyper Wellness,restore.com,United States,"Longevity, Diagnostics & Recovery",Recovery centers (cryo / IV / sauna / compression),1523,"Private, PE-backed (L Catterton) franchise network with 225+ locations across 40 states — scale implies system-wide revenue well above $250M.","Multi-modality recovery brand (cryotherapy, compression, infrared, IV) squarely in the bucket; national US footprint aligns with F1's growing US fanbase (Austin, Miami, Las Vegas)."
268,Rogue Fitness,roguefitness.com,United States,"Longevity, Diagnostics & Recovery",Premium fitness equipment,1400,"Private and profitable; official equipment supplier to CrossFit Games, USA Weightlifting, Arnold Strongman Classic and World's Strongest Man — established multi-million-dollar annual sports sponsorship spend.",Manufactures the strength/conditioning gear used by elite sports performance programs; F1 gives it a global stage to extend beyond CrossFit/strongman into motorsport fitness culture.
269,Sleep Number Corporation,sleepnumber.com,United States,"Longevity, Diagnostics & Recovery",Sleep tech,3621,"Public company (NASDAQ: SNBR); revenue in the $1B+ range, comfortably clearing the $250M revenue bar.",SleepIQ biometric smart-bed technology tracks recovery data; strong fit for driver/team-personnel sleep and recovery sponsorship storyline.
270,Strava,strava.com,United States,"Longevity, Diagnostics & Recovery",HRV / fitness platform,978,Raised new funding at a $2.2B valuation in 2025 (Sequoia-led); roughly $500M ARR reported — clears the $150M-raised-in-24mo bar.,Massive endurance-sport community (cycling/running) overlapping heavily with F1's core fan demographic; drivers and paddock staff already train on the platform.
271,Suunto,suunto.com,Finland,"Longevity, Diagnostics & Recovery",Sports watches / HRV wearables,360,"Established since 1936 and historically profitable; long track record of sponsoring extreme-endurance athletes and expeditions, indicating recurring sports-marketing budget even though current disclosed revenue sits below $250M.","Adventure/endurance sports watch heritage brand with no current F1 relationship, based in the same Nordic market F1 is courting via Polar/Oura-style tie-ins."
272,Tonal,tonal.com,United States,"Longevity, Diagnostics & Recovery",Premium fitness equipment (smart strength),393,"Well-capitalized private company backed by L Catterton and others; roughly $650M raised across its funding history, premium $3,000+ hardware price point.",AI-powered strength training platform used by pro athletes for off-season conditioning; fits F1's growing driver and pit-crew fitness storyline.
273,Withings,withings.com,France,"Longevity, Diagnostics & Recovery",Smart watches / connected health wearables,337,"Private and profitable; pioneer of connected health (smart scales, hybrid watches, sleep/ECG tracking) with revenue estimated near/above $250M and a history of being bought back from Nokia for $170M.",French connected-health leader with F1's return to French soil (Paul Ricard heritage) and a natural fit for driver biometric storytelling.
274,Zepp Health (Amazfit),zepp.com,United States,"Longevity, Diagnostics & Recovery",Smart watches / bands,700,"Public company (NYSE: ZEPP); revenue in the $200-500M band, 200M+ units shipped across 90+ countries.",Amazfit is scaling a premium performance-watch line and needs a marquee global sport property; not currently attached to any F1 team.
275,Zwift,zwift.com,United States,"Longevity, Diagnostics & Recovery",Fitness / training platform,388,"Private; has raised $250M+ in lifetime venture funding at a past $1B+ valuation, with hundreds of thousands of paying indoor-training subscribers.",Virtual training platform already deeply embedded in pro cycling; a motorsport-adjacent recovery/fitness sponsorship extends its endurance-sport halo.
276,1st Phorm International,1stphorm.com,United States,"Longevity, Diagnostics & Recovery",Protein / performance nutrition,600-650,"Profitable, founder-owned DTC supplement company; revenue estimated $75-200M; known for large sports-sponsorship budgets (UFC, college athletics, military/first-responder partnerships).","Aggressive, marketing-forward sports nutrition brand with a track record of outsized sponsorship spend relative to revenue; a natural fit for a team-level or driver-level F1 deal."
277,BellRing Brands,bellring.com,United States,"Longevity, Diagnostics & Recovery",Protein / performance nutrition (RTD shakes & powders),480-525,Public company (NYSE: BRBR); FY2025 net sales ~$2.3B.,"Premier Protein is the top-selling RTD protein shake in the US with strong retail velocity at Costco/Walmart; Dymatize gives a performance-powder angle; no current motorsport sponsorship, fits a brand seeking global premium visibility."
278,Enervit,enervit.com,Italy,"Longevity, Diagnostics & Recovery",Energy gels/bars & endurance sports nutrition,254,"Public company (Borsa Italiana: ENV); revenue ~€103M; already funds multi-sport sponsorships (running, cycling) implying established sports-marketing budget.",Italy's leading sports-nutrition brand (energy gels/bars) with deep endurance-sport sponsorship pedigree; Italian HQ gives a natural tie to Ferrari/Monza-region storytelling.
279,Integralmedica,integralmedica.com.br,Brazil,"Longevity, Diagnostics & Recovery",Protein / performance nutrition,750-800,"Revenue in the $200-500M range (Clay-verified); already the official UFC sponsor in Brazil, demonstrating existing sports-sponsorship spend well above $1M/yr.",Brazil's leading and longest-established sports-nutrition brand (founded 1983) with a proven appetite for major sports sponsorship (UFC Brazil) — strong LatAm activation candidate as F1 grows its Brazilian/São Paulo GP presence.
280,"Iovate Health Sciences (MuscleTech, Hydroxycut, Six Star)",iovate.com,Canada,"Longevity, Diagnostics & Recovery",Protein / performance nutrition & weight management,250-300,"Privately held, decades-profitable multi-brand sports nutrition company; self-reported '250+ employee family'; estimated revenue $200-300M.","Owner of iconic North American sports-nutrition brands (MuscleTech, Hydroxycut, Six Star) sold through Walmart, Walgreens and Sam's Club — global retail muscle without a current motorsport tie-in."
281,Myprotein (THG Nutrition),myprotein.com,United Kingdom,"Longevity, Diagnostics & Recovery",Protein / performance nutrition,400-500 (brand team; THG Nutrition segment revenue ~£600M+/yr),THG Nutrition division reported ~£600M+ annual segment revenue; #1 online sports-nutrition brand in the UK and Europe (25% UK online market share).,"Europe's leading online sports-nutrition brand with deep e-commerce infrastructure and a young, performance-oriented audience that closely overlaps with F1's core European fanbase."
282,OLIPOP,drinkolipop.com,United States,"Longevity, Diagnostics & Recovery",Functional foods (prebiotic functional beverage),400-450,"$50-100M+ raised; estimated 2024 revenue near $400M and growing fast in 65,000+ US retail doors.","Fast-growing functional beverage disrupting soda with a health/performance angle; well-funded and expanding distribution, giving room for a marquee sponsorship to accelerate mainstream and international awareness."
283,PM-International (FitLine),pm-international.com,Luxembourg,"Longevity, Diagnostics & Recovery",Functional nutrition / performance & wellness,"2,700-2,800",Revenue in the $200-500M range (Clay-verified); one of Europe's largest health/fitness/beauty direct-selling companies.,FitLine sports-nutrition line already sponsors elite endurance and motorsport-adjacent athletes across 40+ countries — pan-European scale with global distribution reach for an F1 tie-in.
284,Prozis,prozis.com,Portugal,"Longevity, Diagnostics & Recovery",Protein / performance nutrition,"950-1,500",Revenue reported at ~€250M in 2025 with 29% EBITDA margin; vertically integrated manufacturing across 10 Portuguese factories.,"One of Europe's largest sports-nutrition manufacturers/distributors (800,000+ customers across 10+ EU distribution hubs), profitable and expanding — a strong Iberian/EU growth story for F1 sponsorship."
285,The Beachbody Company (BODi),bodi.com,United States,"Longevity, Diagnostics & Recovery",Meal replacement / performance nutrition,270-500,"Public company (NYSE: BODI); FY2025 revenue $251.7M, first full year of positive operating income and free cash flow after a turnaround.","Shakeology and BODi's nutrition line are core to a newly-profitable, digitally-native performance/wellness brand pivoting toward broader lifestyle marketing; global streaming/fitness audience aligns with F1's demographic push."
286,The Simply Good Foods Company,thesimplygoodfoodscompany.com,United States,"Longevity, Diagnostics & Recovery",Protein bars & performance nutrition,300-330,Public company (NASDAQ: SMPL); TTM revenue ~$1.4B.,"Owns Quest Nutrition, Atkins and OWYN; high-margin, cash-generative portfolio with room to expand internationally beyond core US/UK footprint via a global platform like F1."
287,The Vitamin Shoppe,vitaminshoppe.com,United States,"Longevity, Diagnostics & Recovery",Sports nutrition & supplements retail,"3,600-3,700",780+ US stores; revenue estimated $200-500M+ (public reporting under prior ownership placed revenue near $1.2B).,Category-leading US sports-nutrition retail chain looking to differentiate against big-box competitors; sponsorship could anchor a national in-store/digital activation campaign.
288,Thorne HealthTech,thorne.com,United States,"Longevity, Diagnostics & Recovery",Functional foods & clinical-grade performance supplements,550-600,"Revenue estimated $75-200M (Clay); already funds partnerships with 100+ professional sports teams and multiple US national teams, evidencing sports-sponsorship budget well above $1M/yr.","NSF-Certified for Sport supplement maker already deeply embedded in elite sport (national teams, pro leagues) but absent from motorsport — strong credibility fit for a performance/recovery-focused F1 partnership."
