wave,master_tab,verdict,tier,company,hq,ownership,sells (what & to whom),headcount_band,"revenue (date, source)",valuation (date),fit 0-4,fit detail,soft flags,verdict reason,best angle
W1-Consumer,Food & Beverage,Yes,exceeds - mega-brand,H-E-B,"San Antonio, Texas, USA","Butt family (100%, private)","Supermarket/grocery and retail chain, Texas/northern Mexico","~145,000-150,000 employees (est., trade press)","$49.6B (FY2025, Forbes America's Largest Private Companies list, ranked #5)","Family-owned, no published valuation (private)",4,"Dominant, highly profitable Texas/Mexico grocery giant with deep community ties and a marketing-forward culture (known for high-profile brand campaigns). Millions of shoppers. Austin/San Antonio HQ directly overlaps the COTA US Grand Prix market. No F1 exposure found, direct or via parent.",,"Top-tier revenue and stability, marketing-forward culture, and unmatched geographic synergy with the US Grand Prix at COTA make this the strongest fit in the batch.","Official grocery/retail partner tied to the COTA US Grand Prix weekend (hospitality, in-store activations, Texas-pride positioning) — leverages H-E-B's home-market advantage and community-brand equity."
W1-Consumer,Food & Beverage,Yes,meets parameters,Raising Cane's Chicken Fingers,"Plano, Texas, USA","Todd Graves, founder (~92% stake, private)","Quick-service chicken restaurant chain, national US + international expansion","~50,000 employees (est., 1,000+ restaurants)","$5.6B systemwide sales (2025, trade press/Forbes reporting)","Founder-owned, no published valuation (private)",4,"Fast-growing, founder-led national QSR chain that has overtaken KFC in US sales and is now the #3 chicken QSR chain. Youth-skewing, culturally relevant brand with an engaged fanbase ('Caniacs') mirroring F1's younger, rapidly growing US audience (Miami, Vegas, Austin GPs). Financially thriving with founder-driven appetite for bold brand marketing. No F1 exposure found.",,"Best overall fit in the batch: strong growth trajectory, youth-relevant brand, founder-driven marketing ambition, and direct demographic overlap with F1's expanding young US fanbase.","Youth-culture/fan-engagement partnership tied to US GP weekends (Miami, Las Vegas, Austin) — trackside QSR activation, driver partnerships, and 'Caniac' fan-club crossover promotions."
W1-Consumer,Food & Beverage,Yes,meets parameters,Alfred Ritter GmbH (Ritter Sport),"Waldenbuch, Germany",Ritter family (100%),chocolate confectionery,"~2,200 (est.)","€605M group turnover (2024, up 7%+ YoY per company statement, yumda.com/confectioneryproduction.com)","family-owned, none published",3,"Exports now >60% of volume across UK, Italy, Austria, US, China - clears 3+ F1 markets; brand name literally 'Sport' is a ready-made motorsport hook (novel angle, not literal performance story but strong activation potential); square-format packaging is distinctive for trackside merchandising; chocolate category open on grid. Buyer base is mass not specifically affluent/senior, capping the score.",cocoa-price inflation cited by company as pressuring 2024 margins ('turbulent year') - watch budget capacity; politically exposed: CEO received public criticism/threats over continued Russia operations - reputational due-diligence item,"Growing global exporter with a brand name ('Sport') that is an unusually strong organic hook for F1 marketing, plus real multi-market presence.","""Sport"" brand-name wordplay campaign + square-chocolate trackside merchandising tied to US/Europe race weekends."
W1-Consumer,Food & Beverage,Yes,meets parameters,"Arca Continental, S.A.B. de C.V.","Monterrey, Mexico",Public (BMV: AC); independent Coca-Cola franchise bottler (no Coca-Cola Co. equity stake),"Coca-Cola bottling/distribution and Bokados/Wise snacks across Mexico, US Southwest, and South America (Ecuador, Peru, Argentina)","~90,000 employees (input est., not independently re-verified)","~MXN 250.3B (~US$13.4B) FY2025, +4.5% YoY (source: stockanalysis.com/companiesmarketcap.com citing company financials, verified Sept 2026)","~€18.1B (~US$19.5B) market cap as of June 2026 (companiesmarketcap.com) — corrects the input's ~$10B estimate, which was roughly half the verified figure",3,"Profitable, steadily growing bottler/snacks group (~4-5% revenue growth, stable margins, no distress or cost-cutting signals found). Massive customer scale via daily Coca-Cola/snack distribution across Mexico, US Southwest and South America. F1 exposure is indirect: Coca-Cola Co. (the brand it bottles under license) currently sponsors McLaren F1 (partnership since 2018, extended 2024, activated via Dasani/SmartWater at USA, Brazil and Abu Dhabi GPs), but Arca holds no Coca-Cola Co. equity — it is a pure franchise licensee, the most 'arm's length' of the three LatAm Coca-Cola names reviewed here.","Parent-brand adjacency: bottles for Coca-Cola, whose global brand already appears on an F1 car (McLaren) via a different entity (Coca-Cola Co.) — flag, not a fail, given no equity tie","Large, profitable, independently-owned bottler (no Coca-Cola Co. equity) with real scale in Mexico, a marquee F1 race market (Mexico City GP). The Coca-Cola brand link is a licensing flag to manage in creative/legal review, not a disqualifier.","Mexico City GP hospitality/activation built around Arca's own snack brands (Bokados/Wise) and regional bottling business, positioned distinctly from Coca-Cola Co.'s existing McLaren deal to avoid trademark overlap."
W1-Consumer,Food & Beverage,Yes,meets parameters,August Storck KG (Storck),"Berlin, Germany (manufacturing base Werther, Westphalia)","Oberwelland family (100%, descendants of founder August Storck)","confectionery (Werther's Original, Merci, Toffifee, Riesen)","~7,000 (5,000+ per Forbes profile, est.)","~$2.0B global (est., Forbes/trade press); sold in 100+ countries","family-owned, none published - patriarch Axel Oberwelland & family #2858 on Forbes 2026 Billionaires list, net worth est. $1.2-3.5B across sources (Forbes)",3,"Sold in 100+ countries covers 3+ F1 markets easily; Werther's Original's core buyer skews older/affluent (classic caramel candy, gifting-oriented Merci brand) matching F1's senior/affluent audience; confectionery category open on the grid. No performance-tech story, holding it off a perfect score.","estimates - private company, limited audited disclosure","Global reach, older/affluent-skewing core brand (Werther's/Merci), family wealth confirmed via Forbes billionaire listing, open category on grid.",Werther's Original/Merci as a premium gifting & hospitality partner targeting F1's affluent/senior fan segment globally.
W1-Consumer,Food & Beverage,Yes,exceeds - mega-brand,Meijer,"Grand Rapids, Michigan, USA","Meijer family (100%, private)","Supercenter/grocery retail chain, US Midwest","~70,000 employees (est.)","$22B (as of Dec 2025, Forbes/private-company revenue rankings)","Family-owned, no published valuation (private)",3,"Large, stable Midwest supercenter chain with broad grocery + general-merchandise reach and millions of shoppers. No known F1 exposure. Midwest-only footprint (no current-calendar US GP nearby) is the main geographic limiter on a trackside angle.",,"Strong balance sheet and mass consumer reach support a sponsorship-caliber budget; lack of a nearby US GP market is a minor angle constraint, not a disqualifier.","National (non-race-market) brand-awareness partnership — media/content integration rather than trackside activation, using Meijer's supercenter breadth to reach a broad Midwest fan base via in-store promotions."
W1-Consumer,Food & Beverage,Yes,exceeds - mega-brand,Publix Super Markets,"Lakeland, Florida, USA",Jenkins family (founding/majority control) + employee stock ownership plan (largest ESOP company in the US),"Supermarket grocery chain, Southeast US","~250,000 employees (est.)","$62.7B (FY2025, fiscal year ended Dec 27 2025; net earnings $4.7B)","Employee/family-controlled, no published market valuation (private; files SEC reports due to ESOP stock plan)",3,"Extremely large, highly profitable Southeast US grocery leader with strong customer loyalty. Governance is a family-control + ESOP hybrid, which historically makes Publix conservative and slow on major national marketing/sponsorship bets. No F1 exposure found.","governance (hybrid family-control + employee-stock-ownership; slower, more conservative marketing decision cycle)","Elite financial capacity and consumer scale outweigh the conservative-culture flag; worth pursuing but expect a longer, more risk-averse sales cycle.",Southeast US regional activation (Miami GP market overlap) framed around the community/employee-ownership story — positions Publix as a 'best-run American company' aligning with F1's premium-but-approachable brand halo.
W1-Consumer,Food & Beverage,Yes,exceeds - mega-brand,Wegmans Food Markets,"Gates, New York, USA","Wegman family (100%, private)","Full-service supermarket grocery chain, NE/Mid-Atlantic US","~53,000 employees (Forbes 2025)","$13.1B (FY2025, Forbes America's Largest Private Companies list, ranked #34)","Family-owned, no published valuation (private); passes revenue >$100M family-owned rule",3,"Stable, profitable, growing regional supermarket chain (~110 stores, NE/Mid-Atlantic) with millions of loyal shoppers and cult brand following; strong balance sheet supports sponsorship-level spend. No F1 exposure, direct or via parent. Regional-only footprint (11 states) is the main limiter on a national/global F1 rationale.",,"Financially strong, stable family-owned mega-brand with mass consumer scale and no conflicts; F1 fit is credible for a US-market/team-level partnership despite regional footprint.","Northeast US fan engagement/hospitality tie-in leveraging Wegmans' cult brand loyalty (e.g., activation around a US-based team's fan zones), positioned as a premium-quality, family-values consumer brand entering experiential sports marketing."
W1-Consumer,Food & Beverage,Yes,meets parameters,Kikkoman Corporation,Japan,Public (TYO: 2801),Soy sauce and seasonings sold globally to retail and foodservice,"~8,000 employees","¥708.98B (~$4.77B), FY2025 (ended Mar 31 2025), source: Kikkoman FY2025 flash report","$10.2B market cap, as of Sep 10 2026, source: GuruFocus",2,"Sold globally across Japan, US, Europe and Asia (3+ markets met); mainstream grocery/foodservice buyer, not an affluent-niche segment; heritage/quality brand story rather than performance-tech; condiments category open on F1 grid.",,"No layoffs, restructuring or cost-cutting program identified; stable global growth - clean capacity pass.",Global heritage food brand with genuine international distribution depth - could support an F1 hospitality/culinary partnership angle.
W1-Consumer,Food & Beverage,Yes,meets parameters,"Nissin Foods Holdings Co., Ltd.",Japan,Public (TYO: 2897),Cup Noodle and instant noodle brands sold globally via retail,"~10,000 employees","¥792B (~$5.2B trailing), FY2025/FY3-2026 H1 basis, source: Nissin Foods FY2026 H1 presentation / companiesmarketcap.com","$5.07B market cap, as of Jul 31 2026, source: stockanalysis.com",2,"Cup Noodle sold globally across Japan, US, Europe, Asia and Latin America (3+ markets easily met); youth/mainstream buyer skews slightly younger than 25-54 target but overlaps; pop-culture-forward global brand story; instant-food category open on F1 grid.",,No layoffs/restructuring identified; overseas business driving profit growth despite domestic cost pressure - capacity passes.,"Globally recognizable pop-culture food brand (Cup Noodle) with a youthful, playful identity that could complement F1's efforts to reach younger fans."
W1-Consumer,Food & Beverage,Stretch,meets parameters,"Coca-Cola FEMSA, S.A.B. de C.V.","Mexico City, Mexico","Public (NYSE: KOF); FEMSA holds ~47% economic/~56% voting control, Coca-Cola Co. holds a ~28% minority equity stake","World's largest Coca-Cola franchise bottler by volume; beverage distribution across Mexico, Brazil, Colombia, Argentina, Central America and more","~90,000 employees per input estimate; public filings suggest headcount may run higher (~130,000) — not independently re-verified given search budget","US$15.56B FY2025 (MXN 291.75B, +4.3% YoY) — company Q4/FY25 investor results, verified Sept 2026",US$22.9B market cap as of July 2026 (companiesmarketcap.com) — well above the input's ~$16B estimate,3,"Profitable, growing bottler (TTM revenue growth accelerating into 2026) with enormous consumer reach across LatAm, including Mexico and Brazil — both active F1 race markets. F1 exposure is closer here than for Arca: Coca-Cola Co. owns a direct ~28% equity stake in KOF and currently sponsors McLaren F1 (extended 2024, active through 2026 season). That equity relationship raises real (not just optical) brand-conflict/approval-chain risk for a standalone KOF sponsorship.","Parent-brand adjacency with direct equity tie: Coca-Cola Co. (28% KOF shareholder) has an active, extended McLaren F1 deal — meaningfully closer than a pure licensee relationship, raising internal approval/brand-conflict risk","Financially and geographically an excellent fit (Mexico + Brazil race markets, huge scale), but Coca-Cola Co.'s direct equity stake plus its own active, extended McLaren sponsorship creates a real conflict-of-brand risk that a pure licensee bottler (Arca) doesn't carry to the same degree — this is a flag serious enough to require Coca-Cola Co. sign-off, not an automatic fail.","Pitch a KOF-specific portfolio (e.g., water/juice sub-brands it bottles that are not part of the McLaren activation) tied to São Paulo or Mexico City GP grassroots/retail activation, explicitly scoped to avoid the Coca-Cola trademark and McLaren exclusivity."
W1-Consumer,Food & Beverage,Stretch,meets parameters,Culver's,"Prairie du Sac, Wisconsin, USA","Mueller family (100%, private)","Quick-service burger/frozen custard chain, primarily US Midwest","~40,000 (franchise system, est.)","~$4.1-4.3B systemwide sales est. (2025, derived from $4.142M AUV x 1,000+ restaurants); Culver's Franchising System corporate revenue $337.7M FY2025","Family-owned, no published valuation (private)",2,"Consistently growing, profitable Midwest-concentrated chain with a loyal regional following and rising AUVs (+9.2% in 2025). Smaller systemwide scale than other candidates and modest franchisor (corporate) revenue (~$338M) leave marketing-budget capacity for a sponsorship-scale F1 deal uncertain. No F1 exposure found.",,"Solid, stable brand but budget capacity and national (vs. Midwest-regional) reach are meaningfully smaller than the stronger candidates in this batch.","Midwest regional fan activation or co-op marketing with a team's US fan-club program, sized to a smaller local/regional sponsorship tier rather than a marquee F1 deal."
W1-Consumer,Food & Beverage,Stretch,meets parameters,Dallmayr,"Munich, Germany",Randlkofer/Scharl founding families,"coffee, tea, delicatessen, foodservice/vending","~4,800-8,000 (group, est.; sources vary)","€1.2B (2025, reported in context of Lavazza merger talks - Trademagazin); operates in 50+ countries, 121,000+ vending machines","family-owned, none published",2,Vending/B2B network spans 50+ countries but core consumer retail brand is concentrated in DACH region - 3+ F1 consumer markets is borderline; premium delicatessen/coffee positioning does skew affluent (+1); no performance-tech story; premium coffee/hospitality category is open on grid (+1).,reported to be in merger talks with Lavazza (Italy) - ownership/independence could change during any sponsorship term; large share of business is B2B vending/foodservice rather than direct consumer sales,"Premium/affluent positioning is a plus, but limited global consumer-brand footprint and pending M&A uncertainty (Lavazza talks) are real risks.","Premium hospitality coffee partner for F1 paddock club / VIP hospitality suites, leveraging affluent-buyer fit."
W1-Consumer,Food & Beverage,Stretch,meets parameters,Dr. Oetker,"Bielefeld, Germany",Oetker family (100%),"baking mixes, frozen pizza, desserts, puddings","~35,000 (Oetker Group)","Oetker Group sales €7.1B (FY2025, company press release, oetker.com); food division (incl. Coppenrath & Wiese) €4.3B FY2025/FY2024 flat","family-owned, none published",2,Global mass-grocery reach covers 3+ F1 markets (DE/UK/US/etc.) but buyer base is broad-mass not affluent-skewed; no performance/tech/precision hook (baking & frozen food); bakery/frozen-food category is open on the grid.,"Oetker family also owns Oetker Collection (luxury hospitality) - avoid duplicate outreach to same family office; revenue figures are group-level estimates from company PR, not audited public filings","Financially strong and stable but brand story (baking mixes, frozen pizza) has weak natural tie to performance/precision F1 narrative.",Family-legacy/craftsmanship storytelling + hospitality crossover via Oetker Collection for paddock/VIP experiential activation.
W1-Consumer,Food & Beverage,Stretch,meets parameters,"Gruma, S.A.B. de C.V.","San Pedro Garza García, Mexico",Public (BMV: GRUMAB); González Barrera family is the controlling shareholder,"Corn flour and tortillas (Mission, Maseca) sold across the Americas and Europe","10,000-50,000 (~21,000)",~$6.5-6.8B TTM through mid-2026 (above the input's ~$5.7B estimate) - source: alphaspread.com/tipranks.com,~$4.9B market cap as of Aug 2026 - source: multiples.vc/tipranks.com,2,"3+ markets: yes - Mexico, US, Central America, and Europe (1). Affluent buyer skew: no, corn flour/tortillas are a commodity food staple (0). Performance-tech-precision story: none (0). Category open on grid: yes (1). Net 2/4.",,"Real multi-market presence and an open staple-food category, plus a genuine home-market hook (Mexico hosts the Mexican GP; Mission brand is also strong in the US, home to the Austin GP), but it remains a low-margin commodity-food brand with no performance-precision story.","Mission-brand fan-zone activation tied to the Mexico City GP (home market) and/or the Austin (US) GP, leaning on local-hero brand recognition rather than a global performance narrative."
W1-Consumer,Food & Beverage,Stretch,meets parameters,Haidilao International Holding Ltd. / Super Hi International Holding Ltd.,"China (Haidilao, HKEX: 6862) / Singapore (Super Hi, Nasdaq: HDL, international spin-off)","Public, dual-listed structure: Haidilao International Holding Ltd. (HKEX: 6862) is the mainland-China parent; Super Hi International Holding Ltd. (Nasdaq: HDL) is the separately-listed international operating arm spun off from Haidilao","Hot pot restaurant chain dine-in F&B; Haidilao operates mainland China restaurants, Super Hi runs the international arm (SE Asia, East Asia, North America, Europe)","~120,000 employees (input est., combined group)","Combined est. ~US$6.5-7.0B: Haidilao domestic FY2024 RMB 42.75B (~US$5.9B, +3.1% YoY — FY2025 domestic figure not yet fully published as of search) + Super Hi FY2025 US$840.8M (+8% YoY, confirmed). Domestic FY2025 figure is (est.) - search budget",Haidilao (6862.HK) ~US$7.6-8.2B market cap (mid-2026); Super Hi market cap not separately confirmed within budget; combined group roughly in line with the input's ~$9B estimate,2,"Profitable and growing (Super Hi net profit +69.6% in 2025; Haidilao margins under some pressure from reinvestment). Very large dine-in customer base (126+ Haidilao restaurants internationally plus extensive mainland China network) but the brand has no existing motorsport culture or category fit. China does host an F1 race (Shanghai GP), giving a plausible but unproven activation angle.",China optics: mainland China-headquartered consumer brand — sponsorship optics/geopolitical sensitivity should be judged case-by-case per sponsor and team; FY2025 domestic Haidilao revenue is an estimate due to search budget constraints,"Strong financial scale and profitability, but no natural product/category tie to motorsport and no existing LatAm angle; the Shanghai GP gives a workable but unproven activation hook, and China-brand optics warrant sponsor-specific judgment.","Shanghai GP hospitality/fan-dining activation for Super Hi's international expansion story, positioning Haidilao's communal dining culture as a fan-zone experience rather than a car-livery sponsorship."
W1-Consumer,Food & Beverage,Stretch,meets parameters,Haribo,"Bonn/Grafschaft, Germany",Riegel family (100%),gummy/confectionery candy,"~7,000 (est.)","~$2.9B global (est., multiple trade sources); UK&I unit alone £291.5M FY2024 (up 7.7% YoY, The Grocer)","family-owned, none published",2,Global confectionery footprint clears 3+ F1 markets; playful/candy brand skews young families not affluent/senior buyers; no performance-tech story; confectionery category open on the grid.,"estimates - private company, no audited consolidated figures found","Strong global brand recognition and fan-engagement fit, but demographic (kids/families) misaligned with F1's affluent/senior skew.","Fan-engagement/kids-and-family trackside activation, playful brand mascot tie-ins at races."
W1-Consumer,Food & Beverage,Stretch,exceeds - mega-brand,J.R. Simplot Company,"Boise, Idaho, USA",Simplot family (100%),"potato products, agribusiness, food ingredients, fertilizer","~15,000-16,000 (est.)","$11B (Forbes, FY2024, up from $9.8B FY2023) - ranked #47 on Forbes America's Largest Private Companies 2024","family-owned, none published",2,Global agribusiness/food-ingredient operations (incl. 2025 $2.9B Clarebout acquisition in Europe) clear 3+ markets; not an affluent/senior consumer-facing brand (mostly commodity/B2B); precision-agriculture/agri-tech operations offer a plausible 'precision & performance' story hook; category (agribusiness sponsor) is open on the grid but atypical for F1.,"B2B-distribution character - majority of business is agribusiness/food-service supply chain, not direct consumer sales, in tension with 'consumer' mandate; 2025 restructuring/layoffs reported at Boise HQ and other global sites (BoiseDev, PotatoPro) - watch near-term sponsorship budget capacity despite strong headline revenue; revenue figures vary across sources ($6.5B est. in input vs $9.8-11B per Forbes) - Forbes figure used as most credible","Mega-scale revenue and family wealth are attractive, but business is fundamentally B2B/agribusiness, not a consumer brand, and is mid-restructuring.",Precision-agriculture/agri-tech innovation story (data-driven farming) as a performance/technology sponsorship angle rather than a consumer-brand one.
W1-Consumer,Food & Beverage,Stretch,meets parameters,Orion Corporation,"Seoul, South Korea",Public (KRX: 271560); founding Tam-Won Lee family (Orion Holdings) retains controlling stake,"Choco Pie and snack/confectionery brands sold across Korea, China, Vietnam, Russia, and the US","1,000-5,000 (~3,000)","~KRW 3.22 trillion LTM through June 2025 (~$2.3-2.4B), +7.1% YoY - source: stockanalysis.com",~$3.5-3.7B market cap as of Sept 2026 - source: companiesmarketcap.com / stockanalysis.com,2,"3+ markets: yes - Korea, China, Vietnam, Russia, US (1). Affluent buyer skew: no, impulse-purchase confectionery is mass-market (0). Performance-tech-precision story: none (0). Category open on grid: yes, no confectionery/snack sponsor on the current grid (1). Net 2/4.",Russia market exposure raises sanctions/optics questions for a global sponsorship campaign,"Genuine pan-Asia/Russia distribution and an open snack category, but a mass-market confectionery brand has no performance-precision-global story to hang an F1 partnership on.","China/Vietnam market fan-zone Choco Pie sampling activation tied to a regional GP weekend, not a livery-level partnership."
W1-Consumer,Food & Beverage,Stretch,meets parameters,Rich Products Corporation,"Buffalo, New York, USA",Rich family (100%),"frozen bakery, dessert, and food products (B2B foodservice + retail)","~13,000 (as of Feb 2025, company-stated)",$5.8B (2024) - ranked #110-116 on Forbes America's Largest Private Companies (2024/2025 vintages differ),"family-owned, none published",2,"Global foodservice footprint (multiple countries) clears 3+ F1 markets; buyer is mostly restaurants/retailers not end consumers, so no affluent/senior consumer read; no performance-tech story; frozen-bakery/foodservice category is technically open on grid but company is not consumer-facing in the way the mandate implies.","primarily B2B foodservice/distribution business (sells to restaurants, retailers, bakeries), not a direct-to-consumer brand - check fit vs. 'consumer' mandate before pursuing; estimates - private company, limited audited disclosure beyond Forbes revenue figure","Solid mega-private-company scale and stability, but fundamentally a B2B ingredient/foodservice supplier rather than a consumer-facing brand, weakening the sponsorship-activation case.","If pursued, position as an official foodservice/culinary supply partner for F1 hospitality catering rather than a fan-facing brand campaign."
W1-Consumer,Food & Beverage,Stretch,meets parameters,Tchibo,"Hamburg, Germany",Herz family via Maxingvest AG,coffee plus rotating weekly non-food consumer goods retail,"~11,000 (est., Tchibo standalone)","Tchibo standalone €3.357B (2024, +5% nominal/+6% organic YoY, maxingvest.de); EBIT €167M (2024) vs €68M (2023) - improving profitability. Maxingvest Group consolidated (incl. Beiersdorf) €13.2B (2024)","family-owned, none published",2,Multi-country European footprint (DE + broader EU retail) partially clears 3+ F1 markets but weighted to Germany/Europe; budget/value coffee positioning is not affluent-skewing; no performance-tech story; category (mass coffee/variety retail) is open on grid.,"Maxingvest AG (parent) also holds majority stake in publicly-traded Beiersdorf (Nivea) - verify Beiersdorf is not already tracked separately in this workbook to avoid double-counting the family office; consolidated Maxingvest revenue figure (€13.2B) is dominated by Beiersdorf, not Tchibo's own operations - do not use group figure to size Tchibo alone","Improving profitability and stable family ownership, but mass/value brand positioning and Europe-centric footprint limit F1 fit; parent overlap with Beiersdorf needs de-duplication check.",Coffee-on-the-go / fan-zone retail activation leveraging Tchibo's rotating-goods retail format for race-weekend pop-ups.
W1-Consumer,Food & Beverage,Stretch,exceeds - mega-brand,Uni-President Enterprises Corporation,"Tainan, Taiwan",Public (TWSE: 1216); Kao founding family controls the company,"Instant noodles, beverages, and retail (7-Eleven Taiwan JV via President Chain Store) sold across Taiwan, China, and SEA","10,000-50,000 (~30,000, likely higher on a fully consolidated retail basis)","~NT$672.9B (~$21.5B) FY2025 consolidated (materially above the input's ~$5B estimate, likely reflecting full retail-JV consolidation) - source: stockanalysis.com",~NT$430.7B (~$13.3-13.5B) as of mid-2026 - source: stockanalysis.com,2,"3+ markets: yes - Taiwan, China, Vietnam, Philippines, and a US JV footprint (1). Affluent buyer skew: no, instant noodles/beverages/convenience retail are mass-market (0). Performance-tech-precision story: none (0). Category open on grid: yes (1). Net 2/4.",China market concentration adds consumer-brand optics considerations alongside Taiwan positioning,"Large multi-market Asia F&B/retail conglomerate with real budget capacity (~$21B revenue) and an open beverage/noodle category, but a mass-market food-staple brand lacks a performance-precision-global story.",Pan-Asia beverage-brand trackside sampling and hospitality tie-in around China or Singapore GP weekends.
W1-Consumer,Food & Beverage,Stretch,meets parameters,Universal Robina Corporation,"Quezon City, Philippines",Public (PSE: URC); Gokongwei family (via JG Summit) is the controlling shareholder,"Snacks and beverages (Jack 'n Jill) sold across the Philippines, SEA, ANZ, and China","10,000-50,000 (~19,000)","~PHP 168B (~$2.9B) FY2025, +4% YoY - source: insiderph.com/stockanalysis.com",~$2.1-2.65B market cap as of mid-2026 (materially below the input's ~$4B estimate) - source: stockanalysis.com/companiesmarketcap.com,2,"3+ markets: yes - Philippines, broader SEA, ANZ, and China (1). Affluent buyer skew: no, snacks/beverages are mass impulse purchases (0). Performance-tech-precision story: none (0). Category open on grid: yes (1). Net 2/4.",,"Multi-market SEA/ANZ/China snack distribution and an open category, but H1 2025 earnings fell 11% on a packaging-segment writedown, and ~$2.9B revenue against a sub-$3B market cap signals thin sponsorship headroom.",Philippines/SEA fan-zone snack sampling activation tied to a regional GP weekend (e.g. Singapore GP travel audiences).
W1-Consumer,Food & Beverage,Stretch,exceeds - mega-brand,Hormel Foods Corporation,United States,Public (NYSE: HRL),"Spam, Skippy, Jennie-O; packaged meat/food products sold mainly via US grocery/foodservice, some international","~20,000 employees (mega-brand scale)","$12.1B, FY2025 (ended Oct 2025, +2% YoY), source: Hormel Foods Q4/FY2025 earnings release","$11.93B market cap, as of Sep 2026, source: companiesmarketcap.com",1,"Largely US-focused distribution with limited multi-market depth for F1's core markets; packaged-food buyers are general grocery shoppers, not an affluent lifestyle niche; brand story is heritage/value, not performance-tech; category open but low natural resonance.",,Cutting ~250 corporate/sales roles with $20-25M restructuring charges (Q4 FY2025/Q1 FY2026) despite modest revenue growth - mega-brand cost-cutting keeps this at Stretch.,"Low natural fit; if pursued, angle would be international/foodservice growth ambitions (Jennie-O, Skippy) rather than a lifestyle/performance story."
W1-Consumer,Luxury & Beauty,Yes,meets parameters,Amorepacific Corporation,South Korea,Public (KRX: 090430),"Beauty brands (Sulwhasoo, Laneige, Innisfree); sold via department stores, specialty retail, e-commerce globally including growing North America presence","~5,000 employees","$3.0B (KRW4.62T), FY2025, source: Amorepacific Group FY2025 earnings summary","$6.7B market cap, as of Aug 2026, source: companiesmarketcap.com",3,"Sold in Korea, China, US and broader global e-commerce (3+ markets); Laneige/Sulwhasoo buyers are affluent 25-54; brand story leans into global-ambition (highest operating profit in 6 years, deliberate Western expansion); beauty category open on F1 grid.",China optics - historical reliance on Chinese duty-free/tourist spend,"2025 revenue and operating profit both grew, with highest operating profit in six years; no layoffs or restructuring program identified - clean pass on capacity.","K-beauty global growth story (Laneige, Sulwhasoo) actively expanding in North America - a natural fit for F1's Americas/Asia crossover audience."
W1-Consumer,Luxury & Beauty,Yes,meets parameters,L'Occitane International,"Luxembourg (commercial HQ Paris/Manosque, France)","Private, family-owned — Reinold Geiger (founder-chairman, majority owner) and family; delisted from Hong Kong Stock Exchange effective 16 Oct 2024",Beauty and personal-care retail (L'Occitane en Provence and portfolio brands),"~9,000 (est.)","~€2.5B (last published figure, FY2023/24 — no public financials disclosed since go-private in Oct 2024)","~€6.5B enterprise value at 2024 take-private buyout (confirmed — debt financing from Credit Agricole CIB, Blackstone, Goldman Sachs, per Luxury Tribune/Business of Fashion)",3,"Capacity: genuinely global mass-premium beauty retailer with widespread mall/airport retail presence across dozens of countries. Customers: mass-premium global consumer, well-recognized brand. F1 exposure: No — no known F1 or motorsport ties found. Now confirmed fully private and majority family-controlled following the completed 2024 Hong Kong delisting, cleanly meeting the family-owned criterion. Strong global brand recognition and premium positioning support a good score; revenue figure is somewhat dated (pre-delisting) since no financials have been published since going private.",no financials published since Oct 2024 go-private — revenue figure is the last publicly disclosed one and may be stale,"Globally recognized, mass-premium beauty brand, now cleanly private and family-controlled, with no F1 conflicts or reputational flags.","Premium beauty/wellness hospitality tie-in (paddock club grooming/wellness partnership) leveraging L'Occitane's French heritage and global retail reach, potentially anchored around the French GP region or Monaco proximity."
W1-Consumer,Luxury & Beauty,Yes,exceeds - mega-brand,"Puig Brands, S.A.",Spain,"Public (BME: PUIG, 2024 IPO)","Fragrance/beauty (Carolina Herrera, Charlotte Tilbury, Jean Paul Gaultier, Rabanne); sold via prestige retail globally","~9,500 employees","€5.04B ($5.5B), FY2025 (record year, +7.8% like-for-like), source: Puig FY2025 Integrated Annual Report","$11B market cap, as of Jun 2026 (consistent with Sept 8 2026 prior check), source: stockanalysis.com / Puig IR",3,Sold via prestige retail in 150+ countries (3+ markets met); fragrance/prestige beauty buyers are affluent 25-54; strong global-ambition/luxury-heritage brand story; fragrance/luxury beauty category open on F1 grid (distinct from LVMH/Kering brands already in paddock).,,"Record 2025 sales and margin growth, no restructuring or layoffs identified - clean pass on capacity despite crossing into mega-brand valuation via its ~$11B market cap.","Independent prestige fragrance/beauty house (post-IPO growth story) positioning itself against larger luxury conglomerates already active in F1 - a differentiated ""challenger luxury house"" angle."
W1-Consumer,Luxury & Beauty,Yes,exceeds - mega-brand,Titan Company Limited,"Bangalore, India",Public (NSE/BSE: TITAN); Tata Group affiliate,"Tanishq jewelry, Titan/Fastrack watches, Titan Eye+ eyewear via India's largest branded retail network, expanding internationally (UAE, US)","~10,000 direct employees (input est.); supports a much larger retail franchise workforce","₹57,818 crore (~US$6.9B) total income, FY2025 (year ended March 2025), +22% YoY (company FY25 results, verified Sept 2026); FY2026 guidance/run-rate crossed ₹75,000 crore",~₹4.50 trillion (~US$53.9B) market cap as of Sept 2026 (stockanalysis.com/companiesmarketcap.com) — far above the input's ~$33B estimate,3,"Mega-cap ($54B), high-growth (+22% YoY), highly profitable Tata Group flagship with India's largest jewelry/watch/eyewear retail footprint. Watches are an established F1 sponsor category precedent (Richard Mille, IWC, TAG Heuer all run team deals), giving Titan/Tanishq a strong category fit. The main gap: India currently has no F1 race (Indian GP discontinued after 2013), so there is no home-market race weekend to anchor activation.",,"Mega-brand scale, strong growth, and a watch/jewelry category with real F1 sponsorship precedent make this a compelling prospect, even without a home Indian GP to anchor the story.","Position as a global-expansion story (Titan/Tanishq's push into UAE and the US) mirroring existing F1 watch-sponsor playbooks, rather than a home-market activation."
W1-Consumer,Luxury & Beauty,Yes,meets parameters,Tory Burch LLC,"New York, USA","Tory Burch (founder, ~28.3% and operating control); minority stakes held by General Atlantic and BDT Capital Partners (General Atlantic invested 2012; as of April 2026 Tory Burch was refinancing to buy back GA's entire stake, valued by S&P at ~$346M) - founder-controlled throughout","premium/luxury fashion apparel, footwear and accessories","1,000-5,000","~$2B (est., FY2025) - private company, no audited disclosure; other public estimates range widely ($568M-$5B depending on methodology/scope), flagged as estimate","no published valuation (private, family/founder-owned; GA minority stake alone valued ~$346M in 2026 buyback talks)",3,"Premium/luxury fashion brand with an affluent, style-conscious consumer base that overlaps well with F1's growing fashion-forward, Drive to Survive-driven fanbase; not a top-tier mega-luxury house so scores solidly but not maximum","minority PE investors present (General Atlantic, BDT) though founder-controlled and GA stake being bought out; revenue estimates vary significantly by source - treat cautiously; estimates used throughout due to private financials",Revenue comfortably clears $100M threshold under any estimate; 100% founder/family operating control; no known F1 or motorsport ties found in search; fits Luxury & Beauty gap-fill profile,"Fashion-meets-motorsport lifestyle partnership - trackside capsule collection, paddock fashion presence, or Grid Girl-era-replacement style content aimed at F1's expanding female/fashion-conscious audience"
W1-Consumer,Luxury & Beauty,Yes,exceeds - mega-brand,Kao Corporation,Japan,Public (TYO: 4452),"Personal care, cosmetics (Bioré, Curél), household cleaning; sold via retail/drug/mass channels in Japan/Asia/globally","~33,000 employees (mega-brand scale)","$11.5B (¥1.6886T), FY2025 (year ended Dec 2025), source: Kao Corporation FY2025 earnings release","$19.4B market cap (¥2.72T), as of Apr 22 2026, source: Kao IR / stockanalysis.com",2,"Sold across Japan, wider Asia and international markets (3+ F1 markets met); mass-market buyer base skews broader than affluent 25-54; skincare-science story has mild precision/global-ambition angle but not performance/tech-forward; personal-care category open on the F1 grid.",China optics - large China/Asia beauty exposure,"Profitable, FY2026 sales guided +3.6% YoY, no layoffs/restructuring program identified; hard financial and capacity tests pass cleanly.","Global skincare/personal-care leader (Bioré, Curél) seeking incremental international visibility in F1's affluent Asia-Pacific and European fanbase."
W1-Consumer,Luxury & Beauty,Stretch,exceeds - mega-brand,Beiersdorf AG,Germany,Public (ETR: BEI),"Nivea, Eucerin, La Prairie skincare; sold globally through mass and prestige retail","~24,000 employees (mega-brand scale)","€9.85B (~$10.7B), FY2025, source: Beiersdorf FY2025 results","€16.9B (~$18.4B) market cap, as of Sep 2026, source: companiesmarketcap.com / tradingeconomics.com",3,Sold in ~200 countries (3+ markets easily met); La Prairie skews affluent while Nivea is mass; dermo-cosmetics science story fits a precision/technology angle; skincare category open on F1 grid.,China optics - La Prairie/Nivea China dependence,"Cut FY2026 guidance and launched a NIVEA turnaround/restructuring plan with job cuts (Aug 2026) amid a 6.8% H1 Nivea sales decline - a mega-brand in cost-cutting mode, so Stretch rather than a hard No.","Global skincare science brand (Nivea, Eucerin) mid-turnaround - F1 sponsorship could support the reset/relaunch narrative to a global audience."
W1-Consumer,Luxury & Beauty,Stretch,meets parameters,Amway,"Ada, Michigan, USA","Private, family-owned — DeVos and Van Andel families (100%)","Beauty, personal care, and nutrition products via direct-selling/MLM network","~13,000 corporate (est.)","$7.4B (2024) / $7.3B (2025, est.) — verified via company reporting/Direct Selling News/Yahoo Finance; multi-year declining trend ($7.7B in 2023)","Family-owned, none published",2,"Capacity: global direct-selling network reaching 100+ countries via independent distributors. Customers: millions of consumers reached through independent Amway Business Owners, not direct retail. F1 exposure: No — no current F1 ties; historical motorsport activity is limited to a single 2012 NASCAR Nationwide/Xfinity Series primary sponsorship (Turner Motorsports, James Buescher, Michigan International Speedway), not sustained. Notably, the owning DeVos family has substantial major-league sports ownership pedigree (Orlando Magic/NBA via RDV Sports), evidencing real appetite and sophistication for large-scale sports sponsorship/ownership despite Amway the brand's thin recent motorsport history. MLM/direct-selling model carries real reputational/optics risk for an F1 brand association per brief guidance, and revenue has been declining for multiple years.","MLM/direct-selling business model — reputational optics flag, include with caution per brief; multi-year declining revenue trend ($7.7B 2023 to $7.3B 2025 est.)","Large global scale and a family with proven major-sports-ownership sophistication (NBA) support the case, but the MLM business model's reputational optics and a declining revenue trend hold this back from a clean Yes.","Approach through the DeVos family's established sports-ownership relationships rather than the Amway brand directly; if branded, anchor on Amway's Nutrilite performance-nutrition line for a driver fitness/wellness narrative that sidesteps direct-selling optics."
W1-Consumer,Luxury & Beauty,Stretch,meets parameters,Kose Corporation,Japan,Public (TYO: 4922),"Prestige and mass cosmetics (Decorté, Sekkisei, Est); sold via department stores/drugstores in Japan/Asia, growing in North America","~5,700 employees","$2.2B (¥330.2B), FY2025, source: Kose Holdings FY2025 earnings report","$1.9B market cap, as of Jul 17 2026, source: PitchBook / stockanalysis.com",2,"Sold in Japan, Asia and expanding North America (3+ markets); prestige cosmetics buyers skew affluent; brand story is prestige/heritage rather than performance-tech; beauty category open on F1 grid.",China optics - Asia prestige beauty exposure,"Announced a voluntary retirement program and structural reform (Aug 2026 earnings briefing) alongside a lowered Japan sales forecast - active cost-cutting fails the clean capacity bar for a meets-parameters company, though North America/Asia guidance was raised.",Prestige J-beauty house using F1's Asia-Pacific and North America growth markets to accelerate its international expansion narrative.
W1-Consumer,Luxury & Beauty,Stretch,meets parameters,LG Household & Health Care,South Korea,Public (KRX: 051900),"Cosmetics (Whoo, Su:m37), household/personal care, beverages; sold across Korea/China/global retail","~4,500 employees","$4.6B (most recent FY) / $4.4B trailing-12mo, FY2025, source: companiesmarketcap.com / LG H&H filings","$3.3B market cap, as of Sep 4 2026, source: companiesmarketcap.com",2,"Sold across Korea, China, US and other global retail (3+ markets); luxury cosmetics (Whoo) skews affluent; brand story is prestige beauty, not performance/tech; category open on F1 grid.",China optics - duty-free/China channel dependence flagged in restructuring,"Mid-restructuring of domestic distribution/duty-free channels; Q1 2026 swung back to profit signaling improvement, but the active restructuring keeps this at Stretch rather than a clean Yes.",Korean luxury beauty major rebuilding global distribution - F1 as a platform to reset international (ex-China) brand momentum.
W1-Consumer,Home & Living,Yes,meets parameters,Ashley Furniture Industries,"Arcadia, Wisconsin, USA",Wanek family (100%),furniture manufacturing and retail,"25,000+","~$9.5B (ZoomInfo, Aug 2026) - note original desk estimate was $5.4B; treat as est. range $5.4B-$9.5B given private disclosure",no published valuation (100% family-owned),3,"Mass-market furniture manufacturer/retailer with broad-based consumer reach; not affluent-skewed, but demonstrated active motorsport marketing appetite (see flags) lifts practical fit for an F1 pitch","revenue estimates vary widely by source ($5.4B-$9.5B); already an active motorsport sponsor: entitlement partner of the ARCA Menards Series race at Chicagoland Speedway (NASCAR-affiliated, not F1) - different series, not a competitive conflict, but signals real motorsport marketing budget/appetite","Revenue far exceeds $100M under any estimate; 100% family-owned; no F1-specific ties (existing tie is to NASCAR/ARCA, a different series, so not disqualifying); demonstrated motorsport sponsorship experience is a positive signal","""Step up to the global stage"" pitch leveraging its existing NASCAR/ARCA entitlement sponsorship experience into an F1 home-and-lifestyle activation at Miami or Las Vegas GP"
W1-Consumer,Home & Living,Yes,meets parameters,Crate & Barrel (Euromarket Designs Inc.),"Northbrook, Illinois, USA (parent: Hamburg, Germany)","Otto family via Otto Group (Germany) - Otto Group acquired majority stake in 1998, became sole owner in 2011; Otto Group overall revenue ~EUR16.2B (2023)","home furnishings and housewares retail (Crate & Barrel, CB2, Crate & Kids brands)","5,000-10,000","~$2.5B (est., Euromarket Designs/Crate & Barrel subsidiary level, distinct from Otto Group parent's much larger consolidated revenue)",no published valuation (privately held subsidiary of family-owned Otto Group),2,Upper-mass/mid-premium home-furnishings retailer with an urban-professional customer skew; reasonable but not premium-tier audience overlap with F1's core sponsorship demographic,ultimate parent is Otto Group (German family conglomerate) - verify no other Otto Group entity is already tracked elsewhere in this outreach program to avoid duplicate contact/family-office confusion; revenue is a subsidiary-level estimate; parent Otto Group's consolidated figure is much larger and should not be conflated,Revenue clears $100M threshold comfortably; ultimately family-owned (Otto family) with no published valuation; no F1 ties found; sole caution is potential duplication with other Otto Group entities in the broader program,"Home/lifestyle content partnership - ""paddock-ready living"" style activation and fan lifestyle/travel content tie-ins around race weekends"
W1-Consumer,Home & Living,Yes,exceeds - mega-brand,SC Johnson,"Racine, Wisconsin, USA","Johnson family (5th generation, 100%)","household cleaning and consumer products (Windex, Glade, Raid, Ziploc, Off!)","10,000-15,000",~$11.8B (most recent confirmed figure is FY2024; no confirmed FY2025 figure published as of Sep 2026 - private company),no published valuation (100% family-owned),2,"Ubiquitous global household-staples portfolio with very broad, mass-market demographic reach; not premium/affluent-positioned, so moderate audience-fit score despite massive brand recognition",most recent confirmed revenue figure is FY2024 (~$11.8B); FY2025 figure not yet public; true global mega-brand scale may warrant premium-tier commercial terms despite family-ownership profile,Revenue far exceeds $100M threshold; 100% family-owned across 5 generations; no F1 or motorsport ties found in search (only unrelated Mobil 1/NASCAR results surfaced),"Global household-name omnipresence play - product placement/at-home viewing-party sponsorship tied to F1's expanding mainstream/household audience, paired with SC Johnson's sustainability story"
W1-Consumer,Home & Living,Yes,meets parameters,Vorwerk,"Wuppertal, Germany",Vorwerk family (100%),"home appliances (Thermomix, Kobold vacuums) and Jafra cosmetics via direct sales","10,000-15,000","EUR 3.6B (FY2025, record, +14.1% YoY - Thermomix TM7 launch-driven; Culinary/Thermomix division EUR 2.1B, Kobold EUR 790M)",no published valuation (100% family-owned),2,"Mass-premium household appliance brand sold via direct-sales model; moderate income skew (Thermomix buyers trend upper-middle class) but not a luxury/affluent-tier brand, so moderate audience fit for F1's premium sponsorship tier","direct-sales distribution model draws light MLM-adjacent optics, though structurally distinct from consumer MLM peers; estimates on headcount",Revenue well above $100M threshold with verified FY2025 figures; 100% family-owned; no F1 or motorsport ties found,"Culinary/lifestyle activation - Thermomix demo hospitality suites and cooking-content creator tie-ins around race weekends, leveraging record TM7 launch momentum"
W1-Consumer,Home & Living,Stretch,exceeds - mega-brand,Godrej Consumer Products Limited,"Mumbai, India",Public (NSE: GODREJCP); Godrej family via Godrej Industries Group is the controlling promoter,"Household insecticides (Good Knight, HIT) and personal-care products sold across India, Africa, Indonesia, and LatAm","5,000-10,000 (~7,000)","~INR 15,178 crore (~$1.58B) FY2025-26 (year ended March 2026) - source: investorfeed.in","~INR 1.0-1.1 trillion (~$10.9B, range INR 88,187-109,579 Cr across sources) as of mid-2026 - source: screener.in/tijorifinance.com",2,"3+ markets: yes - India, multiple African countries, Indonesia, and LatAm/Chile (1). Affluent buyer skew: no, insecticides/soap are low-ticket household staples (0). Performance-tech-precision story: none (0). Category open on grid: yes, household-care unclaimed (1). Net 2/4.",,"Genuinely broad emerging-market footprint and an unclaimed household-care category, but an insecticide/soap portfolio carries no performance-tech-global narrative for F1.","Africa/LatAm growth-market household-care fan engagement, positioned as a brand-awareness play rather than a performance story."
W1-Consumer,Home & Living,Stretch,exceeds - mega-brand,Reckitt Benckiser Group plc,United Kingdom,Public (LON: RKT),"Household/hygiene (Dettol, Lysol, Finish), health (Durex, Enfamil); global mass retail","~30,000 employees (mega-brand scale)","$18.7B, trailing 12mo to Dec 31 2025, source: stockanalysis.com","~$38B market cap (range $32-44B across 2026 dates), as of mid-2026, source: companiesmarketcap.com / stockanalysis.com",2,"Sold in ~190 countries (3+ markets met); household hygiene buyers are general population, not narrowly affluent; ""protection science"" framing offers a mild precision angle but not strongly performance/tech; hygiene category open on F1 grid.",,"Multi-year restructuring campaign (since 2024, ~$1.3B in charges) with ongoing US layoffs through 2027 - mega-brand cost-cutting, so Stretch.","Global hygiene/health portfolio (Dettol, Durex) using F1's global reach to support post-restructuring brand reinvestment."
W1-Consumer,Home & Living,Stretch,meets parameters,"Ryohin Keikaku Co., Ltd. (MUJI)","Tokyo, Japan",Public (TSE: 7453; OTC: RYKKY/RYKKF),"MUJI (and IDEE) lifestyle, apparel and household goods sold globally across Domestic, East Asia, SE Asia/Oceania, and Europe/Americas segments","10K-50K (~18,000)","Trailing 12-month revenue ~$5.27B (as of Aug 31, 2025); FY2026 guidance raised to ¥887.0B (~$5.9B) net profit guidance also raised to ¥62B — source: Investing.com (2026)","~$10.3B market cap as of Nov 21, 2025 (most recent figure found) — growthinvesting.net/Yahoo Finance",2,"Improving financial capacity — shares rose on upbeat earnings and a raised full-year profit/revenue guidance. Genuinely global footprint (four regional segments spanning Asia, Europe and the Americas) gives real international customer scale, unlike most other Japanese names in this batch. F1 exposure: none identified. However, MUJI's core brand identity is deliberately minimalist/anti-logo and historically avoids loud marketing or celebrity/sponsorship association.",Brand philosophy is explicitly minimalist/no-brand — resistant to loud sponsorship-style logo placement; No history of any sports or entertainment sponsorship found; Market cap data point is 10 months old (Nov 2025) — treat as directional,"Genuine global reach and improving financial capacity, but MUJI's understated, anti-marketing brand identity is a philosophical mismatch with F1's loud sponsorship visuals.","A quiet, design-led paddock/lifestyle-amenity or minimalist capsule-product collaboration rather than any livery or logo-placement deal."
W1-Consumer,Home & Living,Stretch,exceeds - mega-brand,Essity AB,Sweden,Public (STO: ESSITY B),"Tena, Libero, Tork hygiene/tissue products; sold to consumers and institutions globally","~36,000 employees (mega-brand scale)","SEK138.49B (~$14.5B trailing), FY2025, source: Essity FY2025 results / stockanalysis.com","$18.4B market cap, as of May 20 2026, source: stockanalysis.com",1,"Sold globally (3+ markets met) but buyer base (hygiene/incontinence/institutional tissue) is not an affluent 25-54 lifestyle audience; brand story is functional/health, not performance-tech or global-ambition; category is open but low natural resonance with F1.",,"2025 revenue declined -4.85% YoY and the company is restructuring operations in France - mega-brand in mild-to-moderate cost-cutting, so Stretch.",Weakest natural F1 fit in this batch; best angle would be B2B/institutional hygiene innovation story rather than consumer lifestyle.
W1-Consumer,Home & Living,Stretch,exceeds - mega-brand,The Clorox Company,United States,Public (NYSE: CLX),"Clorox, Pine-Sol, Glad, Burt's Bees; household cleaning/consumer products, primarily via US mass retail","~7,700 employees","$7.10B, FY2025 (ended Jun 30 2025), source: Clorox FY2025 10-K / stockanalysis.com","$11.7B market cap, as of Jul 31 2026, source: macrotrends.net",1,"Sales are heavily US-concentrated with limited depth across 3+ F1 markets; household-cleaning buyers are general population rather than an affluent lifestyle segment; brand story is utilitarian, not performance/tech; category open but low natural resonance.",,"Active 10% workforce reduction and innovation-team cuts, FY2026 net sales down ~5%, alongside the GOJO acquisition integration - moderate cost-cutting at mega-brand valuation, so Stretch.",Weak natural F1 fit given US-centric distribution; best angle limited to a niche performance-cleaning/technology sub-brand story if pursued at all.
W1-Consumer,Consumer & Lifestyle,Yes,exceeds - mega-brand,"Fomento Economico Mexicano, S.A.B. de C.V. (FEMSA)","Monterrey, Mexico","Public (NYSE: FMX); diversified holding company, controls Coca-Cola FEMSA (~47% economic/~56% voting) plus wholly-owned OXXO retail, pharmacy and fuel businesses","OXXO convenience retail (~24,000+ stores), Coca-Cola bottling (via KOF), health/pharmacy retail and fuel stations across LatAm","~380,000 employees (input est., consistent with OXXO's store-level headcount)","MXN 840,954M (~US$45.0B) FY2025, +7.6% YoY; TTM ~US$48.5B (company 20-F/6-K filings, verified Sept 2026)",~US$40-45B market cap as of June 2026 (sources range $39.8B-$45.2B); well above the input's ~$28B estimate,4,"Mega-scale, diversified, profitable conglomerate with growth across every business unit (retail, beverages, health, fuel) plus favorable FX translation. Immense day-to-day customer touchpoints via OXXO's convenience footprint across Mexico and LatAm. F1 exposure is once-removed from the Coca-Cola brand tension seen at KOF: FEMSA's dominant, most visible brand is OXXO retail, not Coca-Cola itself, so the McLaren/Coca-Cola Co. overlap is a much lighter flag at the parent-conglomerate level.","Indirect parent-brand adjacency via its Coca-Cola FEMSA stake and Coca-Cola Co.'s existing McLaren deal — lighter than at KOF since OXXO, not Coca-Cola, is FEMSA's primary consumer-facing brand","Mexico's dominant retail/consumer conglomerate with mega-cap scale, strong growth, and a primary brand (OXXO) that sits outside the Coca-Cola/McLaren overlap — a clean, high-scale prospect anchored in the Mexico City GP host market.","OXXO trackside/street-team retail activation and fan-zone presence for the Mexico City GP, cross-promoted with FEMSA's broader LatAm retail footprint (health, fuel, convenience) rather than the Coca-Cola bottling business specifically."
W1-Consumer,Consumer & Lifestyle,Yes,exceeds - mega-brand,POP MART International Group Limited,"Beijing, China",Public (HKEX: 9992; OTC: PMRTY),"Designer/collectible toys (Labubu and other IP) sold globally via retail, blind-box and e-commerce","5K-10K (~9,000)","RMB37.12B (~$5.1B) FY2025, +184.71% YoY; net profit RMB13.0B, +293.3% YoY; overseas revenue +291.9% YoY (Americas +748.4%) — source: company FY2025 annual results (reported Mar 27, 2026)","~$26.73B market cap as of Aug 2026, consistent with input's confirmed ~$26B figure from Sept 6, 2026 — companiesmarketcap.com",4,"Explosive, highly profitable global growth (revenue nearly tripled, profit nearly quadrupled YoY) with a genuine mega-brand cultural moment (Labubu) and rapidly expanding international footprint, especially the Americas. Customer scale spans a young, global, highly engaged collector base — directly overlapping with F1's strategic push to attract younger fans. Capacity: clearly improving/profitable, not cost-cutting; management guiding 20%+ further growth for 2026. F1 exposure: none identified, but no barrier found either — a clean-slate opportunity.","China consumer/ownership optics flagged in source data — requires case-by-case judgment before outreach; High-volatility, momentum-driven name — valuation could swing significantly between now and any deal signing; No existing sports-sponsorship precedent to build from — would be a first for the category","A fast-growing, highly profitable, mega-cap global youth-culture brand with strong overlap with F1's younger-fan growth strategy and no existing sponsorship elsewhere to compete with.","Exclusive F1-branded blind-box/collectible figure drops timed to marquee races (Miami, Las Vegas, Shanghai), leveraging POP MART's retail presence in host cities and its youth-collector fanbase."
W1-Consumer,Consumer & Lifestyle,Yes,exceeds - mega-brand,"Aeon Co., Ltd.","Chiba, Japan",Public (TYO: 8267),"Supermarkets, shopping malls (AEON Mall) and general merchandise store (GMS) retail conglomerate across Japan and Asia","~180,000 employees (input est.)","¥10,715.3B (~US$72.9B) FY2025, up from ¥10,134.8B prior year; operating profit +13.8% YoY, net profit +167.5% YoY (company FY25 results, announced April 2026, verified Sept 2026)",~¥4.87 trillion (~US$33.1B) market cap as of early 2026 (derived from reported share price and share count) — more than double the input's ~$14B estimate,3,"One of the world's largest retail conglomerates by revenue, with a dramatic profit turnaround (net profit +167.5% YoY) despite thinner top-line growth — a genuine 'improving/cost-discipline' story. Enormous customer scale via supermarkets and malls across Japan. Japan hosts the Japanese GP at Suzuka, giving Aeon a natural home-market activation angle; no existing motorsport ties identified, though large Japanese retail conglomerates tend toward conservative, locally-scoped sponsorship commitments.",,"Mega-scale, sharply improving profitability, and a genuine home race (Suzuka) make this a strong, if culturally conservative, LatAm-style 'home market' prospect for Japan.",Suzuka (Japanese GP) retail/fan-zone activation leveraging AEON Mall's nationwide footfall for race-week promotions and in-store fan experiences.
W1-Consumer,Consumer & Lifestyle,Yes,meets parameters,Bestseller,"Brande, Denmark","Private, family-owned — Anders Holch Povlsen (CEO/owner)","Fast-fashion apparel (Jack & Jones, Vero Moda, Only, Vila, and others)","~17,000 (est.)","DKK38.1B / ~$5.9B (FY2024/25, verified — Bestseller press release, Fibre2Fashion, Ecotextile News), up 7% YoY, record year in company's 50th anniversary","Family-owned, none published",3,"Capacity: multi-brand global fast-fashion group, record revenue and profit in its 50th-anniversary year (pre-tax profit +10% to DKK5.9B). Customers: mass European/global consumer, youth-skewing fashion brands (Jack & Jones, Vero Moda, Only). F1 exposure: No — no known F1 or motorsport ties found. Verified (not estimated) strong and growing revenue, solid global reach, and youth-fashion brand stable support a good score.",Anders Holch Povlsen is also majority shareholder of publicly-listed ASOS — potential conflict/overlap with a separate public-company relationship worth checking before outreach,"Verified strong, growing revenue; genuinely global multi-brand fashion reach; no reputational flags beyond a noted ASOS ownership overlap.","Youth-fashion multi-brand tie-in (Jack & Jones/Vero Moda/Only) at a European race weekend (Zandvoort/Spa/Monza) targeting F1's younger, fashion-conscious fan growth demographic."
W1-Consumer,Consumer & Lifestyle,Yes,meets parameters,Birkenstock Holding plc,"Linz am Rhein, Germany (Netherlands-incorporated, NYSE-listed)",Public (NYSE: BIRK); majority owned by L Catterton (LVMH-family-affiliated private equity),Birkenstock footwear sold globally via wholesale and DTC,"~7,500 employees (input est.)","EUR 2.1B (~US$2.27B) FY2025 (year ended Sept 30, 2025), +16% reported / +18% constant currency, beating guidance (company earnings release, verified Sept 2026)","~US$8B market cap, confirmed via web search as of Sept 2026 (consistent with input)",3,"Fast-growing, highly profitable (adjusted EBITDA margin 31.8%, net profit +82% YoY), premium global heritage brand with strong DTC momentum and FY2026 guidance of 13-15% constant-currency growth. No existing motorsport ties. L Catterton/LVMH ownership network could open multi-brand conversations, though Birkenstock itself sits in premium-casual rather than true luxury.",,"Strong margins, rapid growth, premium global brand recognition, and a completely clean motorsport slate make this an attractive, differentiated fan-lifestyle prospect.","Paddock Club / fan-zone comfort partnership (limited-edition GP-branded styles), targeting F1's growing affluent, younger, fashion-conscious fanbase; L Catterton's network could support a broader portfolio conversation."
W1-Consumer,Consumer & Lifestyle,Yes,meets parameters,Buc-ee's,"Lake Jackson, Texas, USA","Private, family-owned — Arch ""Beaver"" Aplin III (founder, majority owner)",Travel-center / convenience retail chain and fuel stations (mega-stores),"~10,000 (est.)","~$1.5-2B (2025, est. — sources conflict from $629M to $2.1B; privately held, no audited disclosure)","Family-owned, none published",3,"Capacity: ~50 mega-travel-centers, rapidly expanding beyond Texas/Southeast into FL, CO, WI, MO, SC — nationalizing footprint. Customers: mass US road-trip consumer with an outsized cult/meme following online. F1 exposure: No — no known F1 ties; has dabbled in motorsport (2016 NASCAR Truck Series primary sponsorship of Austin Wayne Self/AM Racing; founder spotted at Daytona 2025-26 amid speculation Buc-ee's could bid for a NASCAR entitlement as Sunoco's deal lapses), showing real motorsport-marketing appetite though tied to NASCAR not F1. Revenue clears the $100M private-company bar comfortably despite estimate variance. Meme-culture brand strength and demonstrated openness to trackside sponsorship support a solid score, capped by a still largely domestic/regional (non-global) footprint.","revenue estimates vary widely across sources (private company, no audited financials); existing motorsport affinity is NASCAR, not F1 — would be a new category for the brand","Large, well-capitalized private brand with genuine cult/meme-culture reach, no F1 conflicts, and demonstrated (if NASCAR-only) motorsport sponsorship appetite.",Position F1 (Austin COTA / Miami GP) as the next step up from Buc-ee's NASCAR dabbling — road-trip Americana brand activation (trackside retail/beaver mascot fan engagement) tied to its home-state US Grand Prix.
W1-Consumer,Consumer & Lifestyle,Yes,meets parameters,Calzedonia Group (Oniverse),"Dossobuono (Verona), Italy","Private, family-owned — Sandro Veronesi family (100%)","Apparel/hosiery/intimates retail (Calzedonia, Intimissimi, Tezenis, Falconeri); rebranded corporate holding as Oniverse in Dec 2023","~40,000 (est.)","€3.7B (2025, verified — FIRSTonline, Modaes Global), up 4.8% YoY; €3.527B in 2024","Family-owned, none published",3,"Capacity: multi-brand apparel/intimates group operating in 59 countries. Customers: mass-premium European/global consumer. F1 exposure: No — no known F1 or motorsport ties found. Verified (not estimated) revenue growth and genuinely global footprint, plus Italian heritage that aligns naturally with F1's Italian race legs (Monza/Imola) and broader Italian motorsport culture, support a good score.",,"Verified, growing multi-billion-euro revenue with genuine global retail footprint and a strong Italian-heritage brand story that maps naturally onto F1's home-market races.",Italian heritage brand activation around Monza/Imola Grand Prix weekends — apparel/intimates lifestyle tie-in leveraging the group's home-market pride and Ferrari-adjacent Italian motorsport culture.
W1-Consumer,Consumer & Lifestyle,Yes,meets parameters,"Crocs, Inc.","Broomfield, Colorado, USA",Public (Nasdaq: CROX),"Crocs and HEYDUDE footwear, sold globally via retail/DTC and e-commerce","~6,500 employees (input est.; asset-light model with outsourced manufacturing)","FY2025 revenue exceeded US$4.0B (company Q4/FY25 press release, Feb 2026), led by low-double-digit international growth for the Crocs Brand","US$5.86B market cap as of Sept 18, 2026 (stockanalysis.com/companiesmarketcap.com)",3,"Financially healthy (~1.5x market cap-to-revenue), profitable, with international growth outpacing domestic. Global casual-footwear customer base skews younger/pop-culture-driven, overlapping with F1's growing youth fanbase. No existing motorsport sponsorship footprint identified, giving a clean-slate opportunity; Crocs already runs a well-established celebrity/IP collab playbook (Jibbitz charms, limited drops) that translates naturally to sports marketing.",,"Strong balance sheet, global growth story, a proven collab/limited-drop marketing model, and no existing motorsport ties — a clean, culturally on-trend prospect for F1's younger audience.","Limited-edition Grand Prix-themed Crocs/Jibbitz drop (e.g., tied to Mexico City or Miami GP) leveraging Crocs' existing pop-culture collaboration strategy and fan-merchandise model."
W1-Consumer,Consumer & Lifestyle,Yes,meets parameters,Raia Drogasil S.A.,"São Paulo, Brazil",Public (B3: RADL3),"Drogasil/Droga Raia pharmacy retail chain, Brazil's largest, with thousands of stores nationwide","~45,000 employees (input est.)","BRL 44.25B (~US$8.2B) FY2025, +13.8% YoY; TTM (Q2 2026) BRL 46.53B, +18.0% YoY (company financials, verified Sept 2026)",~US$8-9B market cap range most consistent with historical trading levels and the input estimate; one source cited an outlier figure (~$35B) as of Sept 2026 that appears to be a currency/data mislabeling and could not be reconciled within search budget — flagged for manual verification,3,"Profitable and accelerating growth (TTM revenue growth now 18%), with a dense nationwide store network giving broad daily consumer touchpoints. Brazil is a marquee F1 race market (São Paulo/Interlagos GP). Health/pharmacy is a less conventional F1 sponsor category but not disqualifying (wellness/hydration angle is workable), and there are no motorsport ties or conflicts of any kind identified.","Market cap data conflicting across sources; one outlier figure could not be reconciled within search budget — treat valuation as directional, not final","Brazil's largest pharmacy chain sits directly in the São Paulo GP home market with strong, accelerating financials and zero brand conflicts — a clean, high-scale LatAm prospect.","São Paulo GP grassroots/retail activation (in-store sampling, hydration/wellness tie-in) leveraging Raia Drogasil's dense store network for fan reach around race week."
W1-Consumer,Consumer & Lifestyle,Yes,meets parameters,Sheetz,"Altoona, Pennsylvania, USA","Private, family-owned — Sheetz family (100%)",Convenience store and fuel retail chain,"~24,000 (est.); 27,600+ associates per recent company figures","~$11-14B (2024-25, est. — sources conflict between ~$9B input, ~$11B, and ~$14B figures); no audited disclosure","Family-owned, none published",3,"Capacity: 800+ company-owned stores across PA, MD, WV, OH, VA, NC, MI. Customers: mass regional US consumer with a strong, meme-active fan culture rivaling Wawa (""Sheetz vs. Wawa"" is a well-known online rivalry). F1 exposure: No — no known F1 or motorsport ties found; remains independently family-owned (no acquisition by Kroger or others confirmed as of Sept 2026, unrelated to the separate, failed Kroger-Albertsons deal). Solid revenue scale and genuine online fan equity support a good score, offset by regional-only footprint and softer revenue verification.",revenue figures notably inconsistent across sources — could not fully reconcile within budget,"Large, family-owned regional chain with strong online fan culture and no F1 conflicts, comparable in profile to Wawa/Buc-ee's.",Mid-Atlantic fan-engagement activation leaning into the Sheetz-vs-Wawa rivalry meme energy for a US race-weekend fan campaign.
W1-Consumer,Consumer & Lifestyle,Yes,meets parameters,Wawa,"Wawa, Pennsylvania, USA","Private, family-owned — Wood family (100%)",Convenience store and fuel retail chain,"~40,000 (est.)","~$18.6B (2025 est., Forbes/private-company tracking via delco.today); prior-year figure ~$18.8B (2024)","Family-owned, none published",3,"Capacity: 1,000+ stores, ranked PA's largest private company (#21 nationally among US private companies). Customers: mass US East Coast consumer with an intense, well-documented cult following (""Wawa culture,"" hoagie fandom, online meme rivalry with Sheetz). F1 exposure: No — no known F1 ties or motorsport sponsorship history found. Strong revenue scale plus genuine fan-culture equity support a solid score; footprint remains East Coast-regional rather than national/global.",revenue estimates vary by source/methodology ($15B input vs. ~$18.6B Forbes-based figure),"Very large, financially healthy private brand with genuine cult-brand fan equity and no F1 conflicts or reputational flags.","East Coast fan-engagement activation (hoagie/on-the-go culture) tied to a Northeast or Miami race weekend, leveraging Wawa's famously loyal, meme-active fanbase."
W1-Consumer,Consumer & Lifestyle,Stretch,exceeds - mega-brand,"Fast Retailing Co., Ltd. (Uniqlo/GU)","Yamaguchi, Japan",Public (TSE: 9983; OTC: FRCOY),"Uniqlo, GU, Theory apparel sold globally via retail and e-commerce","50K-100K (~57,000)","¥3.4005 trillion (~$23B) FY2025 (year ended Aug 31, 2025), +9.6% YoY; FY2026 guidance raised to ¥3.97 trillion (+16.7%) — source: Fast Retailing IR results (Oct 9, 2025)","~$118.3B market cap, intraday Sept 2026 (FRCOY) — Yahoo Finance/stockanalysis.com",4,"Mega-cap global apparel brand (~$118B market cap) with strong, accelerating growth (profit +13.6%, FY26 revenue guidance raised) — clearly profitable and improving, not cost-cutting. Customer scale: 2,500+ Uniqlo stores worldwide plus major global e-commerce. F1 exposure confirmed direct: Uniqlo UT released a Disney x Formula 1 collaborative graphic-tee collection in March 2026, building on its decade-long Disney partnership — an existing, if modest, licensing relationship with F1 itself. Fast Retailing already runs global sports marketing via individual athlete deals (tennis: Novak Djokovic, Kei Nishikori; golf: Hideki Matsuyama, Adam Scott).","Existing F1 tie is a merchandise/licensing collab (Uniqlo UT x Disney x F1, Mar 2026), not a team or series sponsorship — relationship exists but needs upgrading, not cold outreach; Sports-marketing history is individual-athlete-led (tennis/golf), not team/series sponsorship — some internal precedent-setting needed; existing F1 licensing touchpoint","Mega global apparel brand, profitable and growing, with a proven athlete-marketing budget and an already-live F1 merchandise licensing relationship (Uniqlo UT x Disney x F1) that is a natural springboard to a formal apparel/trackside partnership. | Existing F1 merchandising/licensing touchpoint - clarify relationship status before pitching.","Upgrade the existing Uniqlo UT x F1 licensed-merchandise relationship into an official team or series apparel partnership, leveraging Uniqlo's global retail footprint for trackside/pop-up drops."
W1-Consumer,Consumer & Lifestyle,Stretch,exceeds - mega-brand,H & M Hennes & Mauritz AB,"Stockholm, Sweden",Public (Nasdaq Stockholm: HM.B; OTC: HNNMY),Fast-fashion apparel retail sold globally via stores and e-commerce,"100K+ (~100,000)","Trailing 12-month revenue ~$23.7B as of Sept 2026 (reports in SEK) — source: stockanalysis.com (STO:HM.B), H&M Group three-month report 2026",~$26.7B market cap as of Sept 2026 (ranged $26.7B-$27.3B across 2026 readings) — stockanalysis.com/companiesmarketcap.com,3,"Mega-cap global fast-fashion retailer with a proven celebrity/drop-culture marketing machine and thousands of stores plus major e-commerce reach worldwide — strong customer scale and marketing capacity. F1 exposure: partial/indirect — search found H&M-branded Formula 1 and Ferrari-styled jacket/apparel items circulating in retail and on social media (TikTok, Facebook), suggesting at least a licensed or fan-facing F1 apparel line already exists, though it is not an official global partner per F1's own partner list.","Existing H&M x F1/Ferrari apparel appears to be a retail capsule/licensing item, not confirmed as an official F1 global partnership — needs verification with F1 partnerships team; Fast-fashion sector faces ongoing margin pressure industry-wide, though H&M's 2026 revenue trend is positive; existing F1 licensing touchpoint","Mega global fast-fashion brand with proven drop-culture marketing, sufficient scale/budget, and an apparent existing F1-branded apparel presence that could be formalized into an official licensing or sponsorship deal. | Existing F1 merchandising/licensing touchpoint - clarify relationship status before pitching.",Formalize and expand the existing H&M x F1/Ferrari-style capsule into an official race-week fast-fashion drop program across H&M's global store and e-commerce network.
W1-Consumer,Consumer & Lifestyle,Stretch,meets parameters,C&A (COFRA Holding / Brenninkmeijer family),"Vilvoorde, Belgium / Düsseldorf, Germany (COFRA parent: Zug, Switzerland)","Private, family-owned — Brenninkmeijer family via COFRA Holding AG","Fast-fashion apparel retail (~1,250 stores Europe, ~330 Brazil)","~28,000 (est.)","~€3B (est., carried from input); COFRA parent group estimated $5-10B (Owler) — C&A-specific segment revenue not independently verified within search budget","Family-owned, none published; COFRA family empire estimated at ~$38-39B overall (Bloomberg, April 2025)",2,"Capacity: major pan-European (plus Brazil) fast-fashion retailer. Customers: mass European consumer, value/fast-fashion positioning. F1 exposure: No — no known F1 or motorsport ties found for C&A, COFRA, or affiliated Bugaboo/Redevco entities in this search. Confirmed COFRA also holds Bugaboo (strollers), Redevco (real estate), Bregal Investments, Anthos Fund & Asset Management, and a Rabobank stake — a sprawling, historically secretive family conglomerate (per Bloomberg's 2025 profile of the family opening up to outsiders), adding governance/complexity overhead versus a cleaner corporate story. Fast-fashion positioning is a looser brand-fit for F1 than premium/lifestyle categories.","complex multi-entity family conglomerate (COFRA also owns Bugaboo, Redevco, Rabobank stake, Bregal, Anthos) — verify no overlap with other tracked leads before outreach; C&A-specific revenue not independently verified — estimate only","Passes on scale but fast-fashion value positioning is a looser brand fit for F1, and the sprawling, historically opaque family-holding structure adds diligence overhead.","If pursued, approach via COFRA corporate rather than the C&A retail brand directly, and pair with a European race (Zandvoort/Spa) mass-fashion youth activation."
W1-Consumer,Consumer & Lifestyle,Stretch,meets parameters,Dabur India Limited,"Ghaziabad, India",Public (NSE: DABUR); Burman family are the controlling promoters,"Ayurvedic/health, personal-care (hair oil, oral care) and food (Real juices) products sold across India, MENA, and SEA","5,000-10,000 (~7,500)","~INR 13,193 crore (~$1.37B at ~96 INR/USD) FY2025-26 (year ended March 2026), +5% YoY - source: scanx.trade/screener.in",~INR 850B (range INR 770-909B across sources) ~$8.8B as of Aug 2026 - source: eulerpool.com/stockanalysis.com,2,"3+ markets: yes - India, MENA (incl. Bahrain/Abu Dhabi GP host markets), SEA, and Africa (1). Affluent buyer skew: partial - premium personal-care sub-lines exist but the core is mass-market (0). Performance-tech-precision story: none (0). Category open on grid: yes, personal-care/wellness unclaimed on the grid (1). Net 2/4.",,"Real MENA/SEA footprint overlapping F1 host markets and an open personal-care category, but the brand is mass-positioned with no performance-precision hook, and revenue scale (~$1.4B) limits sponsorship budget headroom.",MENA-market haircare/personal-care regional activation timed to the Bahrain or Abu Dhabi GP weekend.
W1-Consumer,Consumer & Lifestyle,Stretch,exceeds - mega-brand,Marico Limited,"Mumbai, India",Public (NSE: MARICO); Mariwala family (Harsh Mariwala) are the controlling promoters,"Parachute coconut oil, Saffola edible oil, and personal-care brands sold in India, SEA, MENA, and Africa","1,000-5,000 (~2,600)","~INR 10,831 crore (~$1.13B) LTM through Dec 2025, +13.1% YoY; Q1 FY27 revenue +22.2% YoY to INR 4,005 crore - source: tipranks.com/screener.in",~INR 1.04-1.05 trillion (~$10.8B) as of mid-Sept 2026 - source: tickertape.in (grown materially past the input's ~$10B estimate),2,"3+ markets: yes - India, Bangladesh, Vietnam, Egypt, South Africa, and broader MENA (1). Affluent buyer skew: no, edible oil/haircare is a mass staple (0). Performance-tech-precision story: none (0). Category open on grid: yes, edible-oil/personal-care unclaimed (1). Net 2/4.",,"Solid emerging-market breadth and an open category, but sub-$1.5B revenue and a mass-market oil/haircare portfolio limit both sponsorship budget and brand-story fit.","MENA/Africa regional haircare sampling or driver-grooming tie-in activation, kept small-scale given budget constraints."
W1-Consumer,Consumer & Lifestyle,Stretch,meets parameters,MINISO Group Holding Limited,"Guangzhou, China",Public (NYSE: MNSO; HKEX: 9896),Variety/lifestyle retail (IP-licensed and 10-yuan store concept) with global franchise expansion in 110+ countries,"1K-5K (~5,000 direct; franchise network far larger)","Trailing 12-month revenue ~$2.76B as of Jul 2026; Q1 2026 revenue RMB5,688.4M (~$824.6M), +28.5% YoY — source: MINISO IR release (May 26, 2026)","Market cap data conflicting across sources: ~$4.2B (May 2026, stockanalysis.com) vs. input estimate ~$5.5B (2026); one outlier source cited $33.1B which appears erroneous and was discarded",2,"Fast-growing global variety retailer (revenue +28.5% YoY) with an established playbook of licensed-IP merchandise tie-ins (e.g., its POP MART/Labubu-adjacent collectible collaborations), which is a transferable model for F1-branded collectible merchandise. Customer scale is large and expanding via franchising across 110+ countries. F1 exposure: none identified.","China consumer/ownership optics flagged in source data — requires case-by-case judgment before outreach; Market cap figures conflict significantly across sources ($4.2B vs $5.5B vs an outlier $33.1B) — confirm before quoting externally; No existing sports-sponsorship precedent; IP tie-ins to date are toy/collectible brand collabs, not sports","Strong growth and a proven IP-merchandising model make F1 collectibles plausible, but China-linked optics and valuation-data uncertainty add diligence overhead before outreach.","F1 China GP (Shanghai) or Singapore GP retail activation featuring licensed F1 collectible merchandise, mirroring MINISO's existing collectible-IP collaboration model."
W1-Consumer,Consumer & Lifestyle,Stretch,meets parameters,QuikTrip,"Tulsa, Oklahoma, USA","Private, family-owned — Kaiser/Cadieux founding families",Convenience store and fuel retail chain,"~25,000 (est.)","$14.16B (FY2024, verified — Wikipedia/company reporting); input's ~$18B (incl. fuel) estimate not independently confirmed","Family-owned, none published",2,"Capacity: ~1,000 stores across ~18 US states (Midwest/Southeast/Southwest, incl. Texas). Customers: mass US consumer, strong operational reputation but modest brand distinctiveness/fan culture vs. peers like Buc-ee's/Wawa. F1 exposure: No — no known F1 or motorsport sponsorship history found. Revenue is large and comfortably clears the private-company threshold, but the brand carries little of the cult/meme equity that would translate into a compelling F1 sponsorship story, and no existing sports-marketing precedent was found.",no evidence of prior sports/motorsport sponsorship activity to build on,"Financially large and clean (no red flags), but a generic convenience-retail brand with no distinctive fan culture or motorsport marketing history makes the sponsorship rationale weaker than peers.","If pursued, frame around fuel/mobility and road-trip convenience messaging tied to a Texas-market race (COTA), leaning on operational scale rather than existing brand fandom."
W1-Consumer,Consumer & Lifestyle,Stretch,meets parameters,Trent Limited,"Mumbai, India",Public (NSE: TRENT); Tata Group affiliate,Zudio (value fashion) and Westside (mid-market fashion) retail chains across India,"~15,000 employees (input est.)","₹19,701.41 crore (~US$2.36B) FY2025-26 (year ended March 2026), +18.2% YoY vs ₹16,668.11 crore prior year (company annual report, verified Sept 2026)","~₹1,44,554 crore (~US$17.3B) market cap as of June 2026 — well below the input's ~$32B estimate, reflecting a significant 2025-2026 valuation correction tied to same-store-sales growth deceleration at Zudio",2,"Still growing revenue (+18%) and profitable (PAT ₹1,968 crore), with an expanding 1,280+ store network, but the stock has corrected sharply from prior highs on slowing same-store growth — a capacity/momentum flag. Pure India-domestic fashion retail with no natural motorsport category tie and no home F1 race market.","Valuation correction: market cap roughly halved from the input's stale estimate, reflecting a genuine 2025-2026 growth-deceleration concern, not just estimate error","Solid growth and India retail scale, but no home GP, no product/category tie-in to motorsport, and a recent growth slowdown that likely tightens discretionary marketing budgets.","If pursued, frame as part of a broader Tata Group conversation (alongside Tata Motors/JLR) rather than a standalone Trent pitch."
W1-Consumer,Travel & Hospitality,Yes,meets parameters,Oetker Collection,"Paris, France / Bielefeld, Germany","Oetker family (100%) - same ultimate family/family office as Dr. Oetker (Food & Beverage), which is already tracked separately in this program","ultra-luxury hotel portfolio (Hotel du Cap-Eden-Roc, Le Bristol Paris, The Lanesborough, Eden Rock-St Barths, and others)","1,000-5,000","~EUR141M (hotel-division-specific, FY2025, +1.3% YoY) - note the wider 'Oetker Collection'/Oetker Group corporate reporting cites ~EUR2.57B, but that figure spans the full Oetker Group conglomerate (food, banking, shipping-legacy interests), not the boutique hotel collection alone; hotel-division figure used here as the relevant revenue base",no published valuation (100% family-owned),4,Ultra-luxury boutique hotel collection with a high-net-worth global traveler base - scores at the top of affluent-audience fit per project rules for luxury hotel groups,same ultimate family/family office as Dr. Oetker (Food & Beverage) - coordinate outreach to avoid duplicate contact of the same family office; revenue figure ambiguity between the hotel-division-specific number (~EUR141M) and the much larger parent Oetker Group consolidated figure (~EUR2.57B) - used the hotel-specific figure here,Revenue clears $100M threshold even on the conservative hotel-division-only figure; 100% family-owned with no state-linkage; no F1 or motorsport ties found; strong affluent-audience fit as an ultra-luxury hotel brand,Ultra-luxury VIP retreat partner angle - Hotel du Cap-Eden-Roc or Le Bristol Paris as the exclusive off-track hospitality partner for Monaco/French GP weekends; coordinate messaging with any parallel Dr. Oetker (F&B) outreach via the shared family office
W1-Consumer,Travel & Hospitality,Stretch,meets parameters,Aman Resorts (Aman Group),"Geneva, Switzerland / London, UK","Vladislav Doronin remains majority shareholder (owner since 2014); Saudi Arabia's Public Investment Fund (PIF) and Cain International hold a retained minority stake from a 2022 $900M investment (valuing Aman at $3B); Mubadala Capital (Abu Dhabi state-owned) and Alpha Wave Ventures also invested $360M in 2023 - i.e., TWO sovereign wealth funds (Saudi PIF, Abu Dhabi Mubadala) hold minority positions alongside Doronin's majority control","ultra-luxury resort hotels and branded residences (34 hotels across 20 countries, 12 with branded residences)","1,000-5,000",~$400M (est.) - search budget did not surface an updated consolidated figure; company was valued at $3B in its 2022 PIF/Cain funding round and has floated a further $2B raise for expansion,~$3B (implied by 2022 PIF/Cain International $900M investment round),4,Ultra-luxury/UHNW resort brand with the highest-affluent traveler base in the set - scores at the top of affluent-audience fit per project rules for luxury hospitality,minority sovereign-wealth-fund ownership from BOTH Saudi PIF and Abu Dhabi's Mubadala Capital introduces the same state-linkage optics risk flagged for Kempinski/Jumeirah - a judgment call given Doronin retains majority control; revenue is an estimate; company does not publish consolidated financials,"Doronin's majority ownership means this does not trigger the majority state-linkage exclusion, but minority stakes held by two sovereign wealth funds (PIF, Mubadala) create real optics risk analogous to the Kempinski/Jumeirah judgment calls - recommend legal/comms sign-off before outreach; otherwise excellent affluent-audience fit and no existing F1 ties were found","If ownership optics are cleared: ultra-exclusive UHNW hospitality experience (private paddock retreats, calendar-spanning F1 tour package) targeting F1's fastest-growing luxury-guest segment; flag PIF/Mubadala optics for sponsor legal review before any outreach"
W1-Consumer,Tech Media & Gaming,Stretch,meets parameters,"Cinemark Holdings, Inc.","Plano, Texas, United States",Public (NYSE: CNK),Movie theater exhibition across the Americas,"10K-50K (~14,000)","Trailing 12-month revenue ~$3.22B as of Mar 31, 2026; record $1.02B Q2 2026 (first quarter ever above $1B), driven by premium formats and loyalty growth — source: stockanalysis.com/company Q2 2026 release","~$3.74B market cap as of Jun 9, 2026 — stockanalysis.com",2,"Improving and record-setting financial performance (premium-format and loyalty-driven growth), but modest absolute scale (~$3.74B market cap) for a global F1 sponsorship budget, and an Americas-only footprint limits global brand halo. Customer scale is large domestically (millions of moviegoers). F1 exposure: indirect only — Cinemark benefited from screening the 2025 ""F1"" feature film (Apple/Warner Bros.), which drove some of its premium-format momentum, but no direct sponsorship or licensing tie to F1 the sport was found.","Americas-only footprint limits global brand reach expected of major F1 partners; Modest market cap (~$3.74B) relative to typical F1 sponsorship budgets; F1 connection found is content-distribution (the F1 movie), not a sport sponsorship relationship","Demonstrated appetite for motorsport-adjacent content (F1 the movie's box-office success drove record Cinemark quarters), but its regional footprint and scale point toward a content tie-in rather than a full sponsorship.","Live race-day cinema screenings or premium-format promotional tie-ins building on the commercial success of the ""F1"" feature film, rather than team/series sponsorship."
W1-Consumer,Tech Media & Gaming,Stretch,exceeds - mega-brand,"TKO Group Holdings, Inc.","Stamford, Connecticut, United States",Public (NYSE: TKO),"UFC and WWE live events, media rights and sponsorship inventory sold globally","1K-5K (~2,500)","FY2025 revenue $4.735B; TTM through Jun 30, 2026 = $5.30B (+5.07% YoY); FY2026 guidance $5.675B-$5.775B — source: TKO investor relations Q4/FY2025 results release","~$36B-$38.9B market cap across 2026 readings (input confirmed ~$36B on Sept 11, 2026; a Jun 2026 reading showed $38.86B) — stockanalysis.com/companiesmarketcap.com",2,"Large, profitable, growing global sports/media company (UFC/WWE) with substantial live-event and media-rights revenue and no direct competitive conflict with F1 (different sport verticals). However, TKO itself is a seller of sponsorship inventory and live sports content — not a typical consumer brand that buys sponsorships to build a product brand. Customer scale is large (global UFC/WWE fanbase) but the commercial relationship with F1 would be atypical.","TKO is a sports/media rights owner itself, not a conventional consumer-brand sponsor — unusual profile for a standard sponsorship pitch; Any deal would likely need to be structured as cross-promotion/media content rather than a traditional trackside or livery sponsorship","Financially strong and non-competitive with F1, but as a sports/media property owner rather than a brand advertiser, the pitch requires reframing away from standard sponsorship toward content/cross-promotion.","Cross-promotional content partnership (e.g., UFC/WWE talent appearances at Grands Prix, joint streaming or docuseries content) rather than a conventional sponsorship buy."
W1-Consumer,Travel & Hospitality,No,meets parameters,Kempinski Hotels,"Geneva, Switzerland",Majority owned by Bahrain's royal family (Prince Khalifa bin Salman Al Khalifa entities acquired a controlling ~60% stake); Thailand's Crown Property Bureau holds the retained minority stake via a 2017 equity-transfer restructuring. Search found NO current evidence corroborating Qatar Investment Authority (QIA) as a shareholder - the QIA/Al Habtoor/Alfardan/AKFED ownership description appears to reflect an outdated or unverified ownership picture; current sourcing consistently shows Bahraini royal family (majority) + Thai Crown Property Bureau (minority) as the two shareholders,luxury hotel operation and management,"15,000-20,000","~EUR1B+ system-wide (est.) - hotel management-company revenue, not consolidated financials; no updated figure found",no published valuation (privately held),4,"Luxury hotel group with a high-affluent global traveler base - would score at the top of affluent-audience fit per project rules, but this is moot given the verdict below","majority ownership is state/royal-linked (Bahraini royal family) with a second quasi-sovereign minority holder (Thailand's Crown Property Bureau) - majority state-linkage per project rules = disqualifying, analogous to the Jumeirah exclusion logic; the input's QIA characterization could not be corroborated in current search and appears outdated; corrected here to Bahraini royal family/Thai Crown Property Bureau; co-owner claims (Al Habtoor Group, Alfardan Group, AKFED) from the original brief were not corroborated by current sources and may reflect a prior/incorrect ownership structure - flagged for the exclusion register to reconcile; DIRECT existing F1 tie: Nico Rosberg (F1 World Champion) has been Kempinski's global brand ambassador since January 2023; Kempinski has also hosted the Alpine F1 Team and runs F1 race-weekend screenings at its properties (e.g., Marsa Malaz Kempinski Doha)","Two independent disqualifiers: (1) majority ownership is state/royal-linked (Bahraini royal family, with Thai Crown Property Bureau as quasi-sovereign minority holder) - majority state-linkage = No per project rules; (2) existing direct F1 exposure via Nico Rosberg's global brand ambassadorship (since 2023) and Alpine F1 Team hospitality partnership means Kempinski is already engaged with F1, not a gap-fill target",N/A - excluded; already has F1 presence via Rosberg ambassadorship and Alpine team hosting
W1-Consumer,Food & Beverage,No,meets parameters,Vietnam Dairy Products JSC (Vinamilk),"Ho Chi Minh City, Vietnam","Public (HOSE: VNM); State Capital Investment Corporation (SCIC, Vietnamese state investment arm) is the largest shareholder at ~36% (confirmed stable through 2026); F&N/ThaiBev group holds ~20%","Dairy and milk products (UHT milk, condensed milk, yogurt, infant formula) sold domestically and exported to ~60 markets","5,000-10,000 (~9,000)","~VND 61-63 trillion (~$2.4B) FY2025 (calendar year, per Q4 2025 print of VND17T, +10.1% YoY) - source: company filings/Vietstock",~$5.0B market cap as of March 2026 (companiesmarketcap.com); consistent with company scale into Sept 2026,2,"3+ markets: partial credit - exports to 60+ countries incl. Middle East/China but core volume is Vietnam-domestic (1/2). Affluent buyer skew: no, dairy is mass-market family staple (0/2 running). Performance-tech-precision story: none - dairy has no motorsport-adjacent narrative (0). Category open on grid: yes, no dairy sponsor currently in F1 (1). Net 2/4, but verdict is overridden by state-ownership rule below.",,"State-linked: SCIC (Vietnamese government's state capital investment arm) is Vinamilk's largest shareholder at ~36%, making this a state-linked company - fails per protocol regardless of otherwise-workable fit score.","Not pursued given state-ownership disqualifier; if revisited, only after a material SCIC divestment below a control-influencing threshold."
W1-Consumer,Consumer & Lifestyle,No,exceeds - mega-brand,Avenue Supermarts Limited (DMart),"Mumbai, India",Public (NSE: DMART); founder Radhakishan Damani holds a majority stake,"DMart hypermarket/grocery retail chain across India, built on an everyday-low-cost (EDLC) model","~90,000 employees (input est.)","₹59,358 crore (~US$7.1B) FY2025, +16.9% YoY (company financials, verified Sept 2026); Q2 FY2026 revenue ₹167.0B, +16% YoY","~₹2.4-2.8 trillion (~US$29-33B) market cap as of Aug 2026 (figures vary by source/date) — broadly consistent with, slightly above, the input's ~$27B estimate",1,"Large, profitable, fast-growing grocery retailer — but DMart's entire competitive strategy is built on near-zero marketing/advertising spend as part of its EDLC low-cost model (this is core to the business, not incidental cost-cutting). No home India GP, no category tie-in to motorsport, and a business culture actively averse to discretionary brand marketing.","Structural near-zero marketing-spend culture — core to DMart's business model, not a temporary cost-cutting phase","DMart's low-cost, minimal-marketing business model is fundamentally at odds with a discretionary sponsorship ask, regardless of its strong financial scale; no home race market or category fit to offset this.","Not recommended for outreach; if revisited, would need a business-model shift or a hyper-local retail-tie-in angle that DMart has not historically pursued."
W1-Consumer,Food & Beverage,No,meets parameters,Bahlsen,"Hanover, Germany",Bahlsen family (Werner Bahlsen),"biscuits, cookies, snacks","~2,700 (est.)","€644.6M (2024, up from €607.9M 2023 and €539.9M 2022 - Die Deutsche Wirtschaft/German trade press); operating result €63.6M","family-owned, none published",1,"Revenue well above $100M floor and profitable/growing, but distribution is mostly DACH/Europe (does not clearly clear 3+ F1 markets); mass-market biscuit buyer, no performance story; category technically open but scale is modest.","smallest revenue in this batch vs other candidates, though comfortably above $100M floor; figures sourced from German trade press, not company-published consolidated statements",Sub-scale and largely regional (European) footprint relative to F1's global/US-heavy market mix; weak strategic story fit.,"If pursued at all, a Germany/DACH-market regional activation rather than global partnership."
W1-Consumer,Food & Beverage,No,exceeds - mega-brand,Britannia Industries Limited,"Kolkata, India",Public (NSE: BRITANNIA); Wadia Group is the controlling promoter shareholder,"Biscuits, bread, cakes and dairy products sold predominantly across India with modest exports","5,000-10,000 (~5,500)","~INR 18,858 crore (~$2.0B at ~96 INR/USD) FY2025-26 (year ended March 2026), +7.5% YoY - source: investywise.com/screener.in",~INR 1.319 trillion (~$13.7B at ~96 INR/USD) as of Aug 2026 - source: tradingeconomics.com/companiesmarketcap.com,1,"3+ markets: no - ~95%+ of revenue is India-domestic with only modest, non-core exports (0). Affluent buyer skew: no, biscuits are a low-ticket mass staple (0). Performance-tech-precision story: none (0). Category open on grid: yes, snacks/biscuits unclaimed on the current F1 grid (1). Net 1/4.",,"Overwhelmingly India-domestic biscuit business with no multi-market F1 footprint and a mass, low-ticket price point that does not match F1's affluent/global positioning.","None strong under current conditions; would only reopen if the India GP returns to the calendar, giving Britannia a genuine home-market hook."
W1-Consumer,Food & Beverage,No,meets parameters,Bush Brothers & Company,"Knoxville, Tennessee, USA","Bush family (100%, private)",Canned beans and pantry products (~80% of US canned baked beans),"~700-1,000 employees (est.)","~$400M (long-standing trade-press estimate); a May 2026 Forbes feature cites ~$1B as a newer estimate — figures unverified, company does not publish financials","Family-owned, no published valuation (private); passes revenue >$100M threshold for family-owned rule",1,"Small, single-category canned-goods maker with a beloved but folksy, value-oriented brand (known for modest 'Duke the dog' advertising rather than premium/global marketing). Even at the higher $1B revenue estimate, F1-caliber sponsorship spend would represent an unusually large share of ad budget for a company this size and category. No F1 exposure found.",,"Revenue and marketing scale are too small relative to typical F1 sponsorship costs, and the brand's folksy, budget-conscious positioning is a poor stylistic fit for the category.","Not recommended as a Wave 1 F1 target; better suited to smaller-scale sports sponsorships (e.g., NASCAR contingency programs, college sports) matching its budget and brand tone."
W1-Consumer,Consumer & Lifestyle,No,exceeds - mega-brand,CP All Public Company Limited,"Bangkok, Thailand","Public (SET: CPALL); Charoen Pokphand Group / Chearavanont family is the controlling shareholder - private conglomerate, not state-owned","7-Eleven Thailand convenience-store network (15,945 stores) plus retail/foodservice operations, entirely within Thailand","50,000+ (~130,000)","~THB 1.02 trillion (~$30B at ~34 THB/USD) FY2025, +3.5% YoY - source: SET factsheet/marketscreener",~THB 415.5B (~$12.2B at ~34 THB/USD) as of July 2026 - source: pitchbook/SET,1,"3+ markets: no - CP All's 7-Eleven operation is a single-market (Thailand-only) retail franchise (0). Affluent buyer skew: no, convenience retail is mass/everyday (0). Performance-tech-precision story: none (0). Category open on grid: yes, but moot given market-count failure (1). Net 1/4.",,"Single-market (Thailand-only) convenience retailer fails the multi-market F1 test outright; also carries heavy Lotus's/Tesco-acquisition debt and a 2026 CP Group shareholder governance dispute, and Thailand is not on the current F1 calendar.","None at a global level; a hyper-local Thailand retail promotion would need an actual Thai GP on the calendar, which does not currently exist."
W1-Consumer,Food & Beverage,No,exceeds - mega-brand,Gordon Food Service,"Wyoming, Michigan, USA / Canada","Gordon family (100%, private)",Foodservice distribution + ~175 GFS Store consumer retail locations,"~20,000-22,000 employees (est.)","~$21.5-23B (2025 est., trade press/Crain's Grand Rapids)","Family-owned, no published valuation (private)",1,Primarily a foodservice distributor to restaurants/institutions; the GFS Store consumer retail locations (Midwest) are a small fraction of the business with limited mass-consumer brand recognition. No F1 exposure found.,B2B-distribution (foodservice distribution is core business; consumer retail is a minor side channel),"Same structural issue as Reyes — overwhelmingly B2B distribution with only a minor consumer retail footprint, weak fit for a consumer-brand sponsorship mandate.",Not a strong fit; a small-scale regional GFS Store co-promotion could be considered opportunistically but not as a primary sponsorship target.
W1-Consumer,Consumer & Lifestyle,No,meets parameters,Hanesbrands Inc.,"Formerly Winston-Salem, NC, USA; now a wholly-owned subsidiary of Gildan Activewear Inc. (Montreal, Canada)","NO LONGER INDEPENDENTLY PUBLIC — acquired by Gildan Activewear (NYSE/TSX: GIL) in an all-stock-plus-cash deal that closed December 1, 2025; Hanesbrands common stock was delisted from the NYSE and deregistered","Hanes and Champion basics/apparel, sold via US and global mass retail; brand continues to operate under Gildan ownership","~26,000 employees pre-acquisition (input est.); now folded into Gildan's combined workforce","Last standalone FY: US$3.51B (FY2024, final full year before acquisition). Post-merger Gildan reported FY2025 revenue of ~US$3.6B (legacy Gildan base) with FY2026 guidance of US$6.0-6.2B reflecting full Hanes consolidation","N/A as standalone entity — delisted Dec 1, 2025. Acquirer Gildan Activewear market cap ~US$9.3-11.7B across 2026 (sources vary by date)",1,"Critical ownership-status flag: Hanesbrands is no longer an independent, sponsorship-decision-making public company. It was fully acquired by Gildan Activewear on December 1, 2025 (0.102 GIL shares + $0.80 cash per HBI share) and delisted from the NYSE. Any outreach must go through Gildan corporate, which is mid-integration (guiding to $6-6.2B combined 2026 revenue) and has no identified F1 or motorsport exposure.","Ownership/status flag: target company no longer exists as an independent public entity as of Dec 1, 2025 — input data is stale","Hanesbrands is not a viable standalone sponsorship target — it was absorbed into Gildan Activewear on Dec 1, 2025 and delisted. A pitch would need to be redirected entirely to Gildan corporate, which is currently focused on merger integration rather than new marketing partnerships.","Not applicable as Hanesbrands; if pursued, re-scope as a future 'Gildan Activewear' prospect once post-merger integration and 2026 marketing budgets stabilize."
W1-Consumer,Food & Beverage,No,exceeds - mega-brand,ITC Limited,"Kolkata, India","Public (NSE/BSE: ITC), widely held; British American Tobacco (BAT) is the largest single shareholder at ~25.5% (BAT sold a 2.5% stake in 2025 for GBP1.05B); no controlling promoter","Diversified conglomerate: cigarettes, FMCG (Aashirvaad, Sunfeast, Bingo), agri-business, paperboard, and hotels (ITC Hotels, demerged as separate listed entity in 2023)","10,000-50,000 (~25,000)","~INR 76,488 crore (~$8.0B at ~96 INR/USD) FY2025 (year ended March 2025), gross revenue +8% YoY - source: screener.in/tickertape","~INR 3.29 trillion (~$34B at ~96 INR/USD) as of Sept 18, 2026 - source: stockanalysis.com/tickertape (note: some sources quote a stale FX rate giving a higher ~$47B figure - recomputed here at the current ~96 INR/USD rate)",1,"3+ markets: partial - exports FMCG/agri to 90+ countries and ITC Hotels has some international guest reach, but cigarette/FMCG core is India-concentrated (1). Affluent buyer skew: mixed at best across a mass-FMCG/cigarette portfolio (0). Performance-tech-precision story: none (0). Category open on grid: no - tobacco sponsorship is banned or heavily restricted in virtually every F1 host market (0). Net 1/4.","tobacco exposure - compliance review (cigarettes are a core, material segment of the conglomerate)",Tobacco manufacturing is a core ITC segment; F1's global ad-standards and host-market tobacco-sponsorship bans make the parent entity a compliance non-starter despite its FMCG/hotel scale.,"Not viable at the ITC Limited level; only a fully firewalled non-tobacco unit (e.g. the now-separately-listed ITC Hotels) could theoretically be evaluated on its own, outside this workbook's scope."
W1-Consumer,Luxury & Beauty,No,meets parameters,Mary Kay,"Addison, Texas, USA","Private, family-owned — Ash family (100%)",Cosmetics and skincare via direct-selling/MLM network,"~5,000 corporate (est.)","~$2.4-3.0B (2024, est. — sources conflict between a $2.4B MLM-ranking figure and a ~$3.0B global net-sales figure)","Family-owned, none published",1,"Capacity: global direct-selling cosmetics network reached via independent beauty consultants. Customers: millions of consumers globally, but reached only through the consultant network, not owned retail. F1 exposure: No — no known F1 or motorsport sponsorship history found for Mary Kay, and no evidence of the Ash family holding comparable major-sports-ownership assets that would signal readiness for a marquee sponsorship (unlike Amway/DeVos). MLM/direct-selling model carries the same reputational/optics risk flagged in the brief, without an offsetting sports-sponsorship track record to counterbalance it.","MLM/direct-selling business model — reputational optics flag, include with caution per brief; revenue figures inconsistent across sources; no sports/motorsport sponsorship precedent found","Same MLM reputational-optics risk as Amway, but without any offsetting sports-sponsorship track record or comparable brand/ownership sophistication to justify the risk.",Not recommended as a primary target; would require a significant reputational-risk mitigation strategy before any outreach.
W1-Consumer,Food & Beverage,No,meets parameters,McKee Foods (Little Debbie),"Collegedale, Tennessee, USA",McKee family (100%),packaged snack cakes (Little Debbie),"~7,000-9,000 (est.)","~$1.5-1.9B (est., ranges across 2025-2026 trade sources; ~$500M+ recently invested to expand TN operations - Food Dive)","family-owned, none published",1,"Little Debbie is an almost entirely US-domestic snack brand (US = 3 races noted, but scores 0 on the 3+ global markets test); mass/value snack buyer, not affluent/senior-skewed; no performance-tech story; packaged-snack category is open on the grid (+1).","estimates vary widely by source ($1.4B-$1.9B) - private company with no audited disclosure; smallest headcount/revenue among the US candidates in this batch, though still >$100M floor","Sub-scale relative to peers and an almost entirely US-domestic, value-snack brand with no natural fit to F1's global/affluent positioning.",Not recommended for global partnership; at most a US-only fan-snack concessions/retail tie-in.
W1-Consumer,Home & Living,No,meets parameters,"Nitori Holdings Co., Ltd.","Sapporo, Japan",Public (TSE: 9843),Home furnishings and household goods retail chain across Japan/Asia,"10K-50K (~19,000)","~¥910.92B (~$6.1B) trailing twelve months through fiscal Q3 (Dec 2025)/Mar 2026 data, down -2.78% YoY — source: stockanalysis.com (TYO:9843)",~$10.85B market cap as of Aug 2026 (range $10.2B-$10.85B across sources in 2026) — companiesmarketcap.com/stockanalysis.com,1,"Japan's largest home-furnishing retailer, but recent revenue has softened (-2.78% YoY), suggesting capacity headwinds rather than expansion budget. Customer scale is large domestically but the brand is essentially Japan/Asia-only with limited global footprint. F1 exposure: none identified; no sports-marketing precedent found.",Recent revenue decline (-2.78% YoY) suggests limited appetite for new discretionary marketing spend; Largely domestic (Japan/Asia) footprint with minimal international brand presence; No sports sponsorship precedent found,Domestic home-retail chain with softening revenue and no international brand-marketing history; weak fit for a global sponsorship platform.,"Minimal; a Suzuka/Japan GP home-and-living lifestyle activation at best, not a priority target."
W1-Consumer,Consumer & Lifestyle,No,meets parameters,Pan Pacific International Holdings Corporation (Don Quijote),"Tokyo, Japan",Public (TSE: 7532; OTC: DQJCF/DQJCY),Don Quijote/MEGA Don Quijote discount retail chain across Japan and Asia,"10K-50K (~28,000)","¥2.45 trillion (~$16.4B) for the year to June 2026, +8.8% YoY; net profit ¥110.1B, +21.6% — source: company FY2026 results via Tokyo Brief (2026)","~$18.0B market cap (¥2.7 trillion), current as of search date Sept 2026 — investing.com/CNBC",1,"Profitable and growing discount retailer (profit +21.6%) with strong domestic momentum, but guidance for FY2027 points to ""almost no growth"" ahead. Customer scale is large but almost entirely Japan/Asia discount shoppers — a value-retail demographic, not F1's typical premium/global audience. F1 exposure: none identified in search; no motorsport marketing precedent found.",Guided to near-zero growth for FY2027 despite strong FY2026; Discount/value retail positioning is a brand-image mismatch with F1's premium platform; No global brand-marketing spend precedent found,Domestic Japan/Asia discount retailer with no global marketing budget or motorsport precedent; value positioning clashes with F1's premium brand halo.,"Not a strong candidate; at most a very localized Suzuka/Japan GP retail tie-in, low priority."
W1-Consumer,Food & Beverage,No,meets parameters,Perdue Farms,"Salisbury, Maryland, USA",Perdue family (100%),poultry and meat products,"~20,000 (est.)",$9.2B (2025) / $9.8B (2024) per Forbes/FactSet,"family-owned, none published",1,"Predominantly a US-domestic consumer/retail meat brand (US = 3 races, noted, but negligible presence in other F1 markets) so scores 0 on the broader '3+ global markets' test; mass-market grocery buyer, not affluent/senior; no performance-tech story; protein/meat category is open on the grid (+1).","multiple 2025 plant closures and layoffs reported: Monterey, TN plant closure (433 jobs, Jan 2025) and Washington, IN turkey plant layoffs (293 jobs, Sept/Oct 2025) - signals real capacity/cost pressure despite ~$9B+ revenue; revenue declined slightly 2024->2025 ($9.8B to $9.2B)","Large revenue but US-only consumer footprint, no natural F1 story, and active 2025 plant closures/layoffs signal cost pressure, not a strong sponsorship-readiness case right now.",Not recommended for Wave 1; revisit only if/when US-market-only regional activation strategy is in scope and restructuring stabilizes.
W1-Consumer,Food & Beverage,No,exceeds - mega-brand,Reyes Holdings,"Rosemont, Illinois, USA","Reyes family (100%, private)","Beverage & foodservice distribution (Reyes Coca-Cola Bottling, Martin Brower, Reyes Beer Division)","~36,000 employees (Wikipedia/trade press)","$44B (as of Dec 2025, Forbes largest private companies list, ranked #6)","Family-owned, no published valuation (private)",1,"Enormous revenue, but the Reyes name has almost no direct consumer visibility — it operates as a B2B distributor (Coca-Cola bottling, McDonald's logistics via Martin Brower, beer distribution) selling to retailers/restaurants, not consumers directly. No F1 exposure found.",B2B-distribution (not a consumer-facing brand),Fails the consumer-facing brand mandate — Reyes is an invisible-to-consumers logistics/distribution operator despite massive revenue.,"If pursued at all, better approached through the consumer brands Reyes distributes (e.g., regional Coca-Cola bottling co-marketing) rather than the Reyes corporate entity."
W1-Consumer,Consumer & Lifestyle,No,exceeds - mega-brand,"Seven & i Holdings Co., Ltd.","Tokyo, Japan",Public (TSE: 3382; OTC: SVNDY),"7-Eleven global convenience-store network (~85,000+ stores) plus remaining Japanese retail ops","100K+ (~140,000)","¥16.992 trillion (~$113B) FY2025 (year ended Feb 28, 2026), record net income/EPS — source: Seven & i Holdings IR FY2025 results, 7andi.com (Apr 9, 2026)","~$30.3B market cap as of Jul 17, 2026 (¥4.92 trillion on TSE as of Mar 27, 2026) — stockanalysis.com/macrotrends",1,"World's largest convenience-store operator by store count; revenue mega-scale (~$113B) but market cap modest relative to that (low-margin convenience/retail economics). Capacity: improving — record net income and EPS in FY2025, and actively streamlining via the Sept 2025 spin-off of superstore operations (York Holdings) to Bain Capital, a clear cost-cutting/portfolio-simplification move. Customer scale is enormous (tens of millions of daily transactions globally). F1 exposure: none identified — no team, series, or licensing tie found via search; 7-Eleven's marketing is local/tactical (in-store promotions), not global brand sponsorship.","Mass-market, low-margin retail model — no precedent of global brand-sponsorship spend; Currently mid-restructuring (York Holdings divestiture) — management bandwidth likely focused on integration, not new marketing platforms; Revenue figure well above input estimate (~$113B actual vs ~$80B est.) — flag corrected",Convenience-store economics and no history of global brand marketing spend make F1's premium sponsorship model a poor fit despite Seven & i's massive scale.,"If pursued at all, a hyper-local Suzuka/Japan GP race-week retail activation (limited-edition 7-Eleven snacks/merch) rather than any global partnership."
W1-Consumer,Food & Beverage,No,exceeds - mega-brand,Trader Joe's,"Monrovia, California, USA",Wholly owned subsidiary of Aldi Nord / Albrecht family (Germany),"Specialty grocery retail chain, US (661 stores)","~50,000 employees (est.)","~$18-21.5B (2025 est., trade press/Wikipedia; unverified — company does not publish financials)",No independent valuation; owned via Aldi Nord/Albrecht family trusts,1,"Large consumer scale, but two structural problems: (1) ultimate parent is Aldi Nord/Albrecht family, which the exclusion register already flags under 'Aldi' — high risk this is a duplicate of an already-captured parent entity; (2) Trader Joe's has a decades-long no-traditional-advertising/no-sponsorship marketing philosophy (word-of-mouth, in-store flyers, minimal media spend), making an F1 deal culturally and operationally out of pattern.",governance (foreign parent / opaque ownership via Albrecht family trusts); duplicate-entity risk vs. existing Aldi exclusion,"Likely duplicate of an already-excluded Aldi Nord parent entity, and the brand's longstanding anti-advertising culture makes an F1 deal implausible regardless of financial capacity.","Not recommended as a primary target; if pursued at all, would need to route through Aldi Nord's German corporate marketing function rather than Trader Joe's US retail operations."
W1-Consumer,Consumer & Lifestyle,No,meets parameters,Triumph International,"Bad Zurzach, Switzerland (also Munich, Germany)","Private, family-owned — descendants of founding Spiesshofer & Braun families","Lingerie and apparel manufacturing/wholesale (largely B2B/department-store distribution, limited D2C retail)","~24,000 (est.)",~€1-1.4B (unclear current-year figure — one source cites €1.437B of uncertain vintage vs. input's ~€1B estimate; could not fully reconcile within search budget) (est.) - search budget,"Family-owned, none published",1,"Capacity: global lingerie manufacturer, ~24,000 employees, but operates primarily as a wholesale/manufacturing supplier to department stores and third-party retail rather than a consumer-facing D2C retail brand. Customers: mass global consumer, reached indirectly through retail partners rather than owned storefronts. F1 exposure: No — no known F1 or motorsport ties, and no evidence of any consumer sports-sponsorship marketing history was found, consistent with a manufacturer-led (not brand-marketing-led) business model. Revenue clears the $100M threshold but is modest relative to D2C peers like Calzedonia (€3.7B), and the wholesale model typically carries a smaller consumer-marketing budget for exposure-driven sponsorships like F1.","revenue figure could not be confidently verified for a current year — estimate only; manufacturer/wholesale business model, not a strong consumer-facing marketing brand — lower likelihood of a dedicated sponsorship budget","Sub-scale revenue relative to direct-to-consumer category peers, and a wholesale/manufacturing model that is unlikely to carry the brand-marketing budget or strategic rationale for an F1 sponsorship.","Not a strong fit; if revisited, would need evidence of a dedicated consumer-brand marketing push rather than its current wholesale-led model."
W1-Consumer,Food & Beverage,No,meets parameters,Want Want China Holdings Limited,"Shanghai, China (Cayman-domiciled, HK-listed)","Public (HKEX: 0151); Tsai Eng-Meng and family (Want Want Holdings) are the controlling shareholders - privately controlled, not state-owned","Snacks and beverages (rice crackers, dairy drinks) sold predominantly across mainland China with limited export","10,000-50,000 (~40,000)","~RMB 24.4B (~$3.3-3.4B) FY2025, +3.8% YoY - source: stockanalysis.com",~HK$49.6B (~$6.3-6.4B) as of June 2026 - source: stockanalysis.com,1,"3+ markets: no - revenue is overwhelmingly mainland-China concentrated with only limited export (0). Affluent buyer skew: no, mass-market snacks/dairy drinks (0). Performance-tech-precision story: none (0). Category open on grid: yes (1). Net 1/4.",China consumer-brand optics - judge before prioritizing given near-total mainland China revenue concentration,"Revenue is almost entirely China-domestic, failing the multi-market test outright, and the China-consumer-brand optics flag further weighs against prioritizing this lead.",Not prioritized; would only merit revisiting alongside a broader China-market F1 sponsorship strategy shift.
W1-Consumer,Travel & Hospitality,No,meets parameters,Whitbread PLC,"Dunstable, United Kingdom",Public (LSE: WTB; OTC: WTBCF),Premier Inn budget hotels across the UK and Germany,"10K-50K (~35,000)","£2,920M (~$3.7B) statutory revenue for the 52 weeks ended 26 Feb 2026, flat YoY (vs £2,922M); adjusted EBITDAR +4% to £1,074M — source: Whitbread preliminary results announcement (2026)",~£5.6B (~$7.1B) market cap in 2026 (one OTC/ADR reading showed $6.82B) — Investegate/Yahoo Finance,1,"UK's largest hotel operator by rooms, with improving profitability (adjusted EBITDAR +4%, Premier Inn Germany reaching profitability) even as top-line revenue was flat. Customer scale is large domestically (12% UK hotel market share) but the footprint is limited to UK/Germany. F1 exposure: none identified; no motorsport sponsorship precedent found.","Flat statutory revenue YoY despite improving margins — growth story is cost/efficiency-led, not top-line; Budget/value hotel positioning is a brand-image mismatch with F1's premium hospitality ecosystem (Paddock Club etc.); Footprint limited to UK and Germany — no global reach","Premier Inn's budget positioning and UK/Germany-only footprint conflict with F1's premium, global sponsorship image.","At most, an official value-hotel tie-in for British GP race weekend at Silverstone — a small, regional hospitality activation rather than a global partnership."
W1-Consumer,Consumer & Lifestyle,No,meets parameters,"ZOZO, Inc.","Chiba, Japan",Public (TSE: 3092),ZOZOTOWN online fashion marketplace serving Japan/Asia,"1K-5K (~1,900)","Trailing 12-month revenue ~$1.52B as of Mar 31, 2026 — source: stockanalysis.com (TYO:3092) (note: one source cited an inconsistent $56.69B figure that appears to be a reporting/unit error and was discarded)","~$6.43B market cap as of Sept 4, 2026 — stockanalysis.com/companiesmarketcap.com",1,"Leading Japanese online fashion marketplace but small in absolute scale (~$1.5B revenue, <2,000 employees) relative to F1 sponsorship costs. Customer scale is meaningful within Japan but the platform has limited international reach. F1 exposure: none identified; no motorsport marketing precedent found.",Small absolute scale relative to typical F1 sponsorship budgets; Japan-only marketplace with limited global brand presence; One source's revenue figure was inconsistent/likely erroneous — flagged and excluded,Domestic e-commerce platform with limited scale and no global marketing budget suited to F1-level sponsorship.,Not a realistic sponsorship target; at most a digital/e-commerce tie-in around the Japan GP.
W1-Consumer,Food & Beverage,No,exceeds - mega-brand,JBS S.A.,"São Paulo, Brazil",Batista family via J&F Investimentos (~85% voting power); publicly listed on NYSE since June 13 2025 (JBS N.V.) and on B3 (Brazil),"Meat and protein processing (global #1 by volume): Friboi, Seara, Pilgrim's, Swift","~250,000 employees (est.)","~$77-80B (FY2025, trade press); ~$15B market cap at June 2025 NYSE debut",Publicly traded (NYSE + B3); no longer a private/family-owned entity despite Batista family voting control,0,"Disqualifying structural issue: JBS completed its NYSE listing in June 2025 and is now publicly traded (in addition to its pre-existing Brazil listing), so it no longer meets this wave's private/family-owned criterion despite the Batista family retaining ~85% voting control. Layered on top: (1) governance red flag from the 2017 'Operation Weak Meat'/Carne Fraca bribery and corruption scandal involving the Batista brothers; (2) historical state-linkage via Brazilian development bank (BNDES) financing and political ties that fueled JBS's growth; (3) core business is B2B protein processing/distribution, not a directly consumer-facing brand in most markets; (4) ESG/meat-industry reputational exposure conflicts with F1 sustainability positioning. No F1 sponsorship found for JBS or its brands.",governance (2017 bribery/corruption scandal); state-linkage (historical BNDES financing/political ties); B2B-distribution,"No longer a private company (NYSE-listed since June 2025), plus a stacked set of governance, state-linkage, and reputational red flags make this an unsuitable F1 sponsorship target regardless of scale.","Not recommended; if reconsidered, would require reclassification outside the private/family-owned wave and a full separate reputational risk review."
W2-Financial,Banking & Insurance,Yes,exceeds - mega-brand,Aditya Birla Capital,"Mumbai, India","Aditya Birla Group (Kumar Mangalam Birla family, majority promoter control) with public float on NSE/BSE. No state or sovereign ownership. (Distinct from Aditya Birla Insulators - separate group entity, confirmed no naming overlap.)","NBFC lending, life/health insurance, and asset management under the Aditya Birla Group umbrella","~30,000 (est.)","$6.12B consolidated revenue, FY2026 (ended Mar-2026: Rs 53,871 Cr, +14% YoY) - Eulerpool/company results","~$12.6B market cap as of early Aug 2026 (~Rs 1.11 lakh Cr; +70% YoY, crossed Rs 1 lakh Cr milestone in 2026) - multibagg/stockanalysis",4,"Substantially exceeds prior estimates (market cap +58% and revenue +53% vs the Wave input's rough figures). Strong, improving profitability (Q4 FY26 consol. PAT +30% YoY) with no restructuring. Part of the globally recognized Aditya Birla Group (cement, metals, fashion, telecom with international manufacturing footprint), giving it real mega-brand marketing reach and budget appetite. No F1/motorsport tie found for Aditya Birla Capital or the parent group.",Ensure outreach is clearly targeted at Aditya Birla Capital (financial services arm) and not confused with other Birla Group listed entities,"Mega-brand-scale, fast-growing, highly profitable financial arm of a globally known conglomerate with a clean F1/ownership profile.",Leverage Aditya Birla Group's existing global industrial/manufacturing footprint and brand-investment appetite; growth-stage financial-services story fits F1's push into emerging high-growth markets.
W2-Financial,Banking & Insurance,Yes,exceeds - mega-brand,Credicorp,"Lima, Peru (Bermuda-incorporated holding company)","Widely held with significant long-standing family/institutional shareholders (incl. Romero family interests); NYSE-listed (BAP), no single controlling shareholder, no state or sovereign ownership.","Banking (BCP), insurance (Pacifico), pensions (Prima AFP), and microfinance across Peru and the Andean region","~35,000 (est.)","~$7.6-8.2B TTM revenue (Q2 2026 quarterly $2.17B; FY2025 annual $7.62B, +8.9% YoY) - stockanalysis/macrotrends",$30.3B market cap as of 12 Sep 2026 (79.4M shares) - Morningstar/stockanalysis,4,"Market cap nearly double the Wave input's $16B estimate - Credicorp is a genuine regional mega-brand, NYSE-listed, dominant across Peru/Andean banking, insurance and pensions. Highly profitable and stable, no restructuring. Large, diversified customer base (retail, corporate, microfinance). Searched specifically for BCP/Credicorp/Interbank motorsport ties - none found.",,"Largest, most profitable name in this batch with clean ownership and no F1 conflicts.",Flagship regional-champion pitch: dominant Andean financial brand with NYSE visibility and marketing budget scale to match a top-tier F1 partnership.
W2-Financial,Banking & Insurance,Yes,exceeds - mega-brand,Swiss Life Holding,"Zurich, Switzerland","Publicly listed (SIX: SLHN), widely held free float, no state/founder majority stake identified","Life insurance, pensions, and asset management across Switzerland, France, Germany and broader Europe","~11,000 (est.) core group employees","CHF 11.7B FY2025 (~$13.2B); company guiding CHF 12.8B for 2026 (source: Simply Wall St / companiesmarketcap.com, Aug 2026)",CHF 26.7B market cap as of 13 Aug 2026 (~$30B) (source: ad-hoc-news.de),4,"Blue-chip Swiss insurer (SMI constituent), net income and EPS both up YoY in FY2025, no restructuring underway, no state/sovereign ownership, no identified F1/motorsport sponsorship conflict for the company or any parent.","Headcount is an estimate (public disclosures cite 10,700-12,000 depending on scope); FY2025 top-line dipped 2.3% before a guided rebound - watch for confirmation in FY2026 results","Large, profitable, growing mega-cap insurer with no ownership or restructuring red flags and no competing F1 tie to clear.","Pan-European retail insurance/pensions brand looking for premium visibility - tie into F1's European calendar (Monaco, Spa, Monza) and wealth/pension-planning hospitality activations."
W2-Financial,Banking & Insurance,Yes,exceeds - mega-brand,ASR Nederland (a.s.r.),"Utrecht, Netherlands",Fully privatized; Dutch State (via NLFI) completed full divestment of its stake in September 2017 - no residual state ownership,"Life, non-life insurance and pensions in the Netherlands","~5,000 (est.; likely higher post-Aegon Netherlands merger)",€21.2B FY2025 gross (premiums + investment income) (source: alphaspread.com/ad-hoc-news.de),~€14.4B / ~$16B market cap as of Sept 2026 (source: companiesmarketcap.com/stockanalysis.com),4,"Now the largest Dutch insurer post-Aegon Netherlands merger, fully state-divested since 2017 (cleaner than the input's '2023' estimate), profitable with rising 2025 profit picture, no F1 conflict found.",,"Mega-cap, fully private, profitable and growing post-merger insurer with no ownership or capacity red flags.","Post-merger 'largest Dutch insurer' growth story, with a natural home-market tie-in to the Dutch Grand Prix at Zandvoort."
W2-Financial,Banking & Insurance,Yes,exceeds - mega-brand,Aflac Incorporated,"Columbus, GA, USA","Public (NYSE: AFL); widely held, no controlling shareholder",Supplemental health and life insurance in the US and Japan,"10,000–20,000","$17.2B FY2025 total revenues (down 9.3% from $18.9B FY2024, mainly yen/hedging-driven, not fundamental), per Q4 2025 earnings release","~$57–60B market cap (Sept 2026; stock ~$117/share early Sept 2026, off all-time high $128.90 in Jul 2026)",4,"Highly profitable (Q4 2025 net earnings $1.4B alone), strong capital, no restructuring. Massive dual US/Japan consumer base and an iconic, globally recognizable mascot (the Aflac Duck). No F1 or motorsport exposure/conflicts found; long history of major US sports sponsorship (MLB, college football) shows real sponsorship budget and appetite. Fully public, no sovereign/parent ownership issue.",Revenue decline YoY is FX/hedging-driven — confirm this doesn't signal a pullback in discretionary marketing spend; Check spelling/brand variants (Aflac vs. AFLAC) in outreach materials,"Mega-cap, mascot-led global consumer brand with proven large-scale sports sponsorship budget and a genuine, surprising F1 gap.","Lead with the Aflac Duck as a highly shareable, family-friendly F1 activation mascot/paddock character, paired with the Japan angle (Suzuka GP) given Aflac's outsized Japan business."
W2-Financial,Banking & Insurance,Yes,exceeds - mega-brand,Orix Corporation,Japan,"Public (TSE/NYSE), widely-held institutional shareholder base; no state or family control found","Diversified financial services - leasing, corporate/PE investment, real estate, life insurance, renewable energy financing, aircraft/aviation leasing (global) - to corporates and retail investors across Japan, Asia, US and Europe","25k-50k (~35,000 est., unverified this pass)","TTM revenue ~$14.3B USD as of Sept 2026 (stockanalysis.com/companiesmarketcap); FY2025 net income record on base-profit growth - well above input's $18B estimate on the revenue line, corrected down but confirmed profitable and growing","Market cap ~$43.3B USD as of June 3, 2026 (stockanalysis.com) - materially higher than input's ~$25B estimate; verified current",3,"Sells in 3+ markets (Japan, broader Asia, US/Europe aviation & asset leasing) - pass; buyers span affluent retail (life insurance, wealth) and corporate decision-makers - pass; diversified industrial/financial conglomerate gives a workable precision-and-global-reach story - partial; category open - no diversified Japanese financial conglomerate on the F1 grid, and Japan hosts Suzuka GP giving a hometown hook. Customer scale mass-market + institutional (pass, note). No existing motorsport sponsorship found (owns NPB's Orix Buffaloes baseball club, new Under Armour teamwear deal 2026, but no F1/motorsport tie).",input's ~$25B market cap estimate was well stale/low - now ~$43B; use verified figure going forward,"Mega-cap, profitable, growing, no existing F1/motorsport tie, and a strong Suzuka/Japan-GP hometown angle","Japan GP (Suzuka) hometown sponsor - pitch around precision engineering/asset performance (leasing, aviation, renewables) plus wealth/insurance storytelling for affluent Japanese and pan-Asian clients"
W2-Financial,Banking & Insurance,Yes,exceeds - mega-brand,CTBC Financial Holding,Taiwan,"Public (TWSE); Koo family retains ~10-15% controlling influence via affiliates (Jeffrey Koo Jr. alone ~8.87%), foreign institutions ~43.5%; no state ownership found","Banking, life insurance, securities to Taiwanese and regional (Asia) consumers/corporates","25k-50k (~28,000 est., unverified this pass)","TTM revenue ~US$8B equivalent (reported as S$10.63B, Aug 2026); H1 2026 net profit TWD39.5B, up 10% YoY - record high, shareholders' equity +59.5% YoY - clearly profitable and growing","Market cap ~TWD1.28T (~US$39B at ~32.5 TWD/USD) as of Aug 19, 2026 - substantially higher than input's ~$20B estimate; verified current (currency-converted, flag for finance team to confirm exact USD)",3,"Sells Taiwan + regional Asia - partial market breadth; buyers include affluent life-insurance/wealth clients - pass; explicit 'global brand-building ambitions' (per input) plus proven large sports-marketing budget (first Taiwan company to own pro baseball, basketball AND esports teams, WBSC/World Baseball Classic sponsor) shows real capacity/appetite to spend - strong signal even though not yet a global-performance story; category open - no Taiwanese bank on the F1 grid. Mass-market + affluent customer scale (pass, note). No F1/motorsport tie found despite heavy sports-sponsorship history (baseball, basketball, golf, esports).",Taiwan HQ - note cross-strait/China-market optics if any messaging references mainland China,"Mega-cap, record profits, no F1 tie, and an unusually active, well-funded sports-sponsorship track record signals real budget and appetite",Leverage CTBC's proven heavy sports-marketing spend (baseball/basketball/esports ownership) to pitch F1 as the next step up to a global platform for its international growth ambitions
W2-Financial,Banking & Insurance,Yes,exceeds - mega-brand,Hong Leong Bank,Malaysia,"Public (Bursa Malaysia); Quek family-controlled via Hong Leong Financial Group - private, not state-linked","Retail and commercial banking in Malaysia, Singapore, Vietnam and Cambodia","10k-25k (~10,000 est., unverified this pass)","FY2025 total income RM6.4B (~US$1.5B), +10.9% YoY, non-interest income +33.4% YoY - profitable and growing, matches input estimate","Market cap ~$10.8B USD as of June 2026 (stockanalysis.com) - just above the $10B mega-brand threshold; verified current, up from input's ~$9B estimate",3,"Sells across 4 ASEAN markets (Malaysia/Singapore/Vietnam/Cambodia) - pass; retail + growing non-interest/wealth income implies an affluent-leaning customer mix - partial pass; ASEAN-growth story is workable but not distinctly performance-tech; category wide open - regional retail banking is NOT taken on the F1 grid (Barclays/Santander/UBS are the taken global names) and no professional sports sponsorship found beyond internal staff events. Mass-market retail customer scale (pass, note).",,"Just cleared mega-brand threshold, profitable and growing, multi-market ASEAN reach, regional retail-banking category still open on the grid, no existing F1 tie","ASEAN growth/premier-banking story - use F1's expanding Southeast Asian fanbase to reach affluent, digitally engaged customers across Malaysia, Singapore, Vietnam and Cambodia"
W2-Financial,Banking & Insurance,Yes,exceeds - mega-brand,Shriram Finance,India,Public (NSE/BSE); Shriram Group promoter entities plus private-equity investors (incl. TPG-linked holdings); no state ownership found,"Commercial vehicle, MSME and gold loans to Indian retail/SME customers, with strong rural/semi-urban reach",">50k (~75,000 est., unverified this pass)","Revenue growing strongly - Q2 revenue ₹10,090 Cr, +17.9% YoY; full-year figures point to roughly ₹48,000+ Cr (~US$5.5B), well above input's ~$3.5B estimate","Market cap ~₹242,034 Cr (~US$26.8B) as of Sept 15, 2026 - well above input's ~$13B estimate; verified current",3,"Pan-India footprint across many states with distinct regional markets - reasonable market-breadth pass; SME/vehicle-owner buyers include real decision-makers even if not classic affluent urban 25-54; proven large sports-marketing budget (Pro Kabaddi League associate sponsor, cricket legend Rahul Dravid as brand ambassador, Padukone badminton school sponsorship) demonstrates real capacity/appetite - strong signal; category open - no Indian NBFC on the F1 grid. Mass-market/rural-semi-urban customer scale (pass, note). No F1/motorsport tie found.",,"Mega-cap, fast-growing NBFC with a proven, sizable sports-sponsorship budget (PKL, Dravid endorsement) and no existing F1 tie","Position F1 as the natural upgrade from Shriram's existing large-scale sports marketing (PKL, cricket icon endorsement) to a premium global platform, tapping India's rising affluent auto/finance customer base and any India GP revival buzz"
W2-Financial,Banking & Insurance,Yes,meets parameters,Cholamandalam Investment and Finance Company,"Chennai, India","Murugappa Group (Indian family-controlled industrial conglomerate) holds ~52% promoter stake; remainder publicly floated on NSE/BSE. No state, royal or sovereign ownership.","Vehicle finance, home loans, and SME/loan-against-property lending across India","~40,000 (est.)","$3.58B consolidated total income, FY2026 (ended Mar-2026: Rs 31,538.73 Cr, +20.6% YoY) - Screener/Whalesbook","~$17.9B market cap as of 4 Sep 2026 (Rs 1,57,063 Cr) - companiesmarketcap/valueresearchonline",3,"Comfortably clears large-cap revenue/market-cap bar (market cap up ~28% vs prior Wave estimate). Profitable and growing fast (PAT +23% YoY to Rs 5,220 Cr, AUM +21% to Rs 2.43 lakh Cr) with no restructuring. Large retail customer base (vehicle/SME/home loan borrowers across India) gives real activation reach. No F1 or motorsport tie found for Cholamandalam or parent Murugappa Group.","NBFC sector remains subject to RBI regulatory tightening cycles; Figures are FY (Apr-Mar) based, ~6 months stale vs calendar Sept 2026","Large, profitable, fast-growing NBFC with strong capacity and no F1 conflicts or ownership blockers.",Position around India's growth-market motorsport fandom and vehicle-finance/auto-loan customer overlap with F1's expanding South Asian audience; tie to Murugappa Group's broader industrial/engineering ambitions.
W2-Financial,Banking & Insurance,Yes,meets parameters,L&T Finance Holdings,"Mumbai, India","Majority-owned (~66%) by Larsen & Toubro Limited, a professionally managed (non-family-promoter) Indian engineering conglomerate; free float on NSE/BSE. No state or sovereign control (state-owned LIC holds only a minor institutional stake, as with most large Indian listed cos).","Rural/retail lending, two-wheeler and micro-loans, housing and infrastructure finance","~28,000 (est.)","$2.04B total income, FY2026 (ended Mar-2026: Rs 17,917.03 Cr) - Kotak Neo/EquityBulls","~$8.8B market cap as of 11 Sep 2026 (Rs 77,471.36 Cr) - Tipranks/Stockanalysis",3,"Market cap more than doubled vs prior Wave estimate ($4B est. -> $8.8B actual) and clears the bar with room. Profitable and improving (FY26 PAT Rs 2,981 Cr, Q4 PAT Rs 806.63 Cr up YoY), post-transformation retail-lending strategy now stable, no active restructuring. Large rural/retail borrower base. No F1/motorsport tie found for L&T Finance or parent Larsen & Toubro.","Part of a diversified engineering parent (L&T) that could itself be a separate, larger sponsorship prospect - avoid overlap/competing pitches","Solid, growing NBFC well above threshold with clean F1/ownership profile.",Engineering-pedigree brand story (L&T Group heritage) paired with motorsport-technology narrative; rural/retail financial-inclusion growth story for activation reach.
W2-Financial,Banking & Insurance,Yes,meets parameters,Poonawalla Fincorp,"Pune, India","Cyrus Poonawalla Group (Adar Poonawalla / Serum Institute promoter family, majority private control) with public float on NSE/BSE. No state or sovereign ownership.","Consumer and MSME lending, digital-first NBFC backed by the Poonawalla/Serum Institute family","~5,000 (est.)","$772M total income, FY2026 (ended Mar-2026: Rs 6,795.65 Cr, +60% YoY) - Whalesbook/Screener","$4.34B market cap as of 4 Sep 2026 (Rs 42,215 Cr; +33% YoY) - stockanalysis",3,"Market cap now clears $3B comfortably (up from the input's cautious ~$3.5B estimate) and revenue is smaller but growing 60% YoY. Capacity is 'improving' rather than steady-state: FY25 was a Rs 98 Cr net loss, and FY26 turned around to a Rs 541.8 Cr profit - a genuine swing, not a mature/stable earnings base. Checked specifically for Adar Poonawalla motorsport/F1 ties (he is a noted car collector) - found no existing Formula 1 or motorsport sponsorship by him or the group.","Recent (FY25) net loss before FY26 turnaround - capacity still stabilizing, not multi-year steady profitability; Smallest headcount/revenue base of this batch - verify org readiness for a sponsorship-scale program","Clears market-cap bar with strong momentum and no F1 conflict, though the profit turnaround is recent enough to note.","Promoter (Poonawalla family) already sports-sponsorship-active and a personal car/motorsport enthusiast - direct executive-level entry point; digital-first lending brand pairs well with F1's younger, digitally engaged fanbase."
W2-Financial,Banking & Insurance,Yes,meets parameters,Grupo Aval Acciones y Valores,"Bogota, Colombia","Sarmiento Angulo family (Luis Carlos Sarmiento, majority private control) with free float on BVC/NYSE (ADR). No state or sovereign ownership.","Banking (Banco de Bogota, Banco de Occidente, AV Villas), pensions (Porvenir) across Colombia and Central America","~55,000 (est.)","~$4.35B TTM revenue as of June 2026 (13.44 trillion COP LTM, +17.4% YoY) - stockanalysis/companiesmarketcap","~$5.5B market cap, ranged $5.0-6.0B through 2026 (latest ~$6.0B, Jan 2026 read) - stockanalysis/macrotrends",3,"Clears the large-cap bar on both revenue and market cap, with double-digit revenue growth and a Q2 2026 earnings beat per its own transcript. Privately controlled, profitable, no restructuring signals. Colombia's largest financial group with genuine regional scale/customer base. Searched specifically for Sarmiento family/Grupo Aval motorsport ties - none found.",COP/USD conversion makes market cap figure sensitive to FX - reverify at time of outreach; Family-controlled with concentrated decision-making - identify the right entry point (Sarmiento family office vs. individual bank brands),"Dominant, profitable, privately-controlled regional financial group with no F1 conflicts.","Regional-champion narrative (largest financial group in Colombia, expanding into Central America) paired with F1's growing Latin American fan growth and the Mexico City/Miami GP footprint nearby."
W2-Financial,Banking & Insurance,Yes,meets parameters,Intercorp Financial Services,"Lima, Peru",Controlled by the Rodriguez-Pastor family via Intercorp Peru Ltd. (majority private control); listed on NYSE and Lima exchange. No state or sovereign ownership.,"Banking (Interbank), insurance, and wealth management in Peru","~10,000 (est.)",~$1.91B TTM revenue as of June 2026 - macrotrends/stockanalysis,~$6.4B market cap as of Sep 2026 (ranged $5.7-6.7B through the year) - stockanalysis/gurufocus,3,"Market cap nearly double the Wave input's $3.5B estimate. Profitable and improving - management raised full-year ROE guidance above 17% on Q2 2026 earnings call, record net income in Q1 2026. Privately controlled diversified Peruvian financial group (Interbank consumer brand). Searched specifically for Interbank/Intercorp motorsport ties - none found.",Smaller headcount/geographic footprint (Peru-only) than some peers - confirm marketing budget scale for an F1-level sponsorship,"Comfortably above threshold, improving profitability, no ownership or F1 blockers.",Interbank's strong retail/consumer brand recognition in Peru paired with F1's growth in Latin American viewership; family-office relationship entry point via Rodriguez-Pastor family.
W2-Financial,Banking & Insurance,Yes,exceeds - mega-brand,Banco de Chile,"Santiago, Chile","Controlled by the Luksic family (via Quinenco), with Citigroup holding a significant minority economic interest (~26%, non-controlling, via the LQIF joint venture structure) since a 2007 strategic alliance. No state or sovereign ownership; Citigroup stake is a minority flag, not a blocker.",Retail and corporate banking in Chile,"~13,000 (est.)","~$3.8B annualized run-rate, 2026 (Q2 2026 operating revenue CLP 922B, +20.9% YoY) - Investing.com/company results",$21.4B market cap as of 4 Sep 2026 (+44% YoY) - stockanalysis/companiesmarketcap,3,"Market cap well above (~65% higher than) the Wave input's $13B estimate and up 44% YoY - Chile's leading private bank with over a century of history. Q1 2026 net income dipped 18.3% YoY on higher provisioning, but Q2 2026 rebounded strongly (+20.9% revenue, ROE 27.9%) - overall improving, no restructuring. Searched specifically for Luksic family/Banco de Chile motorsport ties - none found. Citigroup's minority economic stake (non-controlling) confirmed as a strategic alliance, not a conflicting sponsorship agreement.",Q1 2026 earnings dip on provisioning before Q2 rebound - monitor next quarter for trend confirmation; Citigroup minority stake (~26%) - unlikely to block a sponsorship decision but worth a light-touch conflict check given Citi's own global sponsorship portfolio,"Mega-cap, historic bank with strong recent momentum and no confirmed F1/motorsport conflicts.","Century-plus heritage brand with Luksic family's broader international investment profile (Quinenco holds stakes across mining, beverages, shipping); position as a prestige, first-mover Chilean financial sponsor in F1."
W2-Financial,Banking & Insurance,Yes,meets parameters,Banco Davivienda,"Bogota, Colombia","Controlled by Grupo Bolivar (Cortes family, majority private control); Scotiabank holds a ~20% minority stake since closing its Colombia/Costa Rica/Panama operations sale to Davivienda in Dec 2025. No state or sovereign ownership; Scotiabank stake is a minority flag.","Retail/commercial banking across Colombia and Central America, now integrating former Scotiabank Colombia, Costa Rica and Panama operations under the 'DaviBank' brand","~17,000 (est.)","~$2.8B annualized run-rate, 2026 est. (Q2 2026 revenue COP 2.84 trillion, +49% YoY on merger consolidation) - MarketScreener/Yahoo Finance",~$3.2B market cap as of Aug 2026 (COP 12.35 trillion) - Yahoo Finance,3,"Market cap sits just above the $3B threshold as flagged in the input; the Scotiabank Colombia/Costa Rica/Panama merger (closed Dec 2025) is now integrated and driving strong results rather than dragging - Q2 2026 net income up ~50% YoY and revenue +49% YoY on consolidation, so capacity reads as improving, not distressed. Searched specifically for Grupo Bolivar/Sarmiento-adjacent Colombian banking motorsport ties - none found (note: Grupo Bolivar is Cortes-family controlled, distinct from the Sarmiento Angulo family behind Grupo Aval).",Market cap right at the large-cap threshold - reverify at outreach time given FX sensitivity (COP); Post-merger integration still maturing (DaviBank brand launched Dec 2025) - confirm marketing budget is not still constrained by integration costs; Scotiabank 20% minority stake - low-risk but worth a light conflict check given Scotiabank's own sponsorship activity,"Clears threshold with merger-driven growth momentum and no F1 conflicts, though scale and integration maturity warrant monitoring.","Newly-enlarged regional footprint (Colombia, Costa Rica, Panama) post-Scotiabank integration; DaviBank rebrand launch is a natural moment for a bold new marketing platform like F1."
W2-Financial,Banking & Insurance,Yes,meets parameters,Storebrand,"Lysaker (Oslo area), Norway","Publicly listed on Oslo Bors, widely held, no state or founder-majority stake","Life insurance, pensions and sustainable asset management in Norway and Sweden","~2,300 (est.)",NOK 14.6B FY2025 (~$1.4B) (source: mynewsdesk.com Q4 2025 update / Storebrand IR),~$8B market cap as of July 2026 (source: stockanalysis.com/companiesmarketcap.com),3,"Profitable, growing Nordic insurer/asset manager (record Q2 2026 results per earnings call); no state ownership; no F1 conflict identified.",ESG-forward brand identity would require a sustainability-framed pitch (F1 hybrid-power/net-zero-2030 angle) rather than a generic motorsport pitch,"Clean ownership, improving financial trajectory (record Q2 2026 results), and no competing F1 exposure.",Lead with F1's sustainability/hybrid-powertrain and net-zero-2030 narrative to match Storebrand's ESG-first brand positioning.
W2-Financial,Banking & Insurance,Yes,meets parameters,Jyske Bank,"Silkeborg, Denmark","Publicly listed, no state or single controlling shareholder",Retail and private banking in Denmark,"~3,800 (verified; sources show 3,803-3,851)",~€1.95B FY2024 (flat vs FY2023); FY2025 EPS +7% to DKK 85 (source: GlobeNewswire annual report Feb 2026),~$9.19B market cap as of Aug 2026 (source: stockanalysis.com),3,"Denmark's third-largest bank, profitable with a record dividend (DKK 25/share) and a large new buyback (DKK 3.0B) announced off FY2025 results - clear capacity signal, no restructuring, no state ownership, no F1 conflict.",Some figures are estimates pending full FY2025 revenue confirmation in EUR terms,"Profitable, capital-return-heavy bank with clean ownership and no F1 exposure to clear.","Position F1 hospitality/branding as a private-banking client acquisition and retention tool, leveraging the bank's record dividend/buyback momentum as a 'strength' narrative."
W2-Financial,Banking & Insurance,Yes,meets parameters,St. James's Place,"Cirencester, United Kingdom","Publicly listed (LSE: STJ), widely held institutional ownership, no state stake",Wealth management and financial advice to UK affluent/retail clients,"~4,500 (est.)","£30.2B FY2025 gross IFRS revenue (includes volatile policyholder investment return - not directly comparable to fee income) (source: stockanalysis.com); FUM record £220.0B FY2025, £240.8B H1 2026",£5.77B market cap as of Sept 2026 (source: companiesmarketcap.com),3,"UK's largest wealth manager; IFRS profit up 33% in 2025 and record FUM through H1 2026 show a clear post-restructuring recovery - the 2023 fee-charge controversy that prompted the rebuild is resolved, not ongoing.","Market cap (£5.77B) still below pre-2023 controversy peak - sentiment recovering but not fully restored; Reported £30.2B 'revenue' figure is IFRS gross including investment return, not core fee income - use with caution/footnote if citing externally","Clear, well-documented improving trajectory (record FUM, +33% profit) since the 2023 restructuring concluded; premium client base fits F1 hospitality well.","Premium UK wealth-management client base overlaps directly with F1 hospitality audiences; lean into the 'record FUM, comeback story' narrative for brand confidence."
W2-Financial,Banking & Insurance,Yes,meets parameters,First Citizens BancShares,"Raleigh, NC, USA",Public (NASDAQ: FCNCA); Holding family retains significant voting control via Class B shares — no state/sovereign stake,Commercial and retail banking (incl. former SVB assets) to US businesses and consumers,"15,000–20,000","$9.03B FY2025 (down 3.2% YoY on lower SVB-loan accretion); net income ~$2.15–2.3B, per FY2025 results (SEC/stockanalysis.com)",~$24.3B market cap as of mid-Sept 2026 (stockanalysis.com),3,"Credit-cycle check: sector-wide regional-bank NPLs are declining and First Citizens' metrics track that trend; SVB venture-book concentration is a watch item but not distress — this is ongoing accretive integration, not restructuring. Large national commercial/retail bank (~$220B+ assets) with a strong tech/venture-capital client base via SVB. No F1 exposure. No sovereign ownership.","Revenue/net income declined YoY due to purchase-accounting accretion runoff on the SVB book — confirm this is a modeled glide path, not a credit problem, before pitching; Family-controlled voting structure (not a governance blocker, just note for stakeholder mapping)","Profitable, credit metrics healthy/improving, large scale, and a genuine tech/venture-client tie-in that could work well with F1's tech/innovation storyline.",Use the SVB/tech-and-innovation client base as the hook — a fintech/innovation-adjacent banking partner story rather than a generic regional-bank pitch.
W2-Financial,Banking & Insurance,Yes,meets parameters,Regions Financial Corporation,"Birmingham, AL, USA","Public (NYSE: RF); widely held, no controlling shareholder",Retail and commercial banking in the US Southeast/Midwest,"15,000–20,000","~$7.7B FY2025 total revenue (net interest + noninterest income; some aggregators show figures from $6.19B to $9.6B depending on methodology — use company 10-K for exact figure), record wealth/treasury-management income cited in FY2025 results",~$24.3B market cap as of early Sept 2026 (Forbes),3,"Credit-cycle check: asset quality improving — NPL ratio down 4bps to 0.67%, criticized loans down 21% YoY, net charge-offs improving; consumer and commercial credit both described as healthy/stable. No restructuring. Large regional bank (~$155B assets) with broad Southeast/Midwest branch footprint. No F1 exposure; existing NFL/college-sports sponsor shows real sports-marketing budget and appetite.",Revenue figure varies materially by data source — verify exact FY2025 total revenue against the 10-K before quoting in outreach,"Credit quality is genuinely improving (not just stable), the bank is profitable with record wealth-management income, and its existing regional sports-sponsorship culture (NFL, college sports) signals real appetite for a marquee marketing platform like F1.","Regional-growth and Southeast-expansion story — frame F1 US races (Miami, Austin, Las Vegas) as a natural extension of its existing regional sports-sponsorship playbook."
W2-Financial,Banking & Insurance,Yes,meets parameters,"Equitable Holdings, Inc.","New York, NY, USA","Public (NYSE: EQH); AXA S.A. fully divested its stake in 2021 (down to 0.07%, since sold) — no majority/foreign/sovereign owner today","Life insurance, retirement/annuities, and asset management (majority owner of AllianceBernstein) for US consumers and institutions","10,000–15,000","~$14–15B FY2025 (est. — LTM revenue was $13.96B as of mid-2025, up 21% YoY; Q4 2025 revenue alone was $3.28B), per FY2025 results release",~$14.7B market cap as of mid-Sept 2026 (multiple sources),3,"Profitable, growing revenue, no restructuring. Large US insurer/asset-manager combo with a broad institutional and retail base. Ownership history flagged in input as AXA-linked is now moot — AXA fully exited in 2021, and Equitable has been building an independent brand identity since its 2020 rebrand from AXA Equitable. No F1 exposure. Not to be confused with EQB/Equitable Bank of Canada (different company).",Confirm full-year 2025 consolidated revenue figure directly from the 10-K — public aggregators give inconsistent line-item totals; Brand name overlap with Canada's EQB Equitable Bank — clarify identity in any outreach,"Clean, fully independent public ownership (no residual AXA control despite the historical name), solid financial profile, and a rebuilding-brand-identity narrative that a marquee sponsorship like F1 could meaningfully accelerate.","Frame around the post-AXA independent-brand-building story — F1 as a platform to build Equitable's standalone identity distinct from its former AXA Equitable name, targeting HNW/retirement-planning audiences."
W2-Financial,Banking & Insurance,Yes,meets parameters,"Primerica, Inc.","Duluth, GA, USA","Public (NYSE: PRI); widely held, no controlling shareholder","Term life insurance and financial products distributed via ~130,000 independent licensed representatives to US/Canadian middle-income households","~3,000 employees plus ~130,000 independent licensed representatives","$3.29B FY2025 (up 6.6% YoY), per Q4/FY2025 results","~$9.0B market cap as of Sept 2026 (multiple sources, $8.85–9.07B range through 2026)",3,"Profitable, steady mid-single-digit growth, no restructuring. Very broad middle-income US/Canada consumer reach via its independent-rep distribution model — a large, dispersed audience base. No sponsor conflict found: no Primerica presence in current 2025/2026 NASCAR sponsor listings, though the company has a documented history of racing/motorsport-friendly marketing culture, which de-risks the 'will they even consider racing' question. No sovereign ownership.","Confirm no dormant/legacy NASCAR contractual exclusivity remains before finalizing outreach, even though no active 2025/2026 NASCAR sponsorship was found","Financially solid, broad middle-market reach, and a demonstrated appetite for motorsport marketing with no current conflicting deal — a clean, plausible F1 prospect.","Use the massive independent-rep sales-force network as an activation and hospitality audience, and lean into the 'financial security for middle-income families' message alongside F1's broadening, family-oriented fanbase."
W2-Financial,Banking & Insurance,Stretch,exceeds - mega-brand,Svenska Handelsbanken,"Stockholm, Sweden","Publicly listed; Oktogonen employee profit-sharing foundation holds ~8.2% of capital / 8.0% of votes (minority, not controlling)","Retail and corporate banking across Sweden, UK, Netherlands and the Nordics","~12,200 (verified, FY2024 group headcount)","SEK 57.1B FY2025, down 9.3% YoY (source: MacroTrends/companiesmarketcap.com, 2026)",£22.83B market cap as of Aug 2026 (~$29B) (source: companiesmarketcap.com),3,"Major, profitable Nordic bank; no state or majority ownership issue (Oktogonen stake is minority/employee-linked); no F1 sponsorship conflict found. Revenue declined YoY in 2025 though earnings/ROE trends and UK/Netherlands lending growth remain positive.","Revenue down 9.3% YoY FY2025 - confirm cause (rate cycle) before pitching growth narrative; Historically conservative, low-key marketing culture (per input note) - gauge appetite before outreach","Meets financial/ownership bar but the bank's low-key marketing culture and a YoY revenue decline argue for a softer, relationship-led approach rather than a straight pitch.",Frame around Handelsbanken's UK/Netherlands growth push (offsetting flat Swedish home market) with a Silverstone/Zandvoort-linked relationship pitch rather than a mass-brand campaign.
W2-Financial,Banking & Insurance,Stretch,exceeds - mega-brand,Sumitomo Mitsui Trust Holdings,Japan,"Public (TSE), separately listed from Sumitomo Mitsui Financial Group (SMFG) - confirmed distinct entity, not a duplicate; no state ownership found","Trust banking, asset management, real estate services to institutional and retail clients in Japan, with an asset-management arm serving global institutional clients","10k-25k (~20,000 est., unverified this pass)","Exact FY2025 revenue line not confirmed this pass; FY2025 net income forecast raised to ~JPY317B on gains from reducing strategic shareholdings, dividend raised - profitable and improving. Input's ~$9B FY2024 revenue estimate stands unverified (est.)",Market cap ~$25.3B USD as of June 2026 (companiesmarketcap.com) - up from input's ~$18B estimate; verified current,2,"Sells mostly domestic Japan with a global institutional asset-mgmt sleeve - partial market breadth (not clearly 3+ consumer markets); buyers are HNW/institutional and affluent trust clients - pass; story is wealth stewardship/trust rather than performance-tech-precision - weak fit; category open (no Japanese trust bank on F1 grid). Mass-affluent/institutional customer scale (pass, note). No motorsport sponsorship found.",revenue figure is an estimate this pass - not independently confirmed,"Mega-cap and profitable with no F1 tie, but a narrower, Japan-centric trust/wealth franchise makes the growth/performance story harder to sell than a consumer-facing bank","Wealth-management/trust brand storytelling for HNW and institutional clients - legacy, precision and long-term stewardship themes tied to the Japan GP"
W2-Financial,Banking & Insurance,Stretch,meets parameters,TMBThanachart Bank (ttb),Thailand,"Public (SET); Thai Ministry of Finance holds ~11.7% (largest legacy shareholder from FIDF/TMB recapitalization history) - MINORITY sovereign stake, flagged; Thanachart Capital and ING Groep also historic shareholders",Retail/commercial banking and auto loans in Thailand,"10k-25k (~14,000 est., unverified this pass)","TTM revenue ~$2.25B USD (Aug 2026); FY2025 revenue ~THB49.2B, roughly flat YoY (-0.72%) - profitable but not growing much, no active restructuring found",Market cap ~THB231B (~US$6.6B at ~35 THB/USD) as of July 2026 - above input's ~$4B estimate; verified current (currency-converted),2,"Single-market Thailand-only bank - fails 3+ market test; mass retail + auto-loan buyers, not distinctly affluent; plain retail-bank story; category open (no Thai bank on the F1 grid) - partial pass. Mass-market customer scale (pass, note).","Minority Thai Ministry of Finance stake (~11.7%) - state-linkage flag, not disqualifying","Meets the financial bar and no F1 tie, but single-market scale, flat growth and a minority state stake make the case thinner than regional peers like Hong Leong","If pursued, a narrow Thailand-only auto-finance/retail-banking angle; low priority without a stronger affluent or multi-market story"
W2-Financial,Banking & Insurance,Stretch,meets parameters,Yes Bank,India,"Public (NSE/BSE); SMBC (Sumitomo Mitsui Banking Corp) now largest shareholder at ~24.9% (RBI-approved, deal completed Sept 2025); State Bank of India (SBI, majority Indian-government-owned) retains ~10.8% - MINORITY indirect sovereign linkage via SBI, flagged",Retail and corporate banking in India,"25k-50k (~25,000 est., unverified this pass)","Revenue ~₹30,658 Cr (~US$3.5B at ~88 INR/USD) - roughly matches input's ~$3B estimate",Market cap ~₹706.2B (~US$8.0B at ~88 INR/USD) as of Sept 2026 - within input's $7-8B range; verified current (currency-converted),2,"Single-market India-only bank - fails 3+ market test; mass retail buyers, not distinctly affluent; turnaround/credibility narrative (SMBC-backed, deposits returning per Japan Times) is a workable but not classic performance-tech story; category open (no Indian private bank on the F1 grid) - partial pass. Mass-market customer scale (pass, note). No F1/motorsport sponsorship found.",Ownership in transition - SMBC's 24.9% stake and new board influence per input; confirm current marketing/sponsorship decision authority before outreach; Minority indirect government linkage via SBI's ~10.8% stake,"Improving turnaround with a credible new anchor investor (SMBC) and no F1 tie, but still a domestic-only mass-market bank with an ownership structure that needs confirming before outreach","""New chapter"" turnaround/credibility story anchored by the SMBC partnership - confirm governance/marketing authority first, then pitch as India's re-emerging challenger bank"
W2-Financial,Banking & Insurance,Stretch,meets parameters,IIFL Finance,"Mumbai, India","Founder/promoter-led (Nirmal Jain and family, ~25% stake) with broad public float on NSE/BSE. No state or sovereign ownership.","Gold loans, housing finance, MSME/digital lending","~30,000 (est.)","$1.52B consolidated total income, FY2026 (ended Mar-2026: Rs 13,373.83 Cr, +30.6% YoY) - Investing.com/Whalesbook","~$2.9B market cap as of 18 Sep 2026 (Rs 25,620.61 Cr) - stockanalysis/tickertape",2,"Market cap has slipped below the $3B large-cap line (now SEBI-classified small-cap) despite the input flag calling it 'near threshold.' Fundamentals are recovering strongly - standalone business swung back to profit (Rs 1,153.5 Cr after an FY25 loss) and consolidated PAT up 214% YoY - but this reflects a bounce-back from the 2024 RBI gold-loan business restriction, not steady-state large-cap standing. Regulatory standing on gold loans is now resolved (new RBI tiered-LTV framework effective Apr-2026 applies industry-wide, not an IIFL-specific restriction). No F1/motorsport tie found.",Market cap currently below $3B large-cap threshold - re-verify at outreach time; 2024 RBI gold-loan restriction resolved but recency + still-recovering standalone profitability warrants monitoring,"Recovering fast and no F1 conflict, but market cap has actually fallen below the large-cap bar this wave rather than just being 'near' it.","If pursued, frame around the digital-lending growth turnaround story and gold-loan-network customer scale; best revisited once market cap re-clears $3B."
W2-Financial,Banking & Insurance,Stretch,exceeds - mega-brand,3i Group,"London, United Kingdom","Publicly listed investment trust (LSE: III), no state ownership",Private equity and infrastructure investment; NAV now ~77% concentrated in its Action retail stake (65.4%),"~280-300 (verified small corporate/investment team; excludes Action's own ~250,000+ retail staff)","Not applicable - investment-return based; NAV £30.9B as of 31 Mar 2026, up 26% YoY (source: 3i.com FY26 press release)",~£23.8B market cap as of 29 Mar 2026 (~$30B) (source: massivemoats.substack.com),2,"Mega-cap by market value and NAV growth, fully profitable, no restructuring or ownership issue - but it is a ~280-person holding vehicle with no retail customer base of its own; 77% of value sits in one portfolio company (Action), which is the actual consumer-facing brand.",Extremely thin headcount/organization relative to market cap - typical for an investment trust but means no in-house marketing function to run a sponsorship; NAV heavily concentrated (77%) in a single asset (Action),"Financially exceeds the bar, but as a near-pure holding company it lacks the consumer/customer base and marketing organization that make an F1 partnership self-evidently useful; case rests on HNW investor relations, not product marketing.","Position as an HNW-investor/LP-facing prestige association (paddock club, investor days) rather than a mass-market brand sponsorship."
W2-Financial,Banking & Insurance,Stretch,meets parameters,Intermediate Capital Group (ICG),"London, United Kingdom","Publicly listed (LSE: ICG), widely held, no state or controlling shareholder","Private credit and alternative asset management to institutional investors (pension funds, insurers, sovereign wealth funds)",~700-900 (est.),"£1,036M FY2026 total revenue; management fees £604M FY2025 (+19% YoY), fee-related earnings £350M FY2026 (+23% YoY) (source: icgam.com FY25 RNS / company reports)","~£5.4-6.7B market cap (2026, sources vary by date/currency) (source: companiesmarketcap.com)",2,"Fast-growing, profitable UK alternative asset manager (AUM $126B) with no ownership/state issue and no restructuring - but its client base is exclusively institutional (LPs), with no retail/consumer customer to reach through F1.",Purely institutional (B2B) client base - limited 'customer scale' rationale for consumer-facing sponsorship; Confirmed distinct from unrelated 'Capital Group' entity per input flag - no naming conflict,"Strong growth and profitability clear the capacity bar, but the institutional-only client base means the sponsorship case rests on LP relations/talent branding rather than mass-market marketing economics.",Frame as an LP-relationship and dealmaker-recruiting tool (paddock hospitality for institutional investors and prospective hires) rather than a consumer sponsorship.
W2-Financial,Banking & Insurance,Stretch,meets parameters,"Federated Hermes, Inc.","Pittsburgh, PA, USA",Public (NYSE: FHI); Donahue family controls majority voting power via Class B shares (no state/sovereign stake),Money-market and active asset management for institutional and retail clients,"1,000–5,000","$1.80B FY2025 (up 10.3% YoY, driven by higher money-market/equity AUM), per FY2025 earnings release/10-K (SEC)",$4.45B market cap as of 11 Sep 2026 (MacroTrends/stockanalysis.com),2,"Profitable, record $911.6B AUM at Q2'26, no restructuring — capacity is fine but scale is modest ($4.45B cap, $1.8B revenue) relative to global F1 sponsorship costs. Customer base is institutional/retail asset-management clients, not a mass consumer brand. No F1/motorsport exposure. Ownership is US family-controlled public company, no sovereign/state stake.","Name collision: exclusion-list 'Hermes' entries likely refer to LVMH's Hermès (luxury goods, unrelated) — verify before outreach to avoid confusion/perception risk given Hermès's high visibility in F1 paddock fashion culture; Small ad/sponsorship budget relative to typical F1-tier deal size","Real, profitable, ownership-clean target, but sub-scale for a marquee F1 deal and carries meaningful brand-confusion risk with the LVMH Hermès name in F1-adjacent fashion/luxury circles.",Position around stewardship/responsible-investing (Hermes EOS) narrative tied to F1's sustainability push — likely a smaller regional/team-level activation rather than a series-level deal.
W2-Financial,Banking & Insurance,Stretch,meets parameters,SLM Corporation (Sallie Mae),"Newark, DE / Salt Lake City, UT, USA","Public (NASDAQ: SLM); widely held, no controlling shareholder",Private student loans and consumer banking to US students and families,"1,000–2,500","$1.98B FY2025 (up from $1.84B FY2024), per Q4/FY2025 earnings release",~$4.7–4.8B market cap as of 19 Sept 2026 (stockanalysis.com),2,"Credit-cycle check (flagged per protocol): Q2 2026 delinquencies ticked up to 3.7% (from 3.5%) and net charge-offs rose to $113M (from $94M); management attributes a meaningful chunk of the increase to a specific fraud/debt-resolution-provider pattern affecting ~6.4% of gross charge-offs, and has moved recovery operations in-house — a real but contained credit issue, not a broad-based deterioration. Still profitable. Strong tie to the college-age/youth demographic F1 is actively courting. No F1 exposure. No sovereign ownership.",Stock has been volatile on 'elevated charge-off' headlines in 2026 — confirm the credit issue is resolved/contained before pitching a large sponsorship commitment; Small market cap (~$4.8B) relative to typical global F1 sponsorship spend,"Genuinely strong youth/college-age audience overlap with F1's fan-growth strategy, but modest scale and an active, still-being-remediated credit-quality issue argue for caution or a smaller/regional deal rather than a marquee one.","College-age/young-fan acquisition story — align with F1's youth-fan growth push and financial-literacy-for-students messaging, likely sized as a mid-tier partnership."
W2-Financial,Banking & Insurance,Stretch,exceeds - mega-brand,Mega Financial Holding,Taiwan,"Public (TWSE); Ministry of Finance, R.O.C. holds ~8.2% (2025) as largest single shareholder - MINORITY sovereign stake, flagged per state-linkage check (not majority, does not trigger automatic No)","Commercial banking, insurance, securities, largely Taiwan-focused with an export-finance corporate client base","10k-25k (~14,000 est., unverified this pass)","TTM revenue ~TWD78.9B (~US$2.4B); TTM profit ~TWD36.4B - profitable, no restructuring signals found",Market cap ~TWD593B (~US$18.2B at ~32.5 TWD/USD) - above input's ~$13B estimate; verified current (currency-converted),1,"Sells mostly within Taiwan with export-finance corporate reach - weak market breadth (not a clear 3+ consumer-market story); buyers are corporate/export-finance clients rather than affluent 25-54 retail - weak; plain commercial-bank story, little performance-tech-precision narrative; category technically open but weak fit overall. Mass-market/corporate customer scale (pass, note).","Minority Taiwan Ministry of Finance stake (~8.2%) - largest single shareholder is the state; flag for sponsor-ready optics review, not disqualifying","Mega-cap tier means it can't be a hard No, but the fit narrative is weak (Taiwan-only, corporate/export client base, minority state ownership)","If pursued, frame around Taiwan trade/export-finance and logistics network ties rather than a consumer affluence story; otherwise low priority vs. peers"
W2-Financial,Trading & Crypto,Yes,exceeds - mega-brand,Yuanta Financial Holdings,Taiwan,"Public (TWSE); Ho family influence, broad institutional ownership; no state ownership found","Securities brokerage, banking, insurance, asset management, with a regional ETF franchise (Yuanta ETFs) distributed across Taiwan, and other Asian markets","10k-25k (~16,000 est., unverified this pass)","TTM revenue ~$4.13B USD (Aug 2026), up from ~$3.75B in 2024 - growing",Market cap ~$28.0B USD as of July 2026 (NT$967.7B) - well above input's ~$9B estimate; verified current,3,"Regional ETF/brokerage franchise sells across 3+ Asian markets - pass; investor/trader client base skews affluent, decision-making individuals - pass; brokerage/trading naturally supports a speed-precision-data performance story that maps well to F1 - pass; category open - no major Asian broker/exchange on the F1 grid (brokers/exchanges are the Trading & Crypto bucket, largely untapped). Investor/trader customer scale (pass, note). No F1/motorsport sponsorship found.",,"Mega-cap regional broker/ETF platform with a strong trading-performance narrative, multi-market reach, and no existing F1 tie","""Precision execution, real-time performance"" trading narrative tied to F1 speed/data themes, targeting affluent retail and institutional investors across Yuanta's multi-market ETF/brokerage footprint"
W2-Financial,Banking & Insurance,No,meets parameters,AMMB Holdings (AmBank Group),Malaysia,"Public (Bursa Malaysia); ANZ fully exited (last 5.17% sold June 2024) - no single disclosed controlling shareholder, dispersed institutional ownership; no state control found","Banking, insurance, investment banking to Malaysian consumers/corporates","<10k (~8,000 est., unverified this pass)","TTM revenue ~$1.28-1.3B USD (Sept 2026) - roughly matches input's ~$1B estimate, modest growth","Market cap ~$5.55-5.7B USD as of Sept 2026 - above input's ~$3.5B ""borderline"" estimate, so the market-cap concern is resolved, but still well below the $10B mega-brand bar and the smallest cap in this batch",1,"Single-market Malaysia-only bank - fails 3+ market test; mass retail/business banking buyers, not a distinctly affluent segment; no performance-tech-precision story; category technically open but weak overall narrative given scale. Mass-market customer scale (pass, note). No F1/motorsport sponsorship found.","Legacy 1MDB corruption scandal - AmBank paid RM2.83B settlement to the Malaysian government (2021); fully settled and cash received, but the historic governance/reputational overhang is worth a compliance check before outreach","Sub-scale (well below mega-brand threshold), single-market bank with legacy 1MDB governance history and a weak affluent-brand narrative","Not recommended this wave; if revisited, would need to lead with post-1MDB governance turnaround credibility rather than a premium-brand story"
W2-Financial,Banking & Insurance,No,meets parameters,IndusInd Bank,India,"Public (NSE/BSE); Hinduja Group promoter-controlled, private - no state ownership","Retail and corporate banking, vehicle finance to Indian consumers/businesses","25k-50k (~40,000 est., unverified this pass)",Input's ~$4B FY2024 estimate stands unverified this pass (est.) - not independently re-confirmed,"Market cap ~₹73,746 Cr (~US$8.4B at ~88 INR/USD) as of Sept 17, 2026 - stock up 33.6% over the last year, recovering but still below the pre-crisis $10B+ level noted in input; verified current (currency-converted)",1,"Single-market India-only bank - fails 3+ market test; mass retail/vehicle-finance buyers, not distinctly affluent; category technically open but capacity concern dominates. Mass-market customer scale (pass, note). No F1/motorsport sponsorship found.","2025 derivatives/accounting lapse triggered a CEO exit and governance scrutiny (per input) - capacity/marketing appetite likely still constrained; stock has since recovered (+33.6% YoY, active investor-relations outreach Sept 2026) suggesting an improving but still fresh situation",Still working through a 2025 governance/accounting crisis - capacity and sponsorship appetite too fresh/impaired to prioritize this wave despite share-price recovery,Revisit in a future wave once the post-crisis leadership and governance reset is further along
W2-Financial,Banking & Insurance,No,exceeds - mega-brand,Grupo Financiero Inbursa,"Mexico City, Mexico",Controlled by Carlos Slim and family (majority private ownership); listed on BMV. No state or sovereign ownership.,"Banking, insurance, brokerage, and pensions to Mexican consumers and corporates","~15,000 (est.)","~$2.5B annualized run-rate, 2026 (Q2 2026 revenue 11.8B MXN, down 14% YoY) - Inbursa 1Q26/investing.com",~$15.0B market cap as of Sep 2026 (260.4B MXN) - companiesmarketcap,0,"Financially it would exceed the bar (mega-cap, well above thresholds), but Inbursa fails the F1-exposure screen: its controlling shareholder, Carlos Slim, personally founded and funds Escuderia Telmex, the motorsport program that has backed Sergio Perez's F1 career for over 20 years - including his newly confirmed, multi-year 2026 return with the Cadillac F1 team. This is an active, current, high-profile parent/family F1 tie (via Telmex/America Movil, both Slim-controlled), directly conflicting with a fresh sponsorship pitch to the same family's financial arm.",Revenue and net income declining YoY through 2026 (Q2 2026 net income down 28% YoY) - separate concern even setting aside F1 conflict,Parent/family F1 tie: Carlos Slim's Escuderia Telmex actively sponsors Sergio Perez at Cadillac F1 for the 2026 season - direct conflict of interest.,"N/A - deprioritize; the Slim family's F1 relationship runs through Telmex/America Movil, not Inbursa, so any future F1 commercial conversation with this ownership group should go through the existing Escuderia Telmex relationship rather than as a new sponsor pitch."
W2-Financial,Banking & Insurance,No,meets parameters,Topdanmark,"Ballerup, Denmark",~92.6% owned by Sampo Group (Finland); DELISTED from Nasdaq Copenhagen in 2024 following Sampo's exchange offer,P&C and life insurance in Denmark,"~2,500 (est.)","~$1.8B (est., FY2024 pre-delisting; no longer independently reported post-Sampo integration)",Delisted 2024; last implied deal value ~$4.7B in Sampo's 2024 exchange offer (source: Yahoo Finance/Sampo.com),1,"Financially sound but no longer an independent decision-making entity - Sampo Group (Helsinki) holds ~92.6% and delisted the stock in 2024, so sponsorship/marketing budget authority sits with the parent, not Topdanmark.",Input mischaracterized Sampo's position as a 'minority strategic investor' - it is now a ~92.6% controlling parent post-delisting; Company no longer independently listed/reported,"Fails the capacity/independence test: majority-owned (92.6%) and delisted by parent Sampo Group in 2024, so Topdanmark itself cannot be the sponsorship decision-maker.","Not viable as a standalone target; any interest should be redirected to Sampo Group as the controlling entity (separate lead, not this one)."
W2-Financial,Banking & Insurance,No,meets parameters,Banca Generali,"Trieste/Milan, Italy","Assicurazioni Generali holds 50.17% (majority parent); as of Aug 2026 Banca Generali is also the target of an irrevocable, live all-share takeover bid from Monte dei Paschi (MPS) valuing it at ~EUR 8.7B, part of a wider Italian banking consolidation battle (Intesa Sanpaolo vs MPS vs Banco BPM)",Wealth management and private banking to Italian affluent clients,"~1,700 (est.)",~€992-999M FY2024/FY2025 (source: stockanalysis.com),€6.85B market cap as of 11 Jun 2026 (source: companiesmarketcap.com); MPS bid values it at ~€8.7B,1,"Growing wealth manager with a strong Italian F1 fan-base angle (Monza), but currently mid-way through a live, irrevocable MPS takeover offer (acceptance period expected Dec 2026-Feb 2027) layered on top of majority ownership by Assicurazioni Generali - a textbook 'major restructuring in progress' disqualifier right now.","Live MPS takeover bid announced 21 Aug 2026, irrevocable even amid a separate Intesa Sanpaolo hostile bid for MPS itself - ownership/strategy in flux into 2027; Majority-owned (50.17%) by Assicurazioni Generali, which is already captured separately in the sponsorship database per input flag","Fails the 'no major restructuring' capacity test - subject to a live, irrevocable takeover bid and broader Italian bank-consolidation fight as of Sept 2026, with resolution not expected before 2027; also majority-controlled by an already-captured parent (Generali).",Not viable now - revisit post-resolution of the MPS/BPM/Intesa consolidation (est. mid-2027 earliest).
W2-Financial,Banking & Insurance,No,exceeds - mega-brand,Investor AB,"Stockholm, Sweden","Controlled by the Knut and Alice Wallenberg Foundation (20.07% of capital, 42.96% of votes) - foundation/family-controlled, not state or sovereign","Investment holding company with stakes in Atlas Copco, Ericsson, ABB, AstraZeneca, EQT, etc.","~300 (est., holding-company level only)",Not applicable - NAV/dividend-based holding company,"SEK 1.24 trillion market cap as of 18 Sept 2026 (~$118B), +43% YoY (source: tradingeconomics.com)",1,"Enormous market cap but a pure investment holding vehicle with no products, customers, or marketing function of its own. Checked for portfolio-company F1 exposure (e.g., Ericsson) - found none; the only 'Ericsson' link in F1 is unrelated driver Marcus Ericsson.",Foundation-controlled decision-making (Wallenberg) concentrates authority outside a normal marketing/sponsorship function; No consumer-facing brand or customer base to activate via F1,"Despite mega-cap scale, Investor AB has no customer base or brand proposition for F1 to serve - it is a passive holding company, not an operating consumer or B2B brand.","Not viable as the holding company; if there is interest, it should be evaluated portfolio-company by portfolio-company (e.g., Atlas Copco, ABB) rather than at the parent level."
W2-Financial,Trading & Crypto,No,exceeds - mega-brand,"Coinbase Global, Inc.","Remote-first / San Francisco/New York, USA",Public (NASDAQ: COIN); Brian Armstrong holds super-voting Class B shares but no state/sovereign ownership,Cryptocurrency exchange and custody services for retail and institutional clients globally,"3,000–5,000","~$7.2B FY2025 total revenue (net revenue ~$6.9B), up 9% YoY, per FY2025 shareholder letter/10-K",~$49–50B market cap as of mid-Sept 2026 (MacroTrends),3,"Largest US crypto exchange, profitable in 2025, doubled trading volume/market share, no restructuring. Huge global retail+institutional customer base. F1 exposure: category is crowded — Crypto.com holds official F1 global partner/naming-rights status (Miami GP) and other crypto brands (Bybit–McLaren, historically Tezos–Red Bull, OKX–McLaren) already occupy team-level slots; Coinbase itself has no existing F1 deal. No sovereign ownership issue.",Series-level (F1 global partner) category likely blocked by Crypto.com's existing exclusivity — check exclusivity clauses before pitching at that tier; Crypto-price volatility affects marketing-budget stability year to year,F1 sponsor roster conflict (confirmed in prior audit) - excluded regardless of category logic.,"Target a specific team without an existing crypto sponsor for a team-level (not series-level) partnership, leaning on Coinbase's institutional/custody credibility rather than pure retail-trading hype."
W2-Financial,Banking & Insurance,No,meets parameters,"Brighthouse Financial, Inc.","Charlotte, NC, USA","Public (NASDAQ: BHF) but under a signed, stockholder-approved merger agreement to be acquired by Aquarian Capital LLC for ~$4.1B ($70/share cash); HSR cleared, awaiting insurance-regulator approvals, expected to close in 2026",Annuities and life insurance for US consumers,"1,000–2,000","$6.77B FY2025 (up sharply from $4.72B FY2024, driven largely by reinsurance/actuarial items rather than core organic growth), per Q4/FY2025 results",~$3.4B market cap as of 11 Aug 2026 (consistent with the pending $4.1B enterprise-value buyout),1,"Financially the FY2025 top line looks strong, but the take-private deal (announced Nov 2025, stockholders approved Feb 2026) is the dominant fact: the company is mid-transaction with an as-yet-uncertain post-close ownership posture (Aquarian Capital, a PE-backed insurance holding company) and marketing/sponsorship decision-making authority in flux. No F1 exposure otherwise. No sovereign ownership, but effectively a moving target.",Pending acquisition by Aquarian Capital — deal not yet closed as of the most recent public data (still pending insurance regulatory approval as of mid-2026); verify closing status immediately before any outreach; Q4 2025 profit was described as weak despite full-year revenue growth — earnings quality mixed,Company is in the final stages of a $4.1B take-private acquisition by Aquarian Capital; committing sponsorship outreach to a target mid-ownership-change is premature until the deal closes and new capital-allocation priorities are known.,Revisit post-close under Aquarian Capital ownership once the acquisition is finalized and new management's marketing posture is clear — not viable as a Wave 2 target today.
W2-Financial,Banking & Insurance,No,meets parameters,"Genworth Financial, Inc.","Richmond, VA, USA",Public (NYSE: GNW); majority owner of Enact Holdings (mortgage insurance); no sovereign/state stake,Long-term care and mortgage insurance (via majority-owned Enact Holdings) for US consumers and lenders,"2,000–3,000","$7.30B FY2025 consolidated total revenues (premiums $3.50B, net investment income $3.13B, other), per FY2025 10-K","~$3.8B market cap as of 18 Sept 2026 (above the input's flagged $3B threshold, confirmed current)",1,"Honest capital-position check: consolidated legacy-insurance RBC ratio was ~289% at Q1 2026, down from ~300% at YE2025 due to a statutory loss — still above typical regulatory-comfort thresholds but moving the wrong direction quarter over quarter. More importantly, holding-company (Genworth Holdings) unrestricted cash was only ~$166M at Q1 2026 — thin liquidity for a company considering a large, multi-year global sponsorship commitment. The long-term-care turnaround (cumulative ~$34.5B NPV of approved rate increases since 2012) is real progress but the block remains a structural legacy overhang. No F1 exposure.",Holdco liquidity is thin (~$166M unrestricted cash) relative to a marquee sponsorship-scale commitment; RBC ratio declined QoQ (300%→289%) — confirm trend has stabilized before any outreach; Market cap sits close to the large-cap screening threshold — re-verify at time of outreach,"Capital position is 'improving' in the sense of a multi-year LTC turnaround story, but holding-company liquidity is thin and the RBC trend ticked down last quarter — this is not a company with clear uncommitted capacity for a large discretionary sponsorship right now.","Not recommended for this wave; if capital position stabilizes and holdco liquidity rebuilds, a future long-term-care-awareness/financial-wellness angle could be revisited."
W2-Financial,Fintech,No,meets parameters,"Goosehead Insurance, Inc.","Westlake, TX, USA",Public (NASDAQ: GSHD); founder Mark Miller retains a large stake — no sovereign/state ownership,Independent insurance agency/franchise distribution platform for US homeowners and auto insurance buyers,"2,000–3,000 (mostly corporate + franchise sales agents; franchisees are independent)","~$365.3M FY2025 total revenue (up 16% YoY: Q1 $75.6M, Q2 $94.0M, Q3 $90.4M, Q4 $105.3M), per Q4/FY2025 results","~$2.43B market cap as of 3 Sept 2026, down 22% over the prior year",1,"Growing revenue (+16%) but a shrinking market cap (-22% YoY) points to growth-stock/valuation volatility rather than a stable large-cap marketing budget. At ~$365M in annual revenue, a meaningful F1 sponsorship commitment (typically tens of millions annually) would represent a disproportionate share of revenue for a company this size — this is really a mid-cap growth insurtech, not a true large-cap. No F1 exposure. No ownership concerns.",Revenue small relative to market cap and relative to typical F1 sponsorship cost — confirm actual discretionary marketing budget before any pitch; Market cap down 22% YoY — check for franchise-agent attrition or other headwinds behind the decline,"Revenue scale (~$365M) is too small to plausibly support a global F1-tier sponsorship, and the declining market cap suggests this is not the moment for a large discretionary marketing commitment.","Not a fit for a marquee F1 deal; if pursued at all, would only work as a very small, local/team-level activation tied to homeowner/auto-insurance messaging."
