sector,rank,priority_score,company,domain,hq_country,niche,employees_est,size_band,tag,timing_signal,other_sport_deal,affordability,why_f1
"01 Asset Mgmt, PE & Trading Firms",1,50,Akuna Capital,akunacapital.com,USA,Options market maker,"500-1,000",250-1k,core,,,Multi-billion dollar proprietary trading capital,Derivatives market maker competing for quant talent via brand differentiation
"01 Asset Mgmt, PE & Trading Firms",2,50,Antin Infrastructure Partners,antin-ip.com,France,Infrastructure PE,200-500,250-1k,core,,,"~€32B AUM, public (Euronext Paris)",Infrastructure investor base aligns with F1 host-city development stories
"01 Asset Mgmt, PE & Trading Firms",3,50,Apax Partners,apax.com,UK,Global PE,200-500,250-1k,core,,,~$65B AUM,Consumer/tech portfolio bias fits premium sports sponsorship
"01 Asset Mgmt, PE & Trading Firms",4,50,AQR Capital Management,aqr.com,USA,Systematic/quant asset manager,"500-1,000",250-1k,core,,,~$100B AUM,Academic-quant brand seeks premium global visibility platform
"01 Asset Mgmt, PE & Trading Firms",5,50,Ardian,ardian.com,France,Global PE / private credit,"500-1,000",250-1k,core,,,~$170B AUM,French/European LP base overlaps with Paul Ricard/Monaco GP market
"01 Asset Mgmt, PE & Trading Firms",6,50,Baillie Gifford,bailliegifford.com,UK,Active long-only asset manager,"1,000-5,000",1k-5k,core,,,~£225B AUM (private partnership),Growth-equity brand seeking global tech-adjacent exposure
"01 Asset Mgmt, PE & Trading Firms",7,50,Balyasny Asset Management,bamfunds.com,USA,Multi-strategy hedge fund,"1,000-5,000",1k-5k,core,,,~$21B AUM,Rapidly scaling multi-strat seeking talent-brand differentiation
"01 Asset Mgmt, PE & Trading Firms",8,50,Brevan Howard,brevanhoward.com,UK/UAE,Macro hedge fund,"500-1,000",250-1k,core,,,~$30B AUM,Abu Dhabi presence overlaps directly with F1's Abu Dhabi GP market
"01 Asset Mgmt, PE & Trading Firms",9,50,Bridgepoint Group,bridgepoint.eu,UK,Mid-market PE,200-500,250-1k,core,,,"~€60B AUM, public (LSE: BPT)",Prior stake in MotoGP rights holder shows appetite for motorsport commercial exposure
"01 Asset Mgmt, PE & Trading Firms",10,50,Bridgewater Associates,bridgewater.com,USA,Macro hedge fund,"1,000-5,000",1k-5k,core,,,"~$100B+ AUM, world's largest macro hedge fund",Global macro brand with international institutional LP base
"01 Asset Mgmt, PE & Trading Firms",11,50,Capula Investment Management,capula.com,UK,Macro/fixed income hedge fund,200-500,250-1k,core,,,~$25B AUM,London-based macro fund near F1's British GP heartland
"01 Asset Mgmt, PE & Trading Firms",12,50,Cinven,cinven.com,UK,Global PE,200-500,250-1k,core,,,~€45B AUM,Pan-European LP base fits F1's European calendar core
"01 Asset Mgmt, PE & Trading Firms",13,50,Citadel,citadel.com,USA,Multi-strategy hedge fund,"1,000-5,000",1k-5k,core,,,~$65B AUM; Miami HQ near F1's Miami GP,Ken Griffin's Miami base and existing Formula 1/Miami civic ties make F1 a natural extension
"01 Asset Mgmt, PE & Trading Firms",14,50,D.E. Shaw & Co.,deshaw.com,USA,Systematic/multi-strategy hedge fund,"1,000-5,000",1k-5k,core,,,~$60B AUM,Elite quant-talent recruiting benefits from F1's engineering-brand halo
"01 Asset Mgmt, PE & Trading Firms",15,50,Eisler Capital,eislercapital.com,UK,Multi-strategy hedge fund,200-500,250-1k,core,,,~$8B AUM,Fast-growing London multi-strat competing for quant talent
"01 Asset Mgmt, PE & Trading Firms",16,50,Eurazeo,eurazeo.com,France,Diversified PE / private equity,200-500,250-1k,core,,,"~€35B AUM, public (Euronext Paris)",French listed PE firm targeting brand visibility in Europe
"01 Asset Mgmt, PE & Trading Firms",17,50,ExodusPoint Capital Management,exoduspoint.com,USA,Multi-strategy hedge fund,"500-1,000",250-1k,core,,,~$12B AUM,Young multi-strat competing for quant talent via premium brand halo
"01 Asset Mgmt, PE & Trading Firms",18,50,First Sentier Investors,firstsentierinvestors.com,UK/Australia,Traditional asset manager,"500-1,000",250-1k,core,,,~$150B AUM (MUFG-owned),APAC-linked manager fits F1's Australia/Singapore/Japan calendar
"01 Asset Mgmt, PE & Trading Firms",19,50,Francisco Partners,franciscopartners.com,USA,Technology-focused PE,200-500,250-1k,core,,,~$45B AUM,Tech-PE brand seeking data/performance-driven sport tie-in
"01 Asset Mgmt, PE & Trading Firms",20,50,Graham Capital Management,grahamcapital.com,USA,Systematic macro hedge fund,200-500,250-1k,core,,,~$18B AUM,Quant/macro fund culture pairs with F1's data-performance narrative
"01 Asset Mgmt, PE & Trading Firms",21,50,Hg,hgcapital.com,UK,Software/services PE,200-500,250-1k,core,,,~£62B AUM,European tech-PE brand seeks premium hospitality access
"01 Asset Mgmt, PE & Trading Firms",22,50,ICG (Intermediate Capital Group),icgam.com,UK,Alternative asset manager / private credit,"500-1,000",250-1k,core,,,"~£100B AUM, public (LSE: ICG)","UK-headquartered, near-Silverstone LP base"
"01 Asset Mgmt, PE & Trading Firms",23,50,Jump Trading,jumptrading.com,USA,Prop trading firm,"1,000-5,000",1k-5k,core,,,Multi-billion dollar proprietary trading capital,High-frequency engineering culture directly parallels F1's real-time systems engineering
"01 Asset Mgmt, PE & Trading Firms",24,50,M&G plc,mandg.com,UK,Traditional asset manager / savings,"1,000-5,000",1k-5k,core,,,"~£340B AUM, public (LSE: MNG)",UK listed manager seeking premium brand awareness campaign
"01 Asset Mgmt, PE & Trading Firms",25,50,Marshall Wace,marshallwace.com,UK,Systematic/discretionary hedge fund,"1,000-5,000",1k-5k,core,,,~$70B AUM,UK-based quant fund near F1's Silverstone engineering corridor
"01 Asset Mgmt, PE & Trading Firms",26,50,Maven Securities,mavensecurities.com,UK,Options/derivatives market maker,200-500,250-1k,core,,,Multi-billion dollar trading capital base,London-based derivatives trader near F1's British GP market
"01 Asset Mgmt, PE & Trading Firms",27,50,Nordic Capital,nordiccapital.com,Sweden,Nordic PE,200-500,250-1k,core,,,~€30B AUM,Nordic LP base overlaps growing Nordic F1 fandom
"01 Asset Mgmt, PE & Trading Firms",28,50,PAI Partners,paipartners.com,France,European PE,200-500,250-1k,core,,,~€27B AUM,French-rooted firm aligned with F1's Paris/Monaco market presence
"01 Asset Mgmt, PE & Trading Firms",29,50,Point72 Asset Management,point72.com,USA,Multi-strategy hedge fund,"1,000-5,000",1k-5k,core,,,~$35B AUM,Steve Cohen's sports ownership (NY Mets) signals comfort with marquee sport sponsorship
"01 Asset Mgmt, PE & Trading Firms",30,50,Qube Research & Technologies,qube-rt.com,UK,Systematic trading firm,"500-1,000",250-1k,core,,,~$25B+ AUM,Technology-first quant firm values F1's engineering-precision brand kinship
"01 Asset Mgmt, PE & Trading Firms",31,50,Schonfeld Strategic Advisors,schonfeld.com,USA,Multi-strategy hedge fund,"1,000-5,000",1k-5k,core,,,~$14B AUM,Growing multi-strat competing for quant talent via brand differentiation
"01 Asset Mgmt, PE & Trading Firms",32,50,Squarepoint Capital,squarepoint-capital.com,UK/USA,Quant hedge fund,"500-1,000",250-1k,core,,,~$15B AUM,Quant-engineering culture aligns with F1's technical brand narrative
"01 Asset Mgmt, PE & Trading Firms",33,50,Susquehanna International Group (SIG),sig.com,USA,Market maker / prop trading,"1,000-5,000",1k-5k,core,,,Multi-billion dollar proprietary trading revenue,Options/derivatives trading culture mirrors F1's risk-and-precision brand
"01 Asset Mgmt, PE & Trading Firms",34,50,Tiger Brokers (UP Fintech),itiger.com,Singapore/China,Digital brokerage platform,"1,000-5,000",1k-5k,core,,,"Public (NASDAQ: TIGR), multi-billion client assets",APAC brokerage brand aligned with F1's Singapore GP market
"01 Asset Mgmt, PE & Trading Firms",35,50,Tikehau Capital,tikehaucapital.com,France,Alternative asset manager,"500-1,000",250-1k,core,,,"~€47B AUM, public (Euronext Paris)",French capital already active in sports/media sponsorship deals
"01 Asset Mgmt, PE & Trading Firms",36,50,Tower Research Capital,tower-research.com,USA,High-frequency trading firm,"500-1,000",250-1k,core,,,Multi-billion dollar proprietary trading capital,HFT engineering-speed culture mirrors F1's split-second performance ethos
"01 Asset Mgmt, PE & Trading Firms",37,50,Triton Partners,triton-partners.com,Luxembourg/Germany,Mid-market PE,200-500,250-1k,core,,,~€55B AUM,DACH industrial portfolio mirrors F1 engineering-brand fit
"01 Asset Mgmt, PE & Trading Firms",38,50,Tudor Investment Corporation,tudor.com,USA,Macro hedge fund,200-500,250-1k,core,,,~$14B AUM,Legacy macro fund brand seeking modern global sport visibility
"01 Asset Mgmt, PE & Trading Firms",39,50,Two Sigma,twosigma.com,USA,Systematic/quant hedge fund,"1,000-5,000",1k-5k,core,,,~$60B AUM,Data-science hedge fund culture directly mirrors F1's engineering ethos
"01 Asset Mgmt, PE & Trading Firms",40,50,VanEck,vaneck.com,USA,ETF issuer / asset manager,200-500,250-1k,core,,,~$115B AUM across ETFs and funds,Thematic ETF brand (EV/battery/crypto) suited to F1's tech-forward audience
"01 Asset Mgmt, PE & Trading Firms",41,50,Verition Fund Management,verition.com,USA,Multi-strategy hedge fund,"500-1,000",250-1k,core,,,~$14B AUM,Scaling multi-strat seeking talent-recruitment brand boost
"01 Asset Mgmt, PE & Trading Firms",42,50,Winton Group,winton.com,UK,Systematic/quant hedge fund,200-500,250-1k,core,,,~$10B AUM,Data-science-led fund culture mirrors F1's telemetry-driven performance story
"01 Asset Mgmt, PE & Trading Firms",43,50,WisdomTree,wisdomtree.com,USA,ETF issuer,200-500,250-1k,core,,,"~$110B AUM, public (NYSE: WT)",Challenger ETF brand seeking differentiated global exposure
"01 Asset Mgmt, PE & Trading Firms",44,46,Fidelity International,fidelityinternational.com,UK,Traditional asset manager,"5,000-10,000",5k-10k,core,,,"~$800B AUM (private, ex-US Fidelity arm)",No confirmed current F1 tie (verify); global brand fits F1's retail-investor reach
"01 Asset Mgmt, PE & Trading Firms",45,46,Millennium Management,millennium.com,USA,Multi-strategy hedge fund,"5,000-10,000",5k-10k,core,,,~$70B AUM,Elite quant-talent brand values engineering-precision association with F1
"01 Asset Mgmt, PE & Trading Firms",46,44,Raisin,raisin.com,Germany,Savings/investment marketplace,"500-1,000",250-1k,funded-150m,,,"$700M+ raised, unicorn valuation",Well-funded European fintech seeking premium brand campaign
"01 Asset Mgmt, PE & Trading Firms",47,42,"Clayton, Dubilier & Rice",cdr-inc.com,USA,Global PE,51-200,100-250,core,,,~$60B AUM,Legacy industrial PE firm seeking modern global brand refresh
"01 Asset Mgmt, PE & Trading Firms",48,42,Coatue Management,coatue.com,USA,Growth/hedge hybrid manager,200-500,250-1k,growth-projected,,,~$70B AUM,Tech-growth investor base overlaps F1's Silicon Valley fanbase surge
"01 Asset Mgmt, PE & Trading Firms",49,42,GSR Markets,gsr.io,UK/Singapore,Digital-asset market maker,200-500,250-1k,growth-projected,,,Multi-billion dollar daily crypto trading volume,Global crypto liquidity provider seeking brand legitimacy beyond exchange-sponsor peers
"01 Asset Mgmt, PE & Trading Firms",50,42,Insight Partners,insightpartners.com,USA,Growth equity / software PE,200-500,250-1k,growth-projected,,,~$90B AUM,SaaS-heavy LP and portfolio base skews toward F1's tech-partner ecosystem
"01 Asset Mgmt, PE & Trading Firms",51,42,Leonard Green & Partners,leonardgreen.com,USA,Consumer-focused PE,51-200,100-250,core,,,~$70B AUM,Consumer-brand portfolio bias fits F1's lifestyle audience
"01 Asset Mgmt, PE & Trading Firms",52,42,Third Point,thirdpoint.com,USA,Activist/event-driven hedge fund,51-200,100-250,core,,,~$10B+ AUM,High-profile principal brand seeking global sport association
"01 Asset Mgmt, PE & Trading Firms",53,42,Tiger Global Management,tigerglobal.com,USA,Hedge fund / growth equity,51-200,100-250,core,,,~$30B+ AUM,Global tech-investing brand with international LP exposure
"01 Asset Mgmt, PE & Trading Firms",54,38,FXTM (ForexTime),forextime.com,Cyprus,Forex/CFD broker,"500-1,000",250-1k,sentiment,,,"Privately held, global multi-regulated broker",Sponsors football (Southampton FC prior partnership) — poachable to F1's global reach
"01 Asset Mgmt, PE & Trading Firms",55,38,HYCM,hycm.com,UK/Cyprus,Forex/CFD broker,200-500,250-1k,sentiment,,,"Privately held (Henyep Group), decades-old FX brand",Football sponsorship history (various club partnerships) — poachable to F1
"01 Asset Mgmt, PE & Trading Firms",56,38,Naga Group,naga.com,Germany/Cyprus,Social trading / broker,200-500,250-1k,sentiment,,,Public (Frankfurt: N4G),"Football club sponsorships (e.g. FC Schalke history) show sports-marketing appetite, poachable to F1"
"01 Asset Mgmt, PE & Trading Firms",57,38,Ninety One,ninetyone.com,UK/South Africa,Traditional asset manager,"1,000-5,000",1k-5k,sentiment,,,"~£125B AUM, public (LSE/JSE: N91)",Sponsors rugby (British & Irish Lions) and cricket — poachable to F1's global reach
"01 Asset Mgmt, PE & Trading Firms",58,34,Acadian Asset Management,acadian-asset.com,USA,Quantitative equity asset manager,200-500,250-1k,adjacent,,,~$130B AUM (BrightSphere-owned),Quant-driven manager seeking distinctive brand platform
"01 Asset Mgmt, PE & Trading Firms",59,34,B2C2,b2c2.com,UK,Digital-asset market maker,51-200,100-250,growth-projected,,,"SBI Group-owned, multi-billion trading volume",Institutional crypto liquidity provider seeking non-exchange F1 association
"01 Asset Mgmt, PE & Trading Firms",60,34,Voleon Group,voleon.com,USA,Machine-learning quant fund,200-500,250-1k,adjacent,,,~$10B AUM,ML-driven fund culture aligns with F1's data/telemetry brand story
"01 Asset Mgmt, PE & Trading Firms",61,34,Wintermute,wintermute.com,UK,Digital-asset market maker,51-200,100-250,growth-projected,,,"$1B+ valuation, leading crypto liquidity provider",Crypto-native market maker (non-exchange) seeking mainstream credibility via F1
"01 Asset Mgmt, PE & Trading Firms",62,30,Flow Traders,flowtraders.com,Netherlands,ETF market maker,"500-1,000",250-1k,sentiment,,,"Public (Euronext Amsterdam), multi-billion trading volume","Dutch listed market maker in Verstappen's home country, natural regional tie-in"
"01 Asset Mgmt, PE & Trading Firms",63,26,Arctos Partners,arctospartners.com,USA,Sports-focused PE,51-200,100-250,adjacent,,,~$8B+ AUM dedicated to sports investing,Purpose-built sports PE firm (NBA/NHL/MLB stakes); F1-adjacent DNA
"01 Asset Mgmt, PE & Trading Firms",64,26,Belvedere Trading,belvederetrading.com,USA,Options trading firm,51-200,100-250,adjacent,,,Multi-billion dollar proprietary trading capital,Chicago-based prop firm with growing brand/recruiting ambitions
"01 Asset Mgmt, PE & Trading Firms",65,26,Da Vinci Trading,davinci-trading.com,Netherlands,Derivatives market maker,51-200,100-250,adjacent,,,Multi-billion euro trading capital,Amsterdam-based trading boutique in F1's Dutch fandom epicenter
"01 Asset Mgmt, PE & Trading Firms",66,26,Gulf Capital,gulfcapital.com,UAE,Gulf-based private equity,51-200,100-250,adjacent,,,"~$8B+ AUM (privately held, not sovereign)",UAE-based PE firm sits in F1's Abu Dhabi/Gulf heartland
"01 Asset Mgmt, PE & Trading Firms",67,26,Old Mission Capital,oldmissioncapital.com,USA,Options market maker,51-200,100-250,adjacent,,,Multi-billion dollar proprietary trading capital,Chicago options trader seeking brand differentiation via global motorsport
"01 Asset Mgmt, PE & Trading Firms",68,26,PDT Partners,pdtpartners.com,USA,Quant hedge fund,51-200,100-250,adjacent,,,~$5B+ AUM,Statistical-arbitrage boutique values engineering-precision brand tie-in
"01 Asset Mgmt, PE & Trading Firms",69,26,Providence Equity Partners,provequity.com,USA,Media/sports-focused PE,51-200,100-250,adjacent,,,"~$8B+ AUM, media/sports specialist",Media & entertainment investment focus directly overlaps F1's commercial model
"01 Asset Mgmt, PE & Trading Firms",70,26,RedBird Capital Partners,redbirdcap.com,USA,Sports-focused PE,51-200,100-250,adjacent,,,"~$10B+ AUM, sports/media focused",Existing minority stake in Alpine F1 Team shows direct motorsport conviction (note: assess conflict before pitch)
02 Real Estate & Building Products,1,50,Ayala Land,ayalaland.com.ph,Philippines,Diversified Philippine developer,"3,000-5,000",1k-5k,core,,,Large-cap Philippine conglomerate arm; comfortable affordability.,Growing Southeast Asian HNW segment that attends the Singapore GP.
02 Real Estate & Building Products,2,50,Bellway plc,bellway.co.uk,UK,Major UK homebuilder,"2,000-3,000",1k-5k,core,,,High affordability given >$200M revenue.,UK national homebuyer brand fit tied to the British GP.
02 Real Estate & Building Products,3,50,Boston Properties (BXP),bxp.com,US,Premier US office REIT,"700-1,000",250-1k,core,,,Billion-dollar-revenue REIT.,East Coast office-tenant B2B hospitality play tied to the Miami GP.
02 Real Estate & Building Products,4,50,City Developments Limited,cdl.com.sg,Singapore,Listed developer/hotelier (family-controlled),"3,000-5,000",1k-5k,core,,,Billion-dollar-plus revenue group.,Home-market alignment with the Singapore Grand Prix and regional HNW buyers.
02 Real Estate & Building Products,5,50,eXp World Holdings (eXp Realty),expworldholdings.com,US,Cloud-based residential brokerage,"3,000-5,000",1k-5k,core,,,High revenue scale (>$4B) despite thin margins.,"Large distributed 80,000+ agent network offers broad B2B activation/employer-brand reach."
02 Real Estate & Building Products,6,50,Godrej Properties,godrejproperties.com,India,Pan-India residential/commercial developer,"1,000-2,000",1k-5k,core,,,Part of the large Godrej conglomerate; Properties arm alone generates $300M+ revenue.,National brand-building play targeting India's rising HNW/NRI motorsport audience.
02 Real Estate & Building Products,7,50,Grosvenor Group,grosvenor.com,UK,Private international property investor/developer (Duke of Westminster family),"500-1,000",250-1k,core,,,Very high net worth private group; easily affords the floor budget.,British GP home-market tie and a prime London/global HNW estate portfolio.
02 Real Estate & Building Products,8,50,Hongkong Land Holdings,hkland.com,Hong Kong,Prime commercial property investor/developer (Jardine Matheson Group),"1,000-2,000",1k-5k,core,,,Billion-dollar-plus asset base and revenue.,Premium Central Hong Kong/Singapore tenant and retail base for HNW brand exposure.
02 Real Estate & Building Products,9,50,Host Hotels & Resorts,hosthotels.com,US,Largest US lodging REIT (luxury hotel portfolio),200-500,250-1k,core,,,Multi-billion-dollar-revenue REIT.,Luxury hotel guest base directly overlaps F1 race-weekend travelers in Miami/Vegas/Austin.
02 Real Estate & Building Products,10,50,KB Home,kbhome.com,US,US homebuilder,"1,000-2,000",1k-5k,core,,,High affordability given >$6B revenue.,US consumer homebuyer brand targeting the growing domestic F1 fanbase.
02 Real Estate & Building Products,11,50,Keller Williams Realty,kw.com,US,World's largest real estate franchise by agent count (private),"1,000-2,000",1k-5k,core,,,Large private franchise system with substantial recurring revenue.,"Global 180,000+ agent network offers broad consumer/employer-brand reach."
02 Real Estate & Building Products,12,50,Meritage Homes Corporation,meritagehomes.com,US,US homebuilder (energy-efficient focus),"1,000-2,000",1k-5k,core,,,High affordability given >$4B revenue.,Growing Sun Belt homebuyer base near the Austin/Vegas GP markets.
02 Real Estate & Building Products,13,50,Opendoor Technologies,opendoor.com,US,iBuying residential real estate platform,"1,000-2,000",1k-5k,core,,,Feasible given a multi-hundred-million-dollar revenue base.,US consumer housing-transaction brand seeking mainstream visibility akin to F1's crossover US audience.
02 Real Estate & Building Products,14,50,Persimmon plc,persimmonhomes.com,UK,Leading UK homebuilder,"3,000-5,000",1k-5k,core,,,High affordability - billion-pound-plus revenue.,UK home-market consumer brand fit tied to Silverstone GP.
02 Real Estate & Building Products,15,50,Prologis,prologis.com,US,World's largest industrial/logistics REIT,"2,000-3,000",1k-5k,core,,,Very high affordability given multi-billion-dollar revenue.,B2B logistics/supply-chain brand story resonates with F1's own logistics-heavy operation.
02 Real Estate & Building Products,16,50,RE/MAX Holdings,remax.com,US,Global residential real estate franchise,"500-1,000",250-1k,core,,,Franchise-fee revenue model supports a modest sponsorship.,Globally recognized real estate brand seeking international consumer visibility akin to F1's global reach.
02 Real Estate & Building Products,17,50,REA Group,rea-group.com,Australia,"realestate.com.au parent, global property portals","3,000-5,000",1k-5k,core,,,"High affordability - dominant Australian portal, News Corp-backed.",Australian GP home-market brand tie plus regional Asia-Pacific portal footprint (PropertyGuru stake).
02 Real Estate & Building Products,18,50,Related Companies,related.com,US,"Private developer (Hudson Yards, luxury residential)","3,000-4,000",1k-5k,core,,,Multi-billion-dollar private developer comfortably affords the floor budget.,Hudson Yards/luxury-condo buyer profile matches Miami/Vegas GP HNW ticket holders.
02 Real Estate & Building Products,19,50,Rightmove plc,rightmove.co.uk,UK,UK's largest property portal,"500-1,000",250-1k,core,,,High-margin ~$400M+ revenue business.,British GP home-market tie and strong national consumer brand fit.
02 Real Estate & Building Products,20,50,Scout24 SE (ImmoScout24),scout24.com,Germany,Leading German digital property/auto marketplace,"1,000-2,000",1k-5k,core,,,High-margin listed business with >$500M revenue.,German market presence and a strong consumer brand seeking international visibility.
02 Real Estate & Building Products,21,50,Simon Property Group,simon.com,US,Largest US mall/outlet REIT,"3,000-5,000",1k-5k,core,,,Multi-billion-dollar-revenue REIT easily affords the floor budget.,Premium mall-shopper demographic overlaps the luxury/HNW F1 audience in the US.
02 Real Estate & Building Products,22,50,Taylor Morrison Home Corporation,taylormorrison.com,US,Major US homebuilder (Arizona-headquartered),"2,000-3,000",1k-5k,core,,,High affordability given >$7B revenue.,Phoenix/Sun Belt HQ proximity to the Las Vegas GP market and a premium-buyer segment.
02 Real Estate & Building Products,23,50,Taylor Wimpey plc,taylorwimpey.co.uk,UK,Major UK homebuilder,"3,000-5,000",1k-5k,core,,,High affordability - billion-pound-plus revenue.,British GP home-market brand alignment.
02 Real Estate & Building Products,24,50,Tishman Speyer,tishmanspeyer.com,US,Private global developer/investor (Rockefeller Center),"2,000-3,000",1k-5k,core,,,Large global private portfolio supports the sponsorship tier.,"Global trophy-asset portfolio (NY, London, Berlin, SF) fits a B2B/employer-brand play across F1 markets."
02 Real Estate & Building Products,25,50,Toll Brothers Inc,tollbrothers.com,US,America's leading luxury homebuilder,"3,000-5,000",1k-5k,core,,,High affordability given >$10B revenue.,Direct luxury-homebuyer HNW overlap with F1's premium US audience.
02 Real Estate & Building Products,26,50,Vistry Group plc,vistrygroup.co.uk,UK,UK partnerships/homebuilding group,"3,000-5,000",1k-5k,core,,,High affordability - billion-pound-plus revenue.,UK home-market brand alignment with Silverstone GP.
02 Real Estate & Building Products,27,50,Vornado Realty Trust,vno.com,US,NYC/DC office & retail REIT,"1,000-2,000",1k-5k,core,,,Billion-dollar-revenue REIT.,Manhattan trophy-office tenant base fits a B2B employer-brand play tied to US GPs.
02 Real Estate & Building Products,28,46,Andersen Corporation,andersenwindows.com,US,Windows/doors manufacturer (private),"10,000+",5k-10k,core,,,High affordability - large private manufacturer with estimated revenue over $3B.,Premium US homebuilder-channel brand fit for B2B/consumer awareness.
02 Real Estate & Building Products,29,46,Anywhere Real Estate,anywhere.re,US,"Parent of Coldwell Banker, Century 21, Sotheby's International Realty","6,000-10,000",5k-10k,core,,,Multi-billion-dollar-revenue group.,Sotheby's International Realty's luxury-buyer audience is a precise HNW match for F1 sponsorship.
02 Real Estate & Building Products,30,46,Barratt Redrow plc,barrattredrow.co.uk,UK,UK's largest homebuilder post-merger,"6,000-10,000",5k-10k,core,,,High affordability given multi-billion-pound revenue.,British GP home-market national brand-recognition play.
02 Real Estate & Building Products,31,46,Brookfield Properties,brookfieldproperties.com,Canada,Global commercial real estate arm of Brookfield,"6,000-10,000",5k-10k,core,,,Very high affordability given parent Brookfield's ~$900B AUM.,Brookfield's global office/retail/logistics footprint spans nearly every F1 host market.
02 Real Estate & Building Products,32,46,Carlisle Companies,carlisle.com,US,Building envelope/roofing products manufacturer,"6,000-10,000",5k-10k,core,,,High affordability given >$4.5B revenue.,B2B contractor/architect brand exposure play tied to US GP markets.
02 Real Estate & Building Products,33,46,CK Asset Holdings,ckah.com,Hong Kong,Li Ka-shing-linked diversified property group,"6,000-10,000",5k-10k,core,,,Very high affordability given multi-billion-dollar market cap.,Global infrastructure/property portfolio spans several F1 host regions.
02 Real Estate & Building Products,34,46,D.R. Horton,drhorton.com,US,Largest US homebuilder by volume,"10,000+",5k-10k,core,,,Very high affordability given >$30B revenue.,Mainstream US homebuyer brand seeking association with F1's growing US audience (Texas footprint near COTA).
02 Real Estate & Building Products,35,46,Fortune Brands Innovations,fbin.com,US,"Water, security, outdoor building products (Moen, Master Lock)","6,000-10,000",5k-10k,core,,,High affordability given >$4.5B revenue.,Diverse consumer building-products portfolio for mainstream US brand visibility.
02 Real Estate & Building Products,36,46,Henderson Land Development,hld.com,Hong Kong,Family-controlled HK developer,"6,000-10,000",5k-10k,core,,,High affordability as a major HK blue-chip developer.,HNW Hong Kong/Greater Bay Area client base for B2B hospitality activation.
02 Real Estate & Building Products,37,46,Jones Lang LaSalle (JLL),jll.com,US,Global commercial real estate/investment management services,"10,000+",5k-10k,core,,,Multi-billion-dollar-revenue firm.,B2B hospitality play for corporate real estate clients across F1 calendar cities.
02 Real Estate & Building Products,38,46,Keppel Ltd,kepcorp.com,Singapore,"Diversified infrastructure/real estate/asset manager (Temasek-linked, publicly listed)","6,000-10,000",5k-10k,core,,,Multi-billion-dollar diversified group.,Singapore GP home-market presence and a broad Asian infrastructure client base.
02 Real Estate & Building Products,39,46,Lennar Corporation,lennar.com,US,Second-largest US homebuilder,"10,000+",5k-10k,core,,,Very high affordability given >$30B revenue.,Broad US consumer-brand fit with F1's expanding domestic fanbase.
02 Real Estate & Building Products,40,46,Lixil Corporation,lixil.com,Japan,"Global building products (water/housing technology, GROHE/American Standard)","10,000+",5k-10k,core,,,High affordability given >$8B revenue.,Japanese GP home-market tie and a global bathroom/kitchen brand portfolio for consumer visibility.
02 Real Estate & Building Products,41,46,Masco Corporation,masco.com,US,"Building products conglomerate (Behr, Delta Faucet)","10,000+",5k-10k,core,,,High affordability given >$7.5B revenue.,Broad US consumer brand portfolio seeking mainstream sports visibility.
02 Real Estate & Building Products,42,46,Mitsubishi Estate,mec.co.jp,Japan,"Marunouchi/Tokyo commercial real estate, global portfolio","10,000+",5k-10k,core,,,Very high affordability given major Japanese conglomerate revenue base.,Suzuka GP home-market tie-in and international office-tenant B2B audience.
02 Real Estate & Building Products,43,46,Mitsui Fudosan,mitsuifudosan.co.jp,Japan,"Diversified real estate (residential, commercial, retail malls)","10,000+",5k-10k,core,,,Tens of billions in group revenue; trivial affordability.,"Suzuka GP home-market proximity plus global portfolio (Manhattan, London) for B2B exposure."
02 Real Estate & Building Products,44,46,Mohawk Industries,mohawkind.com,US,World's largest flooring manufacturer,"10,000+",5k-10k,core,,,High affordability given >$11B revenue.,Global flooring/design brand seeking premium lifestyle association via F1's design-forward audience.
02 Real Estate & Building Products,45,46,New World Development,nwd.com.hk,Hong Kong,"Diversified developer (residential, retail, hospitality)","6,000-10,000",5k-10k,core,,,Large-cap HK conglomerate revenue base.,Luxury retail/hospitality arm aligns with F1's lifestyle-sponsorship audience.
02 Real Estate & Building Products,46,46,Nomura Real Estate Holdings,nomura-re-hd.co.jp,Japan,Residential/commercial developer,"6,000-10,000",5k-10k,core,,,Multi-billion-dollar revenue base.,Japanese GP home-market brand-building and B2B corporate client entertaining.
02 Real Estate & Building Products,47,46,NVR Inc,nvrinc.com,US,"US homebuilder (Ryan Homes, NVHomes)","6,000-10,000",5k-10k,core,,,High affordability given >$9B revenue.,East Coast US homebuyer audience overlaps the Miami GP's growing regional following.
02 Real Estate & Building Products,48,46,Pella Corporation,pella.com,US,Windows/doors manufacturer (private),"6,000-10,000",5k-10k,core,,,High affordability - large private manufacturer with estimated revenue over $2B.,Premium building-products brand targeting the US homebuilder/architect B2B audience.
02 Real Estate & Building Products,49,46,PulteGroup,pultegroupinc.com,US,"Major US homebuilder (Del Webb, Centex brands)","6,000-10,000",5k-10k,core,,,High affordability given >$16B revenue.,Premium/move-up homebuyer segment aligns with F1's upscale demographic shift in the US.
02 Real Estate & Building Products,50,46,Shaw Industries Group,shawinc.com,US,"Flooring manufacturer (Berkshire Hathaway subsidiary, private)","10,000+",5k-10k,core,,,Very high affordability given Berkshire Hathaway's balance sheet and >$5B revenue.,Large private manufacturer with a B2B contractor/architect network for brand-building.
02 Real Estate & Building Products,51,46,SM Prime Holdings,smprime.com,Philippines,Mall/residential/office developer (Sy family),"6,000-10,000",5k-10k,core,,,One of Southeast Asia's largest property companies by market cap.,Mass-affluent mall footfall plus HNW residential buyers for brand visibility.
02 Real Estate & Building Products,52,46,Sumitomo Forestry Co.,sfc.co.jp,Japan,Timber/housing conglomerate,"6,000-10,000",5k-10k,core,,,High affordability given >$5B revenue.,Japanese GP home-market tie and exposure through its US homebuilding subsidiary.
02 Real Estate & Building Products,53,46,Sumitomo Realty & Development,sumitomo-rd.co.jp,Japan,"Major Japanese developer (Shinjuku towers, condos)","6,000-10,000",5k-10k,core,,,High affordability as a top-3 Japanese developer by revenue.,Suzuka GP proximity and Tokyo HNW condo-buyer base.
02 Real Estate & Building Products,54,46,Sun Hung Kai Properties,shkp.com,Hong Kong,Largest HK-listed developer,"10,000+",5k-10k,core,,,Very high affordability - one of Asia's largest property groups by market cap.,Deep HNW/UHNW Hong Kong buyer base that travels to regional Asian GPs.
02 Real Estate & Building Products,55,46,VELUX Group,velux.com,Denmark,"Roof windows/skylights manufacturer (private, VKR Holding)","10,000+",5k-10k,core,,,High affordability - large private manufacturer with revenue over $3.5B.,European-wide B2B contractor/architect brand exposure across multiple F1 host countries.
02 Real Estate & Building Products,56,46,Vinhomes JSC,vinhomes.vn,Vietnam,Vingroup's dominant residential developer,"6,000-10,000",5k-10k,core,,,Vietnam's largest developer by market cap; high affordability.,Emerging Southeast Asian HNW base and Vingroup's history of global brand ambitions.
02 Real Estate & Building Products,57,44,Bayut (EMPG),bayut.com,UAE,"Leading UAE property portal, part of Emerging Markets Property Group (private)","1,000-2,000",1k-5k,funded-150m,,,Parent EMPG has raised >$290M from investors including Vostok New Ventures; feasible at floor budget.,Direct Gulf market presence - a Dubai-based portal squarely in the Abu Dhabi GP's home audience.
02 Real Estate & Building Products,58,44,Compass Inc,compass.com,US,Tech-enabled residential real estate brokerage,"3,000-5,000",1k-5k,funded-150m,,,Historically raised >$1.5B in venture funding pre-IPO; now public and feasible at floor budget.,Luxury residential agent/client base matches the HNW motorsport audience in top US metros.
02 Real Estate & Building Products,59,44,HouseCanary Inc,housecanary.com,US,Real estate data/valuation analytics platform (private),200-500,250-1k,funded-150m,,,Raised >$185M total; feasible at floor budget given an institutional client base.,B2B data-analytics brand fit for the institutional real estate investor audience.
02 Real Estate & Building Products,60,44,Idealista,idealista.com,Spain,Leading Iberian property portal (EQT-owned),"1,000-2,000",1k-5k,funded-150m,,,Strong EBITDA margins under private-equity ownership; feasible at floor budget.,Spanish GP home-market tie and an expanding HNW/expat property segment.
02 Real Estate & Building Products,61,44,NoBroker Technologies,nobroker.in,India,Direct owner-tenant property platform (private),"1,000-2,000",1k-5k,funded-150m,,,Raised >$250M with a unicorn valuation; feasible at floor budget.,Rising Indian HNW/urban consumer base tracks India's growing F1 fandom.
02 Real Estate & Building Products,62,44,Property Finder,propertyfinder.com,UAE,Leading MENA property portal (private),"1,000-2,000",1k-5k,funded-150m,,,Backed by General Atlantic with well over $150M raised; strong regional revenue leader.,Direct Gulf race-market presence - a UAE-based portal serving the exact Abu Dhabi/Dubai HNW audience.
02 Real Estate & Building Products,63,44,Zumper Inc,zumper.com,US,Rental listings marketplace (private),200-500,250-1k,funded-150m,,,Raised >$150M total; feasible at the low end of floor budget.,Younger renter-demographic consumer brand seeking mainstream sports visibility.
02 Real Estate & Building Products,64,42,Pacaso,pacaso.com,US,Co-ownership platform for luxury second homes,200-500,250-1k,growth-projected,,,Raised >$215M with a unicorn valuation of ~$1.5B; feasible at floor budget.,Direct HNW second-home buyer overlap with F1's luxury lifestyle audience.
02 Real Estate & Building Products,65,42,PropertyGuru Group,propertyguru.com,Singapore,Leading Southeast Asian property portal,"1,000-2,000",1k-5k,growth-projected,,,"Publicly listed (SPAC, 2022), backed by REA/TPG with over $200M raised; feasible at floor budget.",Singapore GP home-market direct tie-in.
02 Real Estate & Building Products,66,42,Roofstock,roofstock.com,US,Single-family rental investment marketplace,200-500,250-1k,growth-projected,,,"Raised >$240M, valued at ~$1.9B in 2022; feasible at floor budget.",HNW/retail real estate investor audience matches the F1 investor-class demographic.
02 Real Estate & Building Products,67,34,Brigade Enterprises,brigadegroup.com,India,South India real estate developer,"1,000-2,000",1k-5k,adjacent,,,Mid-cap developer; feasible at the lower end of the budget floor.,Bengaluru tech-HNW audience aligns with motorsport/lifestyle sponsorship targeting.
02 Real Estate & Building Products,68,34,Century Communities Inc,centurycommunities.com,US,Fast-growing US homebuilder,"1,000-2,000",1k-5k,adjacent,,,Feasible at floor budget given roughly $3-4B revenue.,Rapidly expanding Sun Belt homebuilder targeting brand visibility with the growing US F1 audience.
02 Real Estate & Building Products,69,34,Chestertons,chestertons.com,UK,International residential/commercial real estate agency (private),"1,000-2,000",1k-5k,adjacent,,,Feasible at the lower end of the budget floor.,UK/Gulf dual-market presence (strong Dubai office) matches the Gulf race audience.
02 Real Estate & Building Products,70,34,Douglas Elliman Inc,elliman.com,US,"Luxury residential real estate brokerage (NY, Miami, LA)","1,000-2,000",1k-5k,adjacent,,,~$700-800M revenue; feasible at floor budget.,Miami/NY luxury residential clientele is a near-exact match for the Miami GP HNW audience.
02 Real Estate & Building Products,71,34,LGI Homes Inc,lgihomes.com,US,Entry-level focused US homebuilder,"1,000-2,000",1k-5k,adjacent,,,Feasible at floor budget given >$1B revenue.,Broad US consumer audience for a mainstream brand-awareness campaign.
02 Real Estate & Building Products,72,34,Marcus & Millichap,marcusmillichap.com,US,Commercial real estate investment brokerage,"1,000-2,000",1k-5k,adjacent,,,~$600-700M revenue; can fund a floor-level sponsorship.,Investor-client base overlaps the HNW motorsport audience for relationship marketing.
02 Real Estate & Building Products,73,34,Oberoi Realty,oberoirealty.com,India,Mumbai luxury developer,"500-1,000",250-1k,adjacent,,,~$400-500M revenue; can fund a regional sponsorship tier.,Mumbai luxury-buyer base overlaps India's growing HNW motorsport fanbase.
02 Real Estate & Building Products,74,34,Prestige Estates Projects,prestigeconstructions.com,India,"South India-focused developer (residential, commercial, retail)","1,000-2,000",1k-5k,adjacent,,,$1B+ revenue group; can fund a regional sponsorship tier.,Bengaluru/South India HNW growth aligns with expanding Indian motorsport fandom.
02 Real Estate & Building Products,75,34,The Phoenix Mills Limited,phoenixmills.com,India,Retail-led mixed-use developer (malls),"1,000-2,000",1k-5k,adjacent,,,Feasible at floor budget given strong mall-anchored cashflows.,Mall-anchor consumer-brand exposure to India's affluent shopper/HNW base.
02 Real Estate & Building Products,76,34,Tri Pointe Homes Inc,tripointehomes.com,US,"US homebuilder (West Coast, Texas)","1,000-2,000",1k-5k,adjacent,,,Feasible at floor budget given roughly $3-4B revenue.,Texas/West Coast footprint overlaps the Austin GP market.
02 Real Estate & Building Products,77,34,Walker & Dunlop,walkerdunlop.com,US,Commercial real estate finance & advisory,"1,000-2,000",1k-5k,adjacent,,,~$1B revenue; feasible at floor budget.,Commercial real estate capital-markets client base for B2B relationship marketing.
02 Real Estate & Building Products,78,30,Homeward,homeward.com,US,Cash-offer/mortgage proptech for homebuyers,200-500,250-1k,sentiment,,,"Reached unicorn status (~$430M raised, 2022) but underwent layoffs and a business-model pivot in 2023 (reported by TechCrunch/Inman); approach cautiously near the floor budget only after confirming current runway.","Homebuyer-finance audience overlap, though sponsorship readiness should be vetted given the recent downsizing."
"03 CDMO, CRO & Life-Science Tools",1,50,Alnylam Pharmaceuticals,alnylam.com,United States,RNAi therapeutics,"3,000+",1k-5k,core,,,"Public (NASDAQ: ALNY), revenue >$1.4B, cash reserves >$2B",Cutting-edge RNAi science wants premium global brand visibility
"03 CDMO, CRO & Life-Science Tools",2,50,Anthem Biosciences,anthembio.com,India,CRDMO,"3,500+",1k-5k,core,,,"IPO'd 2025 on NSE/BSE, strong investor demand",Newly public CRDMO building international brand presence
"03 CDMO, CRO & Life-Science Tools",3,50,argenx SE,argenx.com,Belgium,Antibody therapeutics,"3,000+",1k-5k,core,,,"Public (NASDAQ: ARGX), revenue >$2B, strong cash position",European biotech success story seeking global visibility platform
"03 CDMO, CRO & Life-Science Tools",4,50,Azenta Life Sciences,azenta.com,United States,Genomics services/lab consumables,"3,000+",1k-5k,core,,,"Public (NASDAQ: AZTA), revenue >$650M",Sample management/genomics precision logistics narrative
"03 CDMO, CRO & Life-Science Tools",5,50,Bachem Holding,bachem.com,Switzerland,Peptide/oligonucleotide CDMO,"3,000+",1k-5k,core,,,"Public (SIX: BANB), CHF 500M+ revenue","Peptide manufacturing precision narrative, GLP-1 boom cash flow"
"03 CDMO, CRO & Life-Science Tools",6,50,BioMarin Pharmaceutical,biomarin.com,United States,Rare disease biopharma,"3,500+",1k-5k,core,,,"Public (NASDAQ: BMRN), revenue >$2.7B",Rare-disease precision therapeutics brand seeking wider visibility
"03 CDMO, CRO & Life-Science Tools",7,50,Cepheid,cepheid.com,United States,Molecular diagnostics instruments,"3,000+",1k-5k,core,,,Division of Danaher Corporation,Rapid precision diagnostics testing platform brand
"03 CDMO, CRO & Life-Science Tools",8,50,CordenPharma,cordenpharma.com,Germany,Peptide/small molecule CDMO,"4,000+",1k-5k,core,,,"Owned by ICIG, multi-site expansion investment >$1B in recent years",Rapid GLP-1-driven growth seeking global B2B pharma exposure
"03 CDMO, CRO & Life-Science Tools",9,50,DiaSorin S.p.A.,diasorin.com,Italy,In vitro diagnostics/tools,"2,300+",1k-5k,core,,,"Public (BIT: DIA), revenue >€1B",Italian precision diagnostics brand with global ambitions
"03 CDMO, CRO & Life-Science Tools",10,50,Eppendorf SE,eppendorf.com,Germany,Lab instruments/consumables,"5,000+",1k-5k,core,,,"Private, revenue >€1B",Precision liquid-handling instruments mirror F1 micro-tolerance engineering
"03 CDMO, CRO & Life-Science Tools",11,50,Fujifilm Diosynth Biotechnologies,fujifilmdiosynth.com,United Kingdom,Biologics CDMO,"5,000+",1k-5k,core,,,"Backed by Fujifilm Holdings (~$20B revenue), $2B+ capex investments",Imaging/precision heritage brand plus biomanufacturing scale
"03 CDMO, CRO & Life-Science Tools",12,50,Genmab A/S,genmab.com,Denmark,Antibody therapeutics,"2,500+",1k-5k,core,,,"Public (NASDAQ: GMAB / Nasdaq Copenhagen), revenue >$3B",High-growth Danish biotech building international brand presence
"03 CDMO, CRO & Life-Science Tools",13,50,Halozyme Therapeutics,halozyme.com,United States,Drug delivery technology platform,400+,250-1k,core,,,"Public (NASDAQ: HALO), revenue >$700M, high margins from royalties",Enabling technology platform with strong cash for brand investment
"03 CDMO, CRO & Life-Science Tools",14,50,Incyte Corporation,incyte.com,United States,Biopharmaceuticals,"2,700+",1k-5k,core,,,"Public (NASDAQ: INCY), revenue >$3.9B",Profitable oncology biotech with global commercial ambitions
"03 CDMO, CRO & Life-Science Tools",15,50,Ionis Pharmaceuticals,ionispharma.com,United States,RNA-targeted therapeutics,"1,500+",1k-5k,core,,,"Public (NASDAQ: IONS), revenue >$700M, strong pipeline royalties",RNA precision-engineering science narrative
"03 CDMO, CRO & Life-Science Tools",16,50,Jazz Pharmaceuticals,jazzpharma.com,Ireland,Biopharmaceuticals,"2,600+",1k-5k,core,,,"Public (NASDAQ: JAZZ), revenue >$4B",Global specialty biopharma with strong marketing spend
"03 CDMO, CRO & Life-Science Tools",17,50,Molecular Devices,moleculardevices.com,United States,Lab instrumentation (Danaher division),"1,000+",250-1k,core,,,"Division of Danaher Corporation (NYSE: DHR, revenue >$23B)",High-content screening precision instrumentation brand
"03 CDMO, CRO & Life-Science Tools",18,50,Neuland Laboratories,neulandlabs.com,India,API/CDMO,"2,000+",1k-5k,core,,,"Public (NSE/BSE), revenue >$200M, strong stock performance",Growing API player investing in international brand presence
"03 CDMO, CRO & Life-Science Tools",19,50,Neurocrine Biosciences,neurocrine.com,United States,Biopharmaceuticals,"2,500+",1k-5k,core,,,"Public (NASDAQ: NBIX), revenue >$1.7B",Growing CNS biotech investing in brand visibility
"03 CDMO, CRO & Life-Science Tools",20,50,PCI Pharma Services,pci.com,United States,CDMO/clinical & commercial packaging,"3,000+",1k-5k,core,,,"PE-backed (Kohlberg & Co./Partners Group), multi-billion valuation",Global clinical/commercial supply chain precision narrative
"03 CDMO, CRO & Life-Science Tools",21,50,Precision for Medicine,precisionformedicine.com,United States,Precision oncology CRO,"3,000+",1k-5k,core,,,"PE-backed, strong growth in precision oncology trials",Name and mission align directly with F1 precision-engineering theme
"03 CDMO, CRO & Life-Science Tools",22,50,Repligen Corporation,repligen.com,United States,Bioprocessing technology,"2,500+",1k-5k,core,,,"Public (NASDAQ: RGEN), revenue >$650M",Bioprocess innovation aligns with engineering-performance sponsorship theme
"03 CDMO, CRO & Life-Science Tools",23,50,Sai Life Sciences,sailife.com,India,CRDMO,"3,000+",1k-5k,core,,,"IPO'd 2024 on NSE/BSE, market cap >$1.5B",Newly public CRDMO investing in global brand recognition
"03 CDMO, CRO & Life-Science Tools",24,50,Schott Pharma,schott-pharma.com,Germany,Pharma primary packaging,"5,000+",1k-5k,core,,,"Public (FRA: 1SXP), revenue >€1B",High-precision glass/polymer manufacturing narrative
"03 CDMO, CRO & Life-Science Tools",25,50,Syngene International,syngeneintl.com,India,CRO/CDMO (Biocon subsidiary),"5,000+",1k-5k,core,,,"Public (NSE/BSE), revenue >$400M",Biocon-backed CRDMO seeking global pharma client visibility
"03 CDMO, CRO & Life-Science Tools",26,50,United Therapeutics,unitedtherapeutics.com,United States,Biopharmaceuticals,"1,400+",1k-5k,core,,,"Public (NASDAQ: UTHR), revenue >$1.1B, high cash reserves",Innovative biotech (organ manufacturing) with bold brand ambitions
"03 CDMO, CRO & Life-Science Tools",27,46,BioNTech SE,biontech.com,Germany,mRNA biopharmaceuticals,"6,000+",5k-10k,core,,,"Public (NASDAQ: BNTX), cash reserves >$15B from COVID vaccine profits","mRNA precision science, strong post-pandemic brand-building budget"
"03 CDMO, CRO & Life-Science Tools",28,46,Delpharm,delpharm.com,France,CDMO manufacturing,"6,500+",5k-10k,core,,,"Family/PE owned, revenue >€1B across 20+ sites",Large-scale precision manufacturing fits F1 reliability narrative
"03 CDMO, CRO & Life-Science Tools",29,46,Exact Sciences,exactsciences.com,United States,Molecular diagnostics,"7,000+",5k-10k,core,,,"Public (NASDAQ: EXAS), revenue >$2.7B",Cancer diagnostics innovation seeking mainstream brand visibility
"03 CDMO, CRO & Life-Science Tools",30,46,Getinge Life Science,getinge.com,Sweden,Bioprocessing/lab equipment,"10,000+",5k-10k,core,,,"Public (STO: GETI B), revenue >SEK 30B",Medtech precision engineering brand with global reach
"03 CDMO, CRO & Life-Science Tools",31,46,Illumina,illumina.com,United States,Genomic sequencing tools,"8,000+",5k-10k,core,,,"Public (NASDAQ: ILMN), revenue >$4.5B",Genomics leader with global consumer-facing brand ambitions
"03 CDMO, CRO & Life-Science Tools",32,46,Laurus Labs,lauruslabs.com,India,API/CDMO/biologics,"5,500+",5k-10k,core,,,"Public (NSE/BSE), revenue >$700M",Diversifying API/CDMO player wanting global pharma visibility
"03 CDMO, CRO & Life-Science Tools",33,46,Qiagen N.V.,qiagen.com,Germany,Genomics/molecular diagnostics tools,"6,000+",5k-10k,core,,,"Public (NYSE/XETRA: QGEN), revenue >$2B","Molecular precision diagnostics narrative, strong global brand ambitions"
"03 CDMO, CRO & Life-Science Tools",34,46,Stevanato Group,stevanatogroup.com,Italy,Pharma packaging/glass containers,"6,500+",5k-10k,core,,,"Public (NYSE: STVN), revenue >€1B",Precision glass manufacturing for injectables aligns with engineering-tolerance story
"03 CDMO, CRO & Life-Science Tools",35,46,Vertex Pharmaceuticals,vrtx.com,United States,Biopharmaceuticals,"6,000+",5k-10k,core,,,"Public (NASDAQ: VRTX), revenue >$11B",High-margin biopharma with strong brand marketing budgets
"03 CDMO, CRO & Life-Science Tools",36,44,Abzena,abzena.com,United Kingdom,Biologics/ADC CDMO,700+,250-1k,funded-150m,,,"PE-backed (Ampersand Capital), recent capacity investment >$100M",Antibody-drug conjugate precision science story
"03 CDMO, CRO & Life-Science Tools",37,44,Beam Therapeutics,beamtx.com,United States,Base editing biopharma,700+,250-1k,funded-150m,,,"Public (NASDAQ: BEAM), cash reserves >$900M",Precision base-editing technology narrative fits engineering-precision theme
"03 CDMO, CRO & Life-Science Tools",38,44,CRISPR Therapeutics,crisprtx.com,Switzerland,Gene editing biopharma,700+,250-1k,funded-150m,,,"Public (NASDAQ: CRSP), cash reserves >$1.7B","Gene-editing precision science, well-capitalized growth story"
"03 CDMO, CRO & Life-Science Tools",39,44,Intellia Therapeutics,intelliatx.com,United States,Gene editing biopharma,700+,250-1k,funded-150m,,,"Public (NASDAQ: NTLA), cash reserves >$900M","In vivo gene-editing precision science, strong capital reserves"
"03 CDMO, CRO & Life-Science Tools",40,44,Pacific Biosciences (PacBio),pacb.com,United States,DNA sequencing technology,700+,250-1k,funded-150m,,,"Public (NASDAQ: PACB), raised >$900M cumulative incl. SoftBank investment","Long-read sequencing precision technology, growth-stage visibility"
"03 CDMO, CRO & Life-Science Tools",41,44,Resilience (National Resilience),resilience.com,United States,Biomanufacturing CDMO,"2,000+",1k-5k,funded-150m,,,"Raised >$800M from investors incl. ARCH Venture, ~$3B valuation",Well-funded biomanufacturing platform seeking high-visibility brand building
"03 CDMO, CRO & Life-Science Tools",42,44,Univercells,univercells.com,Belgium,Bioprocessing technology/vaccine manufacturing,400+,250-1k,funded-150m,,,Raised >$150M across equity and grants incl. Belgian co-investment per trade press,Innovative compact bioprocessing tech aligns with engineering-efficiency narrative
"03 CDMO, CRO & Life-Science Tools",43,42,bioMerieux,biomerieux.com,France,In vitro diagnostics,"15,000+",10k+,core,,,"Public (Euronext: BIM), revenue >€3.9B",Diagnostics precision science with global manufacturing network
"03 CDMO, CRO & Life-Science Tools",44,42,CSL Limited,csl.com,Australia,Plasma biotherapeutics/bioprocessing,"30,000+",10k+,core,,,"Public (ASX: CSL), revenue >$13B",Global biotech manufacturing scale with major brand investment capacity
"03 CDMO, CRO & Life-Science Tools",45,42,Divi's Laboratories,divislabs.com,India,API/CDMO manufacturer,"17,000+",10k+,core,,,"Public (NSE/BSE), revenue >$1B, among largest global API makers","Precision chemistry manufacturing narrative, growing global client base"
"03 CDMO, CRO & Life-Science Tools",46,42,Fareva,fareva.com,France,CDMO/contract manufacturing,"12,000+",10k+,core,,,"Private, revenue >€2.5B, one of the largest CDMOs globally",Scale and reliability of global manufacturing network suits sponsorship
"03 CDMO, CRO & Life-Science Tools",47,42,Greiner Bio-One,gbo.com,Austria,Lab consumables/diagnostics,"12,000+",10k+,core,,,"Private (Greiner Group), group revenue >€2B","Precision lab plasticware manufacturing, global distribution network"
"03 CDMO, CRO & Life-Science Tools",48,42,Grifols S.A.,grifols.com,Spain,Plasma-derived biopharma/bioprocessing,"27,000+",10k+,core,,,"Public (BME: GRF), revenue >€7B","Global plasma bioprocessing scale, large marketing budget"
"03 CDMO, CRO & Life-Science Tools",49,42,MilliporeSigma (Merck KGaA Life Science),sigmaaldrich.com,Germany,Life science reagents/bioprocessing,"20,000+",10k+,core,,,"Division of Merck KGaA, life science unit revenue >€8B",Global bioprocessing supply leader seeking B2B visibility platform
"03 CDMO, CRO & Life-Science Tools",50,42,Regeneron Pharmaceuticals,regeneron.com,United States,Biopharmaceuticals,"15,000+",10k+,core,,,"Public (NASDAQ: REGN), revenue >$14B",Major biopharma with scale to fund premium global sponsorship
"03 CDMO, CRO & Life-Science Tools",51,42,Sarstedt AG,sarstedt.com,Germany,Lab/medical consumables,"10,500+",10k+,core,,,"Private, family-owned, revenue >€1B","Global precision consumables manufacturer, strong B2B reach"
"03 CDMO, CRO & Life-Science Tools",52,42,Solventum Corporation,solventum.com,United States,Health care/lab solutions (3M spinoff),"20,000+",10k+,core,,,"Public (NYSE: SOLV) spun off from 3M 2024, revenue >$8B",Newly independent company building fresh global brand identity
"03 CDMO, CRO & Life-Science Tools",53,42,West Pharmaceutical Services,westpharma.com,United States,Drug containment/delivery components,"11,000+",10k+,core,,,"Public (NYSE: WST), revenue >$2.8B",Precision components for injectables mirrors F1 component engineering
"03 CDMO, CRO & Life-Science Tools",54,34,ABEC Inc.,abec.com,United States,Bioprocessing equipment manufacturer,"1,000+",250-1k,adjacent,,,"Private, major expansion investments (>$100M new campus)",Custom bioreactor engineering directly parallels F1 precision fabrication
"03 CDMO, CRO & Life-Science Tools",55,34,Ajinomoto Bio-Pharma Services,ajinomoto-bio-pharma.com,United States,Biologics CDMO,"1,200+",1k-5k,adjacent,,,"Backed by Ajinomoto Co. Japan, parent revenue >$10B",Parent consumer brand plus biologics precision manufacturing narrative
"03 CDMO, CRO & Life-Science Tools",56,34,Akoya Biosciences,akoyabio.com,United States,Spatial phenotyping platform,300+,250-1k,adjacent,,,"Acquired by Revvity 2024, backed by parent's $2.8B revenue",Spatial biology precision imaging niche
"03 CDMO, CRO & Life-Science Tools",57,34,Axplora,axplora.com,Germany,API/CDMO,"2,000+",1k-5k,adjacent,,,"PE-backed (ICG), recent rebrand with major expansion investment",European API manufacturing precision narrative
"03 CDMO, CRO & Life-Science Tools",58,34,Cohance Lifesciences (Suven),cohance.in,India,CDMO,"2,000+",1k-5k,adjacent,,,"PE-backed (Advent International), strong post-merger growth","PE-backed CDMO scaling internationally, brand-building appetite"
"03 CDMO, CRO & Life-Science Tools",59,34,Meissner Filtration Products,meissner.com,United States,Single-use bioprocessing components,"1,500+",1k-5k,adjacent,,,"Private, major capacity expansions across US/Europe/Asia",Precision filtration/single-use technology manufacturing narrative
"03 CDMO, CRO & Life-Science Tools",60,34,Minakem,minakem.com,France,Fine chemicals/API CDMO,700+,250-1k,adjacent,,,"PE-backed (Ergon Capital), steady capacity expansion",Specialty chemistry precision manufacturing niche
"03 CDMO, CRO & Life-Science Tools",61,34,Novasep,novasep.com,France,Bioprocessing/API CDMO,"1,300+",1k-5k,adjacent,,,"PE-backed, niche high-value manufacturing with steady contracts",Purification technology precision engineering narrative
"03 CDMO, CRO & Life-Science Tools",62,34,Rentschler Biopharma,rentschler-biopharma.com,Germany,Biologics CDMO,"2,500+",1k-5k,adjacent,,,"Family-owned, major capacity expansions incl. >$500M Milford MA site",Biologics manufacturing precision plus growth capital deployment
"03 CDMO, CRO & Life-Science Tools",63,34,Standard BioTools,standardbio.com,United States,Genomics/proteomics instruments,500+,250-1k,adjacent,,,"Public (NASDAQ: LAB), cash reserves from SomaLogic merger",Mass cytometry precision instrumentation niche story
"03 CDMO, CRO & Life-Science Tools",64,34,Unither Pharmaceuticals,unither.com,France,Unit-dose CDMO,"3,000+",1k-5k,adjacent,,,"PE-backed, revenue >€400M across 12 manufacturing sites",Unit-dose precision manufacturing narrative for global pharma clients
"03 CDMO, CRO & Life-Science Tools",65,34,Veristat,veristat.com,United States,Clinical/regulatory CRO,500+,250-1k,adjacent,,,"PE-backed (Bridgepoint), steady mid-market growth",Specialist CRO seeking differentiated brand in competitive market
"03 CDMO, CRO & Life-Science Tools",66,30,Berkshire Sterile Manufacturing,berkshiresterile.com,United States,Sterile fill-finish CDMO,300+,250-1k,sentiment,,,"Private, rapid capacity expansion reported in trade press",Sterile precision manufacturing niche narrative
"03 CDMO, CRO & Life-Science Tools",67,30,Cerbios-Pharma,cerbios.ch,Switzerland,API/biologics CDMO,400+,250-1k,sentiment,,,"Part of Zambon Group (private, revenue >€1B)",Swiss precision chemistry manufacturing brand
"03 CDMO, CRO & Life-Science Tools",68,30,Clinipace,clinipace.com,United States,Mid-size CRO,500+,250-1k,sentiment,,,"Private, growth-equity backed, expanding global footprint per trade press",Agile CRO narrative targeting biotech sponsors
"03 CDMO, CRO & Life-Science Tools",69,30,Cytovance Biologics,cytovance.com,United States,Biologics CDMO,300+,250-1k,sentiment,,,"Private, part of growing US biomanufacturing base per trade press",Niche biologics manufacturing precision story
"03 CDMO, CRO & Life-Science Tools",70,30,Porvair Sciences,porvair-sciences.com,United Kingdom,Lab consumables/filtration,400+,250-1k,sentiment,,,"Part of Porvair plc (public, LSE: PRV), steady growth",Niche filtration consumables manufacturer building brand
"03 CDMO, CRO & Life-Science Tools",71,22,Distek Inc.,distekinc.com,United States,Bioprocessing/dissolution testing equipment,200+,100-250,sentiment,,,"Private, steady niche market leadership per industry reporting",Precision testing instrumentation niche narrative
"03 CDMO, CRO & Life-Science Tools",72,22,Solaris Biotech,solarisbiotech.com,Italy,Bioreactor manufacturing,150+,100-250,sentiment,,,"Private, growing bioreactor exports per trade press",Custom bioreactor engineering precision story
"04 Mining, Metals & Commodities",1,50,Ausenco,ausenco.com,Australia,Mining engineering & consulting,"2,500+",1k-5k,core,,,Global mining engineering and project-delivery consultancy with revenue above floor,Engineering-performance narrative and Australian GP market
"04 Mining, Metals & Commodities",2,50,Boart Longyear,boartlongyear.com,USA,Mineral drilling equipment & services,"3,200+",1k-5k,core,,,World's largest dedicated drilling-services provider to the mining industry,B2B stature and global operating footprint
"04 Mining, Metals & Commodities",3,50,Castleton Commodities International,ccicommodities.com,USA,Commodity trading,600+,250-1k,core,,,Well-capitalized global commodities merchant with large trading book,B2B stature and growth-market visibility among institutional trading peers
"04 Mining, Metals & Commodities",4,50,Century Aluminum,centuryaluminum.com,USA,Aluminum production,"1,900+",1k-5k,core,,,Largest US primary aluminum producer with revenue above floor threshold,Lightweighting narrative and US GP market fit
"04 Mining, Metals & Commodities",5,50,DRA Global,draglobal.com,Australia/South Africa,Mining engineering services,"2,200+",1k-5k,core,,,Global mining project-delivery engineering firm with revenue above floor,Engineering narrative across a multi-continent operating footprint
"04 Mining, Metals & Commodities",6,50,Dyno Nobel (Incitec Pivot),dynonobel.com,Australia/USA,Mining explosives,"3,500+",1k-5k,core,,,Major global explosives manufacturer under Incitec Pivot/IPL,Australian GP market fit and industrial B2B stature
"04 Mining, Metals & Commodities",7,50,Evolution Mining,evolutionmining.com.au,Australia,Gold & copper mining,"2,500+",1k-5k,core,,,Growing ASX-listed gold-copper miner with revenue above $1B,Australian GP market fit plus copper/EV angle
"04 Mining, Metals & Commodities",8,50,Freepoint Commodities,freepoint.com,USA,Commodity trading,500+,250-1k,core,,,Global commodities trading house with strong balance sheet,B2B networking appeal in energy and metals trading circles
"04 Mining, Metals & Commodities",9,50,Gerald Metals,geraldgroup.com,USA/Switzerland,Metals & minerals trading,400+,250-1k,core,,,Long-established independent metals trader with multi-billion volume,B2B stature within the global metals-trading community
"04 Mining, Metals & Commodities",10,50,Hartree Partners,hartreepartners.com,USA,Commodity trading & merchanting,600+,250-1k,core,,,Global trading house with tens of billions in revenue on thin margins,B2B networking value within the commodity-trading community
"04 Mining, Metals & Commodities",11,50,Hudbay Minerals,hudbayminerals.com,Canada,Copper & zinc mining,"3,000+",1k-5k,core,,,Multi-billion revenue base-metals miner,Copper/EV transition narrative
"04 Mining, Metals & Commodities",12,50,IGO Limited,igo.com.au,Australia,Lithium & nickel mining,"1,000+",250-1k,core,,,ASX-listed battery-metals producer with multi-billion market cap,Battery-metals narrative and Australian GP presence
"04 Mining, Metals & Commodities",13,50,Iluka Resources,iluka.com,Australia,Mineral sands & rare earths,"1,600+",1k-5k,core,,,Leading global mineral-sands producer with an emerging rare-earths business,Critical-minerals/EV motor narrative and Australian GP market
"04 Mining, Metals & Commodities",14,50,Imdex,imdexlimited.com,Australia,Mining tech (drilling fluids & sensors),950+,250-1k,core,,,ASX-listed mining-tech innovator with revenue near/above floor,Data/tech-driven precision narrative mirrors F1 telemetry culture
"04 Mining, Metals & Commodities",15,50,IXM,ixm-global.com,Switzerland/Singapore,Metals & concentrates trading,600+,250-1k,core,,,Major independent metals trading house with multi-billion revenue,Copper concentrate and battery-metals trading narrative
"04 Mining, Metals & Commodities",16,50,Lynas Rare Earths,lynasrareearths.com,Australia,Rare earths mining & processing,"1,600+",1k-5k,core,,,"World's largest rare earths producer outside China, revenue above floor",EV motor/battery narrative plus Australian GP and critical-minerals geopolitics
"04 Mining, Metals & Commodities",17,50,Major Drilling Group,majordrilling.com,Canada,Mineral exploration drilling services,"4,000+",1k-5k,core,,,Leading global drilling-services provider with revenue above floor,B2B industrial stature across a global exploration client base
"04 Mining, Metals & Commodities",18,50,Master Drilling,masterdrilling.com,South Africa,Specialized drilling services,"2,000+",1k-5k,core,,,Global leader in mechanized raise-boring drilling technology with revenue above floor,Precision-drilling technology narrative parallels F1 engineering
"04 Mining, Metals & Commodities",19,50,Nexa Resources,nexaresources.com,Luxembourg/Brazil,Zinc mining & smelting,"4,500+",1k-5k,core,,,NYSE-listed mid-cap zinc major with stable multi-billion revenue,Battery-metals (zinc) narrative and Brazil/Peru footprint tied to the São Paulo GP
"04 Mining, Metals & Commodities",20,50,Pilbara Minerals,pilbaraminerals.com.au,Australia,Lithium mining,"1,200+",1k-5k,core,,,World's largest lithium (spodumene) pure-play with strong balance sheet,Direct EV/battery-metals narrative and Australian GP home-market fit
"04 Mining, Metals & Commodities",21,50,Traxys,traxys.com,Luxembourg/USA,Metals & minerals trading,500+,250-1k,core,,,Specialist metals/battery-materials merchant with billions in trading volume,Battery-metals supply-chain narrative
"04 Mining, Metals & Commodities",22,46,Antofagasta,antofagasta.co.uk,Chile/UK,Copper mining,"8,000+",5k-10k,core,,,Major listed copper producer with multi-billion revenue,Direct copper/EV narrative and LSE blue-chip visibility
"04 Mining, Metals & Commodities",23,46,B2Gold,b2gold.com,Canada,Gold mining,"5,500+",5k-10k,core,,,Fast-growing mid-tier gold producer with multi-billion revenue,Growth-story visibility across multi-continent operations
"04 Mining, Metals & Commodities",24,46,Endeavour Mining,endeavourmining.com,UK,Gold mining (West Africa),"5,500+",5k-10k,core,,,"Top West African gold producer, LSE/TSX-listed with strong cash flow",Growth-stage brand seeking global investor and consumer visibility
"04 Mining, Metals & Commodities",25,46,Fresnillo,fresnilloplc.com,Mexico/UK,Silver & gold mining,"9,000+",5k-10k,core,,,"World's largest primary silver producer, LSE blue-chip",B2B stature plus natural tie to the Mexico City GP
"04 Mining, Metals & Commodities",26,46,Hindustan Zinc,hzlindia.com,India,Zinc & silver mining,"7,000+",5k-10k,core,,,"World's second-largest zinc producer, multi-billion revenue",Battery-metals narrative and fast-growing India consumer market
"04 Mining, Metals & Commodities",27,46,Kinross Gold,kinross.com,Canada,Gold mining,"7,000+",5k-10k,core,,,Multi-billion revenue senior gold miner,Employer brand differentiation in the global gold sector
"04 Mining, Metals & Commodities",28,46,Lundin Mining,lundinmining.com,Canada,Copper & zinc mining,"6,000+",5k-10k,core,,,Multi-billion revenue base-metals miner,Copper/EV transition narrative fits core business
"04 Mining, Metals & Commodities",29,46,Northern Star Resources,nsrltd.com,Australia,Gold mining,"5,500+",5k-10k,core,,,Top Australian gold producer with multi-billion revenue,Strong Australian GP home-market tie
"04 Mining, Metals & Commodities",30,46,NRW Holdings,nrw.com.au,Australia,Mining services & contracting,"6,500+",5k-10k,core,,,Leading Australian diversified mining-services contractor with revenue above floor,Australian GP market fit
"04 Mining, Metals & Commodities",31,46,Pan American Silver,panamericansilver.com,Canada,Silver & gold mining,"10,000+",5k-10k,core,,,"Largest publicly traded primary silver producer, multi-billion revenue",B2B stature and broad Latin American operating footprint
"04 Mining, Metals & Commodities",32,46,Perenti Limited,perentigroup.com,Australia,Mining contracting services,"8,000+",5k-10k,core,,,Leading global underground/surface mining contractor with multi-billion revenue,Australian GP market fit and engineering-services stature
"04 Mining, Metals & Commodities",33,46,South32,south32.net,Australia,"Diversified mining (base metals, alumina, manganese)","9,000+",5k-10k,core,,,Multi-billion revenue diversified miner,Battery-metals (manganese) exposure and Australian GP home-market fit
"04 Mining, Metals & Commodities",34,46,Sumitomo Metal Mining,smm.co.jp,Japan,Nonferrous metals & battery materials,"6,000+",5k-10k,core,,,Major Japanese battery-materials producer with multi-billion revenue,Direct EV-battery cathode material narrative and Japanese GP market
"04 Mining, Metals & Commodities",35,46,Teck Resources,teck.com,Canada,"Diversified mining (copper, zinc)","9,000+",5k-10k,core,,,"Multi-billion revenue Canadian major, comfortably above floor",Copper/EV transition positioning and employer-brand push in a tight mining talent market
"04 Mining, Metals & Commodities",36,42,Agnico Eagle Mines,agnicoeagle.com,Canada,Gold mining,"14,000+",10k+,core,,,"Top-3 gold miner by market cap, well above floor",Employer brand in a competitive talent market; Canadian GP tie-in
"04 Mining, Metals & Commodities",37,42,Alamos Gold,alamosgold.com,Canada,Gold mining,"2,600+",1k-5k,growth-projected,,,Growing Canadian gold miner with strong balance sheet,Employer brand within the Canadian mining talent market
"04 Mining, Metals & Commodities",38,42,AngloGold Ashanti,anglogoldashanti.com,South Africa/UK,Gold mining,"18,000+",10k+,core,,,"Top global gold producer, multi-billion revenue",Diversified global footprint fits several F1 host markets
"04 Mining, Metals & Commodities",39,42,ArcelorMittal,arcelormittal.com,Luxembourg,Steel manufacturing,"120,000+",10k+,core,,,"World's largest steelmaker outside China, ample marketing budget","Employer brand, European race markets, and automotive-steel supply chain"
"04 Mining, Metals & Commodities",40,42,Capstone Copper,capstonecopper.com,Canada,Copper mining,"3,200+",1k-5k,growth-projected,,,Rapidly growing pure-play copper producer with revenue rising toward floor-appropriate scale,Copper/EV narrative central to a high-growth investor story
"04 Mining, Metals & Commodities",41,42,Centerra Gold,centerragold.com,Canada,Gold & copper mining,"3,000+",1k-5k,growth-projected,,,Diversifying gold/copper miner with rising revenue,Copper addition strengthens the EV-narrative angle
"04 Mining, Metals & Commodities",42,42,Coeur Mining,coeur.com,USA,Gold & silver mining,"2,200+",1k-5k,growth-projected,,,Growing US precious-metals producer with revenue approaching floor-appropriate scale,US GP market fit and employer-brand differentiation
"04 Mining, Metals & Commodities",43,42,Concord Resources,concordresources.com,UK,Metals trading,150+,100-250,core,,,Independent metals trading house with billions in trading volume,B2B visibility within the metals-trading community
"04 Mining, Metals & Commodities",44,42,Eldorado Gold,eldoradogold.com,Canada,Gold mining,"3,500+",1k-5k,growth-projected,,,Multi-jurisdiction growing gold producer,"Growth-market visibility across Turkey, Greece and Canada operations"
"04 Mining, Metals & Commodities",45,42,Equinox Gold,equinoxgold.com,Canada,Gold mining,"4,000+",1k-5k,growth-projected,,,Rapidly scaling Americas gold producer,Growth-story investor appeal across the Americas
"04 Mining, Metals & Commodities",46,42,Eramet,eramet.com,France,Manganese & nickel mining,"13,000+",10k+,core,,,Diversified French mining group with multi-billion revenue,Battery-metals (nickel/manganese) narrative fits European race markets
"04 Mining, Metals & Commodities",47,42,Ero Copper,erocopperco.com,Canada,Copper mining (Brazil),"1,800+",1k-5k,growth-projected,,,Growing mid-cap copper producer with revenue rising on Tucuma ramp-up,Brazil home-market tie plus copper/EV growth story
"04 Mining, Metals & Commodities",48,42,Franco-Nevada,franco-nevada.com,Canada,Royalty & streaming (gold),50+,100-250,core,,,Revenue well above $200M threshold despite tiny headcount,B2B/investor-facing stature within the mining finance community
"04 Mining, Metals & Commodities",49,42,Gerdau,gerdau.com,Brazil,Steel manufacturing,"30,000+",10k+,core,,,"Largest steel producer in the Americas, multi-billion revenue",Brazil GP home-market fit and employer brand
"04 Mining, Metals & Commodities",50,42,Gold Fields,goldfields.com,South Africa,Gold mining,"18,000+",10k+,core,,,Major multinational gold producer with sponsorship-scale budget,B2B stature and Australian operations (St Ives) link to the Australian GP
"04 Mining, Metals & Commodities",51,42,Grupo Mexico,gmexico.com,Mexico,Diversified mining & infrastructure,"30,000+",10k+,core,,,Major Latin American mining conglomerate with multi-billion revenue,Mexico City GP home-market fit and copper/EV narrative
"04 Mining, Metals & Commodities",52,42,Hecla Mining,hecla.com,USA,Silver & gold mining,"1,800+",1k-5k,growth-projected,,,"Largest US silver producer, growing revenue base",US GP market fit and employer brand
"04 Mining, Metals & Commodities",53,42,Hindalco Industries,hindalco.com,India,Aluminum & copper production,"20,000+",10k+,core,,,Major Indian metals major (Aditya Birla Group) with multi-billion revenue,India growth-market story and automotive aluminum/copper supply narrative
"04 Mining, Metals & Commodities",54,42,Impala Platinum (Implats),implats.co.za,South Africa,Platinum group metals mining,"40,000+",10k+,core,,,Leading global PGM producer with multi-billion revenue,Hydrogen/fuel-cell and catalytic-converter technology narrative
"04 Mining, Metals & Commodities",55,42,Ivanhoe Mines,ivanhoemines.com,Canada,Copper mining (DRC),"4,500+",1k-5k,growth-projected,,,Kamoa-Kakula ramp-up driving rapidly rising revenue toward and above floor,High-growth copper/EV investor story with global visibility ambitions
"04 Mining, Metals & Commodities",56,42,JSW Steel,jsw.in,India,Steel manufacturing,"18,000+",10k+,core,,,Major fast-growing Indian steel producer,Growing India consumer market appeal and automotive-steel supply
"04 Mining, Metals & Commodities",57,42,KGHM Polska Miedz,kghm.com,Poland,Copper & silver mining,"18,000+",10k+,core,,,Major listed copper producer with multi-billion revenue,Copper/EV narrative and European market expansion ambitions
"04 Mining, Metals & Commodities",58,42,Liontown Resources,liontown.com.au,Australia,Lithium mining,600+,250-1k,growth-projected,,,Fast-growing ASX lithium developer with major offtake deals,EV/battery-metals growth story and Australian GP market
"04 Mining, Metals & Commodities",59,42,Mineral Resources (MinRes),mineralresources.com.au,Australia,Lithium & iron ore mining and mining services,"12,000+",10k+,core,,,Diversified Australian mining & mining-services major with multi-billion revenue,Battery-metals narrative and Australian GP home-market fit
"04 Mining, Metals & Commodities",60,42,MP Materials,mpmaterials.com,USA,Rare earths mining & processing,900+,250-1k,growth-projected,,,"Only major US rare earth producer, backed by >$400M in US government funding",EV motor-magnet supply-chain narrative fits US GP markets
"04 Mining, Metals & Commodities",61,42,Newmont,newmont.com,USA,Gold mining,"15,000+",10k+,core,,,World's largest gold miner by production; well above floor,Employer brand and B2B stature across US and Australian operating regions
"04 Mining, Metals & Commodities",62,42,Novonix,novonix.com,Australia/USA,Battery materials (anode/graphite),450+,250-1k,growth-projected,,,Fast-growing battery-materials tech company expanding in the US; deal near floor,Direct battery-technology narrative for F1's hybrid-era relevance
"04 Mining, Metals & Commodities",63,42,Nucor,nucor.com,USA,Steel manufacturing,"30,000+",10k+,core,,,Largest US steel producer with multi-billion revenue,Employer brand and lightweighting-steel narrative fit US GP markets
"04 Mining, Metals & Commodities",64,42,Ocean Partners,oceanpartners.com,UK,Metals & concentrates trading,150+,100-250,core,,,Specialist global metals-concentrate merchant with billions in trading volume,Battery-metals/concentrates trading narrative
"04 Mining, Metals & Commodities",65,42,Orica,orica.com,Australia,Mining explosives & blasting services,"13,000+",10k+,core,,,"World's largest commercial explosives provider, multi-billion revenue",Precision-engineering/technology narrative and Australian GP market
"04 Mining, Metals & Commodities",66,42,Perseus Mining,perseusmining.com,Australia,Gold mining (West Africa),"2,200+",1k-5k,growth-projected,,,Fast-growing West African gold producer with rising cash flow,Growth-market visibility and Australian listing base
"04 Mining, Metals & Commodities",67,42,Royal Gold,royalgold.com,USA,Royalty & streaming (gold/copper),45+,100-250,core,,,Revenue above $200M threshold; blue-chip royalty company,Investor-facing B2B stature and copper-royalty EV angle
"04 Mining, Metals & Commodities",68,42,Salzgitter,salzgitter-ag.com,Germany,Steel manufacturing,"25,000+",10k+,core,,,Major German steel group with multi-billion revenue,European GP markets and automotive-grade steel supply
"04 Mining, Metals & Commodities",69,42,Sigma Lithium,sigmalithiumresources.com,Brazil/Canada,Lithium mining,"1,000+",250-1k,growth-projected,,,Fast-scaling green-lithium producer with rapidly rising revenue,Brazil GP home-market fit and EV/battery-metals growth narrative
"04 Mining, Metals & Commodities",70,42,Southern Copper Corporation,southerncoppercorp.com,USA/Peru,Copper mining,"16,000+",10k+,core,,,"One of the world's largest copper reserve holders, multi-billion revenue",Copper/EV narrative with Mexico City GP market tie via parent Grupo Mexico
"04 Mining, Metals & Commodities",71,42,SSR Mining,ssrmining.com,Canada,Gold & silver mining,"3,000+",1k-5k,growth-projected,,,Diversified precious-metals producer across the Americas and Turkey,Growth-market visibility for a recovering multi-region producer
"04 Mining, Metals & Commodities",72,42,Steel Dynamics,steeldynamics.com,USA,Steel manufacturing,"12,000+",10k+,core,,,"Major US steel producer, multi-billion revenue",Automotive-grade steel supply and US GP market fit
"04 Mining, Metals & Commodities",73,42,Tata Steel,tatasteel.com,India/UK,Steel manufacturing,"65,000+",10k+,core,,,Major global steel producer with Tata Group's deep marketing resources,Tata Group's broader motorsport-adjacent brand ambitions and India growth story make Tata Steel a strong entry point despite steel being the direct product
"04 Mining, Metals & Commodities",74,42,Ternium,ternium.com,Luxembourg/Argentina,Steel manufacturing (Latin America),"20,000+",10k+,core,,,Leading Latin American steel producer with strong cash flow,Mexico City and São Paulo GP market ties
"04 Mining, Metals & Commodities",75,42,Trafigura,trafigura.com,Singapore,Commodity trading (metals & energy),"12,000+",10k+,core,,,Revenue in the hundreds of billions; one of the largest possible sponsors,Gulf trading-hub presence and B2B stature within global trading culture
"04 Mining, Metals & Commodities",76,42,Wheaton Precious Metals,wheatonpm.com,Canada,Royalty & streaming (precious metals),60+,100-250,core,,,Revenue exceeds $1B despite a lean headcount; sponsorship-scale capacity,Financing-partner brand story reaches a high-net-worth investor audience
"04 Mining, Metals & Commodities",77,34,Maptek,maptek.com,Australia,Mining software & spatial technology,600+,250-1k,adjacent,,,Privately held specialist software vendor; deal likely at or near floor,Data-visualization and simulation-tech narrative
"04 Mining, Metals & Commodities",78,34,MICROMINE,micromine.com,Australia,Mining software & technology,600+,250-1k,adjacent,,,Privately held global mining-software provider; deal scoped near floor,Digital-twin/simulation tech narrative fits F1 engineering culture
"04 Mining, Metals & Commodities",79,34,Piedmont Lithium,piedmontlithium.com,USA,Lithium mining,120+,100-250,growth-projected,,,Early-stage US lithium developer; deal scoped near floor,US EV supply-chain narrative central to its investment case
"04 Mining, Metals & Commodities",80,34,RCT (Remote Control Technologies),rct.global,Australia,Mining automation & remote control,500+,250-1k,adjacent,,,Part of the Perenti/Sandvik supplier network; scoped deal at floor,Automation/robotics narrative fits F1's technology story
"04 Mining, Metals & Commodities",81,34,Sandstorm Gold Royalties,sandstormgold.com,Canada,Royalty & streaming (gold),40+,100-250,growth-projected,,,Smaller but rapidly growing royalty portfolio approaching floor-level marketing spend,Growth-story visibility aimed at retail and institutional investors
"04 Mining, Metals & Commodities",82,34,Standard Lithium,standardlithium.com,USA/Canada,Lithium extraction (direct lithium extraction technology),120+,100-250,growth-projected,,,Pre-revenue developer backed by major partners; deal scoped near floor,Cutting-edge US EV supply-chain technology story
"04 Mining, Metals & Commodities",83,34,Vulcan Energy Resources,v-er.eu,Germany/Australia,Geothermal lithium extraction,200+,100-250,growth-projected,,,Early-stage zero-carbon lithium developer; deal scoped near floor,Zero-carbon EV/battery-metals narrative fits European race markets
"04 Mining, Metals & Commodities",84,34,Wenco International Mining Systems,wencomine.com,Canada,Mine fleet management software,400+,250-1k,adjacent,,,Hitachi-backed specialist software firm; regional/scoped deal at floor,Autonomous fleet-management and telemetry-tech narrative
05 Agriculture & AgTech,1,58,American Vanguard Corporation (AMVAC),american-vanguard.com,United States,Crop protection products,700+,250-1k,core,,,Revenue ~$500M listed company; feasible near floor for a US-market activation,Mid-cap agrochemical player seeking brand differentiation against much larger multinational rivals
05 Agriculture & AgTech,2,50,Albaugh LLC,albaugh.com,United States,Generic crop protection manufacturing,"1,500+",1k-5k,core,,,Revenue >$1B privately-held; comfortably above floor,Fast-growing generics manufacturer with expanding LATAM/global footprint seeking brand credibility
05 Agriculture & AgTech,3,50,Austevoll Seafood,austevoll-seafood.no,Norway,Pelagic fishing & salmon aquaculture (Lerøy majority owner),"5,000+",1k-5k,core,,,Revenue ~NOK 20B+ listed company; comfortably above floor,Large integrated seafood group with global export ambitions suited to premium sports sponsorship
05 Agriculture & AgTech,4,50,Bakkafrost,bakkafrost.com,Faroe Islands,Salmon aquaculture,"3,200+",1k-5k,core,,,Revenue ~€900M listed company; comfortably above floor,Fast-growing Nordic seafood exporter targeting premium global consumer markets
05 Agriculture & AgTech,5,50,Bioceres Crop Solutions,biocerescrops.com,Argentina,Ag biologicals & seed technology (Nasdaq-listed),"1,000+",250-1k,core,,,Revenue ~$500M listed company; comfortably above floor,LATAM-headquartered biotech leader well aligned with F1's São Paulo GP and broader Latin American fan growth
05 Agriculture & AgTech,6,50,BioMar Group,biomar.com,Denmark,Aquaculture feed,"2,200+",1k-5k,core,,,Revenue ~€2B privately-held (Schouw & Co. subsidiary); comfortably above floor,Global aquafeed leader with LATAM (Chile/Ecuador) and Asia growth aligned with F1's global footprint
05 Agriculture & AgTech,7,50,Cermaq Group,cermaq.com,Norway,Salmon aquaculture,"1,900+",1k-5k,core,,,Backed by Mitsubishi Corporation; comfortably above floor,"Global salmon farmer with Japanese conglomerate backing, seeking premium Western brand visibility"
05 Agriculture & AgTech,8,50,Compass Minerals,compassminerals.com,United States,Potash & plant-nutrition minerals,"2,000+",1k-5k,core,,,Revenue ~$1.1B listed company; comfortably above floor,North American mineral-nutrition leader seeking broader brand recognition beyond commodity trading circles
05 Agriculture & AgTech,9,50,DLF Seeds,dlf.com,Denmark,Grass & forage seed breeding,"2,700+",1k-5k,core,,,Revenue ~€800M cooperative-owned; comfortably above floor,World's largest grass-seed company seeking broader global brand recognition
05 Agriculture & AgTech,10,50,Ginkgo Bioworks,ginkgobioworks.com,United States,Synthetic biology platform (incl. agricultural biologicals via JV),"1,000+",250-1k,core,,,Publicly listed (NYSE); market cap and cash reserves support floor-tier sponsorship,Biotech-meets-engineering brand story is a strong thematic match for F1's precision/technology audience
05 Agriculture & AgTech,11,50,Grieg Seafood,griegseafood.com,Norway,Salmon aquaculture,800+,250-1k,core,,,Revenue ~$500M listed company; comfortably above floor for a niche activation,Premium seafood brand seeking differentiated international consumer visibility
05 Agriculture & AgTech,12,50,Koch Fertilizer (Koch Ag & Energy Solutions),kochfertilizer.com,United States,Nitrogen fertilizer production & distribution,"3,000+ (division)",1k-5k,core,,,Backed by privately-held Koch Industries (one of the world's largest private companies); floor easily affordable,Deep-pocketed private parent seeking a low-profile but premium global sponsorship vehicle
05 Agriculture & AgTech,13,50,KWS SAAT SE,kws.com,Germany,"Seed breeding (sugar beet, corn, cereals)","5,000+",1k-5k,core,,,Revenue ~€1.8B listed company; comfortably above floor,Global seed-genetics leader seeking broader consumer/investor visibility beyond agronomy circles
05 Agriculture & AgTech,14,50,Lely Group,lely.com,Netherlands,Robotic milking & dairy farm automation,"3,000+",1k-5k,core,,,Revenue ~€900M privately-held robotics leader; feasible for floor-tier package,Robotics/automation pioneer (milking robots) is a strong tech-forward storytelling match for F1
05 Agriculture & AgTech,15,50,Leroy Seafood Group,leroyseafood.com,Norway,Seafood & salmon aquaculture,"4,000+",1k-5k,core,,,Revenue ~NOK 20B listed company; comfortably above floor,Diversified Norwegian seafood group seeking global premium consumer visibility
05 Agriculture & AgTech,16,50,Netafim (Orbia),netafim.com,Israel,Drip irrigation technology,"4,500+",1k-5k,core,,,Backed by Orbia (multi-billion-revenue parent); comfortably above floor,"Water-efficiency pioneer with strong growth in Gulf, India and LATAM markets matching F1's expansion calendar"
05 Agriculture & AgTech,17,50,Nufarm Limited,nufarm.com,Australia,Crop protection products & seed technologies,"3,000+",1k-5k,core,,,Revenue ~AU$3.5B listed company; comfortably above floor,Global agrochemical exporter seeking brand differentiation in competitive generics market
05 Agriculture & AgTech,18,50,OCI Global,oci.nl,Netherlands,Nitrogen fertilizers & industrial chemicals,"4,000+",1k-5k,core,,,Revenue ~$3B listed company; comfortably above floor,Green/blue ammonia transition story aligns with F1's sustainable-fuel technology positioning
05 Agriculture & AgTech,19,50,PI Industries,piindustries.com,India,Crop protection & specialty chemicals,"3,000+",1k-5k,core,,,"Revenue ~$700M+ listed company, strong profitability; comfortably above floor",Fast-growing Indian agrochemical exporter with premium brand ambitions
05 Agriculture & AgTech,20,50,Proagrica (RELX),proagrica.com,United Kingdom,Agribusiness data & digital trading platforms,300+,250-1k,core,,,Backed by RELX (multi-billion-revenue parent); floor-tier sponsorship affordable,Data/analytics positioning fits F1's information-services sponsorship category well
05 Agriculture & AgTech,21,50,Rallis India Limited,rallis.com,India,Crop protection & seeds (Tata Group company),"2,500+",1k-5k,core,,,Revenue ~$400M listed Tata Group company; comfortably above floor,Tata Group affiliation and India-growth story align with F1's India market ambitions
05 Agriculture & AgTech,22,50,Rijk Zwaan,rijkzwaan.com,Netherlands,Vegetable seed breeding,"3,000+",1k-5k,core,,,Revenue ~€600M family/employee-owned; comfortably above floor,Global vegetable-seed innovator with strong emerging-market growth suited to premium sponsorship
05 Agriculture & AgTech,23,50,Sakata Seed Corporation,sakataseed.com,Japan,Flower & vegetable seed breeding,"1,900+",1k-5k,core,,,Revenue ~$400M listed company; comfortably above floor,Japanese seed-genetics leader seeking global consumer brand visibility beyond horticultural trade
05 Agriculture & AgTech,24,50,SalMar ASA,salmar.no,Norway,Salmon aquaculture,"2,700+",1k-5k,core,,,Revenue ~$2.5B listed company; comfortably above floor,"Major salmon producer expanding into offshore/land-based farming, seeking brand elevation"
05 Agriculture & AgTech,25,50,Skretting (Nutreco),skretting.com,Netherlands,Aquaculture feed,"4,000+ (division)",1k-5k,core,,,Parent Nutreco revenue ~€8B; comfortably above floor,World's largest aquafeed producer with global emerging-market growth aligned with F1 expansion regions
05 Agriculture & AgTech,26,46,BASF Agricultural Solutions,agriculture.basf.com,Germany,"Crop protection, seeds & biologicals (BASF division)","9,000+ (division)",5k-10k,core,,,BASF Group revenue >€68B; division budget vastly exceeds floor,Chemistry-and-technology brand narrative aligns closely with F1's engineering-performance storytelling
05 Agriculture & AgTech,27,46,FMC Corporation,fmc.com,United States,Crop protection chemicals & biologicals,"6,300+",5k-10k,core,,,Revenue ~$4.4B listed company; comfortably above floor,"Global crop-protection leader expanding biologicals portfolio, seeking modernized brand image"
05 Agriculture & AgTech,28,46,"Land O'Lakes, Inc.",landolakes.com,United States,"Agricultural cooperative (dairy, crop inputs, animal feed via WinField United)","9,000+",5k-10k,core,,,Revenue ~$18B cooperative; comfortably above floor,Consumer-facing dairy brand plus B2B ag-input arm gives dual-audience rationale for premium sponsorship
05 Agriculture & AgTech,29,46,SQM (Sociedad Química y Minera de Chile),sqm.com,Chile,Specialty plant nutrition & lithium/iodine,"6,000+",5k-10k,core,,,Revenue ~$4B+ listed company; comfortably above floor,Chilean multinational well positioned to leverage F1's growing LATAM audience and São Paulo GP
05 Agriculture & AgTech,30,46,Vilmorin & Cie (Groupe Limagrain),vilmorin.com,France,Seed breeding (field crops & vegetables),"7,500+",5k-10k,core,,,Revenue ~€1.7B cooperative-owned group; comfortably above floor,"Global seed genetics cooperative expanding export markets, could use F1 for international brand-building"
05 Agriculture & AgTech,31,46,Viterra Limited,viterra.com,Switzerland,Grain trading & agribusiness,"7,000+",5k-10k,core,,,Revenue >$30B (Glencore-backed); comfortably above floor,Global grain trader with expanding LATAM/Black Sea operations seeking premium brand platform
05 Agriculture & AgTech,32,44,AgroStar,agrostar.in,India,Agri-input e-commerce & farmer advisory platform,"1,000+",250-1k,funded-150m,,,"Raised >$150M total funding (Series E, 2023); floor-tier sponsorship plausible",Direct beneficiary of India's agri-digitization boom; F1's India market push (potential India GP return) is a natural tie-in
05 Agriculture & AgTech,33,44,DeHaat,dehaat.com,India,"Full-stack agri-tech platform (inputs, advisory, market access)","1,500+",1k-5k,funded-150m,,,"Raised >$250M, achieved unicorn status (2022); comfortably above floor","Unicorn agri-tech scaling rapidly across India's farm belt, aligned with F1's India growth strategy"
05 Agriculture & AgTech,34,44,Inari Agriculture,inari.com,United States,Gene-edited seed design platform,400+,250-1k,funded-150m,,,Raised >$475M total funding; comfortably above floor,Well-funded seed-tech unicorn seeking mainstream brand recognition beyond agronomy trade press
05 Agriculture & AgTech,35,44,Ninjacart,ninjacart.in,India,B2B fresh-produce supply chain platform,"2,000+",1k-5k,funded-150m,,,Raised >$300M total (Flipkart/Walmart-backed unicorn); comfortably above floor,High-growth Indian agri-logistics unicorn seeking premium consumer-facing brand halo
05 Agriculture & AgTech,36,44,Pivot Bio,pivotbio.com,United States,Microbial nitrogen-fixation biologicals for row crops,500+,250-1k,funded-150m,,,"Raised >$600M total funding, among best-capitalized agtech startups; comfortably above floor",Sustainability-tech unicorn with strong brand-building ambitions matching F1's decarbonization storyline
05 Agriculture & AgTech,37,42,80 Acres Farms,80acresfarms.com,United States,Indoor vertical farming,500+,250-1k,growth-projected,,,"Privately-held, revenue-generating vertical farm operator; feasible only at smallest tier near floor",Automation/robotics-driven vertical-farming narrative fits F1's technology-forward brand story
05 Agriculture & AgTech,38,42,Ag Leader Technology,agleader.com,United States,Precision ag guidance & yield-monitoring hardware,600+,250-1k,growth-projected,,,Privately-held mid-size ag-tech firm; feasible only at the low end of floor via regional package,Data/analytics-driven brand identity aligns with F1's telemetry storytelling for a tech-forward audience
05 Agriculture & AgTech,39,42,Bayer Crop Science,cropscience.bayer.com,Germany,"Seeds, traits & crop protection (Bayer division)","20,000+ (division)",10k+,core,,,Bayer Group revenue >€47B; division marketing budget vastly exceeds floor,Digital-farming platform (Climate FieldView) narrative fits F1's precision-data storytelling
05 Agriculture & AgTech,40,42,CNH Industrial,cnhindustrial.com,United Kingdom,"Farm & construction equipment (Case IH, New Holland)","35,000+",10k+,core,,,Revenue ~$20B; large industrial marketing budget supports multi-year F1 activation,Tech-forward autonomous-tractor push mirrors F1 innovation story; strong LATAM footprint via Case IH/New Holland dealer networks
05 Agriculture & AgTech,41,42,Cooke Aquaculture,cookeaqua.com,Canada,Salmon & seafood aquaculture,"12,000+",10k+,core,,,Revenue ~$2.5B privately-held; comfortably above floor,Large private North Atlantic seafood group seeking rare global consumer brand platform
05 Agriculture & AgTech,42,42,Dairy Farmers of America,dfamilk.com,United States,Dairy cooperative & processing,"17,000+",10k+,core,,,Revenue ~$20B cooperative; comfortably above floor,Large-scale dairy cooperative seeking modernized consumer brand image among younger demographics
05 Agriculture & AgTech,43,42,Gotham Greens,gothamgreens.com,United States,Indoor/greenhouse controlled-environment agriculture,"1,000+",250-1k,growth-projected,,,"Privately-held, profitable growth-stage CEA operator; realistic at floor tier via a US-market activation",Rare financially solid CEA operator with consumer-facing retail brand suited to a tech-forward sustainability story
05 Agriculture & AgTech,44,42,Louis Dreyfus Company,ldc.com,Netherlands,Agricultural commodities trading & processing,"18,000+",10k+,core,,,"Privately-held, revenue >$45B; comfortably above floor",Global commodity trader with deep LATAM/Asia footprint seeking rare public brand visibility
05 Agriculture & AgTech,45,42,Mowi ASA,mowi.com,Norway,Salmon aquaculture & seafood,"14,000+",10k+,core,,,"Revenue ~$5.4B listed company, world's largest salmon farmer; comfortably above floor",Global consumer seafood brand seeking premium international visibility beyond Nordic markets
05 Agriculture & AgTech,46,42,Olam Agri / ofi,olamgroup.com,Singapore,"Agri-commodity trading, food ingredients (cocoa, coffee, nuts)","38,000+",10k+,core,,,Revenue >$30B combined group; comfortably above floor,"Gulf-backed (ADQ-owned) agribusiness with strong Middle East ties, well matched to F1's Gulf race calendar"
05 Agriculture & AgTech,47,42,Trouw Nutrition (Nutreco),trouwnutrition.com,Netherlands,Animal feed & nutrition solutions,"11,000+ (Nutreco group)",10k+,core,,,Parent Nutreco (SHV Holdings) revenue ~€8B; comfortably above floor,Global animal-nutrition leader with strong emerging-market growth aligned with F1 expansion regions
05 Agriculture & AgTech,48,42,UPL Limited,upl-ltd.com,India,Crop protection & specialty chemicals,"12,000+",10k+,core,,,Revenue ~$5.5B listed multinational; comfortably above floor,India-headquartered global agrochemical leader aligned with F1's India and emerging-market growth strategy
05 Agriculture & AgTech,49,42,VST Tillers Tractors,vsttractors.com,India,Compact tractors & power tillers,"1,000+",250-1k,growth-projected,,,Revenue ~$150M listed small-cap; realistic only for smallest activation tier near floor,Mitsubishi-tech-licensed compact tractor brand expanding exports as India agri-mechanization grows
05 Agriculture & AgTech,50,36,AgBiome,agbiome.com,United States,Microbial discovery platform for biopesticides,150+,100-250,funded-150m,,,Raised >$180M total funding; plausible near floor for single-market activation,Biologicals R&D story fits F1's sustainability and science-forward brand positioning
05 Agriculture & AgTech,51,36,Sound Agriculture,sound.ag,United States,Biochemical crop input alternatives to synthetic fertilizer,200+,100-250,funded-150m,,,Raised >$165M total funding; plausible near floor for single-market activation,"Well-capitalized biologicals disruptor positioning as a sustainable-inputs tech brand, matching F1 sustainability push"
05 Agriculture & AgTech,52,34,Amity Technology,amitytech.com,United States,Sugar beet & specialty-crop equipment,250+,250-1k,adjacent,,,"Small privately-held manufacturer; likely below floor alone, viable only via co-sponsorship/regional package","Niche exporter (Russia, Europe, LATAM sugar-beet markets) seeking international credibility"
05 Agriculture & AgTech,53,34,Andes (AgBiome spin-related nitrogen-fixation biologicals),andes.ag,United States,Microbial nitrogen-fixation biologicals,150+,100-250,growth-projected,,,Raised ~$70M total funding (Series C); feasible only at smallest tier near floor,Climate/sustainability-linked biotech narrative aligns with F1's net-zero-by-2030 sustainability positioning
05 Agriculture & AgTech,54,34,Enko,enkochem.com,United States,AI-discovered crop-protection biologicals & chemistry,150+,100-250,growth-projected,,,Raised >$100M total funding; feasible only at smallest tier near floor,AI-driven R&D story is a natural fit with F1's technology/data-science brand narrative
05 Agriculture & AgTech,55,34,NewLeaf Symbiotics,newleafsym.com,United States,Pink pigmented facultative methylotroph (PPFM) biologicals,80+,100-250,growth-projected,,,"Raised ~$60M total funding; below floor alone, viable only bundled with a larger sponsor package",Niche biologicals innovator seeking category-defining brand visibility as biologicals market scales
05 Agriculture & AgTech,56,34,Salford Group,salfordgroup.com,Canada,Tillage & fertilizer application equipment,600+,250-1k,adjacent,,,Privately-held mid-size manufacturer; realistic only at low end of floor range,Growing US/Eastern Europe export base could use global motorsport halo for credibility
05 Agriculture & AgTech,57,34,Tropic Biosciences,tropicbio.com,United Kingdom,"Gene-editing for disease-resistant tropical crops (banana, coffee)",100+,100-250,growth-projected,,,Raised ~$90M total funding; feasible only at smallest tier near floor,"Emerging-market crop resilience story (Africa, LATAM banana/coffee belts) aligns with F1's growth-market push"
05 Agriculture & AgTech,58,26,AGRIVI,agrivi.com,Croatia,Farm management software platform,100+,100-250,adjacent,,,"Small European agtech firm; below floor alone, viable only bundled regionally",European scale-up seeking premium brand visibility to compete with larger farm-software incumbents
05 Agriculture & AgTech,59,26,AgUnity,agunity.com,Australia,Blockchain-based smallholder farmer traceability platform,50+,100-250,adjacent,,,Small social-impact-oriented startup; likely below floor alone,"Emerging-market smallholder focus (Africa, India) dovetails with F1's growth-market storytelling, though budget fit is a stretch"
05 Agriculture & AgTech,60,26,Agworld,agworld.com,Australia,Farm management & agronomy software platform,200+,100-250,adjacent,,,Mid-size private software firm; realistic only via small regional package near floor,Software platform seeking broader brand recognition beyond agronomist/reseller channels
06 Retail & E-commerce,1,50,Allegro,allegro.eu,Poland,marketplace,"5,000+",1k-5k,core,,,"Public (WSE), profitable, dominant in CEE",CEE market growth aligns with F1's expanding European base
06 Retail & E-commerce,2,50,Coles Group,colesgroup.com.au,Australia,grocery,"120,000+",10k+,core,,,"Public (ASX), stable duopoly retailer",Australian GP home market plus competitive pressure vs Woolworths
06 Retail & E-commerce,3,50,Deliveroo,deliveroo.co.uk,United Kingdom,delivery,"3,000+",1k-5k,core,,,"Public, being acquired by DoorDash in 2025, well-capitalized transition",UK home market (Silverstone GP) with a youth urban audience
06 Retail & E-commerce,4,50,Etsy,etsy.com,USA,handmade/vintage marketplace,"1,500-2,000",1k-5k,core,,,"Public (Nasdaq), ~$7B market cap, healthy margins","Etsy buyer base skews female/millennial, matching F1's fastest-growing fan demo"
06 Retail & E-commerce,5,50,Global-e Online,global-e.com,Israel,cross-border e-commerce,"1,800+",1k-5k,core,,,"Public (Nasdaq), high growth, profitable",Enables global commerce across F1's international race markets
06 Retail & E-commerce,6,50,Glovo (Delivery Hero),glovoapp.com,Spain,delivery,"5,000+",1k-5k,core,,,"Owned by Delivery Hero, strong Southern Europe/LatAm presence",Spain GP market (Barcelona/Madrid) with a strong younger-consumer brand
06 Retail & E-commerce,7,50,Lowe's,lowes.com,USA,home improvement retail,"300,000+",10k+,core,,,"Public (NYSE), strong margins","NASCAR poach: legendary Lowe's/Jimmie Johnson sponsorship, natural motorsport heritage"
06 Retail & E-commerce,8,50,Talabat (Delivery Hero),talabat.com,Kuwait,delivery,"5,000+",1k-5k,core,,,"Part of Delivery Hero, IPO'd on Dubai exchange 2024","Direct fit with Gulf GP markets (Bahrain, Saudi Arabia, UAE, Qatar)"
06 Retail & E-commerce,9,50,Walmart,walmart.com,USA,big-box retail,"2,100,000+",10k+,core,,,"Public (NYSE), world's largest retailer, immense marketing budget",Long-shot but unmatched mass reach; Amazon-rival dynamic adds motivation
06 Retail & E-commerce,10,46,Wolt (DoorDash),wolt.com,Finland,delivery,"8,000+",5k-10k,core,,,"Owned by DoorDash, profitable in core Nordic/European markets",Pan-European reach overlapping multiple F1 host cities
06 Retail & E-commerce,11,44,Flink,goflink.com,Germany,quick commerce,"3,000+",1k-5k,funded-150m,,,"Raised $750M+ from DoorDash, Prosus",German consumer base with strong existing F1 fandom despite no current German GP
06 Retail & E-commerce,12,44,Floward,floward.com,Saudi Arabia,gifting e-commerce,"1,000+",250-1k,funded-150m,,,"Raised $18M+ Series C, backed by STV",Saudi Arabian GP home market with fast-growing Gulf e-commerce demand
06 Retail & E-commerce,13,44,Gopuff,gopuff.com,USA,quick commerce,"5,000+",1k-5k,funded-150m,,,Raised $3B+ from SoftBank and other investors,US quick-commerce reach into younger urban consumers
06 Retail & E-commerce,14,44,Meesho,meesho.com,India,social commerce marketplace,"5,000+",1k-5k,funded-150m,,,"Raised $1B+ from SoftBank, Fidelity et al.; ~$3.5B valuation",Fast-growing India social-commerce audience aligns with F1's Netflix-driven youth growth
06 Retail & E-commerce,15,44,Rappi,rappi.com,Colombia,delivery,"5,000+",1k-5k,funded-150m,,,"Raised $2B+ from SoftBank, T. Rowe Price; unicorn valuation",LatAm delivery leader aligned with the growing São Paulo and Mexico City GP fanbases
06 Retail & E-commerce,16,44,Salla,salla.sa,Saudi Arabia,e-commerce SaaS platform,500+,250-1k,funded-150m,,,"Raised a significant Series B, leading Saudi commerce-SaaS platform",Saudi GP home-market tech enabler with fast growth
06 Retail & E-commerce,17,44,Zepto,zeptonow.com,India,quick commerce,"5,000+",1k-5k,funded-150m,,,"Raised $1B+ in 2024-2025, ~$5B valuation",India's fastest-growing quick-commerce brand targeting F1's key growth market
06 Retail & E-commerce,18,44,Zid,zid.sa,Saudi Arabia,e-commerce SaaS platform,500+,250-1k,funded-150m,,,"Raised $22M+ Series B, backed by STV, Impact46",Fast-growing Saudi e-commerce enabler tied to the Saudi GP market
06 Retail & E-commerce,19,42,Ahold Delhaize,aholddelhaize.com,Netherlands,grocery,"400,000+",10k+,core,,,"Public (Euronext), diversified US/European grocery giant",Transatlantic footprint spans multiple F1 markets
06 Retail & E-commerce,20,42,ASOS,asos.com,United Kingdom,fashion e-commerce,"2,000+",1k-5k,growth-projected,,,"Public (LSE), turnaround underway, thinner near-term margins",UK-based youth fashion audience matches F1's younger fanbase growth
06 Retail & E-commerce,21,42,Best Buy,bestbuy.com,USA,electronics retail,"85,000+",10k+,core,,,"Public (NYSE), stable large-cap electronics retailer",Tech-consumer audience aligns with F1's broadcast/streaming tech innovation narrative
06 Retail & E-commerce,22,42,Beyond Inc (Overstock/Bed Bath & Beyond),beyond.com,USA,e-commerce retail,"1,000+",250-1k,growth-projected,,,"Public (NYSE), restructuring its digital-first retail model",Rebuilding brand could use F1 for renewed mass visibility
06 Retail & E-commerce,23,42,Blibli (Global Digital Niaga),blibli.com,Indonesia,marketplace,"3,000+",1k-5k,growth-projected,,,"Public (IDX), backed by Djarum Group",Indonesia's large young population is an untapped F1 growth market
06 Retail & E-commerce,24,42,Bukalapak,bukalapak.com,Indonesia,marketplace,"2,000+",1k-5k,growth-projected,,,Public (IDX),Indonesian e-commerce leader targeting F1's Southeast Asia growth ambitions
06 Retail & E-commerce,25,42,Canadian Tire Corporation,canadiantire.ca,Canada,retail conglomerate (incl. auto),"60,000+",10k+,core,,,"Public (TSX), diversified profitable Canadian retailer",Canadian GP home market; auto-parts division adds a motorsport-natural fit
06 Retail & E-commerce,26,42,Carrefour,carrefour.com,France,grocery,"300,000+",10k+,core,,,"Public (Euronext), stable large-cap retailer",French GP heritage market with broad European household reach
06 Retail & E-commerce,27,42,Ceconomy (MediaMarktSaturn),ceconomy.de,Germany,electronics retail,"45,000+",10k+,core,,,"Public (Frankfurt), Europe's largest electronics retailer",Tech-retail audience overlap with F1's tech-forward broadcast innovation story
06 Retail & E-commerce,28,42,Cencosud,cencosud.com,Chile,retail conglomerate,"130,000+",10k+,core,,,"Public (Chile), major LatAm multi-format retailer",Broad LatAm footprint aligned with regional F1 growth
06 Retail & E-commerce,29,42,Costco Wholesale,costco.com,USA,membership warehouse retail,"300,000+",10k+,core,,,"Public (Nasdaq), extremely strong balance sheet, historically marketing-averse",Long-shot mass reach; deep pockets if courted via a hospitality/member-perks angle
06 Retail & E-commerce,30,42,Falabella,falabella.com,Chile,retail/marketplace,"90,000+",10k+,core,,,"Public, large diversified LatAm retail conglomerate",LatAm reach ties to São Paulo GP and growing regional F1 fandom
06 Retail & E-commerce,31,42,FirstCry,firstcry.com,India,baby/kids e-commerce,"5,000+",1k-5k,growth-projected,,,"Public (NSE, 2024 IPO), strong India retail footprint",Family-audience reach as F1 broadens beyond core motorsport fans
06 Retail & E-commerce,32,42,H&M Group,hmgroup.com,Sweden,fashion retail,"100,000+",10k+,core,,,"Public (Nasdaq Stockholm), global fast-fashion leader",Broad European reach across multiple F1 host countries
06 Retail & E-commerce,33,42,Hepsiburada,hepsiburada.com,Turkey,marketplace,"3,000+",1k-5k,growth-projected,,,"Public (Nasdaq), improving profitability","Competes directly with Trendyol, incentive to match sports-marketing moves"
06 Retail & E-commerce,34,42,Inditex (Zara),inditex.com,Spain,fashion retail,"165,000+",10k+,core,,,"Public (BME), world's largest fashion retailer, exceptional margins",Spain GP market (Barcelona/Madrid) with a global fashion-forward audience
06 Retail & E-commerce,35,42,Jumia,jumia.com,Nigeria,marketplace,"3,000+",1k-5k,growth-projected,,,"Public (NYSE), narrowing losses, only pan-African scale e-commerce player",First-mover opportunity as F1 explores African market expansion
06 Retail & E-commerce,36,42,"Kingfisher plc (B&Q, Screwfix)",kingfisher.com,United Kingdom,home improvement retail,"78,000+",10k+,core,,,"Public (LSE), Europe's leading home improvement retailer",UK GP home market with DIY/tradesperson audience overlap with motorsport enthusiasts
06 Retail & E-commerce,37,42,Loblaw Companies,loblaw.ca,Canada,grocery/retail,"200,000+",10k+,core,,,"Public (TSX), Canada's largest grocery/retail group",Canadian GP (Montreal) home market
06 Retail & E-commerce,38,42,Magazine Luiza (Magalu),magazineluiza.com.br,Brazil,marketplace,"30,000+",10k+,core,,,"Public (B3), leading Brazilian e-commerce player","Home market of the São Paulo GP, strong brand recall opportunity"
06 Retail & E-commerce,39,42,Marks & Spencer,marksandspencer.com,United Kingdom,retail (fashion/food),"60,000+",10k+,core,,,"Public (LSE), successful multi-year turnaround, strong cash generation",Iconic UK brand in the home market of the Silverstone GP
06 Retail & E-commerce,40,42,Metro AG,metroag.de,Germany,wholesale retail,"90,000+",10k+,core,,,"Public (Frankfurt), global B2B wholesale leader",German market reach; hospitality/food-service client base overlaps F1 paddock catering
06 Retail & E-commerce,41,42,Namshi (Emaar),namshi.com,United Arab Emirates,fashion e-commerce,"1,000+",250-1k,growth-projected,,,"Backed by Emaar Properties, profitable Gulf fashion leader",Direct fit with the UAE GP home market (Abu Dhabi)
06 Retail & E-commerce,42,42,Nykaa,nykaa.com,India,beauty e-commerce,"3,000+",1k-5k,growth-projected,,,"Public (NSE), profitable niche category leader",Beauty/lifestyle audience overlaps with F1 paddock lifestyle content
06 Retail & E-commerce,43,42,Reliance Retail,relianceretail.com,India,retail conglomerate,"200,000+",10k+,core,,,"Private subsidiary of Reliance Industries, India's largest retailer, deep-pocketed parent","Unmatched scale into India, F1's single largest untapped growth market"
06 Retail & E-commerce,44,42,Target,target.com,USA,big-box retail,"400,000+",10k+,core,,,"Public (NYSE), large scale, margins currently pressured","Long-shot mass reach into US suburban families, F1's fastest-growing US demo"
06 Retail & E-commerce,45,42,Tesco,tesco.com,United Kingdom,grocery,"330,000+",10k+,core,,,"Public (LSE), UK's largest retailer, strong cash generation",UK home market (Silverstone GP) with mass household reach
06 Retail & E-commerce,46,42,Williams-Sonoma,williams-sonoma.com,USA,home goods retail,"20,000+",10k+,core,,,"Public (NYSE), highly profitable premium home retailer",Affluent household audience overlaps with F1's hospitality/paddock club demo
06 Retail & E-commerce,47,42,Woolworths Group,woolworthsgroup.com.au,Australia,grocery,"180,000+",10k+,core,,,"Public (ASX), Australia's largest retailer",Australian GP (Melbourne) home market
06 Retail & E-commerce,48,38,Aritzia,aritzia.com,Canada,fashion retail,"8,000+",5k-10k,growth-projected,,,"Public (TSX), high-growth profitable women's fashion brand",Fast-growing younger female audience aligns with F1's female-fanbase growth story
06 Retail & E-commerce,49,38,Boot Barn,bootbarn.com,USA,western/workwear retail,"8,000+",5k-10k,growth-projected,,,"Public (NYSE), rapidly growing profitable niche retailer",Growing US footprint in F1's expanding heartland markets (Texas/Austin GP)
06 Retail & E-commerce,50,38,Noon,noon.com,United Arab Emirates,marketplace,"6,000+",5k-10k,growth-projected,,,"Backed by Gulf sovereign-adjacent capital, funded $1B+",Direct fit with Abu Dhabi/Qatar GP home markets and Gulf investment momentum in F1
06 Retail & E-commerce,51,38,Trendyol,trendyol.com,Turkey,marketplace,"10,000+",5k-10k,growth-projected,,,"Alibaba-backed, ~$16.5B valuation, well-funded",Turkey's largest e-commerce platform with appetite for global brand-building
06 Retail & E-commerce,52,36,Kaspi.kz,kaspi.kz,Kazakhstan,super-app/marketplace,"15,000+",10k+,funded-150m,,,"Public (Nasdaq 2024), extremely high margins, billions in annual profit",Untapped Central Asian market with deep cash reserves for a marquee sponsorship
06 Retail & E-commerce,53,34,ESW (eShopWorld),esw.com,Ireland,cross-border e-commerce,"1,000+",250-1k,adjacent,,,"Private, backed by growth equity, established enterprise client base",Cross-border commerce for global brands mirrors F1's international footprint
06 Retail & E-commerce,54,34,Eternal Ltd (Blinkit/Zomato),eternal.com,India,food delivery & quick commerce,"15,000+",10k+,growth-projected,,,"Public (NSE), profitable core business with high-growth Blinkit unit",India's leading delivery platform gives direct access to F1's largest potential growth market
06 Retail & E-commerce,55,34,Grupo Éxito,grupoexito.com,Colombia,retail,"40,000+",10k+,growth-projected,,,"Public (Colombia/NYSE), leading Colombian retailer",Growing LatAm F1 fanbase with Colombian market-entry potential
06 Retail & E-commerce,56,34,GSF Car Parts (LKQ Euro),gsfcarparts.com,United Kingdom,auto parts retail,"2,000+",1k-5k,adjacent,,,"Part of LKQ Corp, stable ownership",Trade/retail auto-parts distributor with natural motorsport category fit
06 Retail & E-commerce,57,34,Konga,konga.com,Nigeria,marketplace,"1,000+",250-1k,adjacent,,,"Backed by Zinox Group, established Nigerian e-commerce brand",African market growth story alongside Jumia
06 Retail & E-commerce,58,34,Linio (Falabella),linio.com,Mexico,marketplace,"1,500+",1k-5k,adjacent,,,"Owned by Falabella, established LatAm e-commerce brand",Mexico City GP home-market reach
06 Retail & E-commerce,59,34,Newegg Commerce,newegg.com,USA,electronics e-commerce,"2,000+",1k-5k,adjacent,,,"Public (Nasdaq), niche tech retailer",Tech/gaming-enthusiast audience overlaps with F1's sim-racing/esports crossover fans
06 Retail & E-commerce,60,34,Takealot (Naspers/Prosus),takealot.com,South Africa,marketplace,"3,000+",1k-5k,adjacent,,,"Backed by Prosus/Naspers, South Africa's leading e-commerce player",South Africa has historically hosted F1 (Kyalami) and is eyed for a potential return
06 Retail & E-commerce,61,34,Tata CLiQ (Tata Digital),tatacliq.com,India,marketplace,"2,500+",1k-5k,adjacent,,,Backed by Tata Group's deep balance sheet,Tata Group's broader industrial ties give a natural F1 conversation opener
06 Retail & E-commerce,62,34,Veepee (Vente-Privee),veepee.com,France,flash-sales e-commerce,"4,000+",1k-5k,adjacent,,,"Private, established European flash-sales leader",French GP heritage market with a fashion/lifestyle-deal audience
06 Retail & E-commerce,63,34,Very Group,very.co.uk,United Kingdom,e-commerce retail,"4,000+",1k-5k,adjacent,,,"Private (Barclay family), established UK digital retailer",UK GP home market with a credit-led retail audience
06 Retail & E-commerce,64,30,"Global Fashion Group (Zalora, Lamoda excl.)",global-fashion-group.com,Luxembourg,fashion e-commerce,"10,000+",5k-10k,adjacent,,,"Public (Frankfurt), emerging-markets fashion e-commerce specialist",Portfolio spans multiple emerging F1 growth markets
06 Retail & E-commerce,65,30,Lazada Group (Alibaba),lazada.com,Singapore,marketplace,"10,000+",5k-10k,adjacent,,,"Backed by Alibaba, leading SE Asia marketplace",Singapore GP home market; competes directly with Shopee
06 Retail & E-commerce,66,30,PriceSmart,pricesmart.com,USA,warehouse club retail,"10,000+",5k-10k,adjacent,,,"Public (Nasdaq), profitable niche warehouse retailer",Central American/Caribbean expansion markets for growing F1 fandom
06 Retail & E-commerce,67,26,Aldi Group,aldi.com,Germany,discount grocery (private),"200,000+",10k+,adjacent,,,"Private, highly profitable global discount leader","Long-shot low-marketing-spend culture, but expanding US footprint could use F1 for brand-building"
06 Retail & E-commerce,68,26,Bath & Body Works,bathandbodyworks.com,USA,specialty retail,"30,000+",10k+,adjacent,,,"Public (NYSE), solid cash flow, mall-based specialty retailer",Mass consumer lifestyle brand seeking younger-audience touchpoints
06 Retail & E-commerce,69,26,Currys,currys.co.uk,United Kingdom,electronics retail,"20,000+",10k+,adjacent,,,"Public (LSE), UK's largest electronics retailer",UK GP home market with tech-consumer audience overlap
06 Retail & E-commerce,70,26,Edeka Group,edeka.de,Germany,grocery (cooperative),"400,000+",10k+,adjacent,,,"Private cooperative, Germany's largest grocery retailer",Broad German consumer reach despite no current German GP
06 Retail & E-commerce,71,26,Jerónimo Martins,jeronimomartins.com,Portugal,grocery,"130,000+",10k+,adjacent,,,"Public (Euronext Lisbon), stable Iberian/Polish grocery leader",Iberian presence ties to the growing Spanish GP market
06 Retail & E-commerce,72,26,Kohl's,kohls.com,USA,department store retail,"80,000+",10k+,adjacent,,,"Public (NYSE), turnaround retailer with a moderate marketing budget",Mass-market US household reach as F1 grows its domestic audience
06 Retail & E-commerce,73,26,Macy's,macys.com,USA,department store retail,"90,000+",10k+,adjacent,,,"Public (NYSE), restructuring but sizable marketing budget",Legacy mass-reach US retail brand seeking renewed relevance with younger shoppers
06 Retail & E-commerce,74,26,Mercadona,mercadona.es,Spain,grocery (private),"100,000+",10k+,adjacent,,,"Private family-owned, Spain's largest grocery chain, strong financials",Spain GP market fit (Barcelona/Madrid) though historically minimal above-the-line marketing
06 Retail & E-commerce,75,26,Michaels Companies,michaels.com,USA,arts & crafts specialty retail,"30,000+",10k+,adjacent,,,"Private equity-owned (Apollo), stable niche retailer",Broad mass-market household reach seeking a younger family audience
06 Retail & E-commerce,76,26,Migros,migros.ch,Switzerland,grocery (cooperative),"90,000+",10k+,adjacent,,,"Cooperative-owned, Switzerland's largest retailer, strong finances","Swiss market ties, with several F1 team HQs based nearby"
06 Retail & E-commerce,77,26,Nordstrom,nordstrom.com,USA,department store/e-commerce,"55,000+",10k+,adjacent,,,"Going private in 2025 (Nordstrom family/Liverpool), stable premium retailer",Premium fashion positioning fits F1's lifestyle/luxury crossover
06 Retail & E-commerce,78,26,Otto Group,otto.de,Germany,e-commerce retail,"40,000+",10k+,adjacent,,,"Private, one of the world's largest e-commerce groups by revenue",Deep German consumer reach and logistics capability to leverage in fan merchandising
06 Retail & E-commerce,79,26,Primark (Associated British Foods),primark.com,Ireland,fashion retail,"80,000+",10k+,adjacent,,,"Subsidiary of public ABF, strong cash generation, no e-commerce spend to redirect",Value-fashion audience overlap with F1's expanding mainstream fanbase
06 Retail & E-commerce,80,26,Qurate Retail (QVC),qvc.com,USA,retail/e-commerce,"15,000+",10k+,adjacent,,,"Public (Nasdaq), legacy TV/e-commerce retailer facing headwinds",Broadcast-retail hybrid model could pair well with F1 broadcast integration
06 Retail & E-commerce,81,26,Sainsbury's,sainsburys.co.uk,United Kingdom,grocery,"180,000+",10k+,adjacent,,,Public (LSE); thin grocery margins likely limit marketing flexibility,UK market fit but budget likely constrained to a smaller activation tier
06 Retail & E-commerce,82,26,Tractor Supply Company,tractorsupply.com,USA,rural lifestyle retail,"50,000+",10k+,adjacent,,,"Public (Nasdaq), consistent profitability",NASCAR-adjacent rural American audience extendable to F1's expanding US base
06 Retail & E-commerce,83,26,Victoria's Secret & Co,victoriassecret.com,USA,specialty retail,"30,000+",10k+,adjacent,,,"Public (NYSE), turnaround brand with active marketing budget",Rebrand efforts could leverage F1's glamour/lifestyle positioning
06 Retail & E-commerce,84,22,Temu (PDD Holdings),temu.com,Ireland/China,marketplace,"15,000+",10k+,sentiment,,,"PDD Holdings market cap $100B+, aggressive global ad spend (e.g. Super Bowl)","Optics flag: China-linked ownership, but proven appetite for mass sports/media buys to build Western trust"
07 Aviation & Aerospace Suppliers,1,50,Aciturri,aciturri.com,Spain,Aerostructures manufacturing,"2,700+",1k-5k,core,,,Large private Spanish aerostructures group; floor-level sponsorship plausible for European brand push.,Composite/metallic structures engineering kinship with F1 aero-component manufacturing.
07 Aviation & Aerospace Suppliers,2,50,CFM International (GE/Safran JV),cfmaeroengines.com,France,Commercial jet engines (joint venture),600+,250-1k,core,,,Backed by GE Aerospace and Safran parents; effectively unconstrained sponsorship budget access.,World's best-selling jet engine program; direct propulsion-engineering kinship with F1 power units.
07 Aviation & Aerospace Suppliers,3,50,Chromalloy (Sequa Corp / Carlyle),chromalloy.com,United States,Engine parts repair & manufacture,"5,000+",1k-5k,core,,,Carlyle-backed private industrial with global MRO revenue base; affordable at floor budget.,Precision turbine-parts remanufacturing mirrors F1 component engineering story.
07 Aviation & Aerospace Suppliers,4,50,Crane Aerospace & Electronics,craneae.com,United States,"Aerospace sensing, power & control systems","3,000+",1k-5k,core,,,Division of Crane Company (NYSE: CR); segment revenue supports floor-level sponsorship.,Sensor/power-electronics engineering kinship with F1 telemetry and energy-recovery systems.
07 Aviation & Aerospace Suppliers,5,50,Duncan Aviation,duncanaviation.aero,United States,Business jet MRO & completions,"2,700+",1k-5k,core,,,Large employee-owned MRO with strong revenue; can fund sponsorship at floor level.,Business-jet engineering/completions craftsmanship resonates with F1 precision-engineering audience.
07 Aviation & Aerospace Suppliers,6,50,Embraer Executive Jets,executive.embraer.com,Brazil,"Executive jet division (Phenom, Praetor)","3,000+",1k-5k,core,,,Division of Embraer with strong order book; floor-level sponsorship affordable via marketing budget.,Direct HNW bizjet buyer overlap with F1 paddock clientele; light-jet performance engineering story.
07 Aviation & Aerospace Suppliers,7,50,FACC AG,facc.com,Austria,Lightweight aerostructures & interiors,"3,300+",1k-5k,core,,,Public (Vienna Stock Exchange); revenue base supports floor-level sponsorship for brand growth.,Lightweight composite engineering directly parallels F1 carbon-fibre chassis technology.
07 Aviation & Aerospace Suppliers,8,50,FlightSafety International (Berkshire Hathaway),flightsafety.com,United States,Aviation training services,"5,000+",1k-5k,core,,,Berkshire Hathaway-owned; effectively unconstrained sponsorship budget capacity.,Precision simulation-training technology mirrors F1's driver-training and simulator investment story.
07 Aviation & Aerospace Suppliers,9,50,Héroux-Devtek,herouxdevtek.com,Canada,Landing gear & aerostructure systems,"2,300+",1k-5k,core,,,Public (TSX: HRX); steady revenue growth supports floor-level sponsorship.,Precision landing-gear/actuation engineering mirrors F1 suspension and mechanical-systems R&D.
07 Aviation & Aerospace Suppliers,10,50,Jet Aviation (General Dynamics),jetaviation.com,Switzerland,"FBO, MRO & completions for bizav","4,500+",1k-5k,core,,,Division of General Dynamics; ample parent-level marketing budget capacity.,Completions/craftsmanship engineering story plus HNW client base overlapping F1 paddock.
07 Aviation & Aerospace Suppliers,11,50,Latecoere,latecoere.aero,France,Aerostructures & interconnection systems,"4,500+",1k-5k,core,,,Public (Euronext Paris); revenue base plausibly supports floor-level sponsorship.,Aerostructure manufacturing engineering story fits F1's precision-fabrication narrative.
07 Aviation & Aerospace Suppliers,12,50,Magellan Aerospace,magellan.aero,Canada,Aerostructures & engine components manufacturing,"3,300+",1k-5k,core,,,Public (TSX: MAL); revenue base supports floor-level sponsorship.,Precision aerostructure/engine-component manufacturing mirrors F1 component-supplier positioning.
07 Aviation & Aerospace Suppliers,13,50,Ontic,ontic.com,United Kingdom,Legacy aerospace parts & obsolescence management,"1,700+",1k-5k,core,,,Private (CVC Capital Partners-backed); strong recurring aftermarket revenue supports floor-level sponsorship.,Precision legacy-parts engineering and long-term reliability story align with F1's component-durability narrative.
07 Aviation & Aerospace Suppliers,14,50,Pilatus Aircraft,pilatus-aircraft.com,Switzerland,"Business/utility aircraft (PC-12, PC-24)","2,500+",1k-5k,core,,,"Privately held, strong CHF revenue base and order backlog; affordable at floor.",Swiss precision-engineering brand story and HNW owner-pilot base align with F1 audience.
07 Aviation & Aerospace Suppliers,15,50,Sabena technics,sabenatechnics.com,France,Aircraft & component MRO,"4,000+",1k-5k,core,,,Private French MRO group with sizeable European revenue base; affordable at floor.,MRO engineering culture and European B2B audience overlap with F1 sponsorship targets.
07 Aviation & Aerospace Suppliers,16,50,SR Technics,srtechnics.com,Switzerland,Independent aircraft MRO,"2,000+",1k-5k,core,,,Established Swiss MRO with multi-hundred-million CHF revenue; can fund entry-level sponsorship.,Engineering precision/maintenance narrative aligns with F1 reliability messaging.
07 Aviation & Aerospace Suppliers,17,50,Triumph Group,triumphgroup.com,United States,Aerostructures & aftermarket services,"3,500+",1k-5k,core,,,Public (NYSE: TGI); revenue base supports floor-level sponsorship for brand recognition push.,Structural/systems engineering kinship aligns with F1 component-supplier positioning.
07 Aviation & Aerospace Suppliers,18,50,VSE Corporation,vsecorp.com,United States,Aviation aftermarket parts distribution & MRO,"2,700+",1k-5k,core,,,Public (Nasdaq: VSEC); revenue base supports floor-level sponsorship for brand growth.,Aftermarket-parts logistics/engineering story fits F1's supply-chain precision narrative.
07 Aviation & Aerospace Suppliers,19,46,AAR Corp,aarcorp.com,United States,"Aviation MRO, parts supply & distribution","6,000+",5k-10k,core,,,"NYSE public company, ~$2.5B revenue; sponsorship floor affordable within marketing budget.",MRO logistics/precision-parts story fits B2B stature audience of team partners.
07 Aviation & Aerospace Suppliers,20,46,Aernnova,aernnova.com,Spain,Aerostructures design & manufacturing,"5,500+",5k-10k,core,,,Large private Spanish aerospace group with strong export revenue; affordable at floor.,Structural engineering and composites expertise directly mirror F1 chassis R&D culture.
07 Aviation & Aerospace Suppliers,21,46,HAECO,haeco.com,Hong Kong,Aircraft MRO & cabin solutions,"9,000+",5k-10k,core,,,Swire Pacific-backed private MRO group with strong regional revenue base; affordable sponsorship.,MRO precision-engineering story plus growing APAC B2B audience F1 targets.
07 Aviation & Aerospace Suppliers,22,46,Senior plc,seniorplc.com,United Kingdom,Aerostructures & fluid systems components,"5,500+",5k-10k,core,,,Public (LSE); revenue base supports floor-level sponsorship for brand visibility.,Lightweight structures/fluid-systems engineering parallels F1 chassis and cooling technology.
07 Aviation & Aerospace Suppliers,23,42,Collins Aerospace (RTX),collinsaerospace.com,United States,"Avionics, interiors & aerospace systems","70,000+",10k+,core,,,Division of RTX Corporation (NYSE); ample marketing budget capacity beyond sponsorship floor.,Avionics/systems engineering overlap with F1 electronics; broad global B2B brand platform.
07 Aviation & Aerospace Suppliers,24,42,Embraer,embraer.com,Brazil,"Commercial, executive & defense aircraft OEM","20,000+",10k+,core,,,"Public (NYSE/B3) global OEM, multi-billion revenue; affordable sponsorship at floor.",Aerospace engineering stature plus growing executive-jet HNW clientele fits paddock audience.
07 Aviation & Aerospace Suppliers,25,42,FTAI Aviation,ftaiaviation.com,United States,Aircraft/engine leasing & aftermarket modules,"1,000+",250-1k,growth-projected,,,"Nasdaq-listed, rapidly growing revenue and market cap (multi-billion); strong marketing budget growth.",Fast-growing aftermarket engine story with high-net-worth investor base fits paddock B2B audience.
07 Aviation & Aerospace Suppliers,26,42,GE Aerospace,geaerospace.com,United States,Jet engines & propulsion systems,"50,000+",10k+,core,,,Standalone public company (2024 GE spin-off) with $30B+ revenue; easily funds sponsorship.,Turbine/thermodynamics engineering overlap with F1 power units; global B2B brand-building platform.
07 Aviation & Aerospace Suppliers,27,42,GKN Aerospace (Melrose Industries),gknaerospace.com,United Kingdom,Aerostructures & engine components,"16,000+",10k+,core,,,Division of Melrose Industries (LSE); large group revenue affords sponsorship at floor.,Composite/metallic aerostructure engineering mirrors F1 chassis and aero-component R&D.
07 Aviation & Aerospace Suppliers,28,42,Gulfstream Aerospace (General Dynamics),gulfstream.com,United States,Business jet manufacturing,"18,000+",10k+,core,,,"Division of General Dynamics (NYSE), multi-billion segment revenue; comfortably affords sponsorship.",Ultra-HNW bizjet buyer base overlaps directly with F1 paddock clientele; aerodynamics engineering kinship.
07 Aviation & Aerospace Suppliers,29,42,Honeywell Aerospace,aerospace.honeywell.com,United States,"Avionics, engines & aerospace systems","21,000+",10k+,core,,,"Division of Honeywell International (NYSE), multi-billion segment revenue; easily affords sponsorship.",Deep systems/avionics engineering kinship with F1 telemetry and control systems; strong B2B stature.
07 Aviation & Aerospace Suppliers,30,42,Loar Group,loargroup.com,United States,Niche aerospace components manufacturing,"1,500+",1k-5k,growth-projected,,,"Recently IPO'd (2024, NYSE: LOAR) high-growth aerospace parts roll-up; growth capital supports rising marketing spend.",Fast-growing precision-components story and newly public profile fit a brand-visibility sponsorship play.
07 Aviation & Aerospace Suppliers,31,42,Lufthansa Technik,lufthansa-technik.com,Germany,Aircraft MRO (independent of airline ops),"27,000+",10k+,core,,,Large MRO subsidiary with multi-billion EUR revenue; can fund sponsorship comfortably.,Engineering/maintenance precision culture parallels F1 pit-crew and reliability engineering.
07 Aviation & Aerospace Suppliers,32,42,MTU Aero Engines,mtu.de,Germany,"Jet engine design, manufacture, MRO","12,000+",10k+,core,,,~EUR6B revenue public company; sponsorship floor is a rounding-error marketing line.,Precision engine engineering mirrors F1 powertrain story; premium B2B/industrial audience.
07 Aviation & Aerospace Suppliers,33,42,RECARO Aircraft Seating,recaro-as.com,Germany,Aircraft seating manufacturer,"2,000+",1k-5k,adjacent,,,"Private, part of RECARO Group; sponsorship floor plausible given strong global airline OEM revenue.","POACH ANGLE: sister brand RECARO Automotive is a long-time motorsport seat supplier, giving Aircraft Seating a natural, low-friction route into F1 conversations."
07 Aviation & Aerospace Suppliers,34,42,Rolls-Royce Holdings,rolls-royce.com,United Kingdom,Aero engines & power systems,"42,000+",10k+,core,,,"Public FTSE100 company, revenue >GBP17B; well above sponsorship affordability floor.","Direct engineering DNA overlap (turbines, materials science) and history adjacent to motorsport engineering culture."
07 Aviation & Aerospace Suppliers,35,42,Surf Air Mobility,surfair.com,United States,Regional air mobility & aircraft electrification,300+,250-1k,growth-projected,,,"Public (Nasdaq: SRFM), small-cap; electrification technology roadmap signals future growth in marketing spend.",Aircraft electrification/powertrain engineering story aligns with F1's hybrid-power sustainability narrative.
07 Aviation & Aerospace Suppliers,36,42,Textron Aviation (Textron Inc.),txtav.com,United States,Cessna & Beechcraft business/GA aircraft,"13,000+",10k+,core,,,Division of NYSE-listed Textron; multi-billion segment revenue supports sponsorship easily.,Large HNW and corporate buyer base; performance-aircraft engineering story fits F1 audience.
07 Aviation & Aerospace Suppliers,37,38,StandardAero,standardaero.com,United States,Independent engine MRO,"7,000+",5k-10k,growth-projected,,,"NYSE-listed post-2024 IPO, ~$5B revenue; growth capital supports brand marketing spend.",MRO precision-engineering story fits F1 reliability/performance narrative; recent IPO raises brand visibility appetite.
07 Aviation & Aerospace Suppliers,38,36,Electra.aero,electra.aero,United States,Hybrid-electric eSTOL aircraft,150+,100-250,funded-150m,,,Private; raised ~$170M+ across seed/Series A/B rounds (evidence: 2024 Series B raise led by strategic/VC investors).,Hybrid-electric propulsion engineering story aligns with F1's hybrid power-unit narrative.
07 Aviation & Aerospace Suppliers,39,36,Overair,overair.com,United States,eVTOL aircraft manufacturer,150+,100-250,funded-150m,,,"Private, backed by Hanwha Systems (South Korea) with $150M+ invested (evidence: Hanwha strategic investment, 2022-2023).",Tilt-rotor aerodynamics engineering gives a direct technical-kinship story for a technology-sponsorship pitch.
07 Aviation & Aerospace Suppliers,40,34,AerCap Holdings,aercap.com,Ireland,Aircraft leasing,"2,500+",1k-5k,adjacent,,,"Public (NYSE: AER), world's largest lessor with $30B+ revenue; sponsorship floor easily affordable.",Global B2B financial stature and aviation-industry credibility fit a corporate-partner sponsorship story.
07 Aviation & Aerospace Suppliers,41,34,Air Partner,airpartner.com,United Kingdom,Aircraft charter broking & aviation services,300+,250-1k,adjacent,,,"Public (AIM-listed, part of Wheels Up group); modest revenue base near floor affordability.",Charter/HNW client base and UK aviation B2B stature fit F1 hospitality audience.
07 Aviation & Aerospace Suppliers,42,34,AJW Group,ajw-group.com,United Kingdom,Aircraft parts supply chain & MRO,700+,250-1k,adjacent,,,Private mid-market aerospace parts distributor; floor-level sponsorship plausible for brand growth.,Global logistics/parts-supply precision narrative fits B2B paddock audience.
07 Aviation & Aerospace Suppliers,43,34,Atlantic Aviation,atlanticaviation.com,United States,FBO network operator,"3,000+",1k-5k,adjacent,,,Private (KKR-owned) large FBO network with strong revenue; floor-level sponsorship affordable.,HNW private-aviation client base across FBO network fits paddock hospitality audience.
07 Aviation & Aerospace Suppliers,44,34,Avfuel Corporation,avfuel.com,United States,Aviation fuel supply & branding network,300+,250-1k,adjacent,,,Large private fuel-distribution network; floor-level sponsorship plausible given scale.,Aviation-energy B2B brand with a nationwide FBO network fits F1's fuel/energy sponsorship category.
07 Aviation & Aerospace Suppliers,45,34,Avolon Holdings,avolon.aero,Ireland,Aircraft leasing,700+,250-1k,adjacent,,,"Private (Orix/Bohai/Stonepeak-backed), multi-billion revenue; floor-level sponsorship affordable.",Global aviation-finance B2B stature aligns with F1's corporate-partnership audience.
07 Aviation & Aerospace Suppliers,46,34,Bombardier,bombardier.com,Canada,"Business jet manufacturing (Global, Challenger)","18,000+",10k+,adjacent,,,"Public (TSX), multi-billion USD revenue; comfortably affords sponsorship at floor.",LAPSED ANGLE: Bombardier previously sponsored F1 (e.g. Force India-era branding); re-engagement story plus strong HNW bizjet buyer overlap.
07 Aviation & Aerospace Suppliers,47,34,Bristow Group,bristowgroup.com,United States,"Helicopter services (offshore, SAR)","2,700+",1k-5k,adjacent,,,Public (NYSE: VTOL); steady industrial-services revenue supports floor-level sponsorship.,High-stakes operational-safety engineering culture offers a B2B brand-credibility tie-in with F1.
07 Aviation & Aerospace Suppliers,48,34,Constant Aviation,constantaviation.com,United States,Business jet MRO network,600+,250-1k,adjacent,,,"Private, growing US MRO network; floor-level sponsorship plausible for a targeted regional deal.",Business-jet maintenance precision story fits F1's reliability-engineering narrative.
07 Aviation & Aerospace Suppliers,49,34,CPI Aerostructures,cpiaero.com,United States,Aerostructure assemblies manufacturing,600+,250-1k,adjacent,,,"Public (NYSE American: CVU), small-cap; sponsorship likely near/below floor for a niche activation.",Precision structural-assembly engineering offers a modest technical-kinship tie-in with F1.
07 Aviation & Aerospace Suppliers,50,34,Elliott Aviation,elliottaviation.com,United States,Business jet MRO & avionics,400+,250-1k,adjacent,,,Private regional MRO provider; sponsorship likely near/below floor for a targeted activation.,Avionics/maintenance engineering story offers a modest technical-kinship tie-in with F1.
07 Aviation & Aerospace Suppliers,51,34,Gama Aviation,gamaaviation.com,United Kingdom,Aircraft management & charter services,800+,250-1k,adjacent,,,Public (AIM-listed) with global operations; floor-level sponsorship plausible.,HNW aircraft-owner client base aligns with F1 paddock hospitality audience.
07 Aviation & Aerospace Suppliers,52,34,Geven S.p.A,geven.com,Italy,Aircraft seating manufacturer,600+,250-1k,adjacent,,,Private mid-size Italian seating manufacturer; sponsorship likely near/below floor for a regional deal.,Italian design/engineering heritage and motorsport-adjacent national market (Ferrari/Italy) support a natural narrative.
07 Aviation & Aerospace Suppliers,53,34,Honda Aircraft Company,hondajet.com,United States,Light business jets (HondaJet),"2,000+",1k-5k,adjacent,,,Subsidiary of Honda Motor (global automaker); parent has ample marketing budget capacity.,Honda's own motorsport heritage (F1 engine supplier) gives natural crossover story for HondaJet brand.
07 Aviation & Aerospace Suppliers,54,34,Jetex,jetex.com,United Arab Emirates,Luxury FBO & trip support network,700+,250-1k,adjacent,,,"Private, rapidly expanding global luxury FBO network; floor-level sponsorship plausible.",Luxury HNW private-aviation client base directly overlaps with F1 paddock hospitality audience.
07 Aviation & Aerospace Suppliers,55,34,SMBC Aviation Capital,smbc.aero,Ireland,Aircraft leasing,300+,250-1k,adjacent,,,Subsidiary of Sumitomo Mitsui Financial Group; strong parent balance sheet affords floor-level sponsorship.,Japanese banking-group backing and global leasing B2B stature fit a corporate-sponsorship narrative.
07 Aviation & Aerospace Suppliers,56,34,STG Aerospace,stgaerospace.com,United Kingdom,Aircraft cabin lighting & signage systems,250+,250-1k,adjacent,,,Private niche cabin-systems supplier; sponsorship likely near/below floor for a targeted activation.,Lighting/technology-systems engineering offers a modest but relevant B2B brand tie-in.
07 Aviation & Aerospace Suppliers,57,34,TAG Aviation,tagaviation.com,Switzerland,"Aircraft management, charter & FBO",600+,250-1k,adjacent,,,"Private, part of TAG Group (with own motorsport heritage via TAG-McLaren); floor-level sponsorship plausible.",Historic TAG-McLaren F1 lineage gives a natural re-engagement narrative; strong HNW client base.
07 Aviation & Aerospace Suppliers,58,34,Thompson Aero Seating,thompsonaero.com,United Kingdom,Premium aircraft seating (part of Collins Aerospace),600+,250-1k,adjacent,,,Part of Collins Aerospace/RTX; access to group marketing budget supports floor-level sponsorship.,Premium-cabin engineering/design story offers a comfort-and-craftsmanship brand tie-in with F1 hospitality suites.
07 Aviation & Aerospace Suppliers,59,34,Universal Weather and Aviation,universalweather.com,United States,Trip support & FBO services for bizav,"1,800+",1k-5k,adjacent,,,Large private US aviation-services company; floor-level sponsorship plausible.,Global trip-planning/logistics B2B service aligns with F1's HNW bizav-traveling paddock audience.
07 Aviation & Aerospace Suppliers,60,34,Vallair,vallair.com,Luxembourg,"Aircraft/engine leasing, MRO, parts",300+,250-1k,adjacent,,,Mid-size private aviation services firm; sponsorship near the lower end of the floor is plausible for brand-building.,Cross-border European MRO/leasing story fits B2B paddock hospitality audience.
07 Aviation & Aerospace Suppliers,61,34,Vista Global (VistaJet),vistaglobal.com,Switzerland,Global private jet subscription/charter,"3,000+",1k-5k,adjacent,,,"Private, large fleet and global revenue base; affordable at floor for brand marketing.",VERIFY-CONFLICT: VistaJet has held a Scuderia Ferrari partnership; confirm exclusivity status before approaching other teams. Strong HNW paddock-audience fit.
07 Aviation & Aerospace Suppliers,62,34,West Star Aviation,weststaraviation.com,United States,Business jet MRO,"1,500+",1k-5k,adjacent,,,Large private US MRO provider; floor-level sponsorship plausible.,Business-jet maintenance engineering culture aligns with F1's precision-service narrative.
07 Aviation & Aerospace Suppliers,63,30,Signature Aviation,signatureaviation.com,United Kingdom,FBO network & aircraft ground services,"6,000+",5k-10k,adjacent,,,Private (Blackstone/Global Infrastructure Partners consortium-owned) with strong global FBO revenue; floor-level sponsorship affordable.,HNW private-aviation client footprint across FBO network fits paddock hospitality audience.
07 Aviation & Aerospace Suppliers,64,26,AerFin,aerfin.com,United Kingdom,Aircraft/engine parts & asset management,200+,100-250,adjacent,,,"Smaller private specialist; sponsorship likely at or below floor, viable for regional activation.",Niche aerospace asset-management story offers B2B hospitality fit rather than deep engineering marketing.
07 Aviation & Aerospace Suppliers,65,26,Air Lease Corporation,airleasecorp.com,United States,Aircraft leasing,150+,100-250,adjacent,,,"Public (NYSE: AL), multi-billion revenue; sponsorship floor easily affordable.",Aviation-finance B2B stature offers a corporate-partner brand story for F1's business audience.
07 Aviation & Aerospace Suppliers,66,26,Aspen Avionics,aspenavionics.com,United States,Retrofit avionics for GA aircraft,150+,100-250,adjacent,,,"Private, niche avionics manufacturer; sponsorship likely at or below floor.",Avionics engineering story offers a modest B2B tech-brand tie-in to F1.
07 Aviation & Aerospace Suppliers,67,26,Aviation Capital Group,aviationcapitalgroup.com,United States,Aircraft leasing,150+,100-250,adjacent,,,Private (Tokyo Century/PAG-backed); solid balance sheet supports floor-level sponsorship.,Aviation-finance B2B credibility fits a corporate-partner sponsorship angle for F1.
07 Aviation & Aerospace Suppliers,68,26,Avidyne Corporation,avidyne.com,United States,GA avionics & flight displays,150+,100-250,adjacent,,,"Private, niche avionics maker; sponsorship near/below floor for a targeted brand tie-in.",Cockpit-display engineering story gives a light technology-brand crossover with F1.
07 Aviation & Aerospace Suppliers,69,26,Empire Aviation Group,empire.aero,United Arab Emirates,Aircraft management & charter (Middle East/Asia),150+,100-250,adjacent,,,Private boutique operator; sponsorship likely near/below floor for a regional activation package.,Middle East/Asia HNW clientele overlaps with F1's growth markets and paddock audience.
07 Aviation & Aerospace Suppliers,70,26,Global Jet Concept,globaljetconcept.com,Switzerland,Business jet management & charter,150+,100-250,adjacent,,,"Boutique private Swiss operator; sponsorship likely near/below floor, fits regional activation.",Ultra-HNW Swiss/European clientele aligns closely with F1 paddock demographic.
07 Aviation & Aerospace Suppliers,71,26,Innovative Solutions & Support,innovative-ss.com,United States,Flight guidance & avionics systems,150+,100-250,adjacent,,,"Public (Nasdaq: ISSC), small-cap; sponsorship likely at or below floor for a regional activation.","Flight-control/avionics engineering kinship with F1 systems, on a smaller B2B scale."
07 Aviation & Aerospace Suppliers,72,26,uAvionix,uavionix.com,United States,ADS-B & avionics for drones/UAM,150+,100-250,adjacent,,,"Private, well-funded niche avionics supplier; sponsorship likely near/below floor for a targeted deal.",Cutting-edge avionics/UAM story fits F1's innovation-and-technology sponsorship narrative.
07 Aviation & Aerospace Suppliers,73,26,Victor,flyvictor.com,United Kingdom,On-demand private jet charter platform,150+,100-250,adjacent,,,"Private, VC-backed marketplace; sponsorship likely near/below floor for targeted brand activation.",Tech-enabled HNW charter audience aligns with F1's affluent fanbase.
07 Aviation & Aerospace Suppliers,74,26,Wingcopter,wingcopter.com,Germany,Delivery drone manufacturer,150+,100-250,adjacent,,,"Private, growth-stage; sponsorship likely near/below floor for a technology-brand activation.",VTOL delivery-drone aerodynamics engineering offers a novel technology-sponsorship narrative.
08 Sporting Goods & Fitness,1,50,Amer Sports,amersports.com,Finland,"outdoor/performance apparel & equipment (Salomon, Arc'teryx, Wilson)","13,000+",10k+,core,,,"Public (NYSE:AS, 2024 IPO); multi-brand portfolio with strong marketing budgets",Parent of Salomon/Arc'teryx/Wilson wants a performance halo property; no current F1 exposure vs adidas/Puma rivals.
08 Sporting Goods & Fitness,2,50,Babolat,babolat.com,France,tennis/badminton equipment,"500-1,000",250-1k,core,,,"Private, family-owned; leading tennis racquet/string manufacturer",French heritage sports-tech brand could align with F1's French GP and engineering-precision narrative.
08 Sporting Goods & Fitness,3,50,Castelli,castelli-cycling.com,Italy,performance cycling apparel,300-500,250-1k,core,,,Private; leading professional cycling apparel supplier (multiple WorldTour teams),Italian performance-cycling apparel brand with deep pro-team sponsorship experience and Italian motorsport-culture alignment.
08 Sporting Goods & Fitness,4,50,CCM Hockey,ccmhockey.com,Canada,ice hockey equipment,"500-1,000",250-1k,core,,,Private (Birch Hill Equity Partners); #2 global hockey equipment brand,Hockey equipment challenger brand could use F1 exposure to build recognition outside core hockey markets.
08 Sporting Goods & Fitness,5,50,Concept2,concept2.com,USA,rowing/skiing ergometers,300-500,250-1k,core,,,"Private, founder-owned; category-defining rowing-machine maker for elite endurance athletes",Rowing ergometer standard for elite endurance training mirrors F1 drivers' well-documented rowing-based cardio regimens.
08 Sporting Goods & Fitness,6,50,Crunch Fitness,crunch.com,USA,gym franchise,"1,000+ corporate",250-1k,core,,,Private (equity-backed franchisor); rapidly expanding US gym brand,"High-energy, pop-culture-driven gym brand fits F1's entertainment-forward US expansion strategy."
08 Sporting Goods & Fitness,7,50,Fabletics,fabletics.com,USA,activewear/athleisure DTC,"1,500+",1k-5k,core,,,"Private (TechStyle Fashion Group), Kate Hudson-backed, profitable subscription model",Athleisure brand with celebrity co-founder fits F1's lifestyle/entertainment crossover positioning.
08 Sporting Goods & Fitness,8,50,Fitness First,fitnessfirst.com,UK,gym chain,"5,000+",1k-5k,core,,,"Private (Oaktree Capital-backed); major international gym operator across Europe, Middle East, Asia","International gym network spanning F1 host countries (UK, Middle East, Asia) offers ready-made regional activation footprint."
08 Sporting Goods & Fitness,9,50,PureGym Group,puregym.com,UK,gym chain,"5,000+",1k-5k,core,,,"Private (Leonard Green & Partners-backed); UK's largest gym operator, profitable and expanding into Europe/US",Growing gym operator expanding internationally could use F1's UK heritage (Silverstone) for a home-market story.
08 Sporting Goods & Fitness,10,50,Rapha Racing,rapha.cc,UK,premium cycling apparel,"500-1,000",250-1k,core,,,"Private (RZC Investments, Walton family-backed); premium cycling apparel brand with WorldTour team ties (EF Education)",Premium performance-cycling apparel brand already active in pro cycling sponsorship is a natural extension into F1 team apparel/lifestyle lines.
08 Sporting Goods & Fitness,11,50,Reebok (Authentic Brands Group),reebok.com,USA,athletic footwear/apparel,"1,000-2,000",1k-5k,core,,,Owned by Authentic Brands Group (NYSE:AUTH) since 2021 adidas divestiture; actively rebuilding via marketing,"Independent again from adidas, Reebok is re-entering sports marketing and lacks any motorsport presence versus its former parent's Mercedes deal."
08 Sporting Goods & Fitness,12,50,Self Esteem Brands (Anytime Fitness),selfesteembrands.com,USA,gym franchise,"1,000+ corporate",250-1k,core,,,"Private; franchise network spanning 5,000+ locations globally",Global 24/7 gym franchise could leverage F1's international footprint for cross-market franchise marketing.
08 Sporting Goods & Fitness,13,50,Specialized Bicycle Components,specialized.com,USA,bicycles & cycling gear,"2,000+",1k-5k,core,,,"Private, founder-controlled; premium global bike brand",Innovation-focused premium cycling brand shares F1's obsession with aerodynamics and marginal gains.
08 Sporting Goods & Fitness,14,50,Speedo International (Pentland Group),speedo.com,UK,swimwear/performance apparel,"1,000+",250-1k,core,,,Private (Pentland Group); global swimwear market leader across Olympic sports,Elite swim-performance brand with deep Olympic ties could diversify into F1's global audience via driver-fitness/training crossover.
08 Sporting Goods & Fitness,15,50,TaylorMade Golf,taylormadegolf.com,USA,golf equipment,"2,000+",1k-5k,core,,,"Private (Centroid Investment Partners, South Korea); well-funded post-adidas divestiture",Innovation-driven golf equipment brand could use F1 tech-transfer storytelling to differentiate from Callaway/Titleist.
08 Sporting Goods & Fitness,16,50,Yonex,yonex.com,Japan,badminton/tennis/golf equipment,"3,000+",1k-5k,core,,,"Private, strong global racquet-sports leader with steady profits",Precision equipment maker could leverage F1's engineering-performance story to elevate its tech positioning globally.
08 Sporting Goods & Fitness,17,46,24 Hour Fitness,24hourfitness.com,USA,gym chain,"10,000+",5k-10k,core,,,"Private, stabilized under new ownership post-2020 restructuring; large US gym network","Large US gym network recovering post-restructuring could use F1's growing US fanbase (Austin, Miami, Vegas) for a growth push."
08 Sporting Goods & Fitness,18,46,Acushnet Holdings (Titleist),acushnetgolf.com,USA,golf equipment/apparel,"8,000+",5k-10k,core,,,"Public (NYSE:GOLF), ~$2.3B revenue; disciplined but capable of premium sponsorship","Precision-engineered golf brand mirrors F1's performance-engineering ethos, untapped by current golf-F1 crossover marketing."
08 Sporting Goods & Fitness,19,46,Basic-Fit,basic-fit.com,Netherlands,gym chain,"10,000+",5k-10k,core,,,Public (Euronext:BFIT); largest European low-cost gym operator,Pan-European gym chain aligns with F1's European race calendar for localized activation opportunities.
08 Sporting Goods & Fitness,20,46,Equinox Group,equinox.com,USA,premium fitness clubs,"10,000+",5k-10k,core,,,Private (Related Companies-backed); ultra-premium positioning with high per-member spend,"Ultra-premium fitness brand's affluent, lifestyle-driven membership overlaps precisely with F1's paddock-club demographic."
08 Sporting Goods & Fitness,21,46,"RSG Group (Gold's Gym, McFit)",rsggroup.com,Germany,gym chain conglomerate,"10,000+",5k-10k,core,,,Private; one of the world's largest fitness operators by member count,Global gym conglomerate with Gold's Gym's bodybuilding heritage could tie into driver strength-training narratives.
08 Sporting Goods & Fitness,22,46,Virgin Active,virginactive.com,UK,premium gym chain,"10,000+",5k-10k,core,,,Private (Virgin Group-affiliated); global premium fitness operator,Virgin brand's existing sports/entertainment portfolio makes an F1 tie-in a natural brand extension.
08 Sporting Goods & Fitness,23,44,Alo Yoga,aloyoga.com,USA,athleisure/yoga apparel,"1,000+",250-1k,funded-150m,,,"Private, reportedly $10B+ valuation after 2024 investment; celebrity-driven marketing budget",Aspirational lifestyle-athleisure brand aligned with F1's glamour/celebrity crossover appeal.
08 Sporting Goods & Fitness,24,44,ClassPass (Mindbody),classpass.com,USA,fitness marketplace app,"500-1,000",250-1k,funded-150m,,,"Private (Mindbody, Vista Equity Partners-backed); large funded fitness-tech platform","Fitness-discovery platform could leverage F1's affluent, global fan demographics for premium subscriber acquisition."
08 Sporting Goods & Fitness,25,44,Hydrow,hydrow.com,USA,connected rowing equipment,300-500,250-1k,funded-150m,,,"Private, raised $250M+ across rounds; well-funded connected-fitness challenger",Endurance/cardio-data platform aligns with driver cardiovascular-fitness storytelling (F1 drivers train with rowing-style intervals).
08 Sporting Goods & Fitness,26,44,Momentous,livemomentous.com,USA,performance supplements/recovery,300-500,250-1k,funded-150m,,,"Private, growth-investor backed; NSF-certified performance nutrition for elite athletes",Elite-athlete-trusted supplement brand (used by Olympic/pro teams) could extend into F1 driver nutrition/performance programs.
08 Sporting Goods & Fitness,27,42,Callaway Golf (Topgolf Callaway Brands),callawaygolf.com,USA,golf equipment & Topgolf entertainment,"18,000+",10k+,core,,,"Public (NYSE:MODG), ~$4.2B revenue across golf and entertainment",Golf-and-entertainment giant seeking new premium-audience platforms; Topgolf venues could cross-promote with F1 hospitality.
08 Sporting Goods & Fitness,28,42,Foot Locker,footlocker.com,USA,athletic footwear retail,"25,000+",10k+,core,,,"Public (NYSE:FL); turnaround underway but stabilizing, mid-size sponsorship feasible",Sneaker-culture retailer seeking fresh premium platforms to reposition its brand amid turnaround.
08 Sporting Goods & Fitness,29,42,Frasers Group,frasers.group,UK,"sporting goods retail conglomerate (Sports Direct, Evans Cycles)","27,000+",10k+,core,,,"Public (LSE:FRAS), Mike Ashley-controlled; deep pockets and appetite for sports sponsorships","Diversified sports retail group with a track record of high-profile sports investments (e.g., Everton FC) could add F1."
08 Sporting Goods & Fitness,30,42,JD Sports Fashion,jdplc.com,UK,sporting goods/sneaker retail,"60,000+",10k+,core,,,"Public (LSE:JD.), multi-billion revenue global retailer",Global sneaker/athletic retailer wants a marquee sports property beyond its existing football-heavy sponsorships.
08 Sporting Goods & Fitness,31,42,Life Time Group Holdings,lifetime.life,USA,premium athletic country clubs,"35,000+",10k+,core,,,"Public (NYSE:LTH); premium positioning, affluent membership base, strong recent stock performance",Affluent-member premium fitness brand mirrors F1's upscale hospitality audience — natural cross-promotion fit.
08 Sporting Goods & Fitness,32,42,Peak Sport Products,peaksport.com,China,athletic footwear & apparel,"5,000+",1k-5k,growth-projected,,,Public (HKEX:1968); established brand with NBA ties exploring global expansion,Basketball-focused brand diversifying into global sports marketing could add F1 for international reach.
08 Sporting Goods & Fitness,33,42,Planet Fitness,planetfitness.com,USA,gym chain (franchise),"5,000+ corporate; 20,000+ system-wide",10k+,core,,,Public (NYSE:PLNT); large franchise network with strong marketing fund,"Mass-market gym brand could use F1's broadening US audience (Miami, Vegas GPs) to drive domestic membership growth."
08 Sporting Goods & Fitness,34,42,Sports Direct (Frasers Group),sportsdirect.com,UK,sporting goods retail,"20,000+",10k+,core,,,Backed by Frasers Group's balance sheet; UK's largest sports retailer,Value-to-premium retail mix could leverage F1 exposure to drive footfall across owned athletic brands.
08 Sporting Goods & Fitness,35,42,Venum,venum.com,France,combat sports apparel/equipment,"500-1,000",250-1k,adjacent,,,"Private, profitable global MMA apparel leader",Fast-growing combat-sports brand expanding into broader athletic apparel could poach F1 sponsorship territory from Puma.
08 Sporting Goods & Fitness,36,38,361 Degrees International,361sport.com,China,athletic footwear & apparel,"8,000+",5k-10k,growth-projected,,,Public (HKEX:1361); solid domestic revenue funding overseas push,Rising Chinese sportswear exporter (now selling in the US) seeking global brand-building platforms like F1.
08 Sporting Goods & Fitness,37,38,Anta Sports,anta.com,China,athletic footwear & apparel,"10,000+",5k-10k,growth-projected,,,"Public (HKEX:2020), largest Chinese sportswear group by revenue; deep marketing pockets",Chinese sportswear leader expanding globally seeks a marquee Western motorsport platform for international credibility.
08 Sporting Goods & Fitness,38,38,Li-Ning,lining.com,China,athletic footwear & apparel,"10,000+",5k-10k,growth-projected,,,Public (HKEX:2331); strong revenue base funds international sponsorship pushes,Global-ambition Chinese brand can pair F1's Shanghai race and worldwide reach to build brand outside Asia.
08 Sporting Goods & Fitness,39,38,Xtep International,xtep.com.cn,China,athletic footwear & apparel,"10,000+",5k-10k,growth-projected,,,Public (HKEX:1368); marathon-sponsorship heavy brand with growing international ambitions,Running-focused Chinese brand expanding overseas could pair marathon pedigree with F1's China Grand Prix market.
08 Sporting Goods & Fitness,40,34,Assault Fitness (Escalade Sports),assaultfitness.com,USA,strength/cardio equipment,300-500,250-1k,adjacent,,,Backed by Escalade Inc. (NASDAQ:ESCA); mid-size functional-fitness equipment maker,Functional fitness-equipment brand popular in CrossFit/pro-training circles could extend into F1 driver conditioning content.
08 Sporting Goods & Fitness,41,34,Easton (Peak Achievement Athletics),eastonbaseball.com,USA,baseball/softball & archery equipment,"500-1,000",250-1k,adjacent,,,"Private (Peak Achievement Athletics, same owner as Bauer); niche but stable",Performance-engineered bats/equipment brand aligns with F1's materials-science and engineering narrative.
08 Sporting Goods & Fitness,42,34,Everlast,everlast.com,USA,boxing/combat sports equipment & apparel,"500-1,000",250-1k,adjacent,,,Private (Frasers Group-owned since 2017); backed by Frasers' capital,"Combat-sports brand's tough, performance-driven image could resonate with F1's physically demanding driver narrative."
08 Sporting Goods & Fitness,43,34,Franklin Sports,franklinsports.com,USA,sports equipment (multi-sport),"500-1,000",250-1k,adjacent,,,"Private, family-owned; broad multi-sport equipment portfolio",Multi-sport equipment brand could use F1 sponsorship to elevate above its mass-market positioning.
08 Sporting Goods & Fitness,44,34,Kappa (BasicNet),kappa.com,Italy,athletic/lifestyle apparel,"500-1,000",250-1k,adjacent,,,Public parent BasicNet (Borsa Italiana); heritage Italian sportswear brand with global licensing,Heritage Italian sports-fashion brand (past motorsport-adjacent 1970s-80s ties) could revive an Italian motorsport connection via F1.
08 Sporting Goods & Fitness,45,34,Lotto Sport Italia,lotto.it,Italy,athletic footwear & apparel,"500-1,000",250-1k,adjacent,,,Private (Calzaturificio Lotto); mid-size heritage Italian sportswear brand,Italian sports heritage brand could tie into F1's strong Italian fan base (Ferrari/Monza) for regional marketing lift.
08 Sporting Goods & Fitness,46,34,Rawlings Sporting Goods,rawlings.com,USA,baseball/softball equipment,"1,000+",250-1k,adjacent,,,Private (Seidler Equity Partners); official MLB ball supplier,Legacy American sports-equipment brand seeking international relevance could use F1 as a global stage beyond baseball.
08 Sporting Goods & Fitness,47,34,Riddell (BRG Sports),riddell.com,USA,football helmets/protective equipment,"500-1,000",250-1k,adjacent,,,Private (BRG Sports); dominant football helmet safety brand,Helmet-safety technology leader has a compelling driver-safety/HANS-device crossover story with F1 safety innovation.
08 Sporting Goods & Fitness,48,34,SoulCycle (Equinox Group),soul-cycle.com,USA,boutique cycling fitness,"1,000+",250-1k,adjacent,,,"Backed by Equinox Group; boutique fitness brand with a loyal, high-spend following",Boutique performance-cycling brand could add an F1-themed ride/activation tying cycling cadence to driver cardio training.
08 Sporting Goods & Fitness,49,34,Spalding (Russell Brands),spalding.com,USA,basketball/sports equipment,"500-1,000",250-1k,adjacent,,,Private (Kohlberg & Co-owned Russell Brands); iconic basketball brand,Iconic ball-sports brand looking to diversify visibility into global motorsport audiences beyond basketball.
08 Sporting Goods & Fitness,50,34,TYR Sport,tyr.com,USA,swimwear/triathlon gear,"500-1,000",250-1k,adjacent,,,"Private, growing multi-sport performance apparel lineup",Triathlon-focused brand's endurance/multi-discipline athlete story pairs with F1 driver cross-training narratives.
08 Sporting Goods & Fitness,51,26,Intersport International,intersport.com,Netherlands,sporting goods retail cooperative,"60,000+ (network)",10k+,adjacent,,,Private cooperative federation; collectively one of the world's largest sports retail networks,Global buying-group scale could co-fund an F1 marketing tie-in across its member retailers.
"09 Maritime, Shipping & Ports",1,50,Brunvoll,brunvoll.no,Norway,marine thrusters & propulsion control,500+,250-1k,core,,,"Privately owned niche propulsion specialist, stable maritime-tech revenue","Norwegian maritime-tech decarbonization narrative on a smaller, still-affordable scale"
"09 Maritime, Shipping & Ports",2,50,Bunker Holding Group,bunker-holding.com,Denmark,marine fuel trading & bunkering,"1,300+",1k-5k,core,,,"World's largest independent bunker trader, multi-billion dollar turnover",Green-fuel transition (biofuels/methanol) narrative directly matches F1's decarbonization story
"09 Maritime, Shipping & Ports",3,50,Euronav / CMB.TECH,cmb.tech,Belgium,"tankers, dry bulk, hydrogen dual-fuel vessels",800+,250-1k,core,,,"Euronext-listed, Saverys family HNW ownership",Hydrogen dual-fuel newbuild pioneer story fits F1's decarbonization narrative directly
"09 Maritime, Shipping & Ports",4,50,Frontline plc,frontline.bm,Cyprus/Bermuda,crude oil tankers,"1,000+ (incl. seafarers)",250-1k,core,,,"NYSE-listed, John Fredriksen-controlled, multi-billion dollar fleet value",Fredriksen family's HNW investment network overlaps directly with F1 team-owner and paddock circles
"09 Maritime, Shipping & Ports",5,50,Hafnia Limited,hafniabw.com,Denmark/Singapore,product tankers,700+,250-1k,core,,,"World's largest product tanker owner, backed by BW Group's Sohmen-Pao family",BW Group HNW family backing mirrors the wealth profile common among F1 team owners
"09 Maritime, Shipping & Ports",6,50,MacGregor (Cargotec),macgregor.com,Finland,marine cargo handling equipment,"2,500+",1k-5k,core,,,Part of Cargotec's multi-billion dollar revenue base,Leading marine cargo-handling equipment brand tied to global trade efficiency narrative
"09 Maritime, Shipping & Ports",7,50,Monjasa,monjasa.com,Denmark,marine fuel trading & physical supply,900+,250-1k,core,,,"Family-owned (Ostergaard family), fast-growing global bunker supplier",Family-owned HNW ownership with global-trade growth ambitions
"09 Maritime, Shipping & Ports",8,50,Ocean Network Express (ONE),one-line.com,Singapore,container shipping (NYK/MOL/K Line JV),"5,000+",1k-5k,core,,,Multi-billion dollar revenue JV backed by three Japanese majors,Unified post-merger brand (2018) needing global recognition beyond its distinctive magenta livery
"09 Maritime, Shipping & Ports",9,50,Oldendorff Carriers,oldendorff.com,Germany,dry bulk shipping (private),"2,000+",1k-5k,core,,,"World's largest privately-owned dry bulk operator, family-funded, no public reporting constraints",German family-owned (Oldendorff family) industrial prestige with global-trade scale
"09 Maritime, Shipping & Ports",10,50,Pacific Basin Shipping,pacificbasin.com,Hong Kong,dry bulk (Handysize/Supramax),"3,000+",1k-5k,core,,,"HKEX-listed, one of world's largest handysize bulk operators",Asia's growth trade lanes align with F1's expansion in the region
"09 Maritime, Shipping & Ports",11,50,Peninsula Petroleum,peninsulapetroleum.com,Gibraltar/UK,independent marine fuel supplier,600+,250-1k,core,,,"Privately held, growing global bunkering network",Biofuel/LNG bunkering growth story fits F1's decarbonization narrative
"09 Maritime, Shipping & Ports",12,50,Seaspan (Atlas Corp.),atlascorporation.com,Canada,containership leasing,700+,250-1k,core,,,"NYSE-listed, world's largest independent containership lessor",HNW controlling-family ownership profile comparable to several F1 team owners
"09 Maritime, Shipping & Ports",13,50,Star Bulk Carriers,starbulk.com,Greece,dry bulk shipping,"1,000+",250-1k,core,,,"Nasdaq-listed, largest US-listed dry bulk owner by fleet size",Petros Pappas-led Greek shipping dynasty with Monaco/Mediterranean social ties mirroring F1's paddock circuit
"09 Maritime, Shipping & Ports",14,50,Torm plc,torm.com,Denmark,product tankers,"3,000+ (incl. seafarers)",1k-5k,core,,,"Nasdaq Copenhagen/NYSE-listed, strong tanker-cycle earnings",Leading products-tanker owner with a strong ESG/decarbonization retrofit program
"09 Maritime, Shipping & Ports",15,50,Yang Ming Marine Transport,yangming.com,Taiwan,container shipping,"3,000+",1k-5k,core,,,"Multi-billion dollar revenue, TWSE-listed carrier",Top-10 global liner seeking brand differentiation in the crowded Asia-Pacific trade lanes
"09 Maritime, Shipping & Ports",16,50,Yilport Holding,yilport.com,Turkey,port terminal operator (private),"4,000+",1k-5k,core,,,"Fast-growing global network across 12+ countries, Yildirim Group backing",Yildirim family HNW conglomerate ownership with global-brand ambitions
"09 Maritime, Shipping & Ports",17,50,ZIM Integrated Shipping Services,zim.com,Israel,container shipping,"5,000+",1k-5k,core,,,"NYSE-listed, multi-billion dollar revenue",Israeli global carrier with an aggressive digital-marketing culture and NYSE investor visibility needs
"09 Maritime, Shipping & Ports",18,46,Kawasaki Kisen Kaisha (K Line),kline.co.jp,Japan,"diversified shipping (bulk, LNG, car carrier)","7,000+",5k-10k,core,,,TSE-listed Japanese shipping major,Wind Challenger sail technology gives a clean decarbonization narrative
"09 Maritime, Shipping & Ports",19,46,Meyer Werft,meyerwerft.de,Germany,"shipbuilding (cruise ships, private)","7,000+",5k-10k,core,,,Family-owned (Meyer family) with German state-backed financing support,Renowned German family shipbuilder with global-trade engineering prestige
"09 Maritime, Shipping & Ports",20,46,Mitsui O.S.K. Lines (MOL),mol.co.jp,Japan,"diversified shipping (bulk, LNG, car carrier, container)","9,000+",5k-10k,core,,,"TSE-listed, multi-billion dollar revenue",Japanese GP home-market presence and an LNG/ammonia fuel-transition story
"09 Maritime, Shipping & Ports",21,46,Wallenius Wilhelmsen,walleniuswilhelmsen.com,Norway/Sweden,RoRo & car carriers,"9,000+",5k-10k,core,,,"Oslo-listed, multi-billion dollar revenue",World RoRo leader piloting wind-assist ships; decarbonization story plus automotive-industry overlap with F1 fans
"09 Maritime, Shipping & Ports",22,42,Bernhard Schulte Shipmanagement,bs-shipmanagement.com,Germany/Cyprus,third-party ship management (private),"20,000+ (incl. seafarers)",10k+,core,,,"One of the world's largest independent ship managers, family-owned (Schulte family)",German family-owned HNW group with truly global-trade operational scale
"09 Maritime, Shipping & Ports",23,42,Costamare Inc.,costamare.com,Greece,containership leasing/chartering,200+ onshore,100-250,core,,,"NYSE-listed, Konstantakopoulos family ownership, multi-billion dollar fleet value",Major Greek shipping dynasty with Monaco/Mediterranean social ties mirroring F1 paddock circles
"09 Maritime, Shipping & Ports",24,42,Evergreen Marine,evergreen-marine.com,Taiwan,container shipping,"13,000+",10k+,core,,,"Multi-billion dollar revenue, publicly listed on TWSE",Globally famous green livery post-Ever Given (2021 Suez) gives instant brand recognition upside
"09 Maritime, Shipping & Ports",25,42,Golden Ocean Group,goldenocean.bm,Norway/Bermuda,dry bulk (Capesize/Panamax),150+ onshore,100-250,core,,,"Nasdaq/Oslo-listed, John Fredriksen-controlled","Same Fredriksen HNW ownership network as Frontline, an established sports-sponsorship-minded owner"
"09 Maritime, Shipping & Ports",26,42,Grimaldi Group,grimaldi.napoli.it,Italy,"RoRo, ferries & car carriers (private)","13,000+",10k+,core,,,"Family-owned (Grimaldi family), Europe's largest RoRo/ferry operator",Italian family-owned HNW ownership fits F1's Italian heritage narrative
"09 Maritime, Shipping & Ports",27,42,Hapag-Lloyd,hapag-lloyd.com,Germany,container shipping,"14,000+",10k+,core,,,"~$20B+ revenue, publicly listed, comfortably above floor",Top-5 container line with German industrial sponsorship culture seeking global brand share of voice
"09 Maritime, Shipping & Ports",28,42,Kpler,kpler.com,Belgium,maritime & commodities trade data analytics,600+,250-1k,growth-projected,,,"Backed by growth-equity investors, fast-scaling SaaS revenue",Fast-growing trade-data brand seeking premium visibility among institutional and corporate audiences
"09 Maritime, Shipping & Ports",29,42,NYK Line (Nippon Yusen Kaisha),nyk.com,Japan,"diversified shipping (container, car carrier, LNG, bulk)","35,000+",10k+,core,,,"Japan's largest shipping group, tens of billions in revenue",Wind-hybrid vessel pioneer; potential Japanese GP tie-in for a globally recognized Japanese brand
"09 Maritime, Shipping & Ports",30,42,StormGeo,stormgeo.com,Norway,weather routing & voyage optimization,500+,250-1k,growth-projected,,,"Privately backed (Alfa Laval-owned), fuel-efficiency-focused revenue base",Weather/routing optimization ties directly into F1's fuel-efficiency and decarbonization story
"09 Maritime, Shipping & Ports",31,42,Veson Nautical,veson.com,USA,maritime chartering & operations software,350+,250-1k,growth-projected,,,"Private equity-backed (Battery Ventures), enterprise SaaS revenue",Leading maritime commercial platform with growth-stage marketing budget potential
"09 Maritime, Shipping & Ports",32,42,ZeroNorth,zeronorth.com,Denmark,shipping decarbonization/optimization SaaS,250+,250-1k,growth-projected,,,"Raised ~$76M Series C (2023), backed by Maersk Growth and others",Pure-play shipping decarbonization SaaS directly matches F1's sustainability narrative
"09 Maritime, Shipping & Ports",33,38,Yamaha Marine (Yamaha Motor Co.),marine.yamaha-motor.com,Japan,marine engines & watercraft,"10,000+ (marine division)",5k-10k,adjacent,,,"TSE-listed parent Yamaha Motor, multi-billion dollar revenue",Incumbent MotoGP sponsor whose motorsport marketing budget could be poached/extended into F1
"09 Maritime, Shipping & Ports",34,34,Anglo-Eastern Ship Management,angloeastern.com,Hong Kong,third-party ship management (private),"2,500+ shore staff",1k-5k,adjacent,,,"Top-3 global ship manager, privately owned",Asia-Pacific growth market visibility for a top global ship manager
"09 Maritime, Shipping & Ports",35,34,Associated British Ports (ABP),abports.co.uk,UK,port operator (private),"2,000+",1k-5k,adjacent,,,"UK's largest port operator, 21 ports, stable infrastructure fund ownership",Britain's largest port group aligned with F1's British GP home-market heritage
"09 Maritime, Shipping & Ports",36,34,Chemoil (Glencore),chemoilenergy.com,Singapore,Asian bunker fuel supplier,500+,250-1k,adjacent,,,Backed by Glencore's multi-billion dollar trading revenue,Leading Asian bunker supplier positioned for growing Asia-Pacific F1 trade-lane visibility
"09 Maritime, Shipping & Ports",37,34,d'Amico International Shipping,damicointernationalshipping.com,Italy/Luxembourg,product tankers,"2,500+ (incl. seafarers)",1k-5k,adjacent,,,"Borsa Italiana-listed, family-controlled (d'Amico family)",Italian shipping family fits F1's Italian heritage (Ferrari/Monza) cultural narrative
"09 Maritime, Shipping & Ports",38,34,DeepSea Technologies,deepsea.ai,Greece,AI-driven vessel optimization,100+,100-250,growth-projected,,,"Backed by major Greek shipowners, growth-stage venture funding",AI vessel-optimization platform fits F1's decarbonization and data-performance story
"09 Maritime, Shipping & Ports",39,34,Forth Ports,forthports.co.uk,UK,"port operator (private, PSP Investments-owned)",800+,250-1k,adjacent,,,"Owned by Canadian pension fund PSP Investments, stable infrastructure cash flows",UK-based operator positioned for British GP home-market visibility
"09 Maritime, Shipping & Ports",40,34,Heesen Yachts,heesenyachts.com,Netherlands,fast aluminum superyacht building,500+,250-1k,adjacent,,,"Privately owned specialist builder, premium price points",HNW clientele crossover with F1 paddock and hospitality guests
"09 Maritime, Shipping & Ports",41,34,Nautilus Labs,nautiluslabs.com,USA,vessel performance optimization SaaS,100+,100-250,growth-projected,,,"Venture-backed maritime SaaS, growth-stage revenue",Fuel-efficiency optimization platform aligns with F1's decarbonization narrative
"09 Maritime, Shipping & Ports",42,34,Orca AI,orca-ai.io,Israel,AI collision-avoidance for vessels,100+,100-250,growth-projected,,,Raised ~$72M total venture funding,Autonomous-navigation AI startup with a tech-innovation story fitting F1's engineering brand
"09 Maritime, Shipping & Ports",43,34,Overmarine Group (Mangusta),overmarine.com,Italy,performance yacht building,300+,250-1k,adjacent,,,Privately owned performance-yacht specialist,Speed/performance brand positioning naturally aligned with F1's racing image
"09 Maritime, Shipping & Ports",44,34,Pacific International Lines (PIL),pilship.com,Singapore,container shipping (private),"4,000+",1k-5k,adjacent,,,"Family-owned (Teo family), Singapore's largest home-grown carrier",Singapore GP home-market fit for a family-owned HNW-led national carrier
"09 Maritime, Shipping & Ports",45,34,Peel Ports Group,peelports.com,UK,port operator (private),"1,600+",1k-5k,adjacent,,,"UK's second-largest port group, backed by Peel Group/private investors",British GP home-market fit (Silverstone) for a major UK port operator
"09 Maritime, Shipping & Ports",46,34,Sinokor Merchant Marine,sinokor.co.kr,South Korea,intra-Asia container & bulk shipping,"1,500+",1k-5k,adjacent,,,"Privately held, leading Korean intra-Asia carrier",Korean market growth story aligned with Korea's F1 fan base development
"09 Maritime, Shipping & Ports",47,34,SITC International,sitc.com,Hong Kong,intra-Asia container shipping,"3,000+",1k-5k,adjacent,,,"HKEX-listed, fast-growing intra-Asia carrier",Asia-Pacific trade growth story aligned with F1's expansion in the region
"09 Maritime, Shipping & Ports",48,34,Titan Clean Fuels (Titan LNG),titan-clean-fuels.com,Netherlands,LNG/bio-LNG ship bunkering,150+,100-250,growth-projected,,,"Backed by NYK and Mitsubishi as strategic investors, growth-stage revenue",Pure-play LNG/bio-LNG bunkering pioneer matches F1's decarbonization sponsorship narrative closely
"09 Maritime, Shipping & Ports",49,34,TS Lines,tslines.com,Taiwan/Hong Kong,intra-Asia feeder container shipping,"1,000+",250-1k,adjacent,,,"Privately held, fast-growing intra-Asia feeder carrier",Fast-scaling regional carrier seeking broader global brand recognition
"09 Maritime, Shipping & Ports",50,34,UECC (United European Car Carriers),uecc.com,Norway/Japan,short-sea car carrier (NYK/K Line JV),250+,250-1k,adjacent,,,Backed by NYK and K Line's combined scale,Automotive-industry adjacency to F1 via European short-sea vehicle logistics
"09 Maritime, Shipping & Ports",51,34,V.Group,vgrouplimited.com,UK/Isle of Man,ship management (private equity-owned),"3,000+ shore staff",1k-5k,adjacent,,,"Backed by private equity, leading global ship management company",London-headquartered operator positioned near F1's British GP home market
"09 Maritime, Shipping & Ports",52,34,Wallem Group,wallem.com,Hong Kong,ship management & agency (private),"1,500+",1k-5k,adjacent,,,Century-old privately held Hong Kong maritime services group,"Asia trade visibility story for a historic, well-capitalized maritime services group"
"09 Maritime, Shipping & Ports",53,34,"World Kinect (World Fuel Services, Marine)",worldkinect.com,USA,global marine fuel & logistics supplier,"5,000+ (group)",1k-5k,adjacent,,,"NYSE-listed parent, multi-billion dollar revenue",US-based marine fuel major positioned for growing American F1 market visibility
"09 Maritime, Shipping & Ports",54,30,HHLA (Hamburger Hafen und Logistik),hhla.de,Germany,port & intermodal logistics operator,"6,500+",5k-10k,adjacent,,,Frankfurt-listed; majority owned by City of Hamburg with a public free float,Hamburg's flagship port-logistics brand seeking pan-European visibility (note: majority public ownership)
"09 Maritime, Shipping & Ports",55,30,Mercury Marine (Brunswick Corporation),mercurymarine.com,USA,recreational marine engines,"8,500+",5k-10k,adjacent,,,"NYSE-listed parent Brunswick, multi-billion dollar revenue",Strong offshore-powerboat-racing heritage is a natural extension into F1-style motorsport marketing
"09 Maritime, Shipping & Ports",56,26,Africa Global Logistics (Bollore Group ports),agl-group.com,France,African ports & logistics,"20,000+",10k+,adjacent,,,"Bollore family-owned, leading African port/logistics network",Pan-African growth market aligned with F1's interest in emerging fan territories
"09 Maritime, Shipping & Ports",57,26,Ardmore Shipping,ardmoreshipping.com,Ireland/Marshall Islands,mid-size product tankers,50+ onshore,100-250,adjacent,,,NASDAQ-listed mid-cap products tanker owner,Mid-cap tanker owner seeking broader investor and brand visibility
"09 Maritime, Shipping & Ports",58,26,Burgess Yachts,burgessyachts.com,UK/Monaco,superyacht brokerage & charter,150+,100-250,adjacent,,,Premier superyacht brokerage with global HNW client base,Active in the Monaco GP charter market alongside its core HNW yacht clientele
"09 Maritime, Shipping & Ports",59,26,Danaos Corporation,danaos.com,Greece,containership charter owner,150+ onshore,100-250,adjacent,,,"NYSE-listed, Coustas family ownership",Greek shipowner HNW family (Dr. John Coustas) with global investment profile
"09 Maritime, Shipping & Ports",60,26,Diana Shipping,dianashippinginc.com,Greece,dry bulk shipping,50-100 onshore,100-250,adjacent,,,"NYSE-listed, Palios family ownership",Greek shipowner HNW family with Athens/Monaco social overlap with the F1 circuit
"09 Maritime, Shipping & Ports",61,26,Eagle Bulk Shipping,eagleships.com,USA,dry bulk (Supramax/Ultramax),100+ onshore,100-250,adjacent,,,NYSE-listed pure-play dry bulk owner,US market growth story tied to F1's expanding American race calendar
"09 Maritime, Shipping & Ports",62,26,Genco Shipping & Trading,gencoshipping.com,USA,dry bulk shipping,100+ onshore,100-250,adjacent,,,NYSE-listed dry bulk pure-play,"US-listed carrier positioned to ride growing US GP audience (Miami, Austin, Las Vegas)"
"09 Maritime, Shipping & Ports",63,26,Global Ship Lease,globalshiplease.com,UK/Marshall Islands,containership charter owner,50+ onshore,100-250,adjacent,,,"NYSE-listed, London-based containership lessor",London base offers visibility angle tied to F1's British GP home market
"09 Maritime, Shipping & Ports",64,26,International Seaways,intlseas.com,USA,crude & product tankers,150+ onshore,100-250,adjacent,,,NYSE-listed tanker owner,US-listed tanker company positioned for the growing American F1 fan base
"09 Maritime, Shipping & Ports",65,26,Navios Maritime Holdings,navios.com,Greece/Monaco,"diversified shipping (container, dry bulk, tankers)",200+ onshore,100-250,adjacent,,,"NYSE-listed, led by high-profile HNW owner Angeliki Frangou","Monaco-based operations sit near F1's home Monaco GP, with a headline-making HNW owner"
"09 Maritime, Shipping & Ports",66,26,Nordic American Tankers,nat.bm,Bermuda/Norway,Suezmax crude tankers,50+ onshore,100-250,adjacent,,,NYSE-listed pure-play Suezmax owner,"Simple, well-capitalized tanker story seeking wider retail-investor and brand visibility"
"09 Maritime, Shipping & Ports",67,26,Okeanis Eco Tankers,okeanisecotankers.com,Greece/Marshall Islands,eco-design crude/product tankers,50+ onshore,100-250,adjacent,,,"Oslo/NYSE-listed, Alafouzos family ownership",Alafouzos family (also owns Panathinaikos FC) has demonstrated sports-sponsorship appetite
"09 Maritime, Shipping & Ports",68,26,Scorpio Tankers,scorpiotankers.com,Monaco,product tankers,150+ onshore,100-250,adjacent,,,"NYSE-listed, strong tanker-market cash flows","Headquartered in Monaco, literally steps from the Monaco GP paddock and HNW yachting scene"
"09 Maritime, Shipping & Ports",69,26,Wajer Yachts,wajeryachts.com,Netherlands,open/day yacht building,150+,100-250,adjacent,,,"Fast-growing boutique builder, premium price points",Popular with younger HNW/celebrity buyers overlapping F1's younger fan demographic
"10 Batteries, EV, Waste & Water",1,50,De Nora,denora.com,Italy,Electrochemical & water treatment technology (public),"1,000-5,000",1k-5k,core,,,"Public company, several hundred million dollars in revenue — affordable at core tier",Water electrolysis/treatment technology echoes BWT's proven grid precedent and fits Italian GP heritage
"10 Batteries, EV, Waste & Water",2,50,EVgo,evgo.com,United States,Public DC fast-charging network (public),"501-1,000",250-1k,core,,,Public company with GM backing and growing revenue — affordable at core tier,Fast-charging network buildout supports F1's electrification narrative and US fan growth
"10 Batteries, EV, Waste & Water",3,50,Fastned,fastned.nl,Netherlands,Fast-charging network (public),"501-1,000",250-1k,core,,,"Public company, growing European charging revenue — fits core/regional tier",100%-renewable fast-charging network fits F1's net-zero-2030 pledge and European race calendar
"10 Batteries, EV, Waste & Water",4,50,Powin Energy,powin.com,United States,Grid-scale battery storage (private),"501-1,000",250-1k,core,,,"Private, multi-GWh deployed globally with strong order book — affordable at regional tier",Grid-scale storage leadership aligns with F1's net-zero-2030 sustainability pledge
"10 Batteries, EV, Waste & Water",5,50,Wallbox,wallbox.com,Spain,EV charging hardware (public),"501-1,000",250-1k,core,,,Public company with global retail/commercial charger sales — affordable at core tier,European EV charging hardware maker fits F1's 2026 hybrid-era sustainability story
"10 Batteries, EV, Waste & Water",6,50,Zurn Elkay Water Solutions,zurnelkay.com,United States,Water management products (public),"1,000-5,000",1k-5k,core,,,"Public company, ~$1.7B annual revenue — comfortably affordable",Sustainable water-management portfolio follows BWT's proven grid precedent
"10 Batteries, EV, Waste & Water",7,46,Clarios,clarios.com,United States,World's largest automotive battery maker (Brookfield-owned),"10,000+",5k-10k,core,,,"Private giant, ~$8B+ revenue — easily affordable",Automotive battery scale and 12V/48V hybrid systems match F1's hybrid power-unit era
"10 Batteries, EV, Waste & Water",8,46,FCC Environment,fccenvironment.co.uk,Spain / United Kingdom,Waste & environmental services,"5,000-10,000",5k-10k,core,,,Backed by FCC Group's multi-billion-euro balance sheet — comfortably affordable,European environmental-services scale fits F1's sustainability pledge and Spanish GP presence
"10 Batteries, EV, Waste & Water",9,46,GS Yuasa,gs-yuasa.com,Japan,Automotive & industrial batteries,"10,000+",5k-10k,core,,,"Public company, multi-billion-dollar revenue — comfortably affordable",Legacy motorsport battery supplier heritage (past F1/motorsport ties) fits hybrid-era positioning
"10 Batteries, EV, Waste & Water",10,46,Reworld (Covanta),reworld.com,United States,Waste-to-energy,"5,000-10,000",5k-10k,core,,,"Large private (EQT-backed) waste-to-energy operator, multi-billion-dollar scale — affordable",Waste-to-energy story fits F1's net-zero-2030 pledge and circular-economy narrative
"10 Batteries, EV, Waste & Water",11,46,SNF Group,snf.com,France,Water treatment chemicals / flocculants (private),"5,000-10,000",5k-10k,core,,,"Private giant, multi-billion-euro revenue, world's largest water-soluble-polymer maker — comfortably affordable",Global water-treatment-chemicals leader fits BWT's proven precedent and F1's French GP heritage
"10 Batteries, EV, Waste & Water",12,44,AMP Robotics,amprobotics.com,United States,AI-powered recycling sorting robots (funded),"501-1,000",250-1k,funded-150m,,,Raised $180M+ across rounds — funded above floor for a growth-tier deal,AI-driven recycling automation fits F1's tech-innovation and circular-economy storytelling
"10 Batteries, EV, Waste & Water",13,44,Ascend Elements,ascendelements.com,United States,Battery recycling & precursor materials,"501-1,000",250-1k,funded-150m,,,Raised $1B+ including DOE loan backing — funded above floor,Battery-material circularity story supports F1's sustainability and net-zero-2030 pledge
"10 Batteries, EV, Waste & Water",14,44,Energy Vault,energyvault.com,United States,Gravity & battery long-duration storage (public),"501-1,000",250-1k,funded-150m,,,"Public, raised $400M+ pre-IPO — funded above floor for a growth-tier deal",Novel long-duration storage tech fits F1's innovation-and-sustainability brand story
"10 Batteries, EV, Waste & Water",15,44,Factorial Energy,factorialenergy.com,United States,Solid-state batteries (Stellantis/Mercedes-backed),"501-1,000",250-1k,funded-150m,,,Raised $650M+ with Stellantis and Mercedes-Benz investment — funded above floor,OEM-backed solid-state battery story fits F1's next-gen electrified power-unit era
"10 Batteries, EV, Waste & Water",16,44,FreeWire Technologies,freewiretech.com,United States,Battery-integrated fast chargers (private),51-500,250-1k,funded-150m,,,Raised $130M+ from bp/investors — fits a growth-tier regional deal,Grid-friendly battery-buffered fast charging fits F1's electrified paddock infrastructure story
"10 Batteries, EV, Waste & Water",17,44,Gradiant,gradiant.com,United States,"Industrial water treatment technology (funded, unicorn)","1,000-5,000",1k-5k,funded-150m,,,"Raised $400M+, unicorn valuation over $1B — funded well above floor",Fast-growing water-tech unicorn mirrors BWT's proven precedent while adding a strong growth-story angle
"10 Batteries, EV, Waste & Water",18,44,Group14 Technologies,group14.technology,United States,Silicon-carbon battery materials,"501-1,000",250-1k,funded-150m,,,Raised $650M+ including Porsche/SK backing — funded well above floor,Battery-material innovation aligns with F1's hybrid-era performance-and-sustainability story
"10 Batteries, EV, Waste & Water",19,44,Monta,monta.com,Denmark,EV charging software platform (funded),51-500,250-1k,funded-150m,,,Raised $150M+ across rounds — funded at the floor tier for a regional deal,Nordic charging-software scale-up fits F1's sustainable-mobility growth story
"10 Batteries, EV, Waste & Water",20,44,Moxion Power,moxionpower.com,United States,Mobile battery power units (private),51-500,250-1k,funded-150m,,,Raised $100M+ from investors incl. automakers — fits a smaller growth-tier deal,Mobile zero-emission power replaces diesel generators — a direct fit for F1 paddock/event electrification
"10 Batteries, EV, Waste & Water",21,44,ProLogium Technology,prologium.com,Taiwan,Solid-state battery manufacturer,"1,000-5,000",1k-5k,funded-150m,,,Raised $1B+ including Mercedes-Benz backing — funded well above floor,Solid-state gigafactory build-out mirrors F1's hybrid/electrified technology arc
"10 Batteries, EV, Waste & Water",22,44,Source Global,source.co,United States,Hydropanel drinking-water technology (funded),51-500,250-1k,funded-150m,,,Raised $150M+ across rounds — funded near the floor for a smaller regional deal,Off-grid renewable drinking-water tech fits F1's net-zero-2030 and water-sustainability precedent
"10 Batteries, EV, Waste & Water",23,44,Terawatt Infrastructure,terawattinfrastructure.com,United States,Heavy-duty EV charging depots (funded),51-500,250-1k,funded-150m,,,Raised $1B+ in equity/debt financing — funded well above floor,Zero-emission freight charging infrastructure supports F1's net-zero-2030 logistics ambitions
"10 Batteries, EV, Waste & Water",24,44,Verkor,verkor.com,France,Battery gigafactory startup,"501-1,000",250-1k,funded-150m,,,Raised well over €2B in equity/debt for its Dunkirk gigafactory — funded enough for a growth-tier deal,French battery scale-up story fits F1's sustainable-mobility and net-zero-2030 narrative
"10 Batteries, EV, Waste & Water",25,42,ADS-TEC Energy,ads-tec-energy.com,Germany / United States,Battery-buffered fast charging (public),51-500,250-1k,growth-projected,,,Public micro-cap with Porsche partnership — fits a modest regional deal,Battery-buffered ultra-fast charging tech mirrors F1's hybrid-era power delivery story
"10 Batteries, EV, Waste & Water",26,42,Allego,allego.eu,Netherlands,Pan-European EV charging network (public),"501-1,000",250-1k,growth-projected,,,Public company with pan-European rollout — fits growth/regional tier,European charging network scale-up mirrors F1's European race calendar and hybrid-era push
"10 Batteries, EV, Waste & Water",27,42,Beam Global,beamforall.com,United States,Solar-powered EV charging (public),51-500,250-1k,growth-projected,,,"Public micro-cap, off-grid solar charging niche — fits a modest regional deal",Off-grid solar charging ties to F1's net-zero-2030 and event-sustainability ambitions
"10 Batteries, EV, Waste & Water",28,42,Cirba Solutions,cirbasolutions.com,United States,Battery materials recycling,"1,000-5,000",1k-5k,growth-projected,,,"Private, DOE-backed expansion capital — affordable at regional/growth tier",Battery recycling infrastructure buildout matches F1's electrified power-unit and sustainability story
"10 Batteries, EV, Waste & Water",29,42,Compleo Charging Solutions,compleo-cs.com,Germany,EV charging hardware (public),"501-1,000",250-1k,growth-projected,,,Public company with European charger manufacturing scale — fits core/regional tier,German charging hardware maker fits F1's European calendar and electrified-era narrative
"10 Batteries, EV, Waste & Water",30,42,Consolidated Water Co,cwco.com,United States / Cayman Islands,Desalination & water services (public),"501-1,000",250-1k,growth-projected,,,Public micro-cap with growing desalination contracts — fits a modest regional deal,Desalination growth story fits BWT's proven water-category precedent at a smaller budget tier
"10 Batteries, EV, Waste & Water",31,42,Eos Energy Enterprises,eosenergy.com,United States,Zinc-based long-duration storage (public),"501-1,000",250-1k,growth-projected,,,Public company with DOE loan-backed scale-up — fits growth tier,Non-lithium long-duration storage ties to F1's net-zero-by-2030 grid-decarbonization pledge
"10 Batteries, EV, Waste & Water",32,42,Fluence Corporation (Water),fluencecorp.com,Australia / United States,Decentralized water & wastewater treatment (public),"501-1,000",250-1k,growth-projected,,,Public company (distinct from Fluence Energy) with growing global project pipeline — fits growth tier,Decentralized water treatment mirrors BWT's proven precedent with a sustainability-tech growth angle
"10 Batteries, EV, Waste & Water",33,42,Freyr Battery,freyrbattery.com,Norway / United States,Battery gigafactory developer (public),51-500,250-1k,growth-projected,,,Public micro-cap developing US gigafactory — fits a smaller regional deal,Clean battery manufacturing story (Nordic hydropower-powered) fits F1's net-zero-2030 pledge
"10 Batteries, EV, Waste & Water",34,42,H2O Innovation,h2oinnovation.com,Canada,Water treatment solutions (public),"501-1,000",250-1k,growth-projected,,,"Public company, ~$250M annual revenue with strong growth — fits a growth/regional tier",Water-treatment technology growth story fits BWT's proven category and Canadian GP market
"10 Batteries, EV, Waste & Water",35,42,Invinity Energy Systems,invinity.com,United Kingdom,Vanadium flow batteries (public),51-500,250-1k,growth-projected,,,Small-cap public company — fits a modest regional sponsorship at the floor level,Long-duration flow-battery tech ties to F1's sustainable-energy and net-zero-2030 narrative
"10 Batteries, EV, Waste & Water",36,42,Microvast Holdings,microvast.com,United States / China,EV & commercial battery maker (public),"1,000-5,000",1k-5k,growth-projected,,,Public company with commercial-vehicle battery revenue — fits growth tier,Fast-charging commercial EV battery tech supports F1's electrified logistics/paddock story
"10 Batteries, EV, Waste & Water",37,42,QuantumScape,quantumscape.com,United States,Solid-state battery developer (public),"501-1,000",250-1k,growth-projected,,,Public company with multi-billion-dollar market cap — affordable at growth tier,Solid-state battery R&D story dovetails with F1's electrified power-unit future
"10 Batteries, EV, Waste & Water",38,42,SES AI,ses.ai,United States,Lithium-metal battery developer (public),"501-1,000",250-1k,growth-projected,,,Public company backed by GM/Hyundai/Honda partnerships — fits growth-tier sponsorship,Advanced battery chemistry positioning fits F1's hybrid-era performance narrative
"10 Batteries, EV, Waste & Water",39,42,Solid Power,solidpowerbattery.com,United States,Solid-state EV batteries (public),51-500,250-1k,growth-projected,,,"Public micro-cap with automaker partnerships (BMW, Ford) — fits a smaller regional sponsorship",Solid-state battery breakthrough narrative fits F1's next-gen hybrid technology story
"10 Batteries, EV, Waste & Water",40,42,Stem Inc,stem.com,United States,AI-driven battery storage software (public),"501-1,000",250-1k,growth-projected,,,"Public company, hundreds of millions in annual revenue — fits growth tier",Smart storage optimization software fits F1's data-driven sustainability and net-zero-2030 narrative
"10 Batteries, EV, Waste & Water",41,42,Virta,virta.global,Finland,EV charging network & software,51-500,250-1k,growth-projected,,,"Private, backed by Fortum with European expansion — fits a modest regional deal",European smart-charging network mirrors F1's Nordic/European race footprint and hybrid-era push
"10 Batteries, EV, Waste & Water",42,42,Zaptec,zaptec.com,Norway,Smart EV charging hardware (public),51-500,250-1k,growth-projected,,,"Small-cap public company, Nordic market leader — fits a modest regional deal",Smart-grid home/workplace charging fits F1's sustainability and hybrid-era story
"10 Batteries, EV, Waste & Water",43,34,Autel Energy,autel.com,China,EV charger manufacturer,"1,000-5,000",1k-5k,adjacent,,,"Private, global diagnostics/charging conglomerate — affordable at core tier",Fast-growing global EV charger brand fits F1's electrified power-unit narrative
"10 Batteries, EV, Waste & Water",44,34,Automotive Cells Company (ACC),acc-emotion.com,France,Battery gigafactory JV (Stellantis/Mercedes),"1,000-5,000",1k-5k,adjacent,,,Backed by three OEM parents with multi-billion euro capex — able to fund a regional sponsorship,European gigafactory build-out mirrors F1's 2026 electrified power-unit push and EU decarbonization goals
"10 Batteries, EV, Waste & Water",45,34,be.ENERGISED (has-to-be),hastobe.com,Austria,EV charging software platform (BP-owned),51-500,250-1k,adjacent,,,"Backed by a major energy parent — affordable, though parent conflict should be checked",Charging management software underpins F1's electrified-era logistics narrative
"10 Batteries, EV, Waste & Water",46,34,Bio-UV Group,bio-uv.com,France,UV water treatment technology (public),51-500,250-1k,adjacent,,,Small-cap public company — fits a modest regional sponsorship at the floor level,UV disinfection water technology echoes BWT's proven precedent and fits French GP heritage
"10 Batteries, EV, Waste & Water",47,34,Electrify America,electrifyamerica.com,United States,VW-backed fast-charging network,"1,000-5,000",1k-5k,adjacent,,,"VW-funded (Dieselgate settlement legacy), multi-billion-dollar buildout — easily affordable",Largest US fast-charging network fits F1's growing US fanbase and electrified-era narrative
"10 Batteries, EV, Waste & Water",48,34,Enel X Way,enelxway.com,Italy,EV charging (Enel-backed),"501-1,000",250-1k,adjacent,,,Backed by Enel Group's multi-billion-dollar balance sheet — easily affordable,Italian energy major's EV charging arm fits F1's Italian GP presence and hybrid-era story
"10 Batteries, EV, Waste & Water",49,34,EO Charging,eocharging.com,United Kingdom,Commercial & fleet EV charging (public),51-500,250-1k,adjacent,,,Small-cap public company focused on fleet electrification — fits a modest regional deal,Fleet/commercial charging ties to F1's paddock and logistics electrification goals
"10 Batteries, EV, Waste & Water",50,34,Ionity,ionity.eu,Germany,Pan-European fast-charging JV (BMW/Mercedes/VW/Ford/Hyundai),"501-1,000",250-1k,adjacent,,,Backed by five global automakers — able to fund a regional sponsorship,OEM-backed European high-power charging network mirrors F1's hybrid/EV transition
"10 Batteries, EV, Waste & Water",51,34,PowerCo,powerco.tech,Germany,Volkswagen's battery cell subsidiary,"1,000-5,000",1k-5k,adjacent,,,VW-backed with multi-billion-euro gigafactory investment — corporate parent can fund sponsorship,VW's dedicated battery arm directly tracks F1's 2026 hybrid power-unit transition
"10 Batteries, EV, Waste & Water",52,34,Rimac Technology,rimac-technology.com,Croatia,High-performance EV battery & drive systems,"1,000-5,000",1k-5k,adjacent,,,Backed by Bugatti-Rimac and Porsche/Hyundai investment — funded enough for a growth-tier deal,Motorsport-native hypercar battery-tech pedigree is a natural narrative fit for F1's hybrid era
"10 Batteries, EV, Waste & Water",53,34,SK Signet,sksignet.com,South Korea,Ultra-fast EV chargers,"501-1,000",250-1k,adjacent,,,SK Group-backed manufacturer with US/European expansion — affordable at core tier,Ultra-fast charging hardware maker fits F1's global electrified-era growth story
"10 Batteries, EV, Waste & Water",54,34,Terrapure Environmental,terrapure.com,Canada,Industrial waste & recycling (private),"501-1,000",250-1k,adjacent,,,"Private, PE-backed regional operator — fits a modest regional deal at the floor tier",Industrial recycling specialist fits F1's net-zero-2030 pledge and Canadian GP market
"10 Batteries, EV, Waste & Water",55,34,Viridor,viridor.co.uk,United Kingdom,Recycling & waste-to-energy (private equity-owned),"1,000-5,000",1k-5k,adjacent,,,"PE-backed (KKR), multi-billion-pound infrastructure scale — affordable at core tier",UK recycling/energy-from-waste leader fits F1's British GP presence and sustainability pledge
"10 Batteries, EV, Waste & Water",56,30,Advanced Drainage Systems,adspipe.com,United States,Water management infrastructure (public),"5,000-10,000",5k-10k,adjacent,,,"Public company, ~$2.9B annual revenue — comfortably affordable",Stormwater/water-management infrastructure fits F1's sustainability and water-category precedent
"10 Batteries, EV, Waste & Water",57,30,Easee,easee.com,Norway,Smart EV charging hardware (private),"501-1,000",250-1k,sentiment,,,"Private, rebuilt sales post-2022 recall with new certification — affordable at core tier",Recovered Nordic charging brand seeking reputational rebuild fits an F1 visibility platform
"10 Batteries, EV, Waste & Water",58,30,Envision AESC,envision-aesc.com,Japan / United Kingdom,EV battery gigafactories,"5,000-10,000",5k-10k,adjacent,,,Backed by Envision Group's multi-billion-dollar renewables business — affordable,Gigafactory scale-up fits F1's 2026 hybrid power-unit transition
"10 Batteries, EV, Waste & Water",59,26,Star Charge,star-charge.com,China,EV charging equipment maker,"5,000-10,000",5k-10k,sentiment,,,Large private Chinese charger manufacturer with global exports — affordable,Global charging hardware scale fits F1's EV story; China-HQ optics flagged for sponsor review
11 Engineering Consultancies & EPC,1,50,STO Building Group,stobuildinggroup.com,USA,EPC / construction (incl. Structure Tone),"4,500+",1k-5k,core,,,Revenue ~$5B+; privately held parent of Structure Tone/Pavarini.,"Active in data centers and corporate infrastructure, seeking brand visibility amid US build-out."
11 Engineering Consultancies & EPC,2,46,Aurecon Group,aurecongroup.com,Australia,Design & engineering consultancy,"7,500+",5k-10k,core,,,Revenue ~A$1.4B; employee-owned.,'Bring ideas to life' engineering brand fits F1 innovation storytelling.
11 Engineering Consultancies & EPC,3,46,Daewoo E&C,daewooenc.com,South Korea,EPC / construction,"6,000+",5k-10k,core,,,FY2024 revenue ~KRW 10T; KRX-listed.,"Korean EPC major building overseas mega-projects, seeking global brand visibility."
11 Engineering Consultancies & EPC,4,46,GS Engineering & Construction,gsenc.com,South Korea,EPC / construction,"8,000+",5k-10k,core,,,FY2024 revenue ~KRW 13T; KRX-listed.,Korean EPC major with Gulf project exposure overlapping F1 Middle East calendar.
11 Engineering Consultancies & EPC,5,46,Hatch Ltd,hatch.com,Canada,Design & engineering consultancy (mining/infrastructure),"9,000+",5k-10k,core,,,"Revenue ~C$1.5B+; employee-owned, global mining/metals EPC.",Heavy-industry engineering brand fits F1's technology/performance story.
11 Engineering Consultancies & EPC,6,46,HNTB Corporation,hntb.com,USA,Design & engineering consultancy (transportation),"6,500+",5k-10k,core,,,Revenue ~$1.9B; employee-owned.,Transportation-infrastructure focus fits F1 circuit/transit projects.
11 Engineering Consultancies & EPC,7,46,Implenia AG,implenia.com,Switzerland,EPC / construction,"9,500+",5k-10k,core,,,FY2024 revenue ~CHF 4B; SIX-listed (IMPN).,Swiss engineering/construction brand aligned with precision-engineering positioning.
11 Engineering Consultancies & EPC,8,46,Keller Group,keller.com,UK,Geotechnical engineering,"10,000+",5k-10k,core,,,FY2024 revenue ~£3.4B; LSE-listed (KLR).,World's largest geotechnical engineering contractor — literal ground-engineering for F1 venues.
11 Engineering Consultancies & EPC,9,46,Maire Tecnimont,mairetecnimont.com,Italy,EPC (petrochemical/energy),"9,500+",5k-10k,core,,,FY2024 revenue ~€4.5B; Milan-listed (MAIRE).,Italian EPC brand seeking European visibility alongside home Grands Prix (Imola/Monza).
11 Engineering Consultancies & EPC,10,46,Max Bögl,max-boegl.de,Germany,EPC / construction (infrastructure),"6,500+",5k-10k,core,,,"Revenue ~€2.5B+; privately held, family-owned.",German precision-engineering/prefab construction brand fits F1's German engineering narrative.
11 Engineering Consultancies & EPC,11,46,McCarthy Building Companies,mccarthy.com,USA,EPC / construction,"6,000+",5k-10k,core,,,"Revenue ~$6B+; 100% employee-owned, oldest US builder.",Data-centers/stadiums builder aligned with F1's American growth story.
11 Engineering Consultancies & EPC,12,46,Norconsult,norconsult.com,Norway,Design & engineering consultancy,"6,500+",5k-10k,core,,,"Revenue ~NOK 8.5B; employee-owned, Nordic market leader.",Nordic engineering leader wanting international exposure via F1.
11 Engineering Consultancies & EPC,13,46,Royal HaskoningDHV,royalhaskoningdhv.com,Netherlands,Design & engineering consultancy,"6,500+",5k-10k,core,,,Revenue ~€1.1B; employee-owned.,European engineering consultancy seeking B2B brand visibility.
11 Engineering Consultancies & EPC,14,46,Samsung E&A,samsungena.com,South Korea,EPC (energy/chemical),"6,000+",5k-10k,core,,,FY2024 revenue ~KRW 8.9T; KRX-listed.,Korean EPC major building Gulf energy projects; F1 Middle East overlap.
11 Engineering Consultancies & EPC,15,46,WBHO,wbho.co.za,South Africa,EPC / construction,"10,000+",5k-10k,core,,,JSE-listed (WBO); revenue ~ZAR 24B+.,Major African contractor seeking international engineering-brand exposure.
11 Engineering Consultancies & EPC,16,42,Bauer Group,bauer.de,Germany,Geotechnical engineering & equipment,"11,000+",10k+,core,,,FY2024 revenue ~€2.1B; Frankfurt-listed (B5A).,German geotechnical engineering/equipment brand tied to precision-engineering positioning.
11 Engineering Consultancies & EPC,17,42,Bouygues Construction,bouygues-construction.com,France,EPC / construction,"58,000+",10k+,core,,,Bouygues group FY2024 revenue ~€54B; Euronext-listed (EN).,French construction major seeking home-GP heritage visibility.
11 Engineering Consultancies & EPC,18,42,Colas Group,colas.com,France,EPC / road construction,"60,000+",10k+,core,,,Part of Bouygues; FY2024 revenue ~€16.5B.,Builds/maintains roads and racetracks — literal F1-track-surfacing relevance.
11 Engineering Consultancies & EPC,19,42,Consolidated Contractors Company (CCC),ccc.net,Greece,EPC / construction (MENA),"100,000+ (project workforce)",10k+,core,,,Revenue ~$4B+; largest privately-held contractor in MENA.,Gulf mega-project portfolio directly overlaps F1's Saudi/Abu Dhabi/Qatar/Bahrain races.
11 Engineering Consultancies & EPC,20,42,HDR Inc,hdrinc.com,USA,Design & engineering consultancy,"12,000+",10k+,core,,,Revenue ~$3.3B; employee-owned.,Transportation-infrastructure engineering brand aligned with F1 host-city projects.
11 Engineering Consultancies & EPC,21,42,Nesma & Partners,nesma.com,Saudi Arabia,EPC / construction (Gulf),"20,000+",10k+,core,,,"Revenue ~$2B+; privately held, major NEOM/giga-project contractor.",Saudi contractor building NEOM/giga-projects directly overlapping Saudi Arabian GP host-nation visibility.
11 Engineering Consultancies & EPC,22,42,OHLA,ohla.com,Spain,EPC / construction,"17,000+",10k+,core,,,FY2024 revenue ~€3.4B; Madrid-listed (OHLA).,Spanish construction major seeking rebuild-phase brand visibility.
11 Engineering Consultancies & EPC,23,42,Peab AB,peab.se,Sweden,EPC / construction,"16,000+",10k+,core,,,FY2024 revenue ~SEK 68B; Nasdaq Stockholm-listed.,Nordic construction group seeking Nordic-market brand visibility.
11 Engineering Consultancies & EPC,24,42,PORR AG,porr-group.com,Austria,EPC / construction,"20,000+",10k+,core,,,FY2024 revenue ~€6.3B; Vienna-listed (POS).,Central European construction major seeking pan-European exposure.
11 Engineering Consultancies & EPC,25,42,Royal BAM Group,bam.com,Netherlands,EPC / construction,"17,000+",10k+,core,,,FY2024 revenue ~€7.9B; Euronext-listed (BAMNB).,Dutch construction major seeking European visibility.
11 Engineering Consultancies & EPC,26,42,Sacyr,sacyr.com,Spain,EPC / infrastructure & concessions,"15,000+",10k+,core,,,FY2024 revenue ~€5.8B; Madrid-listed (SCYR).,Spanish infrastructure group seeking exposure via Spanish GP.
11 Engineering Consultancies & EPC,27,42,Saipem SpA,saipem.com,Italy,EPC (energy/offshore),"30,000+",10k+,core,,,FY2024 revenue ~€13.5B; Milan-listed (SPM).,Global energy EPC brand with strong Gulf pipeline overlapping F1 Middle East races.
11 Engineering Consultancies & EPC,28,42,Vinci Construction,vinci-construction.com,France,EPC / construction,"90,000+ (Vinci group)",10k+,core,,,Vinci group FY2024 revenue ~€71B; Euronext-listed (DG).,Runs airports/highways near F1 markets; engineering-excellence + talent recruiting.
11 Engineering Consultancies & EPC,29,34,Aveng Group,aveng.co.za,South Africa,EPC / construction,"3,500+",1k-5k,adjacent,,,JSE-listed (AEG); revenue ~ZAR 10B+.,African infrastructure engineering brand seeking international exposure.
11 Engineering Consultancies & EPC,30,34,Buro Happold,burohappold.com,UK,Design & engineering consultancy (major venues),"2,700+",1k-5k,adjacent,,,"Revenue ~£300M+; employee-owned, stadium/major-events specialist.",Engineers stadiums/major-event venues — natural F1 hospitality/venue tie-in.
11 Engineering Consultancies & EPC,31,34,Currie & Brown,curriebrown.com,UK,PM & cost consultancy,"3,000+",1k-5k,adjacent,,,Part of Samsung C&T (owned since 2021); global project delivery.,"Cost/PM consultancy for major venues and Gulf giga-projects, aligning with F1 host markets."
11 Engineering Consultancies & EPC,32,34,EllisDon,ellisdon.com,Canada,EPC / construction,"3,500+",1k-5k,adjacent,,,Revenue ~C$5B+; privately/employee held.,Stadium/venue expertise relevant to F1 host-venue builds.
11 Engineering Consultancies & EPC,33,34,Gleeds,gleeds.com,UK,PM & cost consultancy,"2,800+",1k-5k,adjacent,,,"Revenue ~£300M+; employee-owned, 130-yr history.",Cost/PM consultancy for major stadiums and Gulf mega-projects.
11 Engineering Consultancies & EPC,34,34,Heijmans,heijmans.nl,Netherlands,EPC / construction,"5,000+",1k-5k,adjacent,,,FY2024 revenue ~€2.3B; Euronext-listed (HEIJM).,Dutch infrastructure builder seeking B2B brand exposure.
11 Engineering Consultancies & EPC,35,34,Linesight,linesight.com,Ireland,PM & cost consultancy (incl. data centers),"2,500+",1k-5k,adjacent,,,"Revenue ~$300M+; privately held, leading data-center cost consultancy.",Data-center-boom cost consultancy seeking brand visibility amid hyperscale build-out.
11 Engineering Consultancies & EPC,36,34,Multiconsult,multiconsult.no,Norway,Design & engineering consultancy,"2,700+",1k-5k,adjacent,,,Oslo-listed (MULTI); revenue ~NOK 3.7B.,Nordic engineering firm seeking international B2B exposure.
11 Engineering Consultancies & EPC,37,34,PM Group,pmgroup-global.com,Ireland,Engineering & PM consultancy (pharma/tech),"3,700+",1k-5k,adjacent,,,Revenue ~€500M+; employee-owned.,Life-sciences/tech-facility engineering brand seeking European visibility.
11 Engineering Consultancies & EPC,38,34,POSCO E&C,poscoenc.com,South Korea,EPC / construction (steel/infrastructure),"4,500+",1k-5k,adjacent,,,Part of POSCO Holdings; revenue ~KRW 8T+.,Steel-and-infrastructure engineering group targeting industrial-brand visibility.
11 Engineering Consultancies & EPC,39,34,Rider Levett Bucknall,rlb.com,UK,PM & cost consultancy (QS),"4,500+",1k-5k,adjacent,,,"Revenue ~$700M+; partnership-owned, global QS leader.",Global cost-consultancy brand delivering major sporting venues worldwide.
11 Engineering Consultancies & EPC,40,34,SMEC,smec.com,Australia,Design & engineering consultancy (infrastructure),"5,000+",1k-5k,adjacent,,,Part of Temasek-backed Surbana Jurong; large global project backlog.,Infrastructure engineering brand seeking APAC/Gulf visibility.
11 Engineering Consultancies & EPC,41,34,Whiting-Turner Contracting,whiting-turner.com,USA,EPC / construction (incl. data centers),"4,000+",1k-5k,adjacent,,,"Revenue ~$10B+; privately held, top-5 US data-center builder.",Leading US data-center/industrial builder riding the AI infrastructure boom — talent-war visibility play.
11 Engineering Consultancies & EPC,42,34,YIT Corporation,yitgroup.com,Finland,EPC / construction,"4,500+",1k-5k,adjacent,,,FY2024 revenue ~€1.7B; Nasdaq Helsinki-listed.,Finnish construction group seeking Nordic B2B exposure.
11 Engineering Consultancies & EPC,43,30,Murray & Roberts,murrob.com,South Africa,EPC / construction & engineering,"5,500+",5k-10k,adjacent,,,JSE-listed (MUR); revenue ~ZAR 8B+.,Africa's engineering/construction major targeting global brand visibility.
11 Engineering Consultancies & EPC,44,30,TYPSA,typsa.com,Spain,Design & engineering consultancy,"6,000+",5k-10k,adjacent,,,"Revenue ~€400M+; family/employee-owned, major Gulf/LatAm projects.","Gulf infrastructure project book aligns with F1's Middle East calendar (Bahrain, Saudi, Abu Dhabi, Qatar)."
11 Engineering Consultancies & EPC,45,26,NGE Group,nge.fr,France,EPC / construction,"22,000+",10k+,adjacent,,,Revenue ~€3.5B+; employee-owned.,French infrastructure builder seeking European B2B visibility.
"12 Rail, Transit & Road Infra",1,50,Getlink (Eurotunnel),getlinkgroup.com,France/United Kingdom,"Channel Tunnel rail infrastructure operator (listed, private)","3,000-4,000",1k-5k,core,,,"~€2B revenue, listed; comfortable at floor budget.",Iconic cross-border rail infrastructure brand; British GP proximity narrative.
"12 Rail, Transit & Road Infra",2,50,Hyundai Rotem,hyundai-rotem.co.kr,South Korea,Rolling stock manufacturer,"3,000-5,000",1k-5k,core,,,"Part of Hyundai Motor Group; affordable, though Hyundai brand already has motorsport (WRC) presence to navigate.",Strong engineering-kinship narrative; care needed around Hyundai's existing WRC motorsport commitments.
"12 Rail, Transit & Road Infra",3,50,Plasser & Theurer,plassertheurer.com,Austria,Track maintenance machinery,"2,000-3,000",1k-5k,core,,,"Private, family-owned, market leader; comfortable at floor.",Austrian precision-machinery brand with global rail-infrastructure reach; motorsport-adjacent engineering culture.
"12 Rail, Transit & Road Infra",4,50,Transurban,transurban.com,Australia,Toll road operator,"2,000-2,500",1k-5k,core,,,"AUD ~3B revenue, ASX-listed; comfortable at floor budget.",Melbourne GP home-market road-infrastructure narrative.
"12 Rail, Transit & Road Infra",5,50,Vossloh,vossloh.com,Germany,Rail infrastructure components & fastening systems,"3,000-4,000",1k-5k,core,,,"~€400M revenue, listed; floor budget affordable but sizable relative to marketing spend.",Precision-manufactured rail fastening components echo F1's tolerance-driven engineering culture.
"12 Rail, Transit & Road Infra",6,46,Amsted Rail,amstedrail.com,USA,"Rail components (wheels, bearings, couplers)","5,000-7,000",5k-10k,core,,,"Private, part of employee-owned Amsted Industries (~$5B+ group revenue); affordable.",Bearings/wheel engineering is a tight technical parallel to F1 component precision.
"12 Rail, Transit & Road Infra",7,46,CAF (Construcciones y Auxiliar de Ferrocarriles),caf.net,Spain,Rolling stock & rail systems,"10,000+",5k-10k,core,,,"~€3.9B revenue, listed; comfortable at floor budget, especially with Spanish GP (Madrid 2026) tie-in.",Spanish engineering pride narrative strengthens with the new Madrid Grand Prix on the calendar.
"12 Rail, Transit & Road Infra",8,46,Greenbrier Companies,gbrx.com,USA,Freight railcar manufacturing,"10,000+",5k-10k,core,,,"~$3.5B revenue, NYSE-listed; comfortable at floor.",US manufacturing/engineering story; Vegas/Miami GP freight-rail corridor angle.
"12 Rail, Transit & Road Infra",9,46,Stadler Rail,stadlerrail.com,Switzerland,Rolling stock manufacturer,"10,000+",5k-10k,core,,,CHF ~4B revenue; comfortable at floor budget for a flagship precision-engineering brand.,Swiss precision-manufacturing narrative pairs naturally with F1 chassis/engineering storytelling.
"12 Rail, Transit & Road Infra",10,46,Swarco,swarco.com,Austria,Traffic management & road-marking technology,"5,000-5,500",5k-10k,core,,,"Private, family-owned, ~€1B revenue; affordable at floor.",Road-infrastructure and traffic-signal engineering story with pan-European reach.
"12 Rail, Transit & Road Infra",11,46,Trinity Industries,trinityindustries.com,USA,Railcar manufacturing & leasing,"5,000-7,000",5k-10k,core,,,"~$2.4B revenue, NYSE-listed; floor budget is affordable but would be a meaningful new marketing line item.",US industrial-engineering brand with Texas HQ; Austin/COTA proximity narrative.
"12 Rail, Transit & Road Infra",12,44,Brightline,gobrightline.com,USA,"Private high-speed passenger rail (Florida, Vegas-LA under construction)","2,500-3,500",1k-5k,funded-150m,,,Backed by Fortress Investment Group with billions in bond financing; affordable.,Direct Miami GP market overlap and Vegas-LA line under construction gives a rare literal race-city infrastructure narrative.
"12 Rail, Transit & Road Infra",13,44,EasyPark Group,easyparkgroup.com,Sweden,Digital parking & mobility platform (PE-backed),"1,500-2,000",1k-5k,funded-150m,,,"PE-backed (Vitruvian Partners, Verdane) at unicorn-plus valuation; affordable at floor.",Consumer mobility-app brand well-suited for race-weekend parking/mobility activation.
"12 Rail, Transit & Road Infra",14,42,Abertis,abertis.com,Spain,Toll road concessions operator,"12,000+",10k+,core,,,"€6B+ revenue, ACS/Atlantia-owned; comfortably affordable.",Spanish infrastructure brand; Madrid GP road-network narrative.
"12 Rail, Transit & Road Infra",15,42,ComfortDelGro,comfortdelgro.com,Singapore,"Transit & mobility operator (bus, taxi, rail)","20,000+",10k+,core,,,"SGD ~4B revenue, listed; comfortable at floor budget.","Singapore GP home-market narrative is a strong, direct race-city tie-in."
"12 Rail, Transit & Road Infra",16,42,FirstGroup,firstgroupplc.com,United Kingdom,Rail & bus transit operator,"20,000+",10k+,core,,,"~£4B revenue, LSE-listed; comfortable at floor budget.",UK transit brand with Silverstone/British GP proximity for activation.
"12 Rail, Transit & Road Infra",17,42,Hitachi Rail,hitachirail.com,United Kingdom/Japan,"Rolling stock, signaling & rail tech (Hitachi subsidiary)","15,000+",10k+,core,,,Parent Hitachi is a multi-billion-dollar conglomerate; division budget easily clears floor.,Signaling and digital rail control systems mirror F1 telemetry/data themes; parent Hitachi has no existing F1 tie.
"12 Rail, Transit & Road Infra",18,42,Miovision,miovision.com,Canada,Smart traffic signal & intersection technology,400-500,250-1k,growth-projected,,,Venture-backed (~$180M+ raised); floor budget plausible but a stretch for current stage.,Smart-city traffic-data story; Montreal GP home-market angle.
"12 Rail, Transit & Road Infra",19,42,Mobico Group (National Express),mobicogroup.com,United Kingdom,Bus & coach transit operator,"20,000+",10k+,core,,,"~£3B revenue, listed; floor budget affordable.",UK-based mobility brand; British GP (Silverstone) proximity narrative.
"12 Rail, Transit & Road Infra",20,42,Mundys (Atlantia),mundys.com,Italy,Toll roads & mobility infrastructure holding company,"25,000+",10k+,core,,,"Multi-billion euro revenue, Benetton-family-controlled; comfortably affords floor budget.",Italian infrastructure brand with strong road/motorway engineering narrative and Monza/Imola proximity.
"12 Rail, Transit & Road Infra",21,42,Progress Rail (Caterpillar),progressrail.com,USA,"Locomotives, rail technology & signaling","15,000+",10k+,core,,,Subsidiary of Caterpillar (~$67B revenue); parent easily affords floor budget.,Caterpillar-backed engineering scale story; potential path via parent brand as well.
"12 Rail, Transit & Road Infra",22,42,Skoda Group (Skoda Transportation),skodagroup.com,Czech Republic,"Trams & rolling stock (PPF-owned, ex-Alstom tram business)","3,000-5,000",1k-5k,growth-projected,,,"Private, PPF-backed; growing post-Alstom-tram-acquisition scale, budget plausible.",Central European growth story and precision electric-drive engineering narrative.
"12 Rail, Transit & Road Infra",23,42,Texmaco Rail & Engineering,texmaco.in,India,Freight wagons & rail components,"2,000-4,000",1k-5k,growth-projected,,,"Mid-cap, benefiting from India rail capex cycle; floor budget plausible but a stretch.",India rail-growth narrative; long-shot given budget scale.
"12 Rail, Transit & Road Infra",24,42,Verra Mobility,verramobility.com,USA,Smart tolling & traffic safety technology,"1,500-2,000",1k-5k,growth-projected,,,"~$900M revenue, NASDAQ-listed, growing; floor budget comfortably affordable.",Automated tolling/traffic-safety tech data-story; US GP (Austin/Miami/Vegas) road-network relevance.
"12 Rail, Transit & Road Infra",25,42,Yunex Traffic,yunextraffic.com,Germany,"Traffic management & ITS (ex-Siemens, now Mundys-owned)","3,000-3,500",1k-5k,growth-projected,,,Acquired by Mundys (2024) from Atlantia's parent network; group backing makes floor budget plausible.,"Traffic-signal/ITS engineering story; no longer Siemens-affiliated, clearing the sector's exclusion concern."
"12 Rail, Transit & Road Infra",26,38,Titagarh Rail Systems,titagarh.in,India,Rolling stock & rail components,"4,000-6,000",5k-10k,growth-projected,,,"Rapidly growing revenue (~$500M+, doubling on India rail capex boom); floor budget increasingly plausible.",Fast-growth India rail modernization story; F1's growing Indian fanbase adds resonance.
"12 Rail, Transit & Road Infra",27,34,ENSCO Rail,enscorail.com,USA,Rail inspection technology,100-300,250-1k,adjacent,,,"Small, privately held; floor budget likely a stretch.","Sensing/inspection tech data-story parallel, but scale makes this a long shot."
"12 Rail, Transit & Road Infra",28,34,FreightCar America,freightcaramerica.com,USA,Freight railcar manufacturer,"500-1,000",250-1k,adjacent,,,Small-cap (~$300M revenue); floor budget is a stretch relative to size.,Niche fit only; limited marketing budget makes this a long-shot outreach.
"12 Rail, Transit & Road Infra",29,34,Harsco Rail (Enviri Corp),harscorail.com,USA,Rail maintenance-of-way equipment,"500-1,500",1k-5k,adjacent,,,Parent Enviri ~$1.8B revenue; division budget plausible but likely modest.,Track-maintenance machinery engineering story; niche B2B audience.
"12 Rail, Transit & Road Infra",30,34,Icomera,icomera.com,Sweden,Onboard rail connectivity systems,150-250,250-1k,adjacent,,,"Private, mid-size specialist; floor budget likely a stretch.",Connectivity/data-onboard story parallels F1 car-to-pit telemetry.
"12 Rail, Transit & Road Infra",31,34,Intramotev,intramotev.com,USA,Autonomous battery-electric rail cars,51-100,100-250,growth-projected,,,Small Series A raise (~$15M); floor budget is likely unaffordable today.,Electrification/autonomy story fits F1 sustainability narrative; long-shot given funding stage.
"12 Rail, Transit & Road Infra",32,34,Kapsch TrafficCom,kapsch.net,Austria,Tolling & intelligent transportation systems,"3,500-4,500",1k-5k,adjacent,,,"~€500M revenue, listed; floor budget plausible but sizable relative to recent financial pressure.",ITS/tolling tech story parallels F1 timing and telemetry systems.
"12 Rail, Transit & Road Infra",33,34,Loram,loram.com,USA,Rail grinding & maintenance equipment,"1,500-2,000",1k-5k,adjacent,,,"Private, mid-size; floor budget plausible but a stretch for a specialty B2B firm.",Precision rail-surface engineering narrative; limited brand visibility upside.
"12 Rail, Transit & Road Infra",34,34,Neology,neology.com,USA,RFID tolling & vehicle identification technology,500-700,250-1k,adjacent,,,Part of SMARTRAC/TKH Group; floor budget plausible.,Vehicle-identification/RFID tech story; niche B2G-adjacent tolling market visibility caution.
"12 Rail, Transit & Road Infra",35,34,Nevomo,nevomo.tech,Poland,MagRail/hyperloop-adjacent rail technology,51-100,100-250,growth-projected,,,Modest funding (~€14M raised); floor budget likely unaffordable currently.,"Speed/innovation narrative resonates with F1, but funding stage makes this a long-shot pitch."
"12 Rail, Transit & Road Infra",36,34,Pandrol,pandrol.com,United Kingdom/France,Rail fastening systems (Delachaux Group),"1,000-2,000",1k-5k,adjacent,,,"Private, part of Delachaux Group; plausible but B2B-niche budget scrutiny likely.",Component-engineering kinship story; limited consumer visibility may temper marketing appetite.
"12 Rail, Transit & Road Infra",37,34,Parallel Systems,parallelsystems.co,USA,"Autonomous, battery-electric rail vehicles",51-150,100-250,growth-projected,,,Raised ~$70M (Series A/B); floor budget likely exceeds current marketing capacity.,Autonomous/electric propulsion story aligns with F1's hybrid-power narrative; early-stage budget risk.
"12 Rail, Transit & Road Infra",38,34,Parkopedia,parkopedia.com,United Kingdom,Parking data & smart-mobility platform,80-120,100-250,growth-projected,,,Modestly funded (~$25M raised); floor budget likely a stretch at current stage.,Race-weekend parking/mobility data story; long-shot given funding scale.
"12 Rail, Transit & Road Infra",39,34,Q-Free,q-free.com,Norway,Tolling & traffic management systems,200-300,250-1k,adjacent,,,Small-cap listed (~NOK 500M revenue); floor budget likely a stretch.,"ITS engineering story, but small scale limits marketing budget realistically."
"12 Rail, Transit & Road Infra",40,34,Redflex Holdings,redflex.com,Australia/USA,Traffic enforcement & road safety technology,250-350,250-1k,adjacent,,,"Small, ASX-delisted/private; floor budget likely a stretch.",Road-safety enforcement tech narrative; limited marketing scale.
"12 Rail, Transit & Road Infra",41,34,Sensys Gatso Group,sensysgatso.com,Sweden,Traffic safety & speed enforcement technology,200-300,250-1k,adjacent,,,Small-cap listed; floor budget likely a stretch.,Speed/safety-technology parallel to F1 track-limits/speed monitoring systems.
"12 Rail, Transit & Road Infra",42,34,SKIDATA,skidata.com,Austria,Access control & parking management systems,"800-1,200",1k-5k,adjacent,,,Part of Swiss Kudelski Group; floor budget plausible.,Venue access-control technology has direct relevance to F1 race-weekend ticketing/access operations.
"12 Rail, Transit & Road Infra",43,34,Talgo,talgo.com,Spain,High-speed train manufacturer,"1,500-2,500",1k-5k,adjacent,,,"~€600M revenue, recent financial strain (ownership disputes); budget plausible but tight versus floor.","High-speed rail lightweighting/aerodynamics is a compelling engineering story, tempered by recent corporate instability."
"12 Rail, Transit & Road Infra",44,30,Amey,amey.co.uk,United Kingdom,Rail & road infrastructure maintenance services,"10,000+",5k-10k,adjacent,,,"~£1B revenue, PE-owned (One Equity Partners); affordable, though public-contract base warrants B2G caution.",UK infrastructure-maintenance brand; Silverstone/British GP proximity narrative.
"12 Rail, Transit & Road Infra",45,30,Genesee & Wyoming,gwrr.com,USA,Short-line & regional freight railroad operator (Brookfield-owned),"6,000-8,000",5k-10k,adjacent,,,"Private (Brookfield-backed), multi-billion revenue; affordable, though freight-rail marketing culture is conservative.",US freight-rail engineering story; B2G-adjacent visibility caution given regulated-industry norms.
"12 Rail, Transit & Road Infra",46,30,Italo (NTV),italotreno.it,Italy,Private high-speed rail operator,"2,000-3,000",1k-5k,sentiment,,,"Backed by Global Infrastructure Partners (majority) with MSC as a minority investor; affordable, but MSC linkage flags a potential conflict to vet before outreach.",Italian high-speed rail brand with Monza GP tie-in; verify MSC Group's other sponsorship commitments before pitching.
"12 Rail, Transit & Road Infra",47,30,Stagecoach Group,stagecoach.com,United Kingdom,"Bus transit operator (private, DWS/InfraRed-owned)","10,000+",5k-10k,adjacent,,,"~£1B revenue, privately held; floor budget plausible.",UK mobility brand; British GP regional activation angle.
"12 Rail, Transit & Road Infra",48,30,Watco Companies,watcocompanies.com,USA,Short-line rail & logistics operator,"6,000-8,000",5k-10k,adjacent,,,"Private, multi-billion revenue; affordable but conservative marketing posture typical of freight rail.",US rail-logistics engineering story; B2G-adjacent visibility caution.
"12 Rail, Transit & Road Infra",49,26,Arriva (I Squared Capital),arriva.co.uk,United Kingdom/Europe,Pan-European bus & rail transit operator,"40,000+",10k+,adjacent,,,"€4B+ revenue; affordable, recently sold by Deutsche Bahn to private equity (I Squared Capital, 2024) so now clear of DB ownership.","Pan-European transit brand, now privately owned post-DB divestiture; British/Dutch GP proximity."
"12 Rail, Transit & Road Infra",50,26,Canadian National Railway (CN),cn.ca,Canada,Class I freight railroad (listed),"20,000+",10k+,adjacent,,,"~CAD17B revenue, listed; trivially affordable.",North American rail engineering brand; Montreal GP home-market narrative.
"12 Rail, Transit & Road Infra",51,26,CPKC (Canadian Pacific Kansas City),cpkc.com,Canada,Class I freight railroad (listed),"20,000+",10k+,adjacent,,,"~CAD10B+ revenue, listed; trivially affordable.",Cross-border North American rail engineering brand; Montreal GP proximity narrative.
"12 Rail, Transit & Road Infra",52,26,CSX Corporation,csx.com,USA,Class I freight railroad (listed),"20,000+",10k+,adjacent,,,"~$14B revenue, NASDAQ-listed; trivially affordable.",US East Coast rail brand with Miami GP corridor overlap; regulated-industry visibility caution applies.
"12 Rail, Transit & Road Infra",53,26,Downer Group,downergroup.com,Australia,Rail & transit infrastructure maintenance services,"12,000+",10k+,adjacent,,,"AUD ~11B revenue, ASX-listed; comfortably affordable.",Melbourne GP home-market infrastructure-maintenance narrative.
"12 Rail, Transit & Road Infra",54,26,Go-Ahead Group,go-ahead.com,United Kingdom,"Bus & rail transit operator (private, Kinetic/Globalvia-owned)","25,000+",10k+,adjacent,,,"~£4B revenue, now privately held; affordable but investor-consortium ownership may slow sponsorship decisions.",UK transit-operations story; British GP proximity narrative.
"12 Rail, Transit & Road Infra",55,26,Metrom Rail,metromrail.com,USA,Positive train control & rail safety tech,51-150,100-250,adjacent,,,Small private specialist; floor budget likely unaffordable.,"Safety-systems engineering parallel, but scale makes this a long-shot."
"12 Rail, Transit & Road Infra",56,26,MTR Corporation,mtr.com.hk,Hong Kong,"Transit operator & rail infrastructure (listed, majority government-owned but market-run)","20,000+",10k+,adjacent,,,"Multi-billion HKD revenue, listed; affordable, though majority government ownership raises B2G-adjacent visibility caution.",Global rail-operations brand; caution warranted given majority public ownership and civic-service positioning.
"12 Rail, Transit & Road Infra",57,26,Transdev,transdev.com,France,"Public transit operator (Caisse des Depots-owned, private)","100,000+",10k+,adjacent,,,"€10B+ revenue; affordable, though partial public-institutional ownership (CDC) warrants B2G-adjacent visibility caution.",Global mobility-operator scale; French GP-adjacent narrative tempered by quasi-public ownership structure.
"12 Rail, Transit & Road Infra",58,26,Union Pacific,up.com,USA,Class I freight railroad (listed),"30,000+",10k+,adjacent,,,"~$24B revenue, NYSE-listed; trivially affordable, though freight-rail sponsorship culture is conservative.",Iconic US rail engineering brand with US GP corridor overlap; B2G-adjacent regulatory visibility caution.
"12 Rail, Transit & Road Infra",59,22,JR Central (Central Japan Railway Company),jr-central.co.jp,Japan,"High-speed rail operator (Shinkansen, listed, formerly state-owned)","18,000+",10k+,sentiment,,,"¥1.8T+ revenue, TSE-listed; trivially affordable, though residual government-linked heritage warrants B2G-adjacent visibility caution.","Shinkansen high-speed engineering pride story; Japanese GP home-market narrative, tempered by public-service brand caution."
"12 Rail, Transit & Road Infra",60,22,JR East (East Japan Railway Company),jreast.co.jp,Japan,"Passenger rail operator (listed, formerly state-owned)","40,000+",10k+,sentiment,,,"¥2.5T+ revenue, TSE-listed; trivially affordable, though residual government-linked heritage warrants B2G-adjacent visibility caution.",Suzuka/Japanese GP home-market narrative; verify current sponsorship posture given the company's public-service brand identity.
"12 Rail, Transit & Road Infra",61,22,Norfolk Southern,nscorp.com,USA,Class I freight railroad (listed),"17,000+",10k+,sentiment,,,"~$12B revenue, NYSE-listed; affordable, though recent East Palestine derailment reputational scrutiny (2023) warrants sentiment-check before pitching.",US rail engineering brand; recent safety-incident scrutiny means sponsorship optics need careful vetting.
"12 Rail, Transit & Road Infra",62,22,RailVision,rail-vision.com,Israel,AI-based obstacle detection for trains,51-100,100-250,sentiment,,,"Nasdaq-listed micro-cap; budget likely below floor, evidenced by small market cap (~$10-20M range).","AI-vision safety-tech story fits F1 innovation narrative, but micro-cap financials flag affordability risk."
13 Industrial & MRO Distribution,1,50,Descours & Cabaud,descours-cabaud.com,France,Broadline MRO distribution,"5,000+",1k-5k,core,,,"€2B+ revenue, largest French independent MRO distributor",Dominant French industrial distributor eyeing brand relevance in an F1 host market
13 Industrial & MRO Distribution,2,50,Hajoca Corporation,hajoca.com,USA,Plumbing/HVAC wholesale distribution,"5,000+",1k-5k,core,,,"Privately held, 400+ branches, est. $3B+ revenue",Century-old US plumbing wholesaler entering a brand-building phase
13 Industrial & MRO Distribution,3,50,Hillman Solutions,hillmangroup.com,USA,Fasteners/hardware distribution,"4,000+",1k-5k,core,,,"$1.5B 2024 revenue, NASDAQ-listed (HLMN)",Hardware/fastener household name expanding its B2B brand visibility
13 Industrial & MRO Distribution,4,50,Imperial Dade,imperialdade.com,USA,Packaging/jan-san distribution,"5,000+",1k-5k,core,,,"PE-backed (Bain Capital/Advent), $4B+ revenue after 100+ acquisitions",Fast-growing roll-up wanting a marquee brand platform
13 Industrial & MRO Distribution,5,50,IndiaMART InterMESH,indiamart.com,India,B2B industrial/MRO marketplace,"3,000+",1k-5k,core,,,"NSE-listed (INDIAMART), India's largest B2B marketplace",Massive emerging-market industrial buyer base seeking global brand credibility
13 Industrial & MRO Distribution,6,50,NOW Inc. (DistributionNOW),distributionnow.com,USA,Energy/industrial MRO distribution,"2,600+",1k-5k,core,,,"$2.3B 2024 revenue, NYSE-listed (DNOW)",Energy-sector industrial distributor with a strong logistics/pit-crew parallel
13 Industrial & MRO Distribution,7,50,Onninen,onninen.com,Finland,Electrical/HVAC/plumbing distribution,"3,000+",1k-5k,core,,,"Part of Kesko Group (€10B+ revenue), Nordic market leader",Nordic industrial leader seeking pan-European brand visibility
13 Industrial & MRO Distribution,8,50,TVH Group,tvh.com,Belgium,Materials-handling/forklift parts distribution,"5,000+",1k-5k,core,,,"Family-owned, €2.4B+ revenue",Global parts-logistics specialist with a 'keep equipment running' story that parallels F1 pit operations
13 Industrial & MRO Distribution,9,50,Vallen Distribution,vallen.com,USA,Safety/PPE/MRO distribution,"1,500+",1k-5k,core,,,"Owned by Sonepar since 2020, $1B+ revenue",National safety-products distributor pushing US brand growth
13 Industrial & MRO Distribution,10,50,Wolseley Canada,wolseleyinc.ca,Canada,Plumbing/HVAC/waterworks distribution,"3,000+",1k-5k,core,,,"Est. $2B+ revenue, part of Ferguson plc's Canadian operations",Major Canadian plumbing/HVAC distributor with cross-border US growth ambitions
13 Industrial & MRO Distribution,11,46,Berner Group,berner-group.com,Germany,Fasteners/c-parts/MRO distribution,"8,000+",5k-10k,core,,,"€1.4B+ 2024 revenue, family-owned pan-European distributor",Van-sales force reaching thousands of workshops; strong logistics/reliability story
13 Industrial & MRO Distribution,12,46,Brady Corporation,bradyid.com,USA,Safety/identification products manufacturing & distribution,"5,700+",5k-10k,core,,,"$1.4B FY2024 revenue, NYSE-listed (BRC)",Global safety/identification brand supplying every industrial plant; strong B2B naming-rights fit
13 Industrial & MRO Distribution,13,46,NCH Corporation,nch.com,USA,MRO chemicals/products distribution,"8,000+",5k-10k,core,,,"Privately held since 1919, est. $1B+ revenue",Century-old MRO consumables supplier with a large global direct-sales force
13 Industrial & MRO Distribution,14,42,HD Supply,hdsupply.com,USA,Facilities maintenance/MRO distribution,"11,000+",10k+,core,,,"Part of Home Depot Inc (NYSE:HD, $150B+ revenue)",Facilities-maintenance distributor with deep US multifamily/hospitality reach
13 Industrial & MRO Distribution,15,42,ManoMano,manomano.com,France,DIY/industrial e-commerce marketplace,"1,000+",250-1k,growth-projected,,,Raised over €600M in funding; valued at ~€2.5B (unicorn) in its 2022 round,European B2B/DIY digital marketplace in a brand-building growth phase
13 Industrial & MRO Distribution,16,42,Moglix,moglix.com,India,B2B industrial MRO marketplace,"1,000+",250-1k,growth-projected,,,Raised $290M+ in funding; reached unicorn status (reported valuation over $2.5B) in 2021,Fast-growing emerging-market MRO marketplace seeking a global brand halo via F1
13 Industrial & MRO Distribution,17,34,Aalco Metals,aalco.co.uk,UK,Metals stockholding/distribution,"700-1,000",250-1k,adjacent,,,UK's largest independent stainless/aluminum stockholder,Precision-metals stockholder with motorsport-material overlap (aluminum/stainless)
13 Industrial & MRO Distribution,18,34,Airline Hydraulics,airlinehyd.com,USA,Fluid power distribution,250-500,250-1k,adjacent,,,"Employee-owned, East Coast fluid power leader",Precision fluid-power specialist targeting a performance-engineering brand fit
13 Industrial & MRO Distribution,19,34,Amari Metals,amarimetals.co.uk,UK,Metals stockholding/distribution,"500-1,000",250-1k,adjacent,,,UK/European specialty metals stockholder,Aerospace/motorsport-grade alloy stockholder with a direct material-science story
13 Industrial & MRO Distribution,20,34,BDI (Bearing Distributors Inc),bdiexpress.com,USA,Bearings/power transmission distribution,"1,000+",250-1k,adjacent,,,"150+ locations, family-owned since 1935",Bearing/rotating-parts supply mirrors F1's drivetrain reliability story
13 Industrial & MRO Distribution,21,34,Brady Industries (BradyIFS),bradyifs.com,USA,Jan-san distribution,"1,000+",250-1k,adjacent,,,"Regional US jan-san leader, family-owned, multi-state",Facility-supplies distributor targeting national brand recognition
13 Industrial & MRO Distribution,22,34,C&H Distributors,candh.com,USA,Bearings/power transmission distribution,250-500,250-1k,adjacent,,,"Family-owned since 1943, Wisconsin-based industrial distributor",Power-transmission component supplier reaching Midwest manufacturers
13 Industrial & MRO Distribution,23,34,Central Steel & Wire Co,centralsteel.com,USA,Metals service center distribution,250-500,250-1k,adjacent,,,"Privately held since 1902, Chicago-based flat-rolled steel/aluminum distributor",Century-old private metals distributor exploring brand differentiation
13 Industrial & MRO Distribution,24,34,Contorion,contorion.de,Germany,B2B tools/MRO e-commerce marketplace,100-250,250-1k,adjacent,,,German B2B tools marketplace backed by venture investors including Cherry Ventures,Digital-native MRO buyer audience in Europe's largest industrial economy
13 Industrial & MRO Distribution,25,34,Crawford Electric Supply,crawfordelectric.com,USA,Electrical distribution,250-500,250-1k,adjacent,,,"Employee-owned, Texas-based regional distributor",Growing regional player wanting to punch above its weight in brand terms
13 Industrial & MRO Distribution,26,34,Cromwell Group,cromwell.co.uk,UK,Broadline MRO/tools distribution,"1,000-2,000",1k-5k,adjacent,,,"Multi-country European MRO/tools distributor, privately held","Toolroom/plant-floor reach across UK, Europe and Asia"
13 Industrial & MRO Distribution,27,34,Distribution International,distributioninternational.com,USA,Insulation/mechanical MRO distribution,"1,500+",1k-5k,adjacent,,,"Largest US insulation distributor, backed by Audax Group",Energy-efficiency/thermal-insulation story ties to F1 sustainability messaging
13 Industrial & MRO Distribution,28,34,Elektro-Material AG,elektro-material.ch,Switzerland,Electrical distribution,"500-1,000",250-1k,adjacent,,,"CHF 900M+ revenue, Swiss market leader",Swiss electrical wholesaler with strong precision-engineering brand fit
13 Industrial & MRO Distribution,29,34,Elliott Electric Supply,elliottelectric.com,USA,Electrical distribution,"3,500+",1k-5k,adjacent,,,"170+ locations, privately held Texas-based distributor",Regional powerhouse expanding national brand presence
13 Industrial & MRO Distribution,30,34,Essendant,essendant.com,USA,Office/jan-san/industrial products distribution,"2,500+",1k-5k,adjacent,,,"$4B+ revenue, part of Staples Inc portfolio",Broad wholesale distribution network reaching thousands of resellers
13 Industrial & MRO Distribution,31,34,Field Fastener,fieldfastener.com,USA,Fasteners/c-parts distribution,250-500,250-1k,adjacent,,,"Privately held automotive-fastener specialist, Michigan-based",Automotive OEM fastener supplier with direct motorsport supply-chain relevance
13 Industrial & MRO Distribution,32,34,Hydradyne LLC,hydradyne.com,USA,Fluid power distribution,"500-1,000",250-1k,adjacent,,,"Multi-state hydraulic/pneumatic distributor, PE-backed",Hydraulic systems supplier — direct parallel to F1 hydraulic actuation
13 Industrial & MRO Distribution,33,34,IEWC,iewc.com,USA,Wire & cable distribution,"500-1,000",250-1k,adjacent,,,"Global wire/cable distributor, family-owned since 1963",Wiring-harness supply chain parallel to F1 car wiring looms
13 Industrial & MRO Distribution,34,34,Industrial Distribution Group (IDG),idgonline.com,USA,Broadline MRO buying network,"500-1,000",250-1k,adjacent,,,Member network aggregating $2B+ in distributor sales,Aggregated buying power across hundreds of independent MRO houses
13 Industrial & MRO Distribution,35,34,IndustryBuying,industrybuying.com,India,B2B industrial MRO marketplace,250-500,250-1k,adjacent,,,Backed by Accel and Rocketship VC; growing Indian MRO e-commerce player,Emerging-market MRO marketplace targeting global brand association
13 Industrial & MRO Distribution,36,34,IPH SA,iph.be,Belgium,Technical products trading/MRO distribution,"500-1,000",250-1k,adjacent,,,Euronext Brussels-listed industrial trading holding,Pan-European technical-products trader diversifying its brand presence
13 Industrial & MRO Distribution,37,34,Kimball Midwest,kimballmidwest.com,USA,MRO products/fasteners van-sales distribution,"1,600+",1k-5k,adjacent,,,Privately held national van-sales MRO distributor,Direct-to-plant van-sales model reaching thousands of maintenance shops
13 Industrial & MRO Distribution,38,34,Kramp Group,kramp.com,Netherlands,Technical parts e-commerce distribution,"3,000+",1k-5k,adjacent,,,"€1.5B+ revenue, family-owned, pan-European",Parts-logistics platform with a same-day delivery story that mirrors pit-lane speed
13 Industrial & MRO Distribution,39,34,MCR Safety,mcrsafety.com,USA,PPE manufacturing/distribution,"500-1,000",250-1k,adjacent,,,"Privately held since 1988, Memphis-based PPE maker/distributor",Hand/eye protection maker echoing driver glove/visor technology
13 Industrial & MRO Distribution,40,34,National Safety Apparel,nationalsafetyapparel.com,USA,PPE manufacturing/distribution,"500-1,000",250-1k,adjacent,,,"Family-owned since 1898, US-based FR/arc-flash apparel maker",Flame-resistant apparel maker parallel to fireproof racing suits
13 Industrial & MRO Distribution,41,34,Network Services Company,networkservicescompany.com,USA,Jan-san/packaging buying network,250-500,250-1k,adjacent,,,Member-owned cooperative representing $3B+ in distributor sales,Cooperative buying network amplifying reach across hundreds of members
13 Industrial & MRO Distribution,42,34,North Coast Electric,northcoastelectric.com,USA,Electrical distribution,"700-1,000",250-1k,adjacent,,,"Employee-owned, Pacific Northwest leader since 1929",Employee-owned growth story with a strong US West Coast industrial base
13 Industrial & MRO Distribution,43,34,OneMonroe (Monroe Engineering),onemonroe.com,USA,Engineered fasteners/components distribution,250-500,250-1k,adjacent,,,"Family-owned since 1955, national US fastener distributor",Engineered-fastener specialist targeting precision-engineering association
13 Industrial & MRO Distribution,44,34,Optimas Solutions,optimas.com,USA,Fasteners/c-parts distribution,"1,300+",1k-5k,adjacent,,,"Est. $700M+ revenue, PE-backed, supplies automotive OEMs","Direct automotive-fastener supply chain link, including motorsport-adjacent OEMs"
13 Industrial & MRO Distribution,45,34,ORS Nasco,orsnasco.com,USA,Safety/MRO tools distribution,"500-1,000",250-1k,adjacent,,,"Bunzl-owned safety/tool distributor, est. $500M+ revenue",Oilfield/industrial safety and tools distributor with strong US reach
13 Industrial & MRO Distribution,46,34,Reyher,reyher.de,Germany,Fasteners/c-parts distribution,"700-1,000",250-1k,adjacent,,,"Family-owned since 1919, one of Europe's largest fastener wholesalers",Deep automotive/industrial fastener supply relationships across Europe
13 Industrial & MRO Distribution,47,34,RS Hughes,rshughes.com,USA,Industrial/safety products distribution,"500-1,000",250-1k,adjacent,,,"60+ US branches, privately held since 1949",Long-standing safety/adhesives distributor seeking brand differentiation
13 Industrial & MRO Distribution,48,34,Solar A/S,solar.eu,Denmark,Electrical wholesale distribution,"3,000+",1k-5k,adjacent,,,"DKK 14B+ revenue, Nordic-listed",Electrification/energy-transition distributor fits F1's sustainability push
13 Industrial & MRO Distribution,49,34,Standard Electric Supply Co,standardelectricsupply.com,USA,Electrical distribution,250-500,250-1k,adjacent,,,"Family-owned since 1937, Midwest regional distributor",Long-tenured private distributor seeking differentiated brand exposure
13 Industrial & MRO Distribution,50,34,Steel Warehouse Company,steelwarehouse.com,USA,Metals service center distribution,"500-1,000",250-1k,adjacent,,,"Family-owned since 1962, Midwest flat-rolled steel processor/distributor",Steel processing supplier tied to US manufacturing/automotive supply chain
13 Industrial & MRO Distribution,51,34,TRUSCO Nakayama,trusco.co.jp,Japan,MRO distribution/manufacturing,"3,000+",1k-5k,adjacent,,,"¥170B+ revenue, Tokyo Stock Exchange-listed (9830)",Japan's largest MRO products maker/distributor eyeing overseas growth
13 Industrial & MRO Distribution,52,34,Van Meter Inc,vanmeterinc.com,USA,Electrical distribution,"700-1,000",250-1k,adjacent,,,"Employee-owned, $700M+ revenue",Employee-owned growth story targeting industrial customer loyalty
13 Industrial & MRO Distribution,53,34,Werner Electric Supply,werner-electric.com,USA,Electrical distribution,"500-1,000",250-1k,adjacent,,,"Family-owned since 1928, Wisconsin-based regional leader",Regional electrical distributor building brand beyond trade press
13 Industrial & MRO Distribution,54,34,Womack Machine Supply,womack.com,USA,Fluid power distribution,250-500,250-1k,adjacent,,,"Family-owned since 1957, regional Southwest leader",Motion-control specialist wanting a national platform
13 Industrial & MRO Distribution,55,34,Zoro Tools,zoro.com,USA,Online MRO marketplace,"500-1,000",250-1k,adjacent,,,"Grainger-backed digital brand, part of $17B+ parent",Digital-native MRO buyer audience skews younger and motorsport-receptive
13 Industrial & MRO Distribution,56,26,Emerson Bearing,emersonbearing.com,USA,Bearing distribution,51-100,100-250,adjacent,,,Privately held Boston-based bearing distributor since 1959,Niche bearing specialist wanting outsized brand exposure
13 Industrial & MRO Distribution,57,26,Hydraproducts,hydraproducts.co.uk,UK,Fluid power/hydraulics distribution,51-100,100-250,adjacent,,,Privately held UK hydraulics component distributor,Small but specialist hydraulics supplier fitting a niche technical-sponsorship tier
14 Intralogistics & Warehouse Automation,1,58,Doosan Industrial Vehicle (Doosan Bobcat),doosanmh.com,South Korea,Forklifts & industrial vehicles,"3,000+",1k-5k,core,,,"Part of Doosan Bobcat (public, KRX-listed), parent revenue >$3.7B/yr",Korean industrial giant pushing global brand recognition against Japanese/German rivals
14 Intralogistics & Warehouse Automation,2,58,HD Hyundai XiteSolution,hd-hyundaicm.com,South Korea,Forklifts & construction/material handling equipment,"3,000+",1k-5k,core,,,"Part of HD Hyundai group (public, parent revenue >$20B/yr)",Korean conglomerate seeking global industrial brand platform vs. Japanese rivals
14 Intralogistics & Warehouse Automation,3,50,Almajdouie Logistics,almajdouie.com,Saudi Arabia,Heavy lift & logistics equipment,"5,000+",1k-5k,core,,,"Private, one of the Gulf's largest logistics/heavy-lift conglomerates",Gulf logistics infrastructure expansion under Vision 2030 tie-in
14 Intralogistics & Warehouse Automation,4,50,Kito Crosby,kitocrosby.com,USA/Japan,Lifting & rigging equipment,"4,000+",1k-5k,core,,,"KKR-backed (major PE investment 2022), est. revenue >$1B/yr",Global rigging/lifting leader post major private-equity capital infusion
14 Intralogistics & Warehouse Automation,5,50,Mecalux,mecalux.com,Spain,Storage & AS/RS systems,"5,000+",1k-5k,core,,,"Public (BME-listed), revenue >€900M/yr",European storage automation leader with strong LATAM presence
14 Intralogistics & Warehouse Automation,6,50,Nishio Rent All,nishiorent.co.jp,Japan,Equipment rental,"3,000+",1k-5k,core,,,"Public (Tokyo-listed), revenue >$1B/yr",Japan's leading construction/logistics equipment rental firm expanding overseas
14 Intralogistics & Warehouse Automation,7,50,Rite-Hite Corporation,ritehite.com,USA,Dock & loading equipment,"4,000+",1k-5k,core,,,"Private, est. revenue >$1B/yr, global loading-dock market leader",Global dock-equipment brand strength serving major logistics facilities
14 Intralogistics & Warehouse Automation,8,50,Skyjack,skyjack.com,Canada,Aerial work platforms (scissor/boom lifts),"1,200+",1k-5k,core,,,"Part of Linamar Corporation (public, revenue >$6B/yr)",Global scissor/boom lift brand under a large diversified manufacturer
14 Intralogistics & Warehouse Automation,9,46,ASSA ABLOY Entrance Systems,assaabloyentrance.com,Sweden,Dock doors & entrance automation,"8,000+",5k-10k,core,,,"Part of ASSA ABLOY (public, revenue >$11B/yr)",Global entrance/dock automation leader with strong industrial brand reach
14 Intralogistics & Warehouse Automation,10,46,Forbo Movement Systems,forbo.com,Switzerland,Conveyor belting systems,"6,000+",5k-10k,core,,,"Public (SIX-listed group), revenue >CHF1.1B/yr",Global movement-systems division of a major industrial group
14 Intralogistics & Warehouse Automation,11,46,Linde Material Handling,linde-mh.com,Germany,Forklifts & warehouse trucks,"8,000+",5k-10k,core,,,"KION Group brand, backed by parent revenue >€11B/yr",Leading German forklift brand pursuing premium international recognition
14 Intralogistics & Warehouse Automation,12,46,Lonking Holdings,lonking.com.hk,China,Forklifts & construction equipment,"6,000+",5k-10k,core,,,"Public (Hong Kong-listed), revenue >$1B/yr",Diversified Chinese equipment maker expanding global export footprint
14 Intralogistics & Warehouse Automation,13,46,STILL GmbH,still.de,Germany,Forklifts & warehouse trucks,"8,000+",5k-10k,core,,,"KION Group brand, backed by parent revenue >€11B/yr",Premium German forklift brand seeking distinct global visibility
14 Intralogistics & Warehouse Automation,14,44,EP Equipment,epforklift.com,China,Electric forklifts,"1,500+",1k-5k,funded-150m,,,Raised >$150M across growth rounds (2021-23) backed by international investors,"Fast-scaling electrification leader entering US/EU markets, needs premium global brand halo"
14 Intralogistics & Warehouse Automation,15,42,ContiTech (Continental),contitech.de,Germany,Conveyor belts & industrial rubber components,"40,000+",10k+,core,,,"Part of Continental AG (public, revenue >€40B/yr)",Industrial conveyor solutions brand under a major German industrial group
14 Intralogistics & Warehouse Automation,16,34,Al-Bahar,albahar.com,Kuwait,Material handling equipment distribution,"1,500+",1k-5k,adjacent,,,"Private, major regional Caterpillar/Hyster equipment dealer group",Gulf industrial equipment distribution growth in expanding logistics markets
14 Intralogistics & Warehouse Automation,17,34,Bito Storage Systems,bito.com,Germany,Storage & AS/RS components,"1,300+",1k-5k,adjacent,,,"Private (family-owned), steady multi-decade revenue base",European storage-components leader with export growth ambitions
14 Intralogistics & Warehouse Automation,18,34,Constructor Group,constructor.com,Norway,Storage & shelving systems,600+,250-1k,adjacent,,,"Private, steady European industrial demand and multi-decade profitability",Storage solutions brand seeking pan-European/global visibility
14 Intralogistics & Warehouse Automation,19,34,Egemin Automation,egemin.com,Belgium,AGV & warehouse automation,300+,250-1k,adjacent,,,"KION Group brand (part of Dematic), backed by large parent revenue",Niche AGV automation brand within a major logistics automation group
14 Intralogistics & Warehouse Automation,20,34,Godrej Material Handling,godrejmh.com,India,Forklifts,"1,500+",1k-5k,adjacent,,,"Division of Godrej & Boyce, large profitable Indian conglomerate",India logistics infrastructure boom; brand visibility push into export markets
14 Intralogistics & Warehouse Automation,21,34,LGMG (Lingong Machinery),lgmgglobal.com,China,Aerial work platforms,"2,000+",1k-5k,adjacent,,,"Private, rapid international expansion and growing export revenue",Chinese AWP manufacturer pushing global brand visibility
14 Intralogistics & Warehouse Automation,22,34,Modula (System Logistics),modula.eu,Italy,Vertical storage AS/RS,"1,000+",250-1k,adjacent,,,"Part of Krones AG (public parent), profitable niche automation business",Compact automated storage brand riding SME warehouse-automation growth
14 Intralogistics & Warehouse Automation,23,34,Noblelift Intelligent Equipment,noblelift.com,China,Forklifts & warehouse equipment,"3,000+",1k-5k,adjacent,,,"Private, export-focused manufacturer with strong overseas distribution revenue",Growing Chinese export brand seeking Western market credibility
14 Intralogistics & Warehouse Automation,24,34,Riwal,riwal.com,Netherlands,Access equipment rental,"2,000+",1k-5k,adjacent,,,"Private, est. revenue >€400M/yr, operations in 20+ countries",Global access-rental brand with strong international growth story
14 Intralogistics & Warehouse Automation,25,34,Snorkel,snorkellifts.com,USA/UK,Aerial work platforms,600+,250-1k,adjacent,,,"Private equity-backed, steady global sales across construction/logistics",Niche aerial-platform brand pursuing international growth
14 Intralogistics & Warehouse Automation,26,34,Stertil-Koni,stertil-koni.com,Netherlands/USA,Vehicle lifts & dock equipment,500+,250-1k,adjacent,,,"Private, established transatlantic manufacturer with steady growth",Niche vehicle-lift/dock equipment brand seeking global visibility
14 Intralogistics & Warehouse Automation,27,34,Stow Group,stow-group.com,Belgium,Racking & storage systems,"1,700+",1k-5k,adjacent,,,"Private, est. revenue >€500M/yr",European racking leader expanding into new international markets
14 Intralogistics & Warehouse Automation,28,34,TIL Limited,tilindia.in,India,Cranes (Manitowoc licensee),"1,000+",250-1k,adjacent,,,"Part of Tractors India Group, long-standing profitable crane manufacturer","India's crane market leader tied to a global brand, seeking added visibility"
14 Intralogistics & Warehouse Automation,29,30,Blue Giant Equipment,bluegiant.com,Canada,Dock & material handling equipment,400+,250-1k,sentiment,,,"Private, established North American dock-equipment manufacturer",Loading dock equipment brand pursuing broader market visibility
14 Intralogistics & Warehouse Automation,30,30,Cimcorp Group,cimcorp.com,Finland,Robotic AS/RS (tire & grocery automation),500+,250-1k,sentiment,,,Part of Murata Machinery (large Japanese parent group),Niche robotics automation player expanding into new verticals
14 Intralogistics & Warehouse Automation,31,30,Dorner Mfg. Corp,dornerconveyors.com,USA,Conveyor systems,400+,250-1k,sentiment,,,"Private, part of the well-capitalized Duravant PE-backed platform",Growth-backed conveyor manufacturer expanding into new industrial verticals
14 Intralogistics & Warehouse Automation,32,30,Electromech Material Handling Systems,electromech.co.in,India,Cranes & hoists,800+,250-1k,sentiment,,,"Private, India's leading crane manufacturer with growing export revenue",India infrastructure/logistics boom driving international growth ambitions
14 Intralogistics & Warehouse Automation,33,30,Falcon Autotech,falconautotech.com,India,Sortation & conveyor automation,500+,250-1k,sentiment,,,"Private, domestic PE-funded with rapid e-commerce logistics client growth",India e-commerce automation boom driving international expansion ambitions
14 Intralogistics & Warehouse Automation,34,30,Frazier Industrial Company,frazier.com,USA,Industrial racking systems,800+,250-1k,sentiment,,,"Private, long-standing profitable US manufacturer serving major retailers",Storage infrastructure supplier riding US e-commerce warehouse expansion
14 Intralogistics & Warehouse Automation,35,30,Genavco,genavco.com,UAE,Material handling equipment distribution (Toyota MH dealer),"1,000+",250-1k,sentiment,,,"Part of Al-Futtaim Group, a large diversified Gulf conglomerate",Gulf logistics equipment distribution growth aligned with F1's Middle East expansion
14 Intralogistics & Warehouse Automation,36,30,Grupo CLN,grupocln.com.br,Brazil,Forklift & material handling distribution,500+,250-1k,sentiment,,,"Private, leading Brazilian forklift dealer network with steady growth",LATAM logistics equipment market growth and F1's growing regional fanbase
14 Intralogistics & Warehouse Automation,37,30,Nedcon,nedcon.com,Netherlands,Industrial racking systems,400+,250-1k,sentiment,,,Private; steady demand from European e-commerce/logistics construction boom,Niche racking manufacturer seeking brand growth amid warehouse-building surge
14 Intralogistics & Warehouse Automation,38,30,viastore Systems,viastore.com,Germany,AS/RS systems (CarLo software),700+,250-1k,sentiment,,,"Private, decades of profitable operation within a diversified family industrial group",Niche AS/RS player with steady European automation growth
14 Intralogistics & Warehouse Automation,39,30,Zowell Technology,zowell.com,China,Electric forklifts & AMR,"1,000+",250-1k,sentiment,,,"Private, fast-growing export-focused electric equipment manufacturer",Emerging Chinese electric forklift/AMR exporter building global brand
14 Intralogistics & Warehouse Automation,40,22,Fox Robotics,foxrobotics.ai,USA,Autonomous forklifts,100+,100-250,sentiment,,,Raised seed/Series A funding from leading robotics-focused VCs,"Autonomous forklift market entering scale-up phase, brand-building opportunity"
14 Intralogistics & Warehouse Automation,41,22,XYZ Robotics,xyzrobotics.ai,China/USA,AI piece-picking robots,150+,100-250,sentiment,,,Funded through multiple VC rounds with cross-border US/China operations,AI robotics logistics automation player expanding globally
15 Consumer Electronics & Audio,1,50,Skullcandy,skullcandy.com,USA,Headphones & earbuds (youth/action-sports),250,250-1k,core,,,"Private (Incipio-owned), mid-size action-sports marketing budget near $3M floor.",Action-sports DNA maps well onto F1's youth-skewing Drive to Survive audience.
15 Consumer Electronics & Audio,2,42,1MORE,1more.com,China,Headphones & earbuds,500,250-1k,growth-projected,,,"Private, Xiaomi-ecosystem-adjacent brand; feasible at floor for APAC activation.",Chinese earbuds brand seeking international credibility via F1's Shanghai GP resurgence.
15 Consumer Electronics & Audio,3,42,Anker Nebula,nebula.anker.com,China,Portable projectors (Anker sub-brand),"Part of Anker (5,000+)",1k-5k,growth-projected,,,Backed by parent Anker Innovations (public); feasible at floor.,Portable projector brand fits F1 race-watch-party and fan-event activation content.
15 Consumer Electronics & Audio,4,42,Anker Soundcore,soundcore.com,China,Audio (Anker sub-brand),"Part of Anker (5,000+)",1k-5k,growth-projected,,,Backed by parent Anker Innovations (public); feasible at floor to mid-range as standalone activation.,Fast-growing value-audio sub-brand could anchor an F1 fan-audio product tie-in distinct from parent Anker deal.
15 Consumer Electronics & Audio,5,42,ESR (Shenzhen Aisen),esrgear.com,China/USA,Mobile accessories,500,250-1k,growth-projected,,,"Private, fast-growing e-commerce accessories brand; feasible at floor.",Scaling accessories brand seeking global brand-credibility boost via motorsport association.
15 Consumer Electronics & Audio,6,42,FiiO Electronics,fiio.com,China,Portable hi-res audio,500,250-1k,growth-projected,,,"Private, fast-growing export brand; feasible at floor for China/APAC-focused team deal.",Chinese audio brand seeking global credibility as F1 expands Chinese GP audience engagement.
15 Consumer Electronics & Audio,7,42,Nanoleaf,nanoleaf.me,Canada,Smart lighting,250,250-1k,growth-projected,,,"Private, design-led smart-lighting brand; feasible only at floor.",Design-forward lighting brand could support fan-event/trackside light-show style activations.
15 Consumer Electronics & Audio,8,42,SwitchBot (Vensi),switch-bot.com,China/Japan,Smart home automation,500,250-1k,growth-projected,,,"Private, fast-growing crowdfunded-to-scale brand; feasible at floor.",Growing automation brand seeking global lifestyle-tech association via F1's tech-forward audience.
15 Consumer Electronics & Audio,9,42,Teenage Engineering,teenage.engineering,Sweden,Design-led audio synths & speakers,150,100-250,growth-projected,,,"Private, design-cult brand with premium pricing; feasible at low end of floor via limited-run activation.",Cult design brand could create standout F1 culture/merch crossover untouched by bigger rivals.
15 Consumer Electronics & Audio,10,42,Ugreen Group,ugreen.com,China,Charging cables & accessories,"3,000",1k-5k,growth-projected,,,"Public (Shenzhen: 301606, listed 2024); strong growth supports $3M+.",Fast-growing global accessories brand looking to build premium international brand image.
15 Consumer Electronics & Audio,11,42,Wyze Labs,wyze.com,USA,Smart home cameras & devices,300,250-1k,growth-projected,,,"Private, fast-growing value smart-home brand; feasible at floor.",Value smart-home challenger seeking global brand credibility beyond core US DTC market.
15 Consumer Electronics & Audio,12,38,Transsion Holdings (Tecno/Infinix/itel),transsion.com,China/Hong Kong,Smartphones (Africa/South Asia),"10,000+",5k-10k,growth-projected,,,Public (Shanghai: 688036); strong emerging-market revenue supports $3M+ activation.,Dominant Africa/India phone maker could use F1's growing African/Indian audience for brand elevation.
15 Consumer Electronics & Audio,13,34,Alpine Electronics (Alps Alpine),alpine.com,Japan,Car audio & electronics,"5,000",1k-5k,adjacent,,,"Subsidiary of Alps Alpine (public, TSE: 6770); feasible at floor.",Car-audio and in-vehicle electronics brand fits F1's automotive-technology storyline directly.
15 Consumer Electronics & Audio,14,34,beyerdynamic,beyerdynamic.com,Germany,Headphones & pro audio,700,250-1k,adjacent,,,"Private, mid-size German manufacturer; realistic at lower end of $3M floor via team-level deal.",German engineering story pairs naturally with a German-linked F1 team/driver angle.
15 Consumer Electronics & Audio,15,34,Cambridge Audio,cambridgeaudio.com,UK,Hi-fi audio equipment,300,250-1k,adjacent,,,Private (Audio Partnership); feasible at floor for UK-based team deal.,"British hi-fi brand fits home-market F1 team sponsorship (e.g., Williams, McLaren)."
15 Consumer Electronics & Audio,16,34,Creative Technology,creative.com,Singapore,PC audio & speakers,500,250-1k,adjacent,,,Public (SGX: C76); feasible at floor via a niche tech-partner deal.,Legacy PC-audio brand seeking relevance revival through association with a high-tech global sport.
15 Consumer Electronics & Audio,17,34,HMD Global,hmd.com,Finland,Nokia-branded phones & feature phones,500,250-1k,adjacent,,,Private; feasible only at floor via a single-team regional deal.,Nostalgia-brand relaunch (Nokia heritage) could use F1 nostalgia/legacy storytelling for relevance.
15 Consumer Electronics & Audio,18,34,iRobot Corporation,irobot.com,USA,Robot vacuums (Roomba),900,250-1k,adjacent,,,"Public (NASDAQ: IRBT), rebuilding after failed Amazon acquisition; feasible at floor.",Robotics/automation brand could pursue F1 tech-partner storytelling around autonomous engineering.
15 Consumer Electronics & Audio,19,34,JLab Audio,jlab.com,USA,Affordable wireless audio,200,100-250,growth-projected,,,"Private, fast-growing DTC brand; realistic at floor for a single-team deal.","Value-audio challenger brand could use F1 to build premium credibility, unclaimed lane on grid."
15 Consumer Electronics & Audio,20,34,Keychron,keychron.com,China/USA,Mechanical keyboards,200,100-250,growth-projected,,,"Private, fast-growing DTC peripherals brand; feasible only at floor via niche activation.",Enthusiast peripherals brand could use F1 content-creator/paddock-tech tie-in for global reach.
15 Consumer Electronics & Audio,21,34,Lenbrook Industries (Bluesound/NAD),bluesound.com,Canada,Wireless hi-fi audio,300,250-1k,adjacent,,,"Private, mid-size hi-fi group; feasible only at floor via niche activation.",Streaming hi-fi brand could use F1 tech-partner storytelling around precision engineering.
15 Consumer Electronics & Audio,22,34,Naim Audio (VerVent Audio),naimaudio.com,UK,Hi-fi audio systems,250,250-1k,adjacent,,,"Private, boutique hi-fi maker; feasible at floor via co-branded team activation.",British hi-fi heritage brand (also supplies Bentley/JLR car audio) fits UK-based team sponsorship.
15 Consumer Electronics & Audio,23,34,OM Digital Solutions (Olympus),olympus.com,Japan,Cameras & imaging,"2,000",1k-5k,adjacent,,,Private (JIP-owned spin-off from Olympus); feasible at floor.,Rebuilding consumer imaging brand could use F1 exposure to rebuild global relevance.
15 Consumer Electronics & Audio,24,34,OPPO (BBK Electronics),oppo.com,China,Smartphones,"10,000+",5k-10k,sentiment,,,"Private, multi-billion global smartphone revenue; easily clears $3-5M.",Global Wimbledon partner (through 2024) — a direct poach target as its tennis deal winds down.
15 Consumer Electronics & Audio,25,34,Pioneer Corporation,pioneerdj.com,Japan,Car & DJ audio,"5,000",1k-5k,adjacent,,,Private (Baring/Koito-owned); feasible at floor for a car-audio partner tier.,Car-audio heritage brand aligns naturally with F1's automotive core product.
15 Consumer Electronics & Audio,26,34,Polk Audio,polkaudio.com,USA,Home & car audio,400,250-1k,adjacent,,,VOXX International subsidiary; feasible at floor via team partner tier.,Car-audio heritage brand pairs with F1's automotive storyline.
15 Consumer Electronics & Audio,27,34,Ricoh Imaging (Pentax),ricoh-imaging.com,Japan,Cameras,500,250-1k,adjacent,,,"Subsidiary of Ricoh Company (public, TSE: 7752); feasible at floor via imaging-partner tier.",Niche imaging brand could use F1 official-camera-partner status for premium repositioning.
15 Consumer Electronics & Audio,28,34,Thermaltake,thermaltake.com,Taiwan,"PC cases, cooling & peripherals",800,250-1k,adjacent,,,"Private, established PC hardware brand; feasible at floor.",Performance/cooling brand identity overlaps with F1 engineering storytelling.
15 Consumer Electronics & Audio,29,34,Vizio Holding Corp.,vizio.com,USA,Smart TVs & soundbars,700,250-1k,adjacent,,,"Walmart-owned (2024 acquisition), backed by large parent; feasible at floor to mid-range.",Value smart-TV/soundbar brand could use F1 broadcast association to build premium credibility.
15 Consumer Electronics & Audio,30,34,Xtorm,xtorm.com,Netherlands,Portable chargers & accessories,150,100-250,growth-projected,,,"Private, fast-growing European charging brand; feasible only at floor.",European accessories challenger seeking global brand-building platform to compete with Anker/Belkin.
15 Consumer Electronics & Audio,31,30,Yamaha Corporation,yamaha.com,Japan,Audio & AV equipment,"10,000+",5k-10k,adjacent,,,"Public (TSE: 7951), multi-billion revenue; comfortably covers $3-5M.",Existing motorsport ties (MotoGP) could extend AV/audio division into an F1 tech-partner deal.
15 Consumer Electronics & Audio,32,26,Eve Systems,eve-home.com,Germany,Smart home devices (Matter/HomeKit),100,100-250,adjacent,,,Owned by ABB (public); feasible only at floor via a niche activation.,German smart-home brand could tie into a German-linked F1 team's home-fan-experience program.
15 Consumer Electronics & Audio,33,26,iFi Audio (AMR),ifi-audio.com,UK,Portable & desktop hi-fi audio,150,100-250,adjacent,,,"Private, niche audiophile brand; realistic only at floor via regional team tier.",Boutique hi-fi engineering story fits UK-based F1 team technical-partner narrative.
15 Consumer Electronics & Audio,34,26,Master & Dynamic,masterdynamic.com,USA,Premium headphones,200,100-250,adjacent,,,"Private, premium DTC brand; feasible at floor via lifestyle/paddock activation.",Fashion-forward premium audio brand fits F1's luxury lifestyle crossover appeal.
15 Consumer Electronics & Audio,35,26,Native Union,nativeunion.com,Hong Kong/UK,Premium charging accessories,150,100-250,adjacent,,,"Private, premium design-led brand; feasible only at floor.",Design-focused premium accessories brand fits F1 paddock/lifestyle merchandising angle.
15 Consumer Electronics & Audio,36,26,Satechi,satechi.com,USA,Premium accessories & charging,150,100-250,adjacent,,,"Private, niche premium DTC brand; feasible only at floor via limited activation.",Design-forward accessories brand could use F1 paddock-tech content for premium positioning.
16 Specialty Chemicals & Coatings,1,54,Bostik (Arkema),bostik.com,France,Adhesives and sealants,"6,000-6,500",5k-10k,core,,,"Arkema-owned global adhesives brand, above floor comfortably",Current Tour de France adhesive/sealant partner; poach opportunity bringing proven cycling sports marketing into F1
16 Specialty Chemicals & Coatings,2,50,Afton Chemical (NewMarket),aftonchemical.com,USA,Petroleum additives,"2,000-2,500",1k-5k,core,,,"Publicly traded NewMarket Corp parent, comfortably above floor",Additive technology enabling high-performance racing lubricants; ingredient-story positioning vs Lubrizol and Infineum
16 Specialty Chemicals & Coatings,3,50,Ingevity Corporation,ingevity.com,USA,Specialty chemicals from renewable feedstocks,"1,600-1,800",1k-5k,core,,,"NYSE-listed specialty chemicals company, comfortably above floor",Bio-based specialty chemicals (including automotive emissions-control carbon) fitting F1's sustainability narrative
16 Specialty Chemicals & Coatings,4,50,Kumho Petrochemical,kkpc.com,South Korea,Synthetic rubber and specialty chemicals,"3,800-4,200",1k-5k,growth-projected,,,"Listed Korean chemicals conglomerate, above floor comfortably",Synthetic rubber maker with a rival-adjacent story to Pirelli's tire compound supply chain
16 Specialty Chemicals & Coatings,5,50,SK Lubricants (ZIC),sklubricants.com,South Korea,Lubricants,"1,500-2,000",1k-5k,growth-projected,,,"Part of SK Group conglomerate, ample budget for a growth-market F1 push",ZIC has sponsored WRC and touring car racing; growth-market entry story rivaling Idemitsu/ENEOS presence in Asian motorsport
16 Specialty Chemicals & Coatings,6,46,Lubrizol Corporation,lubrizol.com,USA,Lubricant and fuel additives,"8,000-9,000",5k-10k,core,,,"Berkshire Hathaway-owned, well-capitalized specialty additive giant",Additive technology behind many racing-proven oils; ingredient-brand story positioned as the science behind engine performance vs Infineum/Afton
16 Specialty Chemicals & Coatings,7,46,tesa SE,tesa.com,Germany,Adhesive tapes,"5,000-5,500",5k-10k,core,,,"Beiersdorf-owned global adhesive tape leader, above floor comfortably","High-performance masking, bonding and aero tapes are race-day staples; direct technical-supplier product story"
16 Specialty Chemicals & Coatings,8,42,Chugoku Marine Paints,cmp.co.jp,Japan,Marine coatings,"3,300-3,700",1k-5k,adjacent,,,"Listed Japanese marine coatings leader, above floor comfortably",Marine/sailing coatings specialist with a poach angle bringing performance-hull coatings story to F1 aero surfaces
16 Specialty Chemicals & Coatings,9,42,Kraton Corporation,kraton.com,USA,Specialty polymers and elastomers,"1,800-2,000",1k-5k,adjacent,,,"DL Chemical-owned specialty polymer maker, floor-tier package feasible",Styrenic block copolymer maker with a rival-adjacent story to elastomer suppliers behind tire and seal compounds
16 Specialty Chemicals & Coatings,10,38,Comma Oil & Chemicals,commaoil.com,United Kingdom,Lubricants,150-250,250-1k,sentiment,,,"Privately owned UK lubricant blender, entry-tier package only",UK motorsport-adjacent lubricant brand aiming to raise profile against global rivals on the grid
16 Specialty Chemicals & Coatings,11,34,Chemetall (BASF),chemetall.com,Germany,Surface treatment specialty chemicals,"2,700-3,000",1k-5k,adjacent,,,"BASF-owned surface-treatment specialist, floor-tier activation via parent support",Surface treatment and corrosion-protection chemistry relevant to chassis durability and pit-crew tooling
16 Specialty Chemicals & Coatings,12,34,Ecovyst (formerly PQ Group),ecovyst.com,USA,Specialty catalysts and services,"900-1,100",1k-5k,adjacent,,,"NYSE-listed specialty catalyst maker, floor-tier package feasible","Catalyst technology tied to emissions and fuel-efficiency, aligning with F1's sustainability transition"
16 Specialty Chemicals & Coatings,13,34,Elementis plc,elementis.com,United Kingdom,Specialty additives,"1,200-1,400",1k-5k,adjacent,,,"LSE-listed specialty additives maker, floor-tier package feasible","Rheology and additive chemistry relevant to coatings performance, seeking a premium brand platform"
16 Specialty Chemicals & Coatings,14,34,Ferro (Prince International),ferro.com,USA,Specialty coatings and performance materials,"2,800-3,100",1k-5k,adjacent,,,"PE-owned specialty coatings and pigments maker, floor-tier package feasible",Functional coatings and color technology supplier seeking a premium brand platform
16 Specialty Chemicals & Coatings,15,34,Infineum International,infineum.com,United Kingdom,Lubricant additives (ExxonMobil/Shell JV),"1,800-2,500",1k-5k,adjacent,,,"Joint-venture scale (owned by ExxonMobil and Shell) gives ample marketing budget, though parent ties need diligence",Additive science behind many F1-grade lubricants; flagged for parent-company conflict given ExxonMobil/Shell ownership
16 Specialty Chemicals & Coatings,16,34,Innophos (One Rock Capital),innophos.com,USA,Specialty phosphates,"800-1,000",250-1k,adjacent,,,"PE-owned specialty chemicals maker, floor-tier package feasible",Specialty phosphate chemistry maker seeking a premium global brand halo outside industrial channels
16 Specialty Chemicals & Coatings,17,34,Kronos Worldwide,kronostio2.com,USA,Titanium dioxide pigments,"1,800-2,000",1k-5k,adjacent,,,"NYSE-listed pigment producer, above floor comfortably","Pigment technology behind white/base livery coatings, a niche but authentic technical-supplier story"
16 Specialty Chemicals & Coatings,18,34,NOF Corporation,nof.co.jp,Japan,Specialty chemicals and materials,"3,800-4,200",1k-5k,adjacent,,,"TSE-listed specialty chemicals group, above floor comfortably",Advanced materials and functional chemicals maker seeking Western brand-building exposure
16 Specialty Chemicals & Coatings,19,34,Trinseo PLC,trinseo.com,USA,Specialty materials and plastics,"2,000-2,400",1k-5k,adjacent,,,"NYSE-listed specialty plastics maker, floor-tier package feasible",Engineered plastics and latex binder maker seeking premium brand exposure with no current F1 tie
16 Specialty Chemicals & Coatings,20,34,Venator Materials,venatorcorp.com,United Kingdom,Titanium dioxide and performance pigments,"3,000-3,500",1k-5k,adjacent,,,"Publicly traded specialty pigments maker, floor-tier package feasible",Pigment and color-additive maker with a coatings-supply-chain story relevant to team liveries
16 Specialty Chemicals & Coatings,21,34,Wanhua Chemical Group,wanhuachem.com,China,Specialty and industrial chemicals,"25,000-27,000",10k+,growth-projected,,,"Shanghai-listed, fast-growing global chemicals major, comfortably above floor",Rapidly globalizing Chinese chemicals leader seeking premium Western brand-building as F1 grows its China audience
16 Specialty Chemicals & Coatings,22,30,Bardahl,bardahl.com,Belgium/USA,Performance additives and lubricants,250-400,250-1k,sentiment,,,"Family-owned niche brand, budget likely near the $3M floor via activation-heavy deal",Rally and endurance racing heritage brand (Bardahl-liveried teams for decades); classic underdog product story vs Mobil 1
16 Specialty Chemicals & Coatings,23,30,Beckers Group,beckers-group.com,Sweden,Industrial coil and industrial coatings,"2,000-2,400",1k-5k,sentiment,,,"Private industrial coatings group, floor-tier regional package",Industrial coatings specialist seeking premium brand visibility beyond B2B channels
16 Specialty Chemicals & Coatings,24,30,Cromology,cromology.com,France,Decorative paints,"2,800-3,200",1k-5k,sentiment,,,"Private-equity-backed European paint group, floor-tier package feasible",European decorative paints group seeking premium brand exposure via motorsport
16 Specialty Chemicals & Coatings,25,30,Dymax Corporation,dymax.com,USA,Light-curable adhesives,450-600,250-1k,sentiment,,,"Privately held specialty adhesives maker, floor-tier activation only","Precision-bonding technology used in demanding assembly applications, seeking a performance-engineering brand story"
16 Specialty Chemicals & Coatings,26,30,Flugger Group,flugger.com,Denmark,Paints and coatings,"1,100-1,500",1k-5k,sentiment,,,"Small listed Nordic paint maker, floor-tier regional package only",Nordic paint brand exploring premium sports association to lift brand awareness beyond home markets
16 Specialty Chemicals & Coatings,27,30,Franklin International (Titebond),titebond.com,USA,Adhesives,"900-1,200",1k-5k,sentiment,,,"Privately held US adhesives maker, floor-tier activation feasible",Strong-bond consumer brand seeking a premium halo via a performance-engineering association
16 Specialty Chemicals & Coatings,28,30,Helios Group,helios.eu,Slovenia,Paints and coatings,"1,800-2,200",1k-5k,sentiment,,,"Kansai Paint-owned European coatings group, floor-tier regional package",Central European coatings brand seeking premium exposure through motorsport association
16 Specialty Chemicals & Coatings,29,30,Kelly-Moore Paints,kellymoore.com,USA,Paints,450-600,250-1k,sentiment,,,"Privately held regional US paint maker, minimal-tier activation only",Regional paint brand seeking outsized visibility through a small-scale F1 association
16 Specialty Chemicals & Coatings,30,30,King Industries,kingindustries.com,USA,Specialty additives,250-350,250-1k,sentiment,,,"Small privately held specialty chemical maker, floor-tier only",Performance additive chemistry supplier seeking higher-visibility motorsport association
16 Specialty Chemicals & Coatings,31,30,Morris Lubricants,morrislubricants.co.uk,United Kingdom,Classic and racing lubricants,150-250,250-1k,sentiment,,,"Family-owned UK lubricant maker, entry-tier regional package",Historic motorsport oil brand with classic racing pedigree seeking modern grid visibility
16 Specialty Chemicals & Coatings,32,30,Nippon Bee Chemical,nbc.co.jp,Japan,Automotive coatings,"900-1,200",1k-5k,sentiment,,,"Nippon Paint group subsidiary, floor-tier activation via parent support",Automotive coatings specialist with technical-supplier positioning story for F1 bodywork finishes
16 Specialty Chemicals & Coatings,33,30,Noroo Paint & Coatings,noroo.co.kr,South Korea,Paints and coatings,"1,300-1,700",1k-5k,sentiment,,,"Mid-size Korean paint maker, floor-tier regional package",Growth-market Korean coatings brand seeking premium global sports halo
16 Specialty Chemicals & Coatings,34,30,ROWE Mineralölwerk,rowe-oil.com,Germany,Racing-heritage lubricants,200-350,250-1k,sentiment,,,"Mid-size family lubricant maker, entry-tier F1 activation fits budget",Long-time GT3/Nürburgring 24h and WRT Audi racing partner; racing-proven oil story challenging Petronas/Mobil 1
16 Specialty Chemicals & Coatings,35,30,Savita Oil Technologies,savita.com,India,Specialty lubricants,400-700,250-1k,sentiment,,,"Listed Indian specialty lubricant maker, floor-tier package feasible",Growth-market Indian lubricant brand with motorsport ambitions as F1 grows its India fanbase
16 Specialty Chemicals & Coatings,36,30,Sto SE & Co,sto.com,Germany,Facade coatings and render systems,"6,000-6,600",5k-10k,adjacent,,,"Family-controlled listed coatings group, above floor comfortably",Building-envelope coatings specialist seeking a premium global brand platform outside construction trade channels
16 Specialty Chemicals & Coatings,37,30,Teknos Group,teknos.com,Finland,Industrial and wood coatings,"1,700-2,000",1k-5k,sentiment,,,"Family-owned Nordic coatings group, floor-tier regional package",Nordic industrial coatings maker seeking premium global sports visibility
16 Specialty Chemicals & Coatings,38,30,Tide Water Oil (Veedol),veedol.com,India,Lubricants,600-900,250-1k,sentiment,,,"Listed Indian lubricant heritage brand, floor-tier package feasible",Historic Veedol racing heritage brand looking to leverage India's growing F1 fandom
16 Specialty Chemicals & Coatings,39,30,Tronox Holdings,tronox.com,USA,Titanium dioxide pigments and inorganic chemicals,"6,000-6,500",5k-10k,adjacent,,,"NYSE-listed vertically integrated pigment producer, comfortably above floor","Leading TiO2 pigment maker supplying the coatings industry, an ingredient-brand story for team livery paints"
16 Specialty Chemicals & Coatings,40,30,Vanderbilt Chemicals,vanderbiltchemicals.com,USA,Specialty lubricant additives,200-300,250-1k,sentiment,,,"Small privately held additive specialist, floor-tier only via co-branded activation",Niche additive science supplier positioning itself alongside bigger names like Lubrizol and Afton
16 Specialty Chemicals & Coatings,41,26,DAW SE (Caparol),daw.de,Germany,Paints and coatings,"5,400-5,800",5k-10k,sentiment,,,"Family-owned German coatings group, floor-tier regional package","Major European paint brand with no motorsport presence, potential regional F1 activation angle"
16 Specialty Chemicals & Coatings,42,26,DIC Corporation,dic-global.com,Japan,Specialty chemicals and inks,"19,000-21,000",10k+,adjacent,,,"TSE-listed global specialty chemicals group, above floor comfortably",Pigment and coatings chemistry relevant to livery inks and composite finishes
16 Specialty Chemicals & Coatings,43,22,Eurol B.V.,eurol.com,Netherlands,Lubricants,120-200,100-250,sentiment,,,"Small Dutch independent lubricant maker, entry-tier package only",European rallycross and endurance racing sponsor building a case for F1 exposure
16 Specialty Chemicals & Coatings,44,22,Gulf Western Oil,gulfwesternoil.com.au,Australia,Lubricants,100-200,100-250,sentiment,,,"Privately owned Australian lubricant maker, floor-tier regional deal","Australian motorsport (Supercars) sponsor distinct from the F1-affiliated Gulf Oil International brand, seeking global stage"
16 Specialty Chemicals & Coatings,45,22,Ipone,ipone.com,France,Motorcycle racing lubricants,80-150,100-250,sentiment,,,"Small French racing-oil specialist, minimal-tier budget",Motorcycle Grand Prix and endurance racing lubricant supplier looking to cross into car racing
16 Specialty Chemicals & Coatings,46,22,Klotz Synthetic Lubricants,klotzlube.com,USA,Racing lubricants,60-100,100-250,sentiment,,,"Very small specialist, minimal activation-only budget",Long-standing drag and powersport racing lubricant brand seeking broader visibility
16 Specialty Chemicals & Coatings,47,22,Master Bond Inc,masterbond.com,USA,Specialty adhesives,120-180,100-250,sentiment,,,"Small specialist adhesives maker, minimal-tier budget only",Engineering-grade adhesive specialist seeking a high-visibility technical partnership story
16 Specialty Chemicals & Coatings,48,22,Maxima Racing Oils,maximausa.com,USA,Racing lubricants,80-150,100-250,sentiment,,,"Small US racing-oil specialist, minimal-tier budget only",Motocross and powersports racing lubricant brand seeking four-wheel motorsport crossover
16 Specialty Chemicals & Coatings,49,22,Millers Oils,millersoils.co.uk,United Kingdom,Classic and racing lubricants,100-200,100-250,sentiment,,,"Small independent UK lubricant maker, floor-tier regional deal realistic","Historic and modern motorsport lubricant supplier (rallying, historic F1 grids); authentic racing story vs big-oil incumbents"
16 Specialty Chemicals & Coatings,50,22,Panolin AG,panolin.com,Switzerland,Biodegradable racing lubricants,100-180,100-250,sentiment,,,"Small specialist lubricant maker, niche-tier sponsorship only",Dakar Rally and off-road racing proven biodegradable lubricant; sustainability-linked product story for F1's green push
16 Specialty Chemicals & Coatings,51,22,Penrite Oil,penriteoil.com.au,Australia,Motorsport lubricants,120-200,100-250,sentiment,,,"Privately owned Australian oil maker, floor-tier regional deal",Supercars and off-road racing sponsor targeting global exposure through F1's Australian Grand Prix
16 Specialty Chemicals & Coatings,52,22,Permabond LLC,permabond.com,United Kingdom,Engineering adhesives,120-180,100-250,sentiment,,,"Small specialist engineering adhesives maker, minimal-tier budget only","High-strength structural adhesives relevant to lightweight composite assembly, seeking technical-brand visibility"
16 Specialty Chemicals & Coatings,53,22,Red Line Synthetic Oil,redlineoil.com,USA,Synthetic racing lubricants,100-200,100-250,sentiment,,,"Small private performance-oil maker, likely needs a minimum-tier package near the floor","Drag racing and road-racing proven synthetic lubricant story, positioned against Mobil 1 as the 'real racers' choice"
17 Private 5G & Telecom Equipment,1,50,Aviat Networks,aviatnetworks.com,USA,Microwave backhaul,"500-1,000",250-1k,core,,,"Revenue ~$400M, NASDAQ-listed",Growing US market presence wants brand elevation against Ceragon and Nokia in the backhaul space
17 Private 5G & Telecom Equipment,2,50,Ceragon Networks,ceragon.com,Israel,Microwave backhaul,"500-1,000",250-1k,core,,,"Revenue ~$300M, NASDAQ-listed",High-throughput wireless backhaul mirrors F1's real-time telemetry and broadcast transmission needs
17 Private 5G & Telecom Equipment,3,50,giffgaff,giffgaff.com,United Kingdom,"MVNO (community-driven, Telefonica/O2-owned)","200-1,000",250-1k,core,,,"Owned by Telefonica/O2, parent group multi-billion-euro revenue","Owned by Telefonica, whose Movistar brand has deep motorsport sponsorship history (MotoGP); giffgaff's youth-community brand and British home-market fit make F1 a natural extension"
17 Private 5G & Telecom Equipment,4,50,Lycamobile,lycamobile.com,United Kingdom,"MVNO (global, multi-country)","1,000-5,000",1k-5k,core,,,"Reported global revenue exceeding $1B across markets, privately held",Diaspora/global-traveler brand; F1's international multi-market calendar mirrors Lyca's own footprint
17 Private 5G & Telecom Equipment,5,46,Netcracker Technology,netcracker.com,USA,Telecom BSS/OSS software (NEC subsidiary),"5,000-10,000",5k-10k,core,,,"Parent NEC revenue ~$25B, TSE-listed",Digital-transformation software for telcos seeking a high-visibility B2B enterprise platform
17 Private 5G & Telecom Equipment,6,46,Starlink (SpaceX),starlink.com,USA,Satellite broadband,"10,000+",5k-10k,core,,,Parent SpaceX valued at over $200B; Starlink generates billions in annual revenue,"Global connectivity innovation brand; F1's remote circuits (Australia, Brazil, Azerbaijan) require satellite backup, a natural technical fit"
17 Private 5G & Telecom Equipment,7,44,1GLOBAL,1global.com,United Kingdom,Global eSIM connectivity (owns Truphone),"200-1,000",250-1k,funded-150m,,,"Raised significant capital including the 2020 acquisition of Truphone, implying multi-hundred-million enterprise value",Global eSIM connectivity for travelers matches F1's international fanbase and multi-country race calendar
17 Private 5G & Telecom Equipment,8,44,Parallel Wireless,parallelwireless.com,USA,Open RAN software,"200-1,000",250-1k,funded-150m,,,Raised over $280M across funding rounds,Open RAN disruptor narrative could use F1 to reach enterprise and telco decision-makers globally
17 Private 5G & Telecom Equipment,9,34,Enea (Openwave Mobility),enea.com,Sweden,Telecom network traffic/software,"200-1,000",250-1k,adjacent,,,"Public (Nasdaq Stockholm), acquired Openwave Mobility in 2021",Network optimization software targeting telco CTOs; niche but relevant enterprise audience overlap
17 Private 5G & Telecom Equipment,10,34,InHand Networks,inhandnetworks.com,China,Industrial IoT networking,"200-1,000",250-1k,adjacent,,,"Private, global industrial IoT vendor with established US/EU offices",Industrial connectivity story targeting enterprise buyers; needs Western-market credibility that F1 exposure could provide
17 Private 5G & Telecom Equipment,11,34,Intracom Telecom,intracom-telecom.com,Greece,Telecom systems/microwave equipment,"1,000-5,000",1k-5k,adjacent,,,"Private, part of Intracom Holdings, established European telecom vendor","European engineering brand could leverage F1's European heartland fanbase (Monza, Spa, Barcelona)"
17 Private 5G & Telecom Equipment,12,34,Robustel,robustel.com,China,Industrial IoT routers,"200-1,000",250-1k,adjacent,,,"Private, mid-size industrial IoT router vendor with global distribution",Similar industrial telemetry pitch to InHand; smaller budget likely constrains sponsorship depth
17 Private 5G & Telecom Equipment,13,34,SIAE Microelettronica,siaemic.com,Italy,Microwave radio systems,"500-1,000",250-1k,adjacent,,,"Private, established Italian telecom equipment maker with global reach",Italian heritage brand could align with F1's Monza and Imola home-market heritage
17 Private 5G & Telecom Equipment,14,34,Subex Limited,subex.com,India,Telecom analytics/fraud management,"1,000-5,000",1k-5k,adjacent,,,"Public (BSE/NSE-listed), revenue ~$50M","Growing Indian tech brand seeking global visibility as F1's Asian audience expands (Singapore, Japan)"
17 Private 5G & Telecom Equipment,15,34,Ultra Mobile,ultramobile.com,USA,MVNO (international-calling focus),"200-1,000",250-1k,adjacent,,,"Private, part of the Mobile X Global portfolio of MVNO brands",International-calling-focused MVNO aligns with F1's global diaspora fanbase
17 Private 5G & Telecom Equipment,16,34,UTStarcom,utstar.com,USA,Telecom equipment (broadband/edge),"200-1,000",250-1k,adjacent,,,"Small-cap NASDAQ-listed, revenue in the tens of millions",Niche legacy vendor seeking a global brand-visibility uplift; budget likely at the lower end of the floor
17 Private 5G & Telecom Equipment,17,34,Vantage Towers,vantagetowers.com,Germany,Tower/infrastructure (Vodafone-controlled),"1,000-5,000",1k-5k,adjacent,,,"Majority owned by Vodafone/GIP consortium, multi-billion-euro enterprise value","Vodafone was McLaren's title sponsor (2007-2013, 'Vodafone McLaren Mercedes'); a European tower affiliate revives that connectivity legacy"
17 Private 5G & Telecom Equipment,18,34,Wireless Infrastructure Group,wig.co.uk,United Kingdom,Neutral host telecom infrastructure,"200-1,000",250-1k,adjacent,,,Backed by USS and Ontario Teachers' pension infrastructure funds,In-building/venue connectivity fits stadium and street-circuit deployment narratives
17 Private 5G & Telecom Equipment,19,30,Airspan Networks,airspan.com,USA,5G RAN/Open RAN equipment,"200-1,000",250-1k,sentiment,,,Faced 2023 NASDAQ compliance and liquidity issues; restructured with new financing in 2024,Financially fragile; any sponsorship interest would be speculative and require heavy budget scrutiny
17 Private 5G & Telecom Equipment,20,30,DZS Inc,dzsi.com,USA,Broadband access & optical networking,"500-1,000",250-1k,sentiment,,,2023 revenue-recognition restatement disclosed in SEC filings; NASDAQ compliance concerns flagged in press,"Turnaround narrative; F1 sponsorship interest plausible only as part of a broader brand-rebuild push, budget likely below floor near-term"
17 Private 5G & Telecom Equipment,21,26,Anterix,anterix.com,USA,Private LTE spectrum (utilities/critical infrastructure),51-200,100-250,adjacent,,,"Market cap in the hundreds of millions to ~$1B range, NASDAQ-listed",Private-network spectrum story for critical-infrastructure clients could use F1 broadcast reliability as a proof point
17 Private 5G & Telecom Equipment,22,26,Blu Wireless,bluwireless.com,United Kingdom,mmWave wireless backhaul,51-200,100-250,adjacent,,,"Private, backed by strategic and venture investors in UK deep-tech",mmWave high-bandwidth wireless is ideal for temporary event connectivity at street circuits like Monaco and Las Vegas
17 Private 5G & Telecom Equipment,23,26,Druid Software,druidsoftware.com,Ireland,Private LTE/5G core network software,51-200,100-250,adjacent,,,"Private, established niche vendor with deployments across enterprise and industrial private networks",Small but technically credible play targeting enterprise/industrial 5G buyers who follow F1
17 Private 5G & Telecom Equipment,24,26,esim.me,esim.me,Germany,eSIM hardware/platform,51-200,100-250,adjacent,,,"Private, niche eSIM card and platform vendor",Small but innovative eSIM hardware angle; likely needs a co-sponsorship or lower-tier package given budget scale
17 Private 5G & Telecom Equipment,25,26,Flexiroam,flexiroam.com,Australia,eSIM/roaming platform,51-200,100-250,adjacent,,,Public (ASX-listed small cap),"ASX-listed eSIM roaming provider seeking brand credibility in APAC where F1 is growing (Singapore, Australia, Japan)"
17 Private 5G & Telecom Equipment,26,26,Gigs,gigs.com,USA,eSIM/MVNO-as-a-service platform,51-200,100-250,adjacent,,,Raised ~$57M Series B (2024) from Thrive Capital and General Catalyst,MVNO-as-a-service infrastructure platform targeting enterprise brands could showcase an F1-adjacent connectivity launch
17 Private 5G & Telecom Equipment,27,26,GigSky,gigsky.com,USA,eSIM/global data plans,51-200,100-250,adjacent,,,"Private, established travel eSIM provider operating since 2013",Long-standing eSIM travel brand looking for renewed market visibility among global travelers
17 Private 5G & Telecom Equipment,28,26,H2O Wireless,h2owireless.com,USA,MVNO (prepaid),51-200,100-250,adjacent,,,"Private, prepaid-focused MVNO with national retail distribution",Prepaid brand targeting cost-conscious but aspirational fans; a lower-tier activation package may fit better than the full floor
17 Private 5G & Telecom Equipment,29,26,Highway9 Networks,highway9.com,USA,Cloud-based private 5G-as-a-service,51-200,100-250,adjacent,,,"Raised ~$46M across seed/Series A rounds, backed by Qualcomm Ventures and Norwest",Emerging private-5G challenger seeking a flagship enterprise deployment story; budget likely constrained near-term
17 Private 5G & Telecom Equipment,30,26,Lynk Global,lynk.world,USA,Direct-to-device satellite connectivity,51-200,100-250,adjacent,,,Raised ~$85M across seed and Series funding rounds,Emerging satellite-direct-to-phone story could use F1 to build enterprise/telco partner awareness
17 Private 5G & Telecom Equipment,31,26,Nomad eSIM,getnomad.app,Estonia,eSIM travel connectivity,51-200,100-250,adjacent,,,"Private, fast-growing travel eSIM app with strong app-store rankings",High-growth consumer eSIM brand seeking travel-audience alignment via F1's global race calendar
17 Private 5G & Telecom Equipment,32,26,Pod Group,podgroup.com,United Kingdom,IoT connectivity/MVNE (Giesecke+Devrient-owned),51-200,100-250,adjacent,,,"Owned by Giesecke+Devrient, an established global security-technology group",Connected-vehicle IoT SIM management fits F1's car-telemetry data story
17 Private 5G & Telecom Equipment,33,26,Red Pocket Mobile,redpocket.com,USA,MVNO (multi-network),51-200,100-250,adjacent,,,"Private, established multi-carrier MVNO with national US distribution",Value MVNO seeking brand differentiation through premium sports association
17 Private 5G & Telecom Equipment,34,26,Tello Mobile,tello.com,USA,MVNO (budget),51-200,100-250,adjacent,,,"Private, small budget MVNO operating on the T-Mobile network",Budget-brand seeking differentiation; full sponsorship likely beyond current scale but a smaller activation could fit
17 Private 5G & Telecom Equipment,35,26,Twigby,twigby.com,USA,MVNO (budget/value),51-200,100-250,adjacent,,,"Private, small MVNO operating on the Verizon network",Niche budget brand; sponsorship would be a stretch but signals aspirational enterprise ambitions
17 Private 5G & Telecom Equipment,36,26,US Mobile,usmobile.com,USA,MVNO (multi-network),51-200,100-250,adjacent,,,"Private, venture-backed, growing subscriber base and media coverage",Tech-savvy MVNO brand targeting an enthusiast audience that overlaps with F1's growing US fanbase
17 Private 5G & Telecom Equipment,37,22,DragonWave-X,dragonwavex.com,Canada,Microwave backhaul,51-200,100-250,sentiment,,,"Restructured following 2017 bankruptcy proceedings; now a smaller, leaner private entity",Recovery-stage vendor; any sponsorship interest would be highly opportunistic and budget-constrained
18 Quantum Computing,1,46,Lake Shore Cryotronics,lakeshore.com,US,Cryogenic measurement & materials characterization for quantum research,"10,000+",5k-10k,core,,,Part of Roper Technologies (NYSE:ROP); FY2024 revenue ~$5.6B.,Deep-measurement-science pedigree mirrors F1's data/sensor-driven engineering culture.
18 Quantum Computing,2,46,Montana Instruments,montanainstruments.com,US,Cryostations for quantum research,"10,000+",5k-10k,core,,,"Owned by Coherent Corp (NYSE:COHR); FY2024 revenue ~$4.7B, 20,000+ employees.",Parent's global photonics scale gives sponsorship budget headroom with a cryogenics-precision story.
18 Quantum Computing,3,30,attocube systems,attocube.com,Germany,Nanopositioning & cryogenic microscopy for quantum research,150-250,250-1k,sentiment,,,Privately held German nanotechnology leader supplying major quantum computing labs worldwide.,Nanoscale-precision-engineering story pairs with F1's micron-tolerance manufacturing narrative.
18 Quantum Computing,4,30,Bluefors,bluefors.com,Finland,Dilution refrigerators & cryogenic systems for quantum computers,500-700,250-1k,sentiment,,,Market-leading cryostat maker; majority owned by private equity firm IK Partners since a 2022 multi-hundred-million-euro deal.,Behind-the-scenes precision-engineering story mirrors F1's unseen-but-critical component suppliers.
18 Quantum Computing,5,30,Quantum Design,qdusa.com,US,Cryogenic measurement systems (PPMS) for quantum materials research,250-350,250-1k,sentiment,,,"Privately held, decades-established leader in physical property measurement systems used across quantum labs worldwide.",Foundational-research-tools story fits an 'enabling every quantum breakthrough' F1 sponsor pitch.
18 Quantum Computing,6,30,Riverlane,riverlane.com,UK,Quantum error correction software,150-250,250-1k,sentiment,,,Raised $75M Series C (2024); cumulative funding over $135M.,Error-correction-for-reliability narrative maps well onto F1's reliability-engineering obsession.
18 Quantum Computing,7,30,Sivers Semiconductors,sivers-semiconductors.com,Sweden,Photonic components for quantum & telecom applications,150-250,250-1k,sentiment,,,Public (Nasdaq Stockholm: SIVE); small-cap with growing photonics/quantum component revenue.,Public Nordic photonics-innovator story complements F1's European tech-sponsor mix.
18 Quantum Computing,8,30,Zurich Instruments,zhinst.com,Switzerland,Control electronics & lock-in amplifiers for quantum computing,200-300,250-1k,sentiment,,,"Wholly owned by Rohde & Schwarz (private, revenue ~€2.5B) since a 2021 acquisition.",Precision test-and-measurement pedigree fits F1's data-acquisition sponsor niche.
18 Quantum Computing,9,26,Anyon Systems,anyonsys.com,Canada,Superconducting quantum computing systems,51-100,100-250,adjacent,,,Privately funded Canadian quantum hardware maker supplying dilution-refrigerator-based systems to research labs.,Niche precision-hardware maker aligns with F1's specialist-engineering supplier narrative.
18 Quantum Computing,10,26,Cryomagnetics Inc,cryomagnetics.com,US,Superconducting magnets & cryostats for quantum research,100-150,100-250,adjacent,,,Privately held US cryogenics manufacturer supplying major national labs and universities.,Specialist cryo-engineering supplier fits F1's under-the-radar precision-component sponsor niche.
18 Quantum Computing,11,26,ISARA Corporation,isara.com,Canada,Post-quantum cryptography & crypto-agility software,51-100,100-250,adjacent,,,Raised ~$30M+ across venture rounds from strategic and institutional investors.,Crypto-agility-for-critical-systems pitch aligns with F1's cybersecurity sponsor tier.
18 Quantum Computing,12,26,Qblox,qblox.com,Netherlands,Quantum control & readout electronics,51-100,100-250,adjacent,,,Raised ~€13M+ across seed/Series A rounds from strategic and VC investors.,Compact control-electronics story fits F1's onboard-electronics sponsor niche.
18 Quantum Computing,13,26,Qedma,qedma.com,Israel,Quantum error suppression software,51-100,100-250,adjacent,,,Raised $26M seed/Series A (2024) with strategic quantum-hardware partners.,Reliability-focused software niche complements F1's precision-performance narrative.
18 Quantum Computing,14,26,QNu Labs,qnulabs.com,India,Quantum key distribution & quantum random number generators,80-150,100-250,adjacent,,,Raised ~$14M+ across funding rounds; India's leading quantum-safe security startup with government-backed pilot deployments.,Quantum-safe-security-for-connected-systems narrative supports F1's data-protection sponsor tier.
18 Quantum Computing,15,26,Qrypt,qrypt.com,US,Quantum-secure encryption using quantum entropy,51-100,100-250,adjacent,,,Raised $25M+ across seed/Series A rounds from strategic tech investors.,Data-security-for-connected-vehicles angle resonates with F1's telemetry-security theme.
18 Quantum Computing,16,26,QuSecure,qusecure.com,US,Post-quantum cybersecurity orchestration software,51-100,100-250,adjacent,,,Raised $28M Series A2 backed by strategic defense-tech investors.,Cyber-resilience narrative complements F1's growing focus on data protection.
18 Quantum Computing,17,26,Single Quantum,singlequantum.com,Netherlands,Superconducting nanowire single-photon detectors,51-100,100-250,adjacent,,,Privately funded Dutch deep-tech supplier to major quantum computing and networking labs globally.,Extreme-sensitivity-detection niche offers an 'invisible tech that makes the impossible measurable' F1 story.
18 Quantum Computing,18,26,Strangeworks,strangeworks.com,US,Quantum computing software platform & orchestration,51-100,100-250,adjacent,,,Raised $34M Series A backed by IBM Ventures and other strategic investors.,Developer-ecosystem/software-platform story fits F1's tech-enablement sponsor tier.
18 Quantum Computing,19,26,Vescent Photonics,vescent.com,US,Laser & photonic control systems for quantum sensing,51-100,100-250,adjacent,,,"Privately held, DARPA/NASA-funded photonics supplier to quantum and atomic-clock programs.",Compact photonics-for-extreme-environments story fits F1's ruggedized-electronics sponsor niche.
18 Quantum Computing,20,22,1Qbit,1qbit.com,Canada,Quantum & quantum-inspired optimization software,80-150,100-250,sentiment,,,Raised cumulative ~$100M+ from institutional and strategic investors since founding.,Optimization-under-constraints pitch mirrors F1 strategy and race-simulation computing.
18 Quantum Computing,21,22,Arqit Quantum,arqit.uk,UK,Post-quantum encryption software & satellite QKD ambitions,80-150,100-250,sentiment,,,Public (NASDAQ:ARQQ) since a 2021 SPAC listing; ongoing government and satellite-security contracts.,Public-listing visibility and a 'quantum-safe by design' pitch fit F1's forward-looking tech sponsor slate.
18 Quantum Computing,22,22,EeroQ,eeroq.com,US,Electron-on-helium quantum computing,51-100,100-250,sentiment,,,Raised $23M seed round (2024) backed by strategic and VC investors.,Novel-physics approach offers a fresh technology-frontier angle for F1 sponsor storytelling.
18 Quantum Computing,23,22,Oxford Ionics,oxfordionics.com,UK,Trapped-ion quantum computing on semiconductor chips,51-100,100-250,sentiment,,,Raised $30M Series A (2024) alongside rapid qubit-fidelity record announcements.,Record-setting performance claims echo F1's fastest/most-precise positioning.
18 Quantum Computing,24,22,QpiAI,qpiai.tech,India,"Quantum computing hardware, software & quantum-AI platforms",100-200,100-250,sentiment,,,"Raised $32M Series A (2025), one of India's largest quantum computing funding rounds.",Emerging-market deep-tech growth story broadens F1's fanbase reach into India's tech sector.
18 Quantum Computing,25,22,Quantum Brilliance,quantumbrilliance.com,Australia/Germany,Room-temperature diamond-based quantum accelerators,100-150,100-250,sentiment,,,"Raised $18M+ Series A plus government co-funding, targeting miniaturized/edge quantum computing.","Edge/embedded quantum computing pitch mirrors F1's onboard, real-time compute narrative."
18 Quantum Computing,26,22,Quantum Computing Inc,quantumcomputinginc.com,US,Photonic/entropy quantum computing & Dirac chips,51-100,100-250,sentiment,,,Public (NASDAQ:QUBT); market cap surged into the billions during the 2024-2025 quantum stock rally with follow-on capital raises.,Retail-investor visibility and quantum-hype momentum offer brand-exposure upside for F1 partners.
18 Quantum Computing,27,22,Quantum Motion,quantummotion.tech,UK,Silicon spin-qubit quantum computing,51-100,100-250,sentiment,,,Raised $58M Series B extension (2023); cumulative funding over $80M.,CMOS-compatible qubit scalability story resonates with F1's chip/electronics sponsors.
18 Quantum Computing,28,22,Quside Technologies,quside.com,Spain,Quantum random number generators & photonic chips,51-100,100-250,sentiment,,,Raised ~$20M+ across seed/Series A rounds from European strategic investors.,Randomness-for-security-and-simulation niche fits F1's data-integrity sponsor tier.
18 Quantum Computing,29,22,Silicon Quantum Computing,sqc.com.au,Australia,Atom-scale silicon quantum computing,51-100,100-250,sentiment,,,Backed by ~AU$130M in combined private and government co-investment as a UNSW spinout.,Atomic-precision engineering story complements F1's manufacturing-tolerance narrative.
18 Quantum Computing,30,22,Universal Quantum,universalquantum.com,UK,Modular trapped-ion quantum computers,80-150,100-250,sentiment,,,Secured £42M+ UK funding plus a €67M German government contract (2023) to build a UK-Germany quantum computer.,Cross-border 'build the biggest quantum computer' narrative mirrors F1's multinational engineering teams.
18 Quantum Computing,31,22,Vector Atomic,vectoratomic.com,US,Optical atomic clocks & quantum sensors,51-100,100-250,sentiment,,,Raised $30M+ across seed/Series A with DARPA and strategic defense-tech backing.,Precision-timing-for-critical-systems story parallels F1's telemetry-timing needs.
