f1_sponsor,sponsor_f1_relationship,category,rank,competitor,domain,note,also_comparable_to
Barilla,F1 official partner,"Beverages, Food & CPG",1,De Matteis Agroalimentare (Verrigni/Pasta Armando),pasta.it,Fast-scaling premium Italian pasta group,
Barilla,F1 official partner,"Beverages, Food & CPG",2,Voiello,voiello.it,Barilla-adjacent heritage Naples pasta brand,
Barilla,F1 official partner,"Beverages, Food & CPG",3,Setaro,pastasetaro.it,Boutique Torre Annunziata pasta producer,
Barilla,F1 official partner,"Beverages, Food & CPG",4,Gragnano Pasta (Pastificio dei Campi),pastadeicampi.it,Craft PGI Gragnano pasta scaling exports,
Barilla,F1 official partner,"Beverages, Food & CPG",5,Molisana Group,lamolisana.it,Growing Italian dry-pasta exporter,
Barilla,F1 official partner,"Beverages, Food & CPG",6,Riscossa,riscossa.it,Independent Sicilian durum wheat pasta maker,
Barilla,F1 official partner,"Beverages, Food & CPG",7,Banza,eatbanza.com,Fast-growing US chickpea-pasta challenger brand,
Barilla,F1 official partner,"Beverages, Food & CPG",8,Jovial Foods,jovialfoods.com,US organic/einkorn pasta challenger brand,
Barilla,F1 official partner,"Beverages, Food & CPG",9,Bionaturae,bionaturae.com,US-imported organic Italian pasta brand,
Barilla,F1 official partner,"Beverages, Food & CPG",10,Tolerant Foods,tolerantfoods.com,US legume-pasta health challenger brand,
Barilla,F1 official partner,"Beverages, Food & CPG",11,Explore Cuisine,explorecuisine.com,Fast-growing plant-based pasta challenger,
Barilla,F1 official partner,"Beverages, Food & CPG",12,San Giorgio Pasta,sangiorgio.com,US regional pasta brand,
Barilla,F1 official partner,"Beverages, Food & CPG",13,Pastificio Cocco,pastificiococco.it,Fast-growing Fara San Martino artisanal pasta maker,
Barilla,F1 official partner,"Beverages, Food & CPG",14,Rustichella d'Abruzzo,rustichella.it,Fast-growing independent premium Italian pasta exporter,
Barilla,F1 official partner,"Beverages, Food & CPG",15,Alce Nero,alcenero.com,Fast-growing independent Italian organic food and pasta brand,
Barilla,F1 official partner,"Beverages, Food & CPG",16,Felicetti,pastafelicetti.it,Fast-growing independent Italian organic pasta maker,
Barilla,F1 official partner,"Beverages, Food & CPG",17,Pasta Zara,pastazara.it,Fast-growing independent Italian pasta exporter,
Barilla,F1 official partner,"Beverages, Food & CPG",18,Pastificio Fabianelli,fabianelli.it,Fast-growing independent Tuscan pasta producer,
Barilla,F1 official partner,"Beverages, Food & CPG",19,Antico Pastificio Morelli,pastamorelli.it,Fast-growing heritage Tuscan artisanal pasta brand,
Barilla,F1 official partner,"Beverages, Food & CPG",20,Pasta Marella,pastamarella.it,Independent Neapolitan pasta producer,
Barilla,F1 official partner,"Beverages, Food & CPG",21,Afeltra,pastificioafeltra.it,Fast-growing artisanal Gragnano pasta brand,
Barilla,F1 official partner,"Beverages, Food & CPG",22,Pastificio Faella,pastificiofaella.it,Fast-growing artisanal Gragnano bronze-die pasta maker,
Barilla,F1 official partner,"Beverages, Food & CPG",23,Pastificio Leonessa,pastaleonessa.it,Independent Gragnano pasta producer,
Barilla,F1 official partner,"Beverages, Food & CPG",24,Martelli Pasta,pastamartelli.it,Boutique family-run Tuscan pasta maker,
Barilla,F1 official partner,"Beverages, Food & CPG",25,Latini Fabio,pastalatini.it,Independent Umbrian artisanal pasta producer,
Beforeyouspeak Coffee,Alpine partner,"Beverages, Food & CPG",1,Kicking Horse Coffee,kickinghorsecoffee.com,Fast-growing independent Canadian coffee brand,
Beforeyouspeak Coffee,Alpine partner,"Beverages, Food & CPG",2,Blue Bottle Coffee (Nestlé),bluebottlecoffee.com,Fast-growing premium specialty coffee brand,
Beforeyouspeak Coffee,Alpine partner,"Beverages, Food & CPG",3,Stumptown Coffee Roasters,stumptowncoffee.com,Fast-growing US specialty coffee roaster,
Beforeyouspeak Coffee,Alpine partner,"Beverages, Food & CPG",4,Counter Culture Coffee,counterculturecoffee.com,Fast-growing US specialty coffee roaster,
Beforeyouspeak Coffee,Alpine partner,"Beverages, Food & CPG",5,La Colombe Coffee Roasters,lacolombe.com,Fast-scaling US specialty coffee and RTD brand,
Beforeyouspeak Coffee,Alpine partner,"Beverages, Food & CPG",6,Cometeer,cometeer.com,Fast-growing frozen-pod specialty coffee startup,
Beforeyouspeak Coffee,Alpine partner,"Beverages, Food & CPG",7,Ryze Mushroom Coffee,ryzesuperfoods.com,Fast-scaling US mushroom coffee challenger brand,
Beforeyouspeak Coffee,Alpine partner,"Beverages, Food & CPG",8,MUD\WTR,mudwtr.com,Fast-growing US coffee-alternative functional beverage brand,
Beforeyouspeak Coffee,Alpine partner,"Beverages, Food & CPG",9,Clevr Blends,clevrblends.com,Fast-growing US functional latte startup,
Beforeyouspeak Coffee,Alpine partner,"Beverages, Food & CPG",10,Vahdam India,vahdamteas.com,Fast-growing direct-to-consumer tea and coffee brand,
Beforeyouspeak Coffee,Alpine partner,"Beverages, Food & CPG",11,Change Please,changepleasecoffee.com,Fast-growing UK social-enterprise coffee brand,
Beforeyouspeak Coffee,Alpine partner,"Beverages, Food & CPG",12,Verve Coffee Roasters,vervecoffee.com,Fast-growing US specialty coffee roaster,
Beforeyouspeak Coffee,Alpine partner,"Beverages, Food & CPG",13,Onyx Coffee Lab,onyxcoffeelab.com,Fast-growing US specialty coffee roaster,
Beforeyouspeak Coffee,Alpine partner,"Beverages, Food & CPG",14,Sant'Eustachio Il Caffè,santeustachioilcaffe.it,Fast-growing Italian specialty coffee roaster,
Beforeyouspeak Coffee,Alpine partner,"Beverages, Food & CPG",15,illycaffè,illy.com,Fast-growing global premium Italian coffee brand,
Beforeyouspeak Coffee,Alpine partner,"Beverages, Food & CPG",16,Cafe Britt,cafebritt.com,Fast-growing Costa Rican specialty coffee export brand,
Beforeyouspeak Coffee,Alpine partner,"Beverages, Food & CPG",17,Peet's Coffee (JDE Peet's),peets.com,Fast-growing premium US specialty coffee brand,
Beforeyouspeak Coffee,Alpine partner,"Beverages, Food & CPG",18,Caribou Coffee (JAB Holding),cariboucoffee.com,Fast-growing US specialty coffeehouse chain,
Beforeyouspeak Coffee,Alpine partner,"Beverages, Food & CPG",19,Dutch Bros Coffee,dutchbros.com,Fast-growing US drive-thru specialty coffee chain,
Beforeyouspeak Coffee,Alpine partner,"Beverages, Food & CPG",20,Philz Coffee,philzcoffee.com,Fast-growing independent US specialty coffee chain,
Beforeyouspeak Coffee,Alpine partner,"Beverages, Food & CPG",21,Intelligentsia Coffee,intelligentsia.com,Fast-growing US specialty coffee roaster,
Beforeyouspeak Coffee,Alpine partner,"Beverages, Food & CPG",22,Groundwork Coffee,groundworkcoffee.com,Fast-growing independent LA specialty coffee roaster,
Beforeyouspeak Coffee,Alpine partner,"Beverages, Food & CPG",23,Wandering Bear Coffee,wanderingbearcoffee.com,Fast-growing US cold brew coffee brand,
Celsius (Celsius Holdings),Aston Martin partner,"Beverages, Food & CPG",1,Nutrabolt (C4 Smart Energy),nutrabolt.com,Fast-scaling US sports-nutrition/energy holding company,Optimum Nutrition (Glanbia)
Celsius (Celsius Holdings),Aston Martin partner,"Beverages, Food & CPG",2,Recess,takearecess.com,Fast-growing US functional sparkling beverage startup,PepsiCo
Celsius (Celsius Holdings),Aston Martin partner,"Beverages, Food & CPG",3,Kin Euphorics,kineuphorics.com,Fast-growing US functional non-alcoholic beverage brand,Beforeyouspeak Coffee
Celsius (Celsius Holdings),Aston Martin partner,"Beverages, Food & CPG",4,Nawgan,nawgan.com,Fast-growing US wellness/energy drink startup,Monster Energy (Monster Beverage)
Celsius (Celsius Holdings),Aston Martin partner,"Beverages, Food & CPG",5,Steel City Energy,steelcityenergy.com,Fast-growing US independent energy drink brand,Monster Energy (Monster Beverage)
Celsius (Celsius Holdings),Aston Martin partner,"Beverages, Food & CPG",6,Real Ketones Energy,realketones.com,Fast-growing US ketone-based energy drink brand,Monster Energy (Monster Beverage); Red Bull
Celsius (Celsius Holdings),Aston Martin partner,"Beverages, Food & CPG",7,Hiya Health,hiyahealth.com,Fast-growing US children's wellness beverage brand,
Celsius (Celsius Holdings),Aston Martin partner,"Beverages, Food & CPG",8,Suja Life,suja.com,Fast-growing US organic functional juice and wellness brand,
Celsius (Celsius Holdings),Aston Martin partner,"Beverages, Food & CPG",9,Ghost Lifestyle Hydration,ghostlifestyle.com,Fast-growing US lifestyle sports-nutrition beverage brand,
Celsius (Celsius Holdings),Aston Martin partner,"Beverages, Food & CPG",10,1st Phorm Phormula-1,1stphorm.com,Fast-scaling US DTC sports nutrition and energy brand,
Celsius (Celsius Holdings),Aston Martin partner,"Beverages, Food & CPG",11,Rebbl,rebbl.co,Fast-growing US functional plant-based beverage brand,
Celsius (Celsius Holdings),Aston Martin partner,"Beverages, Food & CPG",12,Vive Organic,viveorganic.com,Fast-growing US organic wellness shot brand,
Celsius (Celsius Holdings),Aston Martin partner,"Beverages, Food & CPG",13,Perfect Keto,perfectketo.com,Fast-growing US keto/energy supplement brand,
Chivas Regal (Pernod Ricard),Ferrari partner,"Beverages, Food & CPG",1,Aberfeldy,aberfeldy.com,Bacardi-owned premium single malt Scotch,
Chivas Regal (Pernod Ricard),Ferrari partner,"Beverages, Food & CPG",2,Monkey Shoulder,monkeyshoulder.com,Fast-growing William Grant blended malt Scotch challenger,
Chivas Regal (Pernod Ricard),Ferrari partner,"Beverages, Food & CPG",3,Naked Malt,nakedmalt.com,Fast-growing blended malt Scotch challenger brand,
Chivas Regal (Pernod Ricard),Ferrari partner,"Beverages, Food & CPG",4,Kilchoman,kilchomandistillery.com,Fast-growing independent Islay craft distillery,Glenfiddich (William Grant & Sons)
Chivas Regal (Pernod Ricard),Ferrari partner,"Beverages, Food & CPG",5,GlenAllachie,theglenallachie.com,Fast-growing independent Speyside single malt distillery,
Chivas Regal (Pernod Ricard),Ferrari partner,"Beverages, Food & CPG",6,Nc'nean,ncnean.com,Fast-growing sustainable independent Scotch distillery,Glenfiddich (William Grant & Sons)
Chivas Regal (Pernod Ricard),Ferrari partner,"Beverages, Food & CPG",7,Bimber Distillery,bimberdistillery.co.uk,Fast-growing independent English single malt distillery,
Chivas Regal (Pernod Ricard),Ferrari partner,"Beverages, Food & CPG",8,Roe & Co (Diageo),roeandcowhiskey.com,Fast-growing Diageo Irish whiskey challenger brand,
Chivas Regal (Pernod Ricard),Ferrari partner,"Beverages, Food & CPG",9,Teeling Whiskey,teelingwhiskey.com,Fast-growing independent Irish whiskey distillery,Jack Daniel's (Brown-Forman)
Chivas Regal (Pernod Ricard),Ferrari partner,"Beverages, Food & CPG",10,Slane Irish Whiskey,slaneirishwhiskey.com,Fast-growing Brown-Forman Irish whiskey brand,Jack Daniel's (Brown-Forman)
Chivas Regal (Pernod Ricard),Ferrari partner,"Beverages, Food & CPG",11,Suntory Whisky (Hibiki/Yamazaki),suntorywhisky.com,Fast-growing global premium Japanese whisky brand,
Chivas Regal (Pernod Ricard),Ferrari partner,"Beverages, Food & CPG",12,Royal Brackla (Bacardi),royalbrackla.com,Fast-growing premium Highland single malt Scotch,
Chivas Regal (Pernod Ricard),Ferrari partner,"Beverages, Food & CPG",13,Ardnamurchan Distillery,adelphidistillery.com,Fast-growing independent Highland craft distillery,
Chivas Regal (Pernod Ricard),Ferrari partner,"Beverages, Food & CPG",14,Isle of Raasay Distillery,raasaydistillery.com,Fast-growing independent island single malt distillery,
Chivas Regal (Pernod Ricard),Ferrari partner,"Beverages, Food & CPG",15,Daftmill Distillery,daftmill.com,Fast-growing independent farm-based Lowland distillery,
Chivas Regal (Pernod Ricard),Ferrari partner,"Beverages, Food & CPG",16,InchDairnie Distillery,inchdairniedistillery.com,Fast-growing independent Lowland craft distillery,
Chivas Regal (Pernod Ricard),Ferrari partner,"Beverages, Food & CPG",17,The Clydeside Distillery,theclydeside.com,Fast-growing independent Glasgow craft distillery,
Dirt is Good / OMO (Unilever),F1 Academy partner,"Beverages, Food & CPG",1,Ecozone,ecozone.com,Fast-growing UK eco-friendly household brand,
Dirt is Good / OMO (Unilever),F1 Academy partner,"Beverages, Food & CPG",2,Bio-D,biodegradablediscount.co.uk,Fast-growing UK eco-friendly cleaning brand,
Dirt is Good / OMO (Unilever),F1 Academy partner,"Beverages, Food & CPG",3,Attitude Living,attitudeliving.com,Fast-growing Canadian eco-friendly cleaning brand,
Dirt is Good / OMO (Unilever),F1 Academy partner,"Beverages, Food & CPG",4,Puracy,puracy.com,Fast-growing natural household and laundry-care brand,
Dirt is Good / OMO (Unilever),F1 Academy partner,"Beverages, Food & CPG",5,Sonett,sonett.eu,Fast-growing independent European organic detergent brand,
Dirt is Good / OMO (Unilever),F1 Academy partner,"Beverages, Food & CPG",6,Frosch (Werner & Mertz),frosch.de,Fast-growing German eco-friendly cleaning brand,
Dirt is Good / OMO (Unilever),F1 Academy partner,"Beverages, Food & CPG",7,Sodasan,sodasan.com,Fast-growing German organic detergent brand,
Dirt is Good / OMO (Unilever),F1 Academy partner,"Beverages, Food & CPG",8,Splosh,splosh.com,Fast-growing UK refillable household cleaning brand,
Dirt is Good / OMO (Unilever),F1 Academy partner,"Beverages, Food & CPG",9,Smol,smolproducts.com,Fast-growing UK direct-to-consumer eco laundry brand,
Dirt is Good / OMO (Unilever),F1 Academy partner,"Beverages, Food & CPG",10,Grove Collaborative,grove.co,Fast-growing sustainable direct-to-consumer household brand,
Dirt is Good / OMO (Unilever),F1 Academy partner,"Beverages, Food & CPG",11,Blueland,blueland.com,Fast-growing zero-waste cleaning and laundry startup,
Dirt is Good / OMO (Unilever),F1 Academy partner,"Beverages, Food & CPG",12,Dropps,dropps.com,Fast-growing eco-friendly laundry-pod challenger brand,
Dirt is Good / OMO (Unilever),F1 Academy partner,"Beverages, Food & CPG",13,Molly's Suds,mollyssuds.com,Fast-growing natural laundry-detergent challenger brand,
Dirt is Good / OMO (Unilever),F1 Academy partner,"Beverages, Food & CPG",14,Rin (RSPL Group),rspl.co.in,Fast-growing Indian value detergent brand,
Dirt is Good / OMO (Unilever),F1 Academy partner,"Beverages, Food & CPG",15,Nirma,nirma.co.in,Fast-growing independent Indian detergent conglomerate,
Dirt is Good / OMO (Unilever),F1 Academy partner,"Beverages, Food & CPG",16,Charlie's Soap,charliesoap.com,Fast-growing independent US natural laundry detergent brand,
Dirt is Good / OMO (Unilever),F1 Academy partner,"Beverages, Food & CPG",17,Tru Earth,tru.earth,Fast-growing eco-friendly laundry-strip challenger brand,
Dirt is Good / OMO (Unilever),F1 Academy partner,"Beverages, Food & CPG",18,Dizolve,dizolve.com,Fast-growing Canadian laundry-strip challenger brand,
Dirt is Good / OMO (Unilever),F1 Academy partner,"Beverages, Food & CPG",19,Kind Laundry,kindlaundry.com,Fast-growing US eco-friendly laundry-sheet startup,
Dirt is Good / OMO (Unilever),F1 Academy partner,"Beverages, Food & CPG",20,Meliora Cleaning Products,meliorameansbetter.com,Fast-growing independent US natural cleaning brand,
"Estrella Galicia 0,0 (Hijos de Rivera)",Williams partner,"Beverages, Food & CPG",1,Bavaria 0.0%,bavaria.com,Fast-growing Dutch non-alcoholic beer brand,
"Estrella Galicia 0,0 (Hijos de Rivera)",Williams partner,"Beverages, Food & CPG",2,O'Doul's (AB InBev),budweiser.com,Fast-growing US non-alcoholic beer brand,
"Estrella Galicia 0,0 (Hijos de Rivera)",Williams partner,"Beverages, Food & CPG",3,Kaliber (Guinness/Diageo),guinness.com,Fast-growing non-alcoholic beer brand from Guinness,
"Estrella Galicia 0,0 (Hijos de Rivera)",Williams partner,"Beverages, Food & CPG",4,Buckler (Heineken),heineken.com,Heineken's non-alcoholic beer brand,
"Estrella Galicia 0,0 (Hijos de Rivera)",Williams partner,"Beverages, Food & CPG",5,Fayrouz (AB InBev),ab-inbev.com,Fast-growing Middle East non-alcoholic malt beverage brand,
"Estrella Galicia 0,0 (Hijos de Rivera)",Williams partner,"Beverages, Food & CPG",6,Vitamalt (Royal Unibrew),royalunibrew.com,Fast-growing African/Caribbean non-alcoholic malt beverage brand,
"Estrella Galicia 0,0 (Hijos de Rivera)",Williams partner,"Beverages, Food & CPG",7,Bravus Brewing Company,bravusbrewing.com,Fast-growing US non-alcoholic craft beer brand,
"Estrella Galicia 0,0 (Hijos de Rivera)",Williams partner,"Beverages, Food & CPG",8,Jever Fun,jever.de,Fast-growing German non-alcoholic beer brand,
"Estrella Galicia 0,0 (Hijos de Rivera)",Williams partner,"Beverages, Food & CPG",9,Moretti Zero (Heineken),birramoretti.com,Fast-growing Italian non-alcoholic beer brand,
"Estrella Galicia 0,0 (Hijos de Rivera)",Williams partner,"Beverages, Food & CPG",10,"Mahou 0,0",mahou.es,Fast-growing Spanish non-alcoholic beer brand,
"Estrella Galicia 0,0 (Hijos de Rivera)",Williams partner,"Beverages, Food & CPG",11,Amstel 0.0 (Heineken),amstel.com,Fast-growing global non-alcoholic beer brand,
"Estrella Galicia 0,0 (Hijos de Rivera)",Williams partner,"Beverages, Food & CPG",12,Suntory All-Free,suntory.com,Fast-growing Japanese non-alcoholic beer brand,
"Estrella Galicia 0,0 (Hijos de Rivera)",Williams partner,"Beverages, Food & CPG",13,Asahi Dry Zero,asahibeer.com,Fast-growing Japanese non-alcoholic beer brand,
"Estrella Galicia 0,0 (Hijos de Rivera)",Williams partner,"Beverages, Food & CPG",14,Warka Non-Alcoholic (AB InBev),ab-inbev.com,Fast-growing Middle East non-alcoholic malt beverage brand,
"Estrella Galicia 0,0 (Hijos de Rivera)",Williams partner,"Beverages, Food & CPG",15,Barbican (AB InBev),ab-inbev.com,Fast-growing Middle East non-alcoholic malt beverage brand,
"Estrella Galicia 0,0 (Hijos de Rivera)",Williams partner,"Beverages, Food & CPG",16,Moussy (AB InBev),ab-inbev.com,Fast-growing Middle East non-alcoholic malt beverage brand,
G.H. Mumm (Pernod Ricard),Ferrari partner,"Beverages, Food & CPG",1,Larmandier-Bernier,larmandier.fr,Fast-growing biodynamic grower-Champagne house,Moet & Chandon (LVMH); Moet Hennessy (LVMH); Taittinger
G.H. Mumm (Pernod Ricard),Ferrari partner,"Beverages, Food & CPG",2,Vilmart & Cie,champagne-vilmart.fr,Fast-growing prestige grower-Champagne house,Moet & Chandon (LVMH); Taittinger
G.H. Mumm (Pernod Ricard),Ferrari partner,"Beverages, Food & CPG",3,Agrapart & Fils,champagne-agrapart.com,Fast-growing grower-Champagne house,Moet & Chandon (LVMH); Moet Hennessy (LVMH); Taittinger
G.H. Mumm (Pernod Ricard),Ferrari partner,"Beverages, Food & CPG",4,Pierre Gimonnet & Fils,champagne-gimonnet.com,Fast-growing prestige grower-Champagne house,Moet & Chandon (LVMH); Taittinger
G.H. Mumm (Pernod Ricard),Ferrari partner,"Beverages, Food & CPG",5,Pierre Peters,champagnepeters.com,Fast-growing grower-Champagne house,Moet & Chandon (LVMH); Taittinger
G.H. Mumm (Pernod Ricard),Ferrari partner,"Beverages, Food & CPG",6,Marie Courtin,champagne-mariecourtin.com,Fast-growing biodynamic grower-Champagne house,Moet & Chandon (LVMH)
G.H. Mumm (Pernod Ricard),Ferrari partner,"Beverages, Food & CPG",7,Chartogne-Taillet,chartogne-taillet.com,Fast-growing cult grower-Champagne house,Moet & Chandon (LVMH); Moet Hennessy (LVMH); Taittinger
G.H. Mumm (Pernod Ricard),Ferrari partner,"Beverages, Food & CPG",8,Fleury,champagne-fleury.fr,Fast-growing biodynamic grower-Champagne house,Moet & Chandon (LVMH); Taittinger
G.H. Mumm (Pernod Ricard),Ferrari partner,"Beverages, Food & CPG",9,Tarlant,tarlant.com,Fast-growing independent grower-Champagne house,Moet & Chandon (LVMH); Taittinger
G.H. Mumm (Pernod Ricard),Ferrari partner,"Beverages, Food & CPG",10,Bérêche et Fils,bereche-et-fils.com,Fast-growing grower-Champagne house,Moet & Chandon (LVMH); Moet Hennessy (LVMH)
G.H. Mumm (Pernod Ricard),Ferrari partner,"Beverages, Food & CPG",11,Savart,champagne-savart.com,Fast-growing grower-Champagne house,Moet & Chandon (LVMH)
G.H. Mumm (Pernod Ricard),Ferrari partner,"Beverages, Food & CPG",12,Geoffroy,champagne-geoffroy.com,Fast-growing family-owned grower-Champagne house,Moet & Chandon (LVMH); Taittinger
G.H. Mumm (Pernod Ricard),Ferrari partner,"Beverages, Food & CPG",13,Chassenay d'Arce,chassenaydarce.com,Fast-growing Champagne growers' cooperative brand,Moet & Chandon (LVMH); Taittinger
G.H. Mumm (Pernod Ricard),Ferrari partner,"Beverages, Food & CPG",14,Mailly Grand Cru,champagne-mailly.com,Fast-growing Champagne growers' cooperative brand,Moet & Chandon (LVMH); Taittinger
G.H. Mumm (Pernod Ricard),Ferrari partner,"Beverages, Food & CPG",15,De Saint Gall (Union Champagne),de-saint-gall.com,Fast-growing Champagne cooperative brand,Moet & Chandon (LVMH); Taittinger
G.H. Mumm (Pernod Ricard),Ferrari partner,"Beverages, Food & CPG",16,Beaumont des Crayères,champagne-beaumont.com,Fast-growing Champagne growers' cooperative brand,Moet & Chandon (LVMH); Taittinger
G.H. Mumm (Pernod Ricard),Ferrari partner,"Beverages, Food & CPG",17,Alexandre Bonnet,champagne-alexandre-bonnet.com,Fast-growing independent Champagne house,Moet & Chandon (LVMH); Taittinger
Gatorade (PepsiCo),F1 Academy partner and car sponsor,"Beverages, Food & CPG",1,Electrolit,electrolit.com,Fast-growing Mexican-origin hydration drink scaling in the US,
Gatorade (PepsiCo),F1 Academy partner and car sponsor,"Beverages, Food & CPG",2,Gnarly Hydrate,gnarlynutrition.com,Fast-growing endurance sports hydration brand,
Gatorade (PepsiCo),F1 Academy partner and car sponsor,"Beverages, Food & CPG",3,Trace Minerals Electrolyte Stamina,tracemineralsresearch.com,Fast-growing mineral-electrolyte supplement brand,
Gatorade (PepsiCo),F1 Academy partner and car sponsor,"Beverages, Food & CPG",4,Waterboy Hydration,drinkwaterboy.com,Fast-growing celebrity-backed US hydration startup,
Gatorade (PepsiCo),F1 Academy partner and car sponsor,"Beverages, Food & CPG",5,Vitalyte,vitalyte.com,Fast-growing US endurance-hydration brand,
Gatorade (PepsiCo),F1 Academy partner and car sponsor,"Beverages, Food & CPG",6,Precision Hydration,precisionhydration.com,Fast-growing UK personalized-electrolyte endurance brand,
Gatorade (PepsiCo),F1 Academy partner and car sponsor,"Beverages, Food & CPG",7,Pocari Sweat (Otsuka),otsuka.co.jp,"Fast-growing Japanese ion-supply sports drink, global expansion",
Gatorade (PepsiCo),F1 Academy partner and car sponsor,"Beverages, Food & CPG",8,100PLUS (F&N),fn.com.my,Fast-growing Southeast Asian isotonic sports drink,
Gatorade (PepsiCo),F1 Academy partner and car sponsor,"Beverages, Food & CPG",9,Suja Elements Electrolytes,suja.com,Fast-growing US organic electrolyte beverage line,
Gatorade (PepsiCo),F1 Academy partner and car sponsor,"Beverages, Food & CPG",10,Hoist Hydration,hoisthydration.com,Fast-growing US clinical-strength electrolyte drink,
Gatorade (PepsiCo),F1 Academy partner and car sponsor,"Beverages, Food & CPG",11,BioSteel,biosteel.com,Fast-growing Canadian sports hydration brand,
Gatorade (PepsiCo),F1 Academy partner and car sponsor,"Beverages, Food & CPG",12,Nooma,noomahydration.com,Fast-growing US coconut-water electrolyte challenger brand,
Gatorade (PepsiCo),F1 Academy partner and car sponsor,"Beverages, Food & CPG",13,Hammer Nutrition,hammernutrition.com,Fast-growing endurance sports hydration brand,
Gatorade (PepsiCo),F1 Academy partner and car sponsor,"Beverages, Food & CPG",14,Tailwind Nutrition,tailwindnutrition.com,Fast-growing endurance hydration and fueling brand,
Gatorade (PepsiCo),F1 Academy partner and car sponsor,"Beverages, Food & CPG",15,GU Energy Labs,guenergy.com,Fast-growing endurance sports hydration and fueling brand,
Gatorade (PepsiCo),F1 Academy partner and car sponsor,"Beverages, Food & CPG",16,Hydralyte,hydralyte.com,Fast-growing Australian oral rehydration therapy brand,
Gatorade (PepsiCo),F1 Academy partner and car sponsor,"Beverages, Food & CPG",17,SaltStick,saltstick.com,Fast-growing endurance-sports electrolyte capsule brand,
Gatorade (PepsiCo),F1 Academy partner and car sponsor,"Beverages, Food & CPG",18,Wilderness Athlete,wildernessathlete.com,Fast-growing US outdoor-endurance hydration brand,
Gatorade (PepsiCo),F1 Academy partner and car sponsor,"Beverages, Food & CPG",19,First Endurance,firstendurance.com,Fast-growing US endurance sports hydration and fueling brand,
Gatorade (PepsiCo),F1 Academy partner and car sponsor,"Beverages, Food & CPG",20,Neversecond,neversecond.com,Fast-growing Scandinavian endurance hydration and fueling brand,
Gatorade (PepsiCo),F1 Academy partner and car sponsor,"Beverages, Food & CPG",21,Maurten,maurten.com,Fast-growing Swedish premium endurance hydration and fueling brand,
Gatorade (PepsiCo),F1 Academy partner and car sponsor,"Beverages, Food & CPG",22,Science in Sport (SIS),scienceinsport.com,Fast-growing UK endurance sports hydration and nutrition brand,
Gatorade (PepsiCo),F1 Academy partner and car sponsor,"Beverages, Food & CPG",23,Key Nutrients Electrolytes,keynutrients.com,Fast-growing US electrolyte supplement challenger brand,
Gillette (Procter & Gamble),Audi F1 partner,"Beverages, Food & CPG",1,Bevel,bevel.com,Fast-growing men's grooming brand for coarse/curly hair,Wilkinson Sword (Edgewell)
Gillette (Procter & Gamble),Audi F1 partner,"Beverages, Food & CPG",2,Bee Bald,beebald.com,Fast-growing US bald-head grooming and shaving brand,Wilkinson Sword (Edgewell)
Gillette (Procter & Gamble),Audi F1 partner,"Beverages, Food & CPG",3,Aqua Velva (Combe),aquavelva.com,Fast-growing heritage US grooming brand,Wilkinson Sword (Edgewell)
Gillette (Procter & Gamble),Audi F1 partner,"Beverages, Food & CPG",4,Recipe for Men,recipeformen.com,Fast-growing Swedish men's grooming brand,Wilkinson Sword (Edgewell)
Gillette (Procter & Gamble),Audi F1 partner,"Beverages, Food & CPG",5,Grooming Lounge,groominglounge.com,Fast-growing US premium men's grooming retailer/brand,Wilkinson Sword (Edgewell)
Gillette (Procter & Gamble),Audi F1 partner,"Beverages, Food & CPG",6,Blind Barber,blindbarber.com,Fast-growing US barbershop-inspired grooming brand,Wilkinson Sword (Edgewell)
Gillette (Procter & Gamble),Audi F1 partner,"Beverages, Food & CPG",7,Shaveworks,shaveworks.com,Fast-growing US ingrown-hair and shave-care brand,Wilkinson Sword (Edgewell)
Gillette (Procter & Gamble),Audi F1 partner,"Beverages, Food & CPG",8,Uppercut Deluxe,uppercutdeluxe.com,Fast-growing Australian men's grooming and styling brand,Wilkinson Sword (Edgewell)
Gillette (Procter & Gamble),Audi F1 partner,"Beverages, Food & CPG",9,Suavecito,suavecitopomade.com,Fast-growing US pomade and grooming brand,Wilkinson Sword (Edgewell)
Gillette (Procter & Gamble),Audi F1 partner,"Beverages, Food & CPG",10,American Crew,americancrew.com,Fast-growing global men's grooming and hair-styling brand,Wilkinson Sword (Edgewell)
Gillette (Procter & Gamble),Audi F1 partner,"Beverages, Food & CPG",11,Layrite,layrite.com,Fast-growing US men's hair-styling and grooming brand,Wilkinson Sword (Edgewell)
Gillette (Procter & Gamble),Audi F1 partner,"Beverages, Food & CPG",12,Fulton & Roark,fultonandroark.com,Fast-growing independent US men's grooming brand,Wilkinson Sword (Edgewell)
Gillette (Procter & Gamble),Audi F1 partner,"Beverages, Food & CPG",13,Baxter of California,baxterofcalifornia.com,Premium men's grooming and shaving brand,Wilkinson Sword (Edgewell)
Gillette (Procter & Gamble),Audi F1 partner,"Beverages, Food & CPG",14,Jack Black Skincare,getjackblack.com,Fast-growing premium US men's grooming brand,
Gillette (Procter & Gamble),Audi F1 partner,"Beverages, Food & CPG",15,Bulldog Skincare (Edgewell),bulldogskincare.com,Fast-growing natural men's grooming brand,
Glenfiddich (William Grant & Sons),Aston Martin partner,"Beverages, Food & CPG",1,Oban (Diageo),malts.com,Premium West Highland single malt Scotch,
Glenfiddich (William Grant & Sons),Aston Martin partner,"Beverages, Food & CPG",2,Dalwhinnie (Diageo),malts.com,Premium Highland single malt Scotch,
Glenfiddich (William Grant & Sons),Aston Martin partner,"Beverages, Food & CPG",3,Cardhu (Diageo),malts.com,"Fast-growing Speyside single malt, strong in Asia",
Glenfiddich (William Grant & Sons),Aston Martin partner,"Beverages, Food & CPG",4,Benromach (Gordon & MacPhail),benromach.com,Independent craft Speyside single malt distillery,
Glenfiddich (William Grant & Sons),Aston Martin partner,"Beverages, Food & CPG",5,Bruichladdich (Remy Cointreau),bruichladdich.com,Fast-growing independent-spirited Islay distillery,
Glenfiddich (William Grant & Sons),Aston Martin partner,"Beverages, Food & CPG",6,Arran (Isle of Arran Distillers),arranwhisky.com,Fast-growing independent island single malt distillery,
Glenfiddich (William Grant & Sons),Aston Martin partner,"Beverages, Food & CPG",7,Glenglassaugh,glenglassaugh.com,Fast-growing boutique Highland single malt distillery,
Glenfiddich (William Grant & Sons),Aston Martin partner,"Beverages, Food & CPG",8,Wolfburn,wolfburn.com,Fast-growing independent Scotland's most northerly distillery,
Glenfiddich (William Grant & Sons),Aston Martin partner,"Beverages, Food & CPG",9,Glengoyne,glengoyne.com,Fast-growing independent Highland single malt distillery,Chivas Regal (Pernod Ricard)
Glenfiddich (William Grant & Sons),Aston Martin partner,"Beverages, Food & CPG",10,Tullibardine,tullibardine.com,Fast-growing independent Highland single malt distillery,Chivas Regal (Pernod Ricard)
Glenfiddich (William Grant & Sons),Aston Martin partner,"Beverages, Food & CPG",11,BenRiach,benriachdistillery.com,Fast-growing independent Speyside single malt distillery,Chivas Regal (Pernod Ricard)
Glenfiddich (William Grant & Sons),Aston Martin partner,"Beverages, Food & CPG",12,GlenDronach,theglendronach.com,Fast-growing independent Highland sherry-cask single malt,Chivas Regal (Pernod Ricard)
Glenfiddich (William Grant & Sons),Aston Martin partner,"Beverages, Food & CPG",13,Old Pulteney,oldpulteney.com,Fast-growing independent Highland coastal single malt,Chivas Regal (Pernod Ricard)
Glenfiddich (William Grant & Sons),Aston Martin partner,"Beverages, Food & CPG",14,Torabhaig,torabhaigdistillery.com,Fast-growing independent Isle of Skye single malt distillery,Chivas Regal (Pernod Ricard)
Glenfiddich (William Grant & Sons),Aston Martin partner,"Beverages, Food & CPG",15,Lindores Abbey Distillery,lindoresabbeydistillery.com,Fast-growing independent Lowland craft distillery,Chivas Regal (Pernod Ricard)
Glenfiddich (William Grant & Sons),Aston Martin partner,"Beverages, Food & CPG",16,Holyrood Distillery,holyroodpark.com,Fast-growing independent Edinburgh craft distillery,Chivas Regal (Pernod Ricard)
Heineken,F1 global partner; Chinese/Dutch/Las Vegas GP title,"Beverages, Food & CPG",1,Estrella Damm,estrelladamm.com,Fast-growing Spanish independent brewer,Peroni (Asahi Group); Singha (Boon Rawd Brewery)
Heineken,F1 global partner; Chinese/Dutch/Las Vegas GP title,"Beverages, Food & CPG",2,Mahou,mahou.es,Leading independent Spanish family brewer,Peroni (Asahi Group)
Heineken,F1 global partner; Chinese/Dutch/Las Vegas GP title,"Beverages, Food & CPG",3,Brooklyn Brewery,brooklynbrewery.com,Scaling US craft brewer with global distribution,
Heineken,F1 global partner; Chinese/Dutch/Las Vegas GP title,"Beverages, Food & CPG",4,Lagunitas Brewing,lagunitas.com,Fast-growing Heineken-owned US craft brand (arm's-length comp),
Heineken,F1 global partner; Chinese/Dutch/Las Vegas GP title,"Beverages, Food & CPG",5,Moosehead Breweries,moosehead.ca,"Canada's oldest independent brewer, export growth",
Heineken,F1 global partner; Chinese/Dutch/Las Vegas GP title,"Beverages, Food & CPG",6,Cusqueña,cusquena.com.pe,"Backus/AB InBev premium Peruvian beer, LatAm growth",
Heineken,F1 global partner; Chinese/Dutch/Las Vegas GP title,"Beverages, Food & CPG",7,Pilsner Urquell,pilsnerurquell.com,Asahi-owned Czech beer scaling internationally,
Heineken,F1 global partner; Chinese/Dutch/Las Vegas GP title,"Beverages, Food & CPG",8,Efes Beer,efesglobal.com,Turkish brewer expanding across EMEA,
Heineken,F1 global partner; Chinese/Dutch/Las Vegas GP title,"Beverages, Food & CPG",9,Cass Beer,obc.co.kr,Oriental Brewery (AB InBev) leading Korean beer,
Heineken,F1 global partner; Chinese/Dutch/Las Vegas GP title,"Beverages, Food & CPG",10,Hite,hitejinro.com,Hitejinro's fast-growing Korean beer brand,
Heineken,F1 global partner; Chinese/Dutch/Las Vegas GP title,"Beverages, Food & CPG",11,Snow Beer,crb.com.cn,"China Resources Beer, world's largest beer brand by volume",Singha (Boon Rawd Brewery)
Heineken,F1 global partner; Chinese/Dutch/Las Vegas GP title,"Beverages, Food & CPG",12,Harbin Beer,harbinbeer.com,AB InBev's fast-growing Chinese regional beer,
Heineken,F1 global partner; Chinese/Dutch/Las Vegas GP title,"Beverages, Food & CPG",13,Beerlao,beerlao.la,Lao Brewery/Carlsberg regional export beer,
Heineken,F1 global partner; Chinese/Dutch/Las Vegas GP title,"Beverages, Food & CPG",14,Antarctica,cervejaantarctica.com.br,AB InBev's leading Brazilian beer brand,Peroni (Asahi Group)
Heineken,F1 global partner; Chinese/Dutch/Las Vegas GP title,"Beverages, Food & CPG",15,Brahma,brahma.com.br,AB InBev's flagship fast-growing Brazilian beer,
Heineken,F1 global partner; Chinese/Dutch/Las Vegas GP title,"Beverages, Food & CPG",16,Tyskie,tyskie.pl,Asahi-owned top-selling Polish beer,
HMN24,Alpine partner,"Beverages, Food & CPG",1,Function Health,functionhealth.com,Fast-growing preventive health testing and wellness brand,WHOOP
HMN24,Alpine partner,"Beverages, Food & CPG",2,NOVOS,novoslabs.com,Fast-growing longevity supplement startup,
HMN24,Alpine partner,"Beverages, Food & CPG",3,Do Not Age,donotage.org,Fast-growing longevity supplement brand,
HMN24,Alpine partner,"Beverages, Food & CPG",4,Renue By Science,renuebyscience.com,Fast-growing longevity and recovery supplement brand,
HMN24,Alpine partner,"Beverages, Food & CPG",5,Qualia (Neurohacker Collective),qualialife.com,Fast-growing nootropic and recovery supplement brand,
HMN24,Alpine partner,"Beverages, Food & CPG",6,Life Extension,lifeextension.com,Fast-growing longevity supplement brand,
HMN24,Alpine partner,"Beverages, Food & CPG",7,Previnex,previnex.com,Fast-growing physician-formulated wellness supplement brand,
HMN24,Alpine partner,"Beverages, Food & CPG",8,Tally Health,tallyhealth.com,Fast-growing biological-age testing and wellness startup,
HMN24,Alpine partner,"Beverages, Food & CPG",9,ProHealth Longevity,prohealth.com,Fast-growing longevity supplement brand,
HMN24,Alpine partner,"Beverages, Food & CPG",10,Therabody,therabody.com,Fast-growing recovery technology and wellness brand,
HMN24,Alpine partner,"Beverages, Food & CPG",11,Kion (AminoCo),getkion.com,Fast-growing recovery and performance supplement brand,
HMN24,Alpine partner,"Beverages, Food & CPG",12,BeachBody Performance,beachbodyperformance.com,Fast-growing sports recovery supplement brand,
HMN24,Alpine partner,"Beverages, Food & CPG",13,Klean Athlete,kleanathlete.com,Fast-growing NSF-certified sports recovery supplement brand,Optimum Nutrition (Glanbia)
HMN24,Alpine partner,"Beverages, Food & CPG",14,Symbiotica,symbiotica.com,Fast-growing liposomal wellness supplement challenger brand,
HMN24,Alpine partner,"Beverages, Food & CPG",15,AgelessRx,agelessrx.com,Fast-growing US longevity telehealth and supplement brand,
HMN24,Alpine partner,"Beverages, Food & CPG",16,Wonderfeel,wonderfeel.com,Fast-growing longevity and NMN supplement brand,
HMN24,Alpine partner,"Beverages, Food & CPG",17,Fountain Life,fountainlife.com,Fast-growing preventive health and longevity clinic brand,
HMN24,Alpine partner,"Beverages, Food & CPG",18,Restore Hyper Wellness,restore.com,Fast-growing US recovery and wellness franchise brand,
HMN24,Alpine partner,"Beverages, Food & CPG",19,Tru Niagen (ChromaDex),truniagen.com,Fast-growing NAD+ longevity supplement brand,
Jack Daniel's (Brown-Forman),McLaren partner,"Beverages, Food & CPG",1,Nelson's Green Brier Distillery,nelsonsgreenbrier.com,Fast-growing craft Tennessee whiskey distillery,Jim Beam (Suntory Global Spirits)
Jack Daniel's (Brown-Forman),McLaren partner,"Beverages, Food & CPG",2,Barrell Craft Spirits,barrellbourbon.com,Fast-growing independent craft bourbon blender,Jim Beam (Suntory Global Spirits)
Jack Daniel's (Brown-Forman),McLaren partner,"Beverages, Food & CPG",3,Widow Jane,widowjane.com,Fast-growing independent craft bourbon brand,
Jack Daniel's (Brown-Forman),McLaren partner,"Beverages, Food & CPG",4,Balcones Distilling,balconesdistilling.com,Fast-growing independent Texas craft whiskey distillery,
Jack Daniel's (Brown-Forman),McLaren partner,"Beverages, Food & CPG",5,Garrison Brothers Distillery,garrisonbros.com,Fast-growing independent Texas craft bourbon distillery,
Jack Daniel's (Brown-Forman),McLaren partner,"Beverages, Food & CPG",6,Frey Ranch Distillery,freyranch.com,Fast-growing independent farm-to-bottle craft whiskey distillery,
Jack Daniel's (Brown-Forman),McLaren partner,"Beverages, Food & CPG",7,Redbreast (Irish Distillers),redbreastwhiskey.com,Fast-growing premium single pot still Irish whiskey,
Jack Daniel's (Brown-Forman),McLaren partner,"Beverages, Food & CPG",8,Suntory Whisky Toki,suntorywhisky.com,Fast-growing global premium Japanese whisky brand,
Jack Daniel's (Brown-Forman),McLaren partner,"Beverages, Food & CPG",9,Nikka Whisky (Asahi),nikka.com,Fast-growing premium Japanese whisky brand,
Jim Beam (Suntory Global Spirits),Cadillac partner,"Beverages, Food & CPG",1,New Riff Distilling,newriffdistilling.com,Fast-growing independent craft bourbon distillery,Jack Daniel's (Brown-Forman)
Jim Beam (Suntory Global Spirits),Cadillac partner,"Beverages, Food & CPG",2,Penelope Bourbon,penelopebourbon.com,Fast-growing independent craft bourbon challenger brand,Jack Daniel's (Brown-Forman)
Jim Beam (Suntory Global Spirits),Cadillac partner,"Beverages, Food & CPG",3,Redwood Empire Whiskey,redwoodempirewhiskey.com,Fast-growing independent craft American whiskey brand,Jack Daniel's (Brown-Forman)
Jim Beam (Suntory Global Spirits),Cadillac partner,"Beverages, Food & CPG",4,Uncle Nearest,unclenearest.com,Fast-growing independent premium Tennessee whiskey brand,
Jim Beam (Suntory Global Spirits),Cadillac partner,"Beverages, Food & CPG",5,Ranger Creek Distilling,drinkrangercreek.com,Fast-growing independent Texas craft distillery,
Jim Beam (Suntory Global Spirits),Cadillac partner,"Beverages, Food & CPG",6,Woodinville Whiskey Co.,woodinvillewhiskeyco.com,Fast-growing independent Washington craft bourbon distillery,Jack Daniel's (Brown-Forman)
Jim Beam (Suntory Global Spirits),Cadillac partner,"Beverages, Food & CPG",7,Westland Distillery,westlanddistillery.com,Fast-growing independent American single malt whiskey brand,Jack Daniel's (Brown-Forman); Moet Hennessy (LVMH)
Jim Beam (Suntory Global Spirits),Cadillac partner,"Beverages, Food & CPG",8,Wyoming Whiskey,wyomingwhiskey.com,Fast-growing independent craft American whiskey brand,Jack Daniel's (Brown-Forman); Moet Hennessy (LVMH)
Jim Beam (Suntory Global Spirits),Cadillac partner,"Beverages, Food & CPG",9,Smooth Ambler,smoothambler.com,Fast-growing independent craft bourbon distillery,Jack Daniel's (Brown-Forman)
Jim Beam (Suntory Global Spirits),Cadillac partner,"Beverages, Food & CPG",10,Belle Meade Bourbon (Nelson's Green Brier),bellemeadebourbon.com,Fast-growing independent craft bourbon brand,
Jim Beam (Suntory Global Spirits),Cadillac partner,"Beverages, Food & CPG",11,Old Elk Distillery,oldelkdistillery.com,Fast-growing independent Colorado craft bourbon distillery,
Jim Beam (Suntory Global Spirits),Cadillac partner,"Beverages, Food & CPG",12,Green River Distilling,greenriverdistilling.com,Fast-growing independent craft bourbon distillery,
Jim Beam (Suntory Global Spirits),Cadillac partner,"Beverages, Food & CPG",13,Peerless Distilling,kentuckypeerless.com,Fast-growing independent craft rye/bourbon distillery,
Jim Beam (Suntory Global Spirits),Cadillac partner,"Beverages, Food & CPG",14,Willett Distillery,kentuckybourbonwhiskey.com,Fast-growing independent family-owned bourbon distillery,Jack Daniel's (Brown-Forman)
Jim Beam (Suntory Global Spirits),Cadillac partner,"Beverages, Food & CPG",15,Starlight Distillery,starlightdistillery.com,Fast-growing independent craft Indiana bourbon distillery,
Jim Beam (Suntory Global Spirits),Cadillac partner,"Beverages, Food & CPG",16,FEW Spirits,fewspirits.com,Fast-growing independent Illinois craft whiskey distillery,
Jim Beam (Suntory Global Spirits),Cadillac partner,"Beverages, Food & CPG",17,Journeyman Distillery,journeymandistillery.com,Fast-growing independent Michigan craft whiskey distillery,Jack Daniel's (Brown-Forman)
Jim Beam (Suntory Global Spirits),Cadillac partner,"Beverages, Food & CPG",18,Koval Distillery,koval-distillery.com,Fast-growing independent Chicago craft whiskey distillery,Jack Daniel's (Brown-Forman)
Jim Beam (Suntory Global Spirits),Cadillac partner,"Beverages, Food & CPG",19,Corsair Distillery,corsairdistillery.com,Fast-growing independent Tennessee craft whiskey distillery,Jack Daniel's (Brown-Forman)
McDonald's (Arcos Dorados),F1 regional partner (Latin America),"Beverages, Food & CPG",1,Giraffas,giraffas.com.br,Fast-growing independent Brazilian QSR chain,
McDonald's (Arcos Dorados),F1 regional partner (Latin America),"Beverages, Food & CPG",2,Spoleto,spoleto.com.br,Fast-growing Brazilian fast-casual pasta chain,
McDonald's (Arcos Dorados),F1 regional partner (Latin America),"Beverages, Food & CPG",3,Norky's,norkys.com.pe,Fast-growing independent Peruvian chicken chain,
McDonald's (Arcos Dorados),F1 regional partner (Latin America),"Beverages, Food & CPG",4,Pardos Chicken,pardoschicken.pe,Fast-growing Peruvian rotisserie chicken chain,
McDonald's (Arcos Dorados),F1 regional partner (Latin America),"Beverages, Food & CPG",5,San Jorge Pollos,sanjorge.com.pe,Growing regional Peruvian chicken chain,
McDonald's (Arcos Dorados),F1 regional partner (Latin America),"Beverages, Food & CPG",6,Coco Bambu,cocobambu.com,Fast-growing Brazilian seafood restaurant chain,
McDonald's (Arcos Dorados),F1 regional partner (Latin America),"Beverages, Food & CPG",7,Madero,madero.com.br,Fast-growing premium Brazilian burger chain,
McDonald's (Arcos Dorados),F1 regional partner (Latin America),"Beverages, Food & CPG",8,Frisby,frisby.com.co,Fast-growing independent Colombian fried-chicken chain,
McDonald's (Arcos Dorados),F1 regional partner (Latin America),"Beverages, Food & CPG",9,El Corral,elcorral.com,Fast-growing independent Colombian burger chain,
McDonald's (Arcos Dorados),F1 regional partner (Latin America),"Beverages, Food & CPG",10,Presto (Peru),presto.com.pe,Growing Peruvian fast-food chain,
McDonald's (Arcos Dorados),F1 regional partner (Latin America),"Beverages, Food & CPG",11,Outback Steakhouse Brasil (Bloomin' Brands),outback.com.br,"Fast-growing US casual-dining franchise, huge Brazil footprint",
McDonald's (Arcos Dorados),F1 regional partner (Latin America),"Beverages, Food & CPG",12,Applebee's Latin America,applebees.com,Fast-expanding US casual-dining franchise across LatAm,
McDonald's (Arcos Dorados),F1 regional partner (Latin America),"Beverages, Food & CPG",13,TGI Fridays Latin America,tgifridays.com,Fast-expanding US casual-dining franchise across LatAm,
McDonald's (Arcos Dorados),F1 regional partner (Latin America),"Beverages, Food & CPG",14,Chili's Latin America (Brinker International),chilis.com,Fast-growing US casual-dining franchise across LatAm,
McDonald's (Arcos Dorados),F1 regional partner (Latin America),"Beverages, Food & CPG",15,IHOP Latin America,ihop.com,Fast-expanding US breakfast-casual franchise across LatAm,
McDonald's (Arcos Dorados),F1 regional partner (Latin America),"Beverages, Food & CPG",16,Denny's Latin America,dennys.com,Fast-expanding US diner franchise across LatAm,
McDonald's (Arcos Dorados),F1 regional partner (Latin America),"Beverages, Food & CPG",17,China Wok,chinawok.com.pe,Fast-growing Peruvian/LatAm Chinese-food QSR chain,
McDonald's (Arcos Dorados),F1 regional partner (Latin America),"Beverages, Food & CPG",18,Divino Fogão,divinofogao.com.br,Fast-growing Brazilian steakhouse-style chain,
McDonald's (Arcos Dorados),F1 regional partner (Latin America),"Beverages, Food & CPG",19,Wok to Walk,woktowalk.com,Fast-expanding global Asian fast-casual chain present in LatAm,
McDonald's (Arcos Dorados),F1 regional partner (Latin America),"Beverages, Food & CPG",20,Vapiano,vapiano.com,Fast-expanding global Italian fast-casual chain present in LatAm,
McDonald's (Arcos Dorados),F1 regional partner (Latin America),"Beverages, Food & CPG",21,Ragazzo,ragazzo.com.br,Fast-growing independent Brazilian pizza chain,
Moet & Chandon (LVMH),Belgian GP title sponsor; F1 official champagne,"Beverages, Food & CPG",1,Egly-Ouriet,champagne-egly-ouriet.fr,Fast-growing prestige grower-Champagne house,Moet Hennessy (LVMH); Taittinger
Moet & Chandon (LVMH),Belgian GP title sponsor; F1 official champagne,"Beverages, Food & CPG",2,Jacques Selosse,selosse-lesud.com,Cult independent grower-Champagne house,Moet Hennessy (LVMH); Taittinger
Moet Hennessy (LVMH),F1 official partner; Moet & Chandon Belgian GP title,"Beverages, Food & CPG",1,Wuliangye,wuliangye.com.cn,Fast-growing premium Chinese baijiu group,
Moet Hennessy (LVMH),F1 official partner; Moet & Chandon Belgian GP title,"Beverages, Food & CPG",2,Antinori,antinori.it,Leading independent Italian luxury wine house,
Moet Hennessy (LVMH),F1 official partner; Moet & Chandon Belgian GP title,"Beverages, Food & CPG",3,Torres Wine,torres.es,Family-owned premium Spanish wine group scaling globally,
Moet Hennessy (LVMH),F1 official partner; Moet & Chandon Belgian GP title,"Beverages, Food & CPG",4,Davide Campari-Milano,camparigroup.com,Fast-scaling Italian spirits and aperitif house,
Moet Hennessy (LVMH),F1 official partner; Moet & Chandon Belgian GP title,"Beverages, Food & CPG",5,Ulysse Collin,-champagne-ulysse-collin.fr,Fast-growing cult grower-Champagne house,
Moet Hennessy (LVMH),F1 official partner; Moet & Chandon Belgian GP title,"Beverages, Food & CPG",6,Bardstown Bourbon Company,bardstownbourbon.com,Fast-growing independent craft American whiskey producer,Jack Daniel's (Brown-Forman); Jim Beam (Suntory Global Spirits)
Moet Hennessy (LVMH),F1 official partner; Moet & Chandon Belgian GP title,"Beverages, Food & CPG",7,Castle & Key Distillery,castleandkey.com,Fast-growing independent craft Kentucky distillery,Jack Daniel's (Brown-Forman); Jim Beam (Suntory Global Spirits)
Monster Energy (Monster Beverage),McLaren partner,"Beverages, Food & CPG",1,Bucked Up,buckedup.com,Fast-scaling US energy drink and supplement brand,Celsius (Celsius Holdings); Red Bull
Monster Energy (Monster Beverage),McLaren partner,"Beverages, Food & CPG",2,HELL Energy,hellenergy.com,Fast-growing Central/Eastern European energy drink,Red Bull
Monster Energy (Monster Beverage),McLaren partner,"Beverages, Food & CPG",3,Effect Energy,effect-energy.com,German independent challenger energy drink,Red Bull
Monster Energy (Monster Beverage),McLaren partner,"Beverages, Food & CPG",4,Semtex Energy,semtex-drinks.com,Central European energy drink brand,Red Bull
Monster Energy (Monster Beverage),McLaren partner,"Beverages, Food & CPG",5,28 Black,28black.com,German premium acai-energy drink,Red Bull
Monster Energy (Monster Beverage),McLaren partner,"Beverages, Food & CPG",6,Dark Dog Energy Drink,darkdog.com,French/European independent energy drink,Red Bull
Monster Energy (Monster Beverage),McLaren partner,"Beverages, Food & CPG",7,Cloud9 Energy,cloud9drinks.com,UK independent challenger energy drink,Red Bull
Monster Energy (Monster Beverage),McLaren partner,"Beverages, Food & CPG",8,Voltage Energy Drink,maspex.com,Maspex-owned fast-growing Central European energy drink,Red Bull
Monster Energy (Monster Beverage),McLaren partner,"Beverages, Food & CPG",9,Sting Energy,pepsico.com,PepsiCo/Suntory energy drink strong in Southeast Asia,Red Bull
Monster Energy (Monster Beverage),McLaren partner,"Beverages, Food & CPG",10,Sky Blue Sparkling Water Energy (Sheetz),sheetz.com,Fast-growing retailer-owned energy drink brand,
Monster Energy (Monster Beverage),McLaren partner,"Beverages, Food & CPG",11,Kickstart (PepsiCo Mountain Dew),mountaindew.com,PepsiCo's fast-growing energy soda line,
Monster Energy (Monster Beverage),McLaren partner,"Beverages, Food & CPG",12,Zevia,zevia.com,Fast-growing zero-sugar functional beverage brand,Celsius (Celsius Holdings)
Monster Energy (Monster Beverage),McLaren partner,"Beverages, Food & CPG",13,MOJO (National Beverage),mojoenergy.com,Fast-growing US natural energy drink brand,Celsius (Celsius Holdings)
NEFT Vodka,Racing Bulls partner,"Beverages, Food & CPG",1,Square One Organic Vodka,squareonevodka.com,Fast-growing US organic craft vodka,
NEFT Vodka,Racing Bulls partner,"Beverages, Food & CPG",2,Prairie Organic Vodka,prairieorganic.com,Fast-growing US organic craft vodka,
NEFT Vodka,Racing Bulls partner,"Beverages, Food & CPG",3,Hangar 1 Vodka (Proximo Spirits),hangar1vodka.com,Fast-growing premium craft California vodka,
NEFT Vodka,Racing Bulls partner,"Beverages, Food & CPG",4,St. George Spirits,stgeorgespirits.com,Fast-growing independent premium craft distillery,
NEFT Vodka,Racing Bulls partner,"Beverages, Food & CPG",5,Boyd & Blair Potato Vodka,boydandblair.com,Fast-growing small-batch US potato vodka,
NEFT Vodka,Racing Bulls partner,"Beverages, Food & CPG",6,Cold River Vodka,coldrivervodka.com,Fast-growing independent Maine potato vodka,
NEFT Vodka,Racing Bulls partner,"Beverages, Food & CPG",7,Broken Shed Vodka,brokenshedvodka.com,Fast-growing premium New Zealand craft vodka,
NEFT Vodka,Racing Bulls partner,"Beverages, Food & CPG",8,Khor Vodka,khorvodka.com,Fast-growing Russian export vodka brand,
NEFT Vodka,Racing Bulls partner,"Beverages, Food & CPG",9,Nemiroff,nemiroff.com,Fast-growing Ukrainian export vodka brand,
NEFT Vodka,Racing Bulls partner,"Beverages, Food & CPG",10,Khortytsa,khortytsa.com,Fast-growing Ukrainian export vodka brand,
NEFT Vodka,Racing Bulls partner,"Beverages, Food & CPG",11,Pinnacle Vodka (White Rock Distilleries),pinnaclevodka.com,Fast-growing flavored value-premium vodka,
NEFT Vodka,Racing Bulls partner,"Beverages, Food & CPG",12,New Amsterdam Vodka (E&J Gallo),newamsterdamvodka.com,Fast-growing value-premium US vodka brand,
NEFT Vodka,Racing Bulls partner,"Beverages, Food & CPG",13,Burnett's Vodka (Heaven Hill),burnettsvodka.com,Fast-growing value vodka brand,
NEFT Vodka,Racing Bulls partner,"Beverages, Food & CPG",14,Hanson of Sonoma Organic Vodka,hansonofsonoma.com,Fast-growing US grape-based organic craft vodka,
NEFT Vodka,Racing Bulls partner,"Beverages, Food & CPG",15,Blackwater Vodka,blackwatervodka.com,Fast-growing Irish craft vodka,
NEFT Vodka,Racing Bulls partner,"Beverages, Food & CPG",16,Black Cow Vodka,blackcowvodka.com,Fast-growing British milk-based craft vodka,
NEFT Vodka,Racing Bulls partner,"Beverages, Food & CPG",17,Au Vodka,auvodka.com,Fast-growing UK influencer-founded flavored vodka,
NEFT Vodka,Racing Bulls partner,"Beverages, Food & CPG",18,Van Gogh Vodka (Roust),vangoghvodka.com,Fast-growing Dutch premium flavored vodka,
NEFT Vodka,Racing Bulls partner,"Beverages, Food & CPG",19,Ostoya Vodka,ostoyavodka.com,Fast-growing premium Polish craft vodka,
NEFT Vodka,Racing Bulls partner,"Beverages, Food & CPG",20,Belenkaya,belenkaya.com,Fast-growing Russian mass-premium vodka export brand,
NEFT Vodka,Racing Bulls partner,"Beverages, Food & CPG",21,Imperia Vodka,imperiavodka.com,Fast-growing premium Russian vodka export brand,
NEFT Vodka,Racing Bulls partner,"Beverages, Food & CPG",22,Karlsson's Gold,karlssonsvodka.com,Fast-growing premium Swedish potato vodka,
NEFT Vodka,Racing Bulls partner,"Beverages, Food & CPG",23,Purity Vodka,purityvodka.com,Fast-growing ultra-premium Swedish craft vodka,
NEFT Vodka,Racing Bulls partner,"Beverages, Food & CPG",24,Vestal Vodka,vestalvodka.com,Fast-growing single-estate Polish craft vodka,
Nestle,F1 official partner (also S.Pellegrino at Ferrari),"Beverages, Food & CPG",1,Hain Celestial Group,hain.com,Fast-growing natural and organic food conglomerate,
Nestle,F1 official partner (also S.Pellegrino at Ferrari),"Beverages, Food & CPG",2,Amy's Kitchen,amys.com,Fast-growing independent natural food company,
Nestle,F1 official partner (also S.Pellegrino at Ferrari),"Beverages, Food & CPG",3,Blue Diamond Growers,bluediamond.com,Fast-growing almond food and beverage cooperative,
Nestle,F1 official partner (also S.Pellegrino at Ferrari),"Beverages, Food & CPG",4,Chobani,chobani.com,Fast-growing independent dairy and food company,
Nestle,F1 official partner (also S.Pellegrino at Ferrari),"Beverages, Food & CPG",5,Oatly Group,oatly.com,Fast-growing plant-based dairy alternative challenger,
Nestle,F1 official partner (also S.Pellegrino at Ferrari),"Beverages, Food & CPG",6,Barry Callebaut,barry-callebaut.com,World's largest chocolate and cocoa manufacturer,
Nestle,F1 official partner (also S.Pellegrino at Ferrari),"Beverages, Food & CPG",7,Wilmar International,wilmar-international.com,Fast-growing Asian agribusiness and food conglomerate,
Nestle,F1 official partner (also S.Pellegrino at Ferrari),"Beverages, Food & CPG",8,Symrise,symrise.com,Global flavor and nutrition ingredients conglomerate,
Nestle,F1 official partner (also S.Pellegrino at Ferrari),"Beverages, Food & CPG",9,Ebro Foods,ebrofoods.es,Fast-growing global rice and pasta food conglomerate,Moet Hennessy (LVMH)
Nestle,F1 official partner (also S.Pellegrino at Ferrari),"Beverages, Food & CPG",10,Lassonde Industries,lassonde.com,Fast-growing Canadian beverage and food conglomerate,Moet Hennessy (LVMH)
Nestle,F1 official partner (also S.Pellegrino at Ferrari),"Beverages, Food & CPG",11,Premier Foods,premierfoods.co.uk,Fast-growing UK branded food conglomerate,
Nestle,F1 official partner (also S.Pellegrino at Ferrari),"Beverages, Food & CPG",12,Cranswick,cranswick.co.uk,Fast-growing independent UK food producer,
Nestle,F1 official partner (also S.Pellegrino at Ferrari),"Beverages, Food & CPG",13,Tate & Lyle,tateandlyle.com,Global food and beverage ingredients conglomerate,
Nestle,F1 official partner (also S.Pellegrino at Ferrari),"Beverages, Food & CPG",14,Puratos,puratos.com,Fast-growing global bakery and food ingredients group,Moet Hennessy (LVMH)
Nestle,F1 official partner (also S.Pellegrino at Ferrari),"Beverages, Food & CPG",15,IOI Group,ioigroup.com,Fast-growing Malaysian agribusiness and food conglomerate,
Nestle,F1 official partner (also S.Pellegrino at Ferrari),"Beverages, Food & CPG",16,Olam Group,olamgroup.com,Fast-growing Singapore-based agri-food conglomerate,
Nestle,F1 official partner (also S.Pellegrino at Ferrari),"Beverages, Food & CPG",17,ITC Limited (Foods Division),itcportal.com,Fast-growing Indian diversified food conglomerate,
Nestle,F1 official partner (also S.Pellegrino at Ferrari),"Beverages, Food & CPG",18,Tingyi (Master Kong),tingyi.com,Fast-growing Chinese instant noodle and beverage conglomerate,PepsiCo
Nestle,F1 official partner (also S.Pellegrino at Ferrari),"Beverages, Food & CPG",19,Uni-President Enterprises,uni-president.com,Fast-growing Taiwanese food and beverage conglomerate,PepsiCo
Oakberry,Alpine partner,"Beverages, Food & CPG",1,Llaollao,llaollao.com,Fast-growing Spanish frozen yogurt and superfood dessert chain,
Oakberry,Alpine partner,"Beverages, Food & CPG",2,Jugo Juice,jugojuice.com,Fast-growing Canadian juice and smoothie franchise,
Oakberry,Alpine partner,"Beverages, Food & CPG",3,16 Handles,16handles.com,Fast-growing US frozen yogurt and superfood dessert chain,
Oakberry,Alpine partner,"Beverages, Food & CPG",4,Rainforest Smoothies,rainforestsmoothies.com,Fast-growing acai and smoothie café franchise,
Oakberry,Alpine partner,"Beverages, Food & CPG",5,Amazonia Acai,amazoniaacai.com,Fast-growing independent acai bowl brand,
Oakberry,Alpine partner,"Beverages, Food & CPG",6,Bali Bowls,balibowlsca.com,Fast-growing independent acai bowl brand,
Oakberry,Alpine partner,"Beverages, Food & CPG",7,Tropical Smoothie Cafe,tropicalsmoothiecafe.com,Fast-growing US smoothie cafe franchise,
Oakberry,Alpine partner,"Beverages, Food & CPG",8,Smoothie King,smoothieking.com,Fast-growing global smoothie franchise,
Oakberry,Alpine partner,"Beverages, Food & CPG",9,Joe & The Juice,joejuice.com,Fast-growing global juice and coffee bar chain,
Oakberry,Alpine partner,"Beverages, Food & CPG",10,Boost Juice Bars,boostjuice.com.au,Fast-growing global juice bar franchise,
Oakberry,Alpine partner,"Beverages, Food & CPG",11,Erewhon,erewhonmarket.com,Fast-growing premium health-food market and smoothie bar chain,
Oakberry,Alpine partner,"Beverages, Food & CPG",12,Acai Roots,acairoots.com,Fast-growing independent acai bowl brand,
Oakberry,Alpine partner,"Beverages, Food & CPG",13,Pitaya Foods,pitayafoods.com,Fast-growing pitaya/superfruit bowl ingredient and brand,
Oakberry,Alpine partner,"Beverages, Food & CPG",14,Suja Elements,suja.com,Fast-growing US organic juice and wellness brand,
Oakberry,Alpine partner,"Beverages, Food & CPG",15,Kreation Organic,kreationjuice.com,Fast-growing LA-based organic juice and bowl chain,
Oakberry,Alpine partner,"Beverages, Food & CPG",16,Pressed Juicery,pressed.com,Fast-growing US juice and smoothie bowl chain,
Oakberry,Alpine partner,"Beverages, Food & CPG",17,Bacio di Latte,baciodilatte.com.br,Fast-growing Brazilian gelato and dessert franchise,
Oakberry,Alpine partner,"Beverages, Food & CPG",18,Vera Mona Superfood Bowls,veramona.com,Fast-growing Miami-based acai bowl and smoothie chain,
Oakberry,Alpine partner,"Beverages, Food & CPG",19,Blue Bowl Superfoods,bluebowlsuperfoods.com,Fast-growing San Diego-based acai bowl brand,
Optimum Nutrition (Glanbia),McLaren partner,"Beverages, Food & CPG",1,MTN Ops,mtnops.com,Fast-growing US outdoor/tactical sports nutrition brand,
Optimum Nutrition (Glanbia),McLaren partner,"Beverages, Food & CPG",2,1UP Nutrition,1upnutrition.com,Fast-growing US DTC sports nutrition brand,
Optimum Nutrition (Glanbia),McLaren partner,"Beverages, Food & CPG",3,Inno Supps,innosupps.com,Fast-growing US DTC sports nutrition and supplement brand,
Optimum Nutrition (Glanbia),McLaren partner,"Beverages, Food & CPG",4,Truvani,truvani.com,Fast-growing US clean-label plant protein brand,
Optimum Nutrition (Glanbia),McLaren partner,"Beverages, Food & CPG",5,Rule 1,rule1.com,Fast-growing US sports nutrition and protein brand,
Optimum Nutrition (Glanbia),McLaren partner,"Beverages, Food & CPG",6,Iron Vegan,ironvegan.ca,Fast-growing Canadian vegan sports nutrition brand,
Optimum Nutrition (Glanbia),McLaren partner,"Beverages, Food & CPG",7,Sunwarrior,sunwarrior.com,Fast-growing US plant-based sports nutrition brand,
Optimum Nutrition (Glanbia),McLaren partner,"Beverages, Food & CPG",8,PlantFusion,plantfusion.com,Fast-growing US plant-based protein brand,
Optimum Nutrition (Glanbia),McLaren partner,"Beverages, Food & CPG",9,Ghost Lifestyle,ghostlifestyle.com,Fast-growing US lifestyle sports nutrition brand,
Optimum Nutrition (Glanbia),McLaren partner,"Beverages, Food & CPG",10,Gainful,gainful.com,Fast-growing personalized US protein/supplement startup,
Optimum Nutrition (Glanbia),McLaren partner,"Beverages, Food & CPG",11,Redcon1,redcon1.com,Fast-scaling US sports nutrition and supplement brand,
Optimum Nutrition (Glanbia),McLaren partner,"Beverages, Food & CPG",12,Vital Proteins,vitalproteins.com,Fast-growing collagen and nutrition brand (Nestlé),
Optimum Nutrition (Glanbia),McLaren partner,"Beverages, Food & CPG",13,Ancient Nutrition,ancientnutrition.com,Fast-growing US whole-food supplement brand,
Optimum Nutrition (Glanbia),McLaren partner,"Beverages, Food & CPG",14,Huel,huel.com,Fast-growing UK complete-nutrition D2C brand,
Optimum Nutrition (Glanbia),McLaren partner,"Beverages, Food & CPG",15,Ka'chava,kachava.com,Fast-growing US meal-replacement nutrition brand,
Optimum Nutrition (Glanbia),McLaren partner,"Beverages, Food & CPG",16,1st Phorm,1stphorm.com,Fast-scaling US direct-to-consumer sports nutrition brand,
Optimum Nutrition (Glanbia),McLaren partner,"Beverages, Food & CPG",17,Bare Performance Nutrition,bpnsupps.com,Fast-growing US DTC sports nutrition brand,
Optimum Nutrition (Glanbia),McLaren partner,"Beverages, Food & CPG",18,Jocko Fuel,jockofuel.com,Fast-growing US veteran-founded sports nutrition brand,
Optimum Nutrition (Glanbia),McLaren partner,"Beverages, Food & CPG",19,Xwerks,xwerks.com,Fast-growing US minimalist sports nutrition brand,
Optimum Nutrition (Glanbia),McLaren partner,"Beverages, Food & CPG",20,Nutrition55 (55 Fuel),55fuel.com,Fast-growing US clean-fuel sports nutrition brand,
Optimum Nutrition (Glanbia),McLaren partner,"Beverages, Food & CPG",21,EHPlabs,ehplabs.com,Fast-growing Australian sports nutrition brand,
Optimum Nutrition (Glanbia),McLaren partner,"Beverages, Food & CPG",22,NutraBio,nutrabio.com,Fast-growing US full-disclosure sports nutrition brand,
Optimum Nutrition (Glanbia),McLaren partner,"Beverages, Food & CPG",23,ProSupps,prosupps.com,Fast-growing US sports nutrition and supplement brand,
Paulaner,Audi F1 partner,"Beverages, Food & CPG",1,Konig Pilsener,koenig-pilsener.de,Independent German premium pilsner brand,
Paulaner,Audi F1 partner,"Beverages, Food & CPG",2,Jever,jever.de,Independent German premium pilsner brand,
Paulaner,Audi F1 partner,"Beverages, Food & CPG",3,Camba Bavaria,camba-bavaria.de,Fast-growing independent Bavarian craft brewery,
Paulaner,Audi F1 partner,"Beverages, Food & CPG",4,Riegele,riegele.de,Fast-growing independent Bavarian family brewery,
Paulaner,Audi F1 partner,"Beverages, Food & CPG",5,BRLO,brlo.de,Fast-growing independent Berlin craft brewery,
Paulaner,Audi F1 partner,"Beverages, Food & CPG",6,Braufactum (Radeberger),braufactum.de,Fast-growing German craft-beer brand,
Paulaner,Audi F1 partner,"Beverages, Food & CPG",7,Aecht Schlenkerla Rauchbier,schlenkerla.de,Fast-growing cult Franconian smoked-beer brand,
Paulaner,Audi F1 partner,"Beverages, Food & CPG",8,Tegernseer Hell,tegernseerbier.de,Fast-growing independent Bavarian brewery,
Paulaner,Audi F1 partner,"Beverages, Food & CPG",9,Andechser Klosterbrauerei,andechs.de,Fast-growing independent Bavarian monastery brewery,
Paulaner,Audi F1 partner,"Beverages, Food & CPG",10,Klosterbrauerei Weltenburg,weltenburger.de,Fast-growing German independent monastery brewery,Heineken; Peroni (Asahi Group)
Paulaner,Audi F1 partner,"Beverages, Food & CPG",11,Hacker-Pschorr,hacker-pschorr.de,Fast-growing independent Munich brewery,Heineken
Paulaner,Audi F1 partner,"Beverages, Food & CPG",12,Schofferhofer,schoefferhofer.de,Radeberger-owned German wheat-beer brand,Heineken
Paulaner,Audi F1 partner,"Beverages, Food & CPG",13,Gaffel Kolsch,gaffel.de,Fast-growing independent Cologne Kolsch brewery,Heineken
Paulaner,Audi F1 partner,"Beverages, Food & CPG",14,Reissdorf Kolsch,reissdorf.de,Fast-growing independent Cologne Kolsch brewery,Heineken
Paulaner,Audi F1 partner,"Beverages, Food & CPG",15,Kostritzer,koestritzer.de,Fast-growing independent German black-lager brand,Heineken
Paulaner,Audi F1 partner,"Beverages, Food & CPG",16,Wernesgruner,wernesgruener.de,Fast-growing independent German pilsner brand,Heineken
Paulaner,Audi F1 partner,"Beverages, Food & CPG",17,Oettinger,oettinger-brauerei.de,Germany's largest independent value brewer,Heineken
PepsiCo,F1 official partner; Mercedes partner; Gatorade in F1 Academy,"Beverages, Food & CPG",1,A.G. Barr,agbarr.co.uk,Fast-growing independent UK soft drinks company,
PepsiCo,F1 official partner; Mercedes partner; Gatorade in F1 Academy,"Beverages, Food & CPG",2,Jones Soda,jonessoda.com,Independent challenger US soda brand,
PepsiCo,F1 official partner; Mercedes partner; Gatorade in F1 Academy,"Beverages, Food & CPG",3,Olipop,drinkolipop.com,Fast-growing US prebiotic soda challenger brand,Celsius (Celsius Holdings)
PepsiCo,F1 official partner; Mercedes partner; Gatorade in F1 Academy,"Beverages, Food & CPG",4,Poppi,drinkpoppi.com,Fast-growing US prebiotic soda challenger brand,Celsius (Celsius Holdings)
PepsiCo,F1 official partner; Mercedes partner; Gatorade in F1 Academy,"Beverages, Food & CPG",5,Culture Pop,drinkculturepop.com,Fast-growing US probiotic soda startup,Celsius (Celsius Holdings)
PepsiCo,F1 official partner; Mercedes partner; Gatorade in F1 Academy,"Beverages, Food & CPG",6,Waterloo Sparkling Water,waterloosparklingwater.com,Fast-growing independent US sparkling water brand,Celsius (Celsius Holdings)
PepsiCo,F1 official partner; Mercedes partner; Gatorade in F1 Academy,"Beverages, Food & CPG",7,Spindrift Beverage,spindriftfizz.com,Fast-growing independent US sparkling water brand,
PepsiCo,F1 official partner; Mercedes partner; Gatorade in F1 Academy,"Beverages, Food & CPG",8,Liquid Death,liquiddeath.com,Fast-growing challenger canned water brand,
PepsiCo,F1 official partner; Mercedes partner; Gatorade in F1 Academy,"Beverages, Food & CPG",9,Health-Ade,health-ade.com,Fast-growing US kombucha challenger brand,Celsius (Celsius Holdings)
PepsiCo,F1 official partner; Mercedes partner; Gatorade in F1 Academy,"Beverages, Food & CPG",10,GT's Living Foods (GT's Kombucha),gtslivingfoods.com,Leading independent US kombucha brand,
PepsiCo,F1 official partner; Mercedes partner; Gatorade in F1 Academy,"Beverages, Food & CPG",11,Bai Brands,drinkbai.com,Dr Pepper-owned fast-growing antioxidant water brand,
PepsiCo,F1 official partner; Mercedes partner; Gatorade in F1 Academy,"Beverages, Food & CPG",12,Vita Coco,vitacoco.com,Fast-growing global coconut water challenger brand,
PepsiCo,F1 official partner; Mercedes partner; Gatorade in F1 Academy,"Beverages, Food & CPG",13,Harmless Harvest,harmlessharvest.com,Fast-growing organic coconut water challenger,
PepsiCo,F1 official partner; Mercedes partner; Gatorade in F1 Academy,"Beverages, Food & CPG",14,Sunny Delight,sunnyd.com,Fast-growing independent US fruit drink brand,Rauch
PepsiCo,F1 official partner; Mercedes partner; Gatorade in F1 Academy,"Beverages, Food & CPG",15,R.W. Knudsen Family,knudsenjuices.com,Fast-growing independent US organic juice brand,Rauch
PepsiCo,F1 official partner; Mercedes partner; Gatorade in F1 Academy,"Beverages, Food & CPG",16,Lakewood Organic,lakewoodjuices.com,Fast-growing independent US organic juice brand,Rauch
PepsiCo,F1 official partner; Mercedes partner; Gatorade in F1 Academy,"Beverages, Food & CPG",17,Bolthouse Farms,bolthouse.com,Fast-growing US premium juice and smoothie brand,Rauch
PepsiCo,F1 official partner; Mercedes partner; Gatorade in F1 Academy,"Beverages, Food & CPG",18,Evolution Fresh (Starbucks),evolutionfresh.com,Fast-growing premium cold-pressed juice brand,Rauch
PepsiCo,F1 official partner; Mercedes partner; Gatorade in F1 Academy,"Beverages, Food & CPG",19,Nongshim,nongshim.com,Fast-growing Korean snack and beverage conglomerate,
PepsiCo,F1 official partner; Mercedes partner; Gatorade in F1 Academy,"Beverages, Food & CPG",20,Orion Corp,orionworld.com,Fast-growing Korean snack conglomerate,
PepsiCo,F1 official partner; Mercedes partner; Gatorade in F1 Academy,"Beverages, Food & CPG",21,Calbee,calbee.com,Fast-growing Japanese snack food conglomerate,
Peroni (Asahi Group),Ferrari partner,"Beverages, Food & CPG",1,Baladin,baladin.it,Fast-growing Italian craft beer brand,
Peroni (Asahi Group),Ferrari partner,"Beverages, Food & CPG",2,Poretti (Carlsberg),birrificioangeloporetti.it,Carlsberg-owned Italian premium beer brand,
Peroni (Asahi Group),Ferrari partner,"Beverages, Food & CPG",3,Splugen (Carlsberg),splugen.it,Regional Italian premium beer brand,
Peroni (Asahi Group),Ferrari partner,"Beverages, Food & CPG",4,Forst,forst.it,Independent family-owned Italian brewer,
Peroni (Asahi Group),Ferrari partner,"Beverages, Food & CPG",5,Theresianer,theresianer.com,Fast-growing independent Italian craft brewer,
Peroni (Asahi Group),Ferrari partner,"Beverages, Food & CPG",6,Birra del Borgo (AB InBev),birradelborgo.it,Fast-growing Italian craft beer brand,
Peroni (Asahi Group),Ferrari partner,"Beverages, Food & CPG",7,Birrificio Lambrate,birrificiolambrate.com,Independent Milan craft brewery,
Peroni (Asahi Group),Ferrari partner,"Beverages, Food & CPG",8,Birra Amarcord,amarcordromagna.it,Fast-growing independent Italian craft brewer,
Peroni (Asahi Group),Ferrari partner,"Beverages, Food & CPG",9,Toccalmatto,toccalmattobeer.com,Fast-growing Italian craft brewery,
Peroni (Asahi Group),Ferrari partner,"Beverages, Food & CPG",10,Super Bock,superbock.pt,Leading independent Portuguese brewer,
Peroni (Asahi Group),Ferrari partner,"Beverages, Food & CPG",11,Union Pivo (Heineken),union.si,Regional Balkan premium beer brand,
Peroni (Asahi Group),Ferrari partner,"Beverages, Food & CPG",12,Karlovacko (Heineken),karlovacko.hr,Regional Croatian premium beer brand,
Peroni (Asahi Group),Ferrari partner,"Beverages, Food & CPG",13,Ožujsko (Heineken),ozujsko.com,Leading Croatian beer brand,
Peroni (Asahi Group),Ferrari partner,"Beverages, Food & CPG",14,Cristal (CCU),cristalchile.cl,Fast-growing Chilean premium lager brand,
Peroni (Asahi Group),Ferrari partner,"Beverages, Food & CPG",15,Quilmes (AB InBev),cerveceriaqcuilmes.com.ar,Leading Argentine premium beer brand,
Rauch,Red Bull Racing partner,"Beverages, Food & CPG",1,James White Drinks,jameswhite.co.uk,Fast-growing independent UK cold-pressed juice brand,
Rauch,Red Bull Racing partner,"Beverages, Food & CPG",2,Belvoir Farm,belvoirfarm.co.uk,Fast-growing independent UK juice and cordial brand,
Rauch,Red Bull Racing partner,"Beverages, Food & CPG",3,Big Tom,bigtom.co.uk,Fast-growing independent UK tomato juice brand,
Rauch,Red Bull Racing partner,"Beverages, Food & CPG",4,Frugo,frugo.pl,Fast-growing independent Polish juice drink brand,
Rauch,Red Bull Racing partner,"Beverages, Food & CPG",5,Coldpress,coldpress.co.uk,Fast-growing UK cold-pressed juice challenger brand,
Rauch,Red Bull Racing partner,"Beverages, Food & CPG",6,Pressed Juices,pressedjuices.com.au,Fast-growing Australian cold-pressed juice brand,
Rauch,Red Bull Racing partner,"Beverages, Food & CPG",7,Kern's (Nestlé),kernsnectars.com,Fast-growing Latin American nectar and juice brand,
Rauch,Red Bull Racing partner,"Beverages, Food & CPG",8,Robinsons (Suntory),robinsonsdrinks.co.uk,Leading UK squash and juice drink brand,
Rauch,Red Bull Racing partner,"Beverages, Food & CPG",9,Voelkel,voelkeljuice.de,Independent German organic juice brand,
Rauch,Red Bull Racing partner,"Beverages, Food & CPG",10,Rabenhorst,rabenhorst.de,Independent German organic juice producer,
Rauch,Red Bull Racing partner,"Beverages, Food & CPG",11,Berief Food,berief.de,Independent German fruit and vegetable juice producer,
Rauch,Red Bull Racing partner,"Beverages, Food & CPG",12,Juhayna,juhayna.com,Fast-growing Egyptian juice and dairy conglomerate,
Rauch,Red Bull Racing partner,"Beverages, Food & CPG",13,Del Valle (Coca-Cola),delvalle.com,Fast-growing Latin American juice brand,
Rauch,Red Bull Racing partner,"Beverages, Food & CPG",14,Sunraysia,sunraysia.com.au,Fast-growing Australian juice manufacturer,
Rauch,Red Bull Racing partner,"Beverages, Food & CPG",15,Appletiser,appletiser.com,Coca-Cola-owned premium sparkling juice brand,
Rauch,Red Bull Racing partner,"Beverages, Food & CPG",16,Rebel Kitchen,rebelkitchen.co.uk,Fast-growing UK plant-based juice and mylk brand,
Rauch,Red Bull Racing partner,"Beverages, Food & CPG",17,Genuine Health,genuinehealth.com,Fast-growing Canadian functional juice and nutrition brand,
Red Bull,Red Bull Racing / Racing Bulls owner and energy drink brand,"Beverages, Food & CPG",1,Panda Energy Drink,pandaenergy.eu,Fast-growing European canned energy drink challenger,Celsius (Celsius Holdings); Monster Energy (Monster Beverage)
Red Bull,Red Bull Racing / Racing Bulls owner and energy drink brand,"Beverages, Food & CPG",2,Woke Up Energy,drinkwokeup.com,US direct-to-consumer energy drink startup,Celsius (Celsius Holdings); Monster Energy (Monster Beverage)
Red Bull,Red Bull Racing / Racing Bulls owner and energy drink brand,"Beverages, Food & CPG",3,Advocare Spark,advocare.com,Powdered focus/energy drink challenger brand,
Red Bull,Red Bull Racing / Racing Bulls owner and energy drink brand,"Beverages, Food & CPG",4,Big Shock!,kofola.cz,Kofola-owned Central European energy drink,Monster Energy (Monster Beverage)
Red Bull,Red Bull Racing / Racing Bulls owner and energy drink brand,"Beverages, Food & CPG",5,Tiger Energy Drink,osotspa.com,"Osotspa (Thailand) energy drink, expanding globally",
Red Bull,Red Bull Racing / Racing Bulls owner and energy drink brand,"Beverages, Food & CPG",6,Red Thunder,redthunderdrinks.com,Emerging canned energy drink brand,
Red Bull,Red Bull Racing / Racing Bulls owner and energy drink brand,"Beverages, Food & CPG",7,XS Energy (Amway),xsenergydrinks.com,Fast-growing Amway direct-selling energy drink brand,Celsius (Celsius Holdings); Monster Energy (Monster Beverage)
Red Bull,Red Bull Racing / Racing Bulls owner and energy drink brand,"Beverages, Food & CPG",8,Reize Energy,reize.de,Fast-growing German craft energy drink brand,
Red Bull,Red Bull Racing / Racing Bulls owner and energy drink brand,"Beverages, Food & CPG",9,Torq Energy,torqenergy.co.uk,Fast-growing UK independent energy drink brand,
Red Bull,Red Bull Racing / Racing Bulls owner and energy drink brand,"Beverages, Food & CPG",10,Shark Energy Drink,sharkenergydrink.at,Fast-growing Austrian independent energy drink brand,
Red Bull,Red Bull Racing / Racing Bulls owner and energy drink brand,"Beverages, Food & CPG",11,Flash Up Energy,flashup.eu,Fast-growing European independent energy drink brand,
Red Bull,Red Bull Racing / Racing Bulls owner and energy drink brand,"Beverages, Food & CPG",12,Score Energy Drink,scoredrink.com,Fast-growing West African energy drink brand,
Red Bull,Red Bull Racing / Racing Bulls owner and energy drink brand,"Beverages, Food & CPG",13,Boost Energy Drink (Refresco),boostdrinks.com,Fast-growing UK value energy drink brand,
Red Bull,Red Bull Racing / Racing Bulls owner and energy drink brand,"Beverages, Food & CPG",14,Volt Energy Drink,voltenergydrink.com,Fast-growing independent challenger energy drink brand,
S.Pellegrino (Nestle),Ferrari partner (joined 2026),"Beverages, Food & CPG",1,Ty Nant,tynant.com,Premium Welsh bottled water brand,Vellamo Water (ThaiBev/Chang)
S.Pellegrino (Nestle),Ferrari partner (joined 2026),"Beverages, Food & CPG",2,Solan de Cabras,solandecabras.com,Danone-owned premium Spanish mineral water,
S.Pellegrino (Nestle),Ferrari partner (joined 2026),"Beverages, Food & CPG",3,Antipodes Water,antipodeswater.co.nz,Premium New Zealand artesian water challenger,
S.Pellegrino (Nestle),Ferrari partner (joined 2026),"Beverages, Food & CPG",4,Saratoga Water,saratogaspringwater.com,Premium heritage US spring water brand,
S.Pellegrino (Nestle),Ferrari partner (joined 2026),"Beverages, Food & CPG",5,Panna,acquapanna.com,Italian still mineral water sibling brand,
S.Pellegrino (Nestle),Ferrari partner (joined 2026),"Beverages, Food & CPG",6,Lauretana,lauretana.com,Premium low-mineral Italian bottled water challenger,
S.Pellegrino (Nestle),Ferrari partner (joined 2026),"Beverages, Food & CPG",7,Levissima,levissima.it,Sanpellegrino sibling premium Italian still water,
S.Pellegrino (Nestle),Ferrari partner (joined 2026),"Beverages, Food & CPG",8,Uliveto,uliveto.it,Sanpellegrino Group premium Italian mineral water,
S.Pellegrino (Nestle),Ferrari partner (joined 2026),"Beverages, Food & CPG",9,Hildon Natural Mineral Water,hildonwater.com,Fast-growing premium UK still and sparkling water,Vellamo Water (ThaiBev/Chang)
S.Pellegrino (Nestle),Ferrari partner (joined 2026),"Beverages, Food & CPG",10,Belu Water,belu.org,Fast-growing UK social-enterprise premium bottled water,Vellamo Water (ThaiBev/Chang)
S.Pellegrino (Nestle),Ferrari partner (joined 2026),"Beverages, Food & CPG",11,BlueTriton Brands,bluetriton.com,Fast-growing North American premium spring water group,
S.Pellegrino (Nestle),Ferrari partner (joined 2026),"Beverages, Food & CPG",12,Primo Water Corporation,primowatercorp.com,Fast-growing North American water brand and refill group,Vellamo Water (ThaiBev/Chang)
S.Pellegrino (Nestle),Ferrari partner (joined 2026),"Beverages, Food & CPG",13,Niagara Bottling,niagarawater.com,Fast-growing independent US bottled water manufacturer,
S.Pellegrino (Nestle),Ferrari partner (joined 2026),"Beverages, Food & CPG",14,Just Water,justwater.com,Fast-growing sustainable US bottled water challenger,
S.Pellegrino (Nestle),Ferrari partner (joined 2026),"Beverages, Food & CPG",15,Boxed Water Is Better,boxedwaterisbetter.com,Fast-growing sustainable carton water challenger brand,
S.Pellegrino (Nestle),Ferrari partner (joined 2026),"Beverages, Food & CPG",16,Essentia Water,essentiawater.com,Fast-growing premium alkaline bottled water brand,
S.Pellegrino (Nestle),Ferrari partner (joined 2026),"Beverages, Food & CPG",17,AQUAhydrate,aquahydrate.com,Fast-growing celebrity-backed premium bottled water brand,
S.Pellegrino (Nestle),Ferrari partner (joined 2026),"Beverages, Food & CPG",18,Glaceau,glaceau.com,Coca-Cola's premium enhanced-water platform brand,
Singha (Boon Rawd Brewery),Haas partner,"Beverages, Food & CPG",1,Yanjing Beer,yanjingbeer.com,Fast-growing independent Chinese beer brand,
Singha (Boon Rawd Brewery),Haas partner,"Beverages, Food & CPG",2,Zhujiang Beer,zhujiangbeer.com,Fast-growing independent Chinese beer brand,
Singha (Boon Rawd Brewery),Haas partner,"Beverages, Food & CPG",3,Taiwan Beer (Taiwan Tobacco & Liquor),ttl-eshop.com.tw,Fast-growing Taiwanese national beer brand,
Singha (Boon Rawd Brewery),Haas partner,"Beverages, Food & CPG",4,Huda Beer (Carlsberg),carlsberggroup.com,Fast-growing Vietnamese beer brand,
Singha (Boon Rawd Brewery),Haas partner,"Beverages, Food & CPG",5,Larue Beer (Heineken),heineken.com,Fast-growing Vietnamese beer brand,
Singha (Boon Rawd Brewery),Haas partner,"Beverages, Food & CPG",6,Red Horse Beer (San Miguel),sanmiguel.com.ph,Fast-growing Philippine strong-lager beer brand,
Singha (Boon Rawd Brewery),Haas partner,"Beverages, Food & CPG",7,Bia Saigon (Sabeco/ThaiBev),biasaigon.com,Fast-growing leading Vietnamese beer brand,
Singha (Boon Rawd Brewery),Haas partner,"Beverages, Food & CPG",8,Bia Hanoi (Habeco),habeco.com.vn,Fast-growing independent Vietnamese beer brand,
Singha (Boon Rawd Brewery),Haas partner,"Beverages, Food & CPG",9,Anchor Beer (Fraser and Neave),fn.com.sg,Fast-growing Singaporean heritage beer brand,
Singha (Boon Rawd Brewery),Haas partner,"Beverages, Food & CPG",10,Angkor Beer (Cambrew),angkorbeer.com,Fast-growing Cambodian national beer brand,
Singha (Boon Rawd Brewery),Haas partner,"Beverages, Food & CPG",11,Kingfisher (United Breweries),kingfisherworld.com,Leading Indian beer brand with global growth,Heineken
Singha (Boon Rawd Brewery),Haas partner,"Beverages, Food & CPG",12,UB Group Kingfisher Strong,unitedbreweries.com,Fast-growing premium Indian beer brand,
Singha (Boon Rawd Brewery),Haas partner,"Beverages, Food & CPG",13,Bali Hai Beer (Multi Bintang),balihaibeer.com,Fast-growing Indonesian regional beer brand,
Singha (Boon Rawd Brewery),Haas partner,"Beverages, Food & CPG",14,ABC Extra Stout (AB InBev),ab-inbev.com,Fast-growing Southeast Asian stout beer brand,
Singha (Boon Rawd Brewery),Haas partner,"Beverages, Food & CPG",15,O'Rock (Boon Rawd sibling non-alcoholic),boonrawd.co.th,Fast-growing Thai non-alcoholic malt beverage,
Taittinger,Haas partner,"Beverages, Food & CPG",1,Duval-Leroy,duval-leroy.com,Independent family-owned Champagne house,Moet & Chandon (LVMH)
Taittinger,Haas partner,"Beverages, Food & CPG",2,Drappier,champagne-drappier.com,Independent family-owned Champagne house,Moet & Chandon (LVMH)
Taittinger,Haas partner,"Beverages, Food & CPG",3,Philipponnat,philipponnat.com,Boutique independent Champagne house,Moet & Chandon (LVMH)
Taittinger,Haas partner,"Beverages, Food & CPG",4,Telmont,champagne-telmont.com,Fast-growing sustainable independent Champagne house,
Taittinger,Haas partner,"Beverages, Food & CPG",5,Cattier,champagne-cattier.com,Independent grower Champagne house,Moet & Chandon (LVMH)
Taittinger,Haas partner,"Beverages, Food & CPG",6,J. Lassalle,champagne-jlassalle.com,Boutique grower Champagne house,
Taittinger,Haas partner,"Beverages, Food & CPG",7,Alfred Gratien,alfredgratien.com,Boutique independent Champagne house,Moet & Chandon (LVMH)
Taittinger,Haas partner,"Beverages, Food & CPG",8,G.H. Martel,champagne-martel.com,Independent Champagne merchant house,
Vellamo Water (ThaiBev/Chang),Haas partner,"Beverages, Food & CPG",1,Nam Thip (Coca-Cola Thailand),namthip.co.th,Leading Thai bottled water brand,
Vellamo Water (ThaiBev/Chang),Haas partner,"Beverages, Food & CPG",2,Aqua (Danone Indonesia),aqua.co.id,Fast-growing Southeast Asian bottled water leader,
Vellamo Water (ThaiBev/Chang),Haas partner,"Beverages, Food & CPG",3,Cleo (Sariguna Primatirta),cleo.co.id,Fast-growing independent Indonesian bottled water brand,
Vellamo Water (ThaiBev/Chang),Haas partner,"Beverages, Food & CPG",4,Le Minerale,leminerale.co.id,Fast-growing Indonesian bottled water challenger brand,
Vellamo Water (ThaiBev/Chang),Haas partner,"Beverages, Food & CPG",5,100PLUS Water (F&N),fn.com.my,Fast-growing Southeast Asian beverage group water line,
Vellamo Water (ThaiBev/Chang),Haas partner,"Beverages, Food & CPG",6,C'est Bon (Wilmar),cestbon.com,Fast-growing Chinese bottled water brand,
Vellamo Water (ThaiBev/Chang),Haas partner,"Beverages, Food & CPG",7,Nongfu Spring,nongfuspring.com,Fast-growing Chinese premium natural water brand,S.Pellegrino (Nestle)
Vellamo Water (ThaiBev/Chang),Haas partner,"Beverages, Food & CPG",8,Wahaha,wahaha.com.cn,Fast-growing Chinese beverage and water conglomerate,
Vellamo Water (ThaiBev/Chang),Haas partner,"Beverages, Food & CPG",9,Chaudfontaine (Coca-Cola),chaudfontaine.be,Fast-growing Belgian premium mineral water brand,S.Pellegrino (Nestle)
Vellamo Water (ThaiBev/Chang),Haas partner,"Beverages, Food & CPG",10,Bisleri,bisleri.com,Fast-growing leading Indian packaged water brand,S.Pellegrino (Nestle)
Vellamo Water (ThaiBev/Chang),Haas partner,"Beverages, Food & CPG",11,Kinley (Coca-Cola India),coca-colaindia.com,Fast-growing Indian packaged water brand,
Vellamo Water (ThaiBev/Chang),Haas partner,"Beverages, Food & CPG",12,Font Vella (Danone),fontvella.es,Leading Spanish natural mineral water brand,S.Pellegrino (Nestle)
Vellamo Water (ThaiBev/Chang),Haas partner,"Beverages, Food & CPG",13,Vittel (Nestlé),vittel.com,Fast-growing global natural mineral water brand,
Vellamo Water (ThaiBev/Chang),Haas partner,"Beverages, Food & CPG",14,Buxton (Nestlé),buxtonwater.co.uk,Fast-growing UK natural mineral water brand,
Vellamo Water (ThaiBev/Chang),Haas partner,"Beverages, Food & CPG",15,Strathmore,strathmorewater.co.uk,Fast-growing independent Scottish mineral water brand,
Wella Company,F1 Academy partner,"Beverages, Food & CPG",1,Briogeo,briogeo.com,Fast-growing clean-beauty haircare challenger brand,
Wella Company,F1 Academy partner,"Beverages, Food & CPG",2,dpHUE,dphue.com,Fast-growing clean haircare and hair-color challenger brand,
Wella Company,F1 Academy partner,"Beverages, Food & CPG",3,Amika,loveamika.com,Fast-growing independent premium haircare brand,
Wella Company,F1 Academy partner,"Beverages, Food & CPG",4,Oribe Hair Care (Kao),oribe.com,Fast-growing luxury salon haircare brand,
Wella Company,F1 Academy partner,"Beverages, Food & CPG",5,R+Co,randco.com,Fast-growing independent premium salon haircare brand,
Wella Company,F1 Academy partner,"Beverages, Food & CPG",6,Ouai Haircare,theouai.com,Fast-growing celebrity-founded premium haircare brand,
Wella Company,F1 Academy partner,"Beverages, Food & CPG",7,Function of Beauty,functionofbeauty.com,Fast-growing personalized direct-to-consumer haircare brand,
Wella Company,F1 Academy partner,"Beverages, Food & CPG",8,Prose,prose.com,Fast-growing personalized direct-to-consumer haircare brand,
Wella Company,F1 Academy partner,"Beverages, Food & CPG",9,Verb Products,verbproducts.com,Fast-growing accessible premium haircare challenger,
Wella Company,F1 Academy partner,"Beverages, Food & CPG",10,IGK Hair Care,igkhaircare.com,Fast-growing independent trend-led haircare brand,
Wella Company,F1 Academy partner,"Beverages, Food & CPG",11,Gisou,gisou.com,Fast-growing honey-based premium haircare challenger brand,
Wella Company,F1 Academy partner,"Beverages, Food & CPG",12,K18 Biomimetic Hairscience,k18hair.com,Fast-growing premium bond-repair haircare challenger brand,
Wella Company,F1 Academy partner,"Beverages, Food & CPG",13,Vegamour,vegamour.com,Fast-growing vegan hair-growth challenger brand,
Wella Company,F1 Academy partner,"Beverages, Food & CPG",14,Color Wow,colorwow.com,Fast-growing independent premium styling and color-care brand,
Wella Company,F1 Academy partner,"Beverages, Food & CPG",15,Wellness Kur (Schwarzkopf/Henkel),schwarzkopf.com,Fast-growing global professional haircare brand,
Wella Company,F1 Academy partner,"Beverages, Food & CPG",16,Not Your Mother's,notyourmothers.com,Fast-growing independent US mass haircare brand,
Wella Company,F1 Academy partner,"Beverages, Food & CPG",17,DevaCurl,devacurl.com,Fast-growing independent curly-hair specialty brand,
Wella Company,F1 Academy partner,"Beverages, Food & CPG",18,Ouidad,ouidad.com,Fast-growing independent curly-hair specialty brand,
Wella Company,F1 Academy partner,"Beverages, Food & CPG",19,Innersense Organic Beauty,innersensebeauty.com,Fast-growing clean/organic salon haircare brand,
Wella Company,F1 Academy partner,"Beverages, Food & CPG",20,Act+Acre,actacre.com,Fast-growing scalp-care focused haircare challenger brand,
Wella Company,F1 Academy partner,"Beverages, Food & CPG",21,Rahua,rahua.com,Fast-growing clean-beauty Amazonian haircare brand,
Wella Company,F1 Academy partner,"Beverages, Food & CPG",22,Christophe Robin,christophe-robin.com,Fast-growing independent premium French haircare brand,
Wella Company,F1 Academy partner,"Beverages, Food & CPG",23,Virtue Labs,virtuelabs.com,Fast-growing premium keratin-based haircare challenger brand,
Wella Company,F1 Academy partner,"Beverages, Food & CPG",24,Hairstory (New Wash),hairstory.com,Fast-growing DTC haircare challenger brand,
Wella Company,F1 Academy partner,"Beverages, Food & CPG",25,Batiste Dry Shampoo (Church & Dwight),batistehair.com,Fast-growing global dry-shampoo challenger brand,
Wilkinson Sword (Edgewell),Williams partner,"Beverages, Food & CPG",1,Rockwell Razors,rockwellrazors.com,Fast-growing double-edge safety-razor brand,Gillette (Procter & Gamble)
Wilkinson Sword (Edgewell),Williams partner,"Beverages, Food & CPG",2,Cornerstone Shave Club,cornerstoneshaveclub.com,Fast-growing UK subscription razor brand,Gillette (Procter & Gamble)
Wilkinson Sword (Edgewell),Williams partner,"Beverages, Food & CPG",3,Athena Club,athenaclub.com,Fast-growing US direct-to-consumer women's razor brand,
Wilkinson Sword (Edgewell),Williams partner,"Beverages, Food & CPG",4,Estrid,estrid.com,Fast-growing European women's shaving subscription brand,
Wilkinson Sword (Edgewell),Williams partner,"Beverages, Food & CPG",5,The Art of Shaving (P&G),theartofshaving.com,Premium men's shaving and grooming brand,
Wilkinson Sword (Edgewell),Williams partner,"Beverages, Food & CPG",6,Flamingo (Harry's/P&G),shopflamingo.com,Fast-growing women's shaving and body-care brand,
Wilkinson Sword (Edgewell),Williams partner,"Beverages, Food & CPG",7,Oui Shave,ouishave.com,Fast-growing boutique women's shaving brand,
ZYN (Philip Morris International),Ferrari partner,"Beverages, Food & CPG",1,LYFT Nicotine Pouches (BAT),bat.com,Fast-growing British American Tobacco oral nicotine pouch brand,
ZYN (Philip Morris International),Ferrari partner,"Beverages, Food & CPG",2,Skruf (Imperial Brands),skruf.com,Fast-growing Swedish snus and nicotine pouch brand,
ZYN (Philip Morris International),Ferrari partner,"Beverages, Food & CPG",3,Siberia,siberiasnus.com,Fast-growing high-strength Swedish nicotine pouch brand,
ZYN (Philip Morris International),Ferrari partner,"Beverages, Food & CPG",4,General (Swedish Match),swedishmatch.com,Fast-growing heritage Swedish snus and pouch brand,
ZYN (Philip Morris International),Ferrari partner,"Beverages, Food & CPG",5,Thunder (Swedish Match),swedishmatch.com,Fast-growing Swedish snus and nicotine pouch brand,
ZYN (Philip Morris International),Ferrari partner,"Beverages, Food & CPG",6,Rogue Nicotine Pouches (Swisher),swisher.com,Fast-growing US independent nicotine pouch brand,
ZYN (Philip Morris International),Ferrari partner,"Beverages, Food & CPG",7,Kick Up Nicotine Pouches (Swisher),swisher.com,Fast-growing US independent nicotine pouch brand,
ZYN (Philip Morris International),Ferrari partner,"Beverages, Food & CPG",8,Black Buffalo,blackbuffalo.com,Fast-growing tobacco-free smokeless nicotine alternative brand,
ZYN (Philip Morris International),Ferrari partner,"Beverages, Food & CPG",9,Bandit Nicotine Pouches (Turning Point Brands),turningpointbrands.com,Fast-growing US independent nicotine pouch brand,
ZYN (Philip Morris International),Ferrari partner,"Beverages, Food & CPG",10,XQS (Reemtsma/Imperial Brands),xqs.com,Fast-growing European nicotine pouch brand,
ZYN (Philip Morris International),Ferrari partner,"Beverages, Food & CPG",11,Cardinal Nicotine Pouches,cardinalpouches.com,Fast-growing US independent nicotine pouch brand,
ZYN (Philip Morris International),Ferrari partner,"Beverages, Food & CPG",12,Zoin Nicotine Pouches,zoin.se,Fast-growing Swedish independent nicotine pouch brand,
ZYN (Philip Morris International),Ferrari partner,"Beverages, Food & CPG",13,Nicorette (Haleon),nicorette.com,Fast-growing global nicotine replacement gum/lozenge brand,
ZYN (Philip Morris International),Ferrari partner,"Beverages, Food & CPG",14,Nicotinell (Haleon),nicotinell.com,Fast-growing global nicotine replacement gum/lozenge brand,
ZYN (Philip Morris International),Ferrari partner,"Beverages, Food & CPG",15,Habitrol,habitrol.com,Fast-growing nicotine replacement gum and lozenge brand,
ZYN (Philip Morris International),Ferrari partner,"Beverages, Food & CPG",16,Stoker's (Turning Point Brands),stokersproducts.com,Fast-growing US smokeless tobacco and nicotine brand,
Airia,Williams partner,"Cloud, Data & AI Software",1,LlamaIndex,llamaindex.ai,AI data framework for LLM applications,Claude (Anthropic)
Airia,Williams partner,"Cloud, Data & AI Software",2,Crew AI,crewai.com,AI agent framework startup,Claude (Anthropic)
Airia,Williams partner,"Cloud, Data & AI Software",3,Haystack (deepset),haystack.deepset.ai,"Open-source LLM orchestration framework, Germany",
Airia,Williams partner,"Cloud, Data & AI Software",4,Vellum AI,vellum.ai,LLM application development platform startup,
Airia,Williams partner,"Cloud, Data & AI Software",5,Langfuse,langfuse.com,Fast-growing LLM observability/orchestration startup,
Airia,Williams partner,"Cloud, Data & AI Software",6,Portkey AI,portkey.ai,AI gateway/orchestration startup,
Airia,Williams partner,"Cloud, Data & AI Software",7,Humanloop,humanloop.com,LLM evaluation/orchestration startup,
Airia,Williams partner,"Cloud, Data & AI Software",8,Braintrust,braintrust.dev,Fast-growing AI evaluation/orchestration startup,
Airia,Williams partner,"Cloud, Data & AI Software",9,Galileo,rungalileo.io,AI observability/evaluation startup,
Airia,Williams partner,"Cloud, Data & AI Software",10,Arize AI,arize.com,ML observability platform,
Airia,Williams partner,"Cloud, Data & AI Software",11,WhyLabs,whylabs.ai,AI observability startup,
Airia,Williams partner,"Cloud, Data & AI Software",12,Fiddler AI,fiddler.ai,AI observability/explainability platform,
Airia,Williams partner,"Cloud, Data & AI Software",13,Weights & Biases,wandb.ai,Fast-growing ML experiment tracking unicorn,
Airia,Williams partner,"Cloud, Data & AI Software",14,Comet ML,comet.com,ML experiment tracking platform,
Airia,Williams partner,"Cloud, Data & AI Software",15,Relevance AI,relevanceai.com,Fast-growing AI agent platform startup,
Airia,Williams partner,"Cloud, Data & AI Software",16,Lindy AI,lindy.ai,AI agent automation startup,Claude (Anthropic)
Airia,Williams partner,"Cloud, Data & AI Software",17,Gumloop,gumloop.com,AI workflow automation startup,
Airia,Williams partner,"Cloud, Data & AI Software",18,Zapier,zapier.com,Fast-growing workflow automation platform,
Airia,Williams partner,"Cloud, Data & AI Software",19,Make (Integromat),make.com,Fast-growing visual workflow automation platform,
Airia,Williams partner,"Cloud, Data & AI Software",20,Beam AI,beam.ai,AI agent automation startup,
Airia,Williams partner,"Cloud, Data & AI Software",21,Superagent,superagent.sh,Open-source AI agent framework startup,
Airia,Williams partner,"Cloud, Data & AI Software",22,Dust,dust.tt,"Fast-growing enterprise AI agent platform, France",
Alteryx,McLaren partner,"Cloud, Data & AI Software",1,RapidMiner (Altair),rapidminer.com,No-code data science platform,
Alteryx,McLaren partner,"Cloud, Data & AI Software",2,Datameer,datameer.com,Data preparation/analytics platform,
Alteryx,McLaren partner,"Cloud, Data & AI Software",3,Prophecy,prophecy.io,Fast-growing low-code data engineering startup,
Alteryx,McLaren partner,"Cloud, Data & AI Software",4,Ascend.io,ascend.io,Fast-growing data pipeline automation startup,
Alteryx,McLaren partner,"Cloud, Data & AI Software",5,Matillion,matillion.com,Fast-growing cloud data integration/ETL platform,
Alteryx,McLaren partner,"Cloud, Data & AI Software",6,Hevo Data,hevodata.com,Fast-growing ETL/data pipeline startup,
Alteryx,McLaren partner,"Cloud, Data & AI Software",7,Airbyte,airbyte.com,Fast-growing open-source ETL unicorn,
Alteryx,McLaren partner,"Cloud, Data & AI Software",8,Rivery,rivery.io,Data pipeline platform startup,
Alteryx,McLaren partner,"Cloud, Data & AI Software",9,Dagster Labs,dagster.io,Fast-growing data orchestration startup,
Alteryx,McLaren partner,"Cloud, Data & AI Software",10,Prefect,prefect.io,Fast-growing workflow orchestration startup,
Alteryx,McLaren partner,"Cloud, Data & AI Software",11,Meltano,meltano.com,Open-source ELT platform,
Alteryx,McLaren partner,"Cloud, Data & AI Software",12,Census,getcensus.com,Fast-growing reverse ETL startup,
Alteryx,McLaren partner,"Cloud, Data & AI Software",13,Hightouch,hightouch.com,Fast-growing reverse ETL startup,
Alteryx,McLaren partner,"Cloud, Data & AI Software",14,Y42,y42.com,German data ops platform startup,
Alteryx,McLaren partner,"Cloud, Data & AI Software",15,Keboola,keboola.com,Czech data ops platform,
Alteryx,McLaren partner,"Cloud, Data & AI Software",16,Omni Analytics,omni.co,Fast-growing BI startup,
Alteryx,McLaren partner,"Cloud, Data & AI Software",17,Preset,preset.io,Commercial open-source BI platform (Apache Superset),
Alteryx,McLaren partner,"Cloud, Data & AI Software",18,Metabase,metabase.com,Fast-growing open-source BI platform,
Alteryx,McLaren partner,"Cloud, Data & AI Software",19,Lightdash,lightdash.com,Open-source BI startup,
Alteryx,McLaren partner,"Cloud, Data & AI Software",20,GoodData,gooddata.com,Embedded analytics platform,
Alteryx,McLaren partner,"Cloud, Data & AI Software",21,Qrvey,qrvey.com,Embedded analytics platform,
Alteryx,McLaren partner,"Cloud, Data & AI Software",22,Cube Dev,cube.dev,Fast-growing semantic layer startup,
Alteryx,McLaren partner,"Cloud, Data & AI Software",23,Talend,talend.com,Data integration/quality platform,
Alteryx,McLaren partner,"Cloud, Data & AI Software",24,Estuary,estuary.dev,Fast-growing real-time data integration startup,
Alteryx,McLaren partner,"Cloud, Data & AI Software",25,Mode Analytics,mode.com,BI and analytics platform,
Atlassian,Williams title partner (Atlassian Williams Racing),"Cloud, Data & AI Software",1,Plane,plane.so,Fast-growing open-source Jira alternative,
Atlassian,Williams title partner (Atlassian Williams Racing),"Cloud, Data & AI Software",2,Huly,huly.io,Open-source all-in-one project management startup,
Atlassian,Williams title partner (Atlassian Williams Racing),"Cloud, Data & AI Software",3,Taiga,taiga.io,Open-source agile project management,
Atlassian,Williams title partner (Atlassian Williams Racing),"Cloud, Data & AI Software",4,Tara AI,tara.ai,AI-powered engineering project management startup,
Atlassian,Williams title partner (Atlassian Williams Racing),"Cloud, Data & AI Software",5,ZenHub,zenhub.com,GitHub-native project management platform,
Atlassian,Williams title partner (Atlassian Williams Racing),"Cloud, Data & AI Software",6,YouTrack (JetBrains),jetbrains.com/youtrack,Jira alternative from JetBrains,
Atlassian,Williams title partner (Atlassian Williams Racing),"Cloud, Data & AI Software",7,Backlog (Nulab),nulab.com/backlog,"Project management for dev teams, Japan-based growth",
Atlassian,Williams title partner (Atlassian Williams Racing),"Cloud, Data & AI Software",8,Targetprocess (Apptio),apptio.com,Enterprise agile management platform,
Atlassian,Williams title partner (Atlassian Williams Racing),"Cloud, Data & AI Software",9,Digital.ai Agility,digital.ai,Enterprise agile planning platform,
Atlassian,Williams title partner (Atlassian Williams Racing),"Cloud, Data & AI Software",10,Aha!,aha.io,Fast-growing product roadmapping software,
Atlassian,Williams title partner (Atlassian Williams Racing),"Cloud, Data & AI Software",11,Productboard,productboard.com,Fast-growing product management unicorn,
Atlassian,Williams title partner (Atlassian Williams Racing),"Cloud, Data & AI Software",12,ProductPlan,productplan.com,Product roadmapping software,
Atlassian,Williams title partner (Atlassian Williams Racing),"Cloud, Data & AI Software",13,Craft.io,craft.io,Product management platform,
Atlassian,Williams title partner (Atlassian Williams Racing),"Cloud, Data & AI Software",14,Favro,favro.com,Agile planning and collaboration platform,
Atlassian,Williams title partner (Atlassian Williams Racing),"Cloud, Data & AI Software",15,Hive,hive.com,Fast-growing project management startup,
Atlassian,Williams title partner (Atlassian Williams Racing),"Cloud, Data & AI Software",16,Miro,miro.com,Fast-growing visual collaboration unicorn,
Atlassian,Williams title partner (Atlassian Williams Racing),"Cloud, Data & AI Software",17,Figma,figma.com,Fast-growing design/collaboration platform,
Atlassian,Williams title partner (Atlassian Williams Racing),"Cloud, Data & AI Software",18,Mural,mural.co,Visual collaboration platform,
Atlassian,Williams title partner (Atlassian Williams Racing),"Cloud, Data & AI Software",19,Whimsical,whimsical.com,Diagramming/collaboration startup,
Atlassian,Williams title partner (Atlassian Williams Racing),"Cloud, Data & AI Software",20,Lucid Software,lucid.co,Fast-growing diagramming/visual collaboration platform,
Atlassian,Williams title partner (Atlassian Williams Racing),"Cloud, Data & AI Software",21,GitBook,gitbook.com,Fast-growing docs/knowledge base platform,
Atlassian,Williams title partner (Atlassian Williams Racing),"Cloud, Data & AI Software",22,Slab,slab.com,Team knowledge base startup,
Atlassian,Williams title partner (Atlassian Williams Racing),"Cloud, Data & AI Software",23,Guru,getguru.com,Fast-growing knowledge management platform,
Atlassian,Williams title partner (Atlassian Williams Racing),"Cloud, Data & AI Software",24,Tettra,tettra.com,Knowledge base for teams startup,
AWS (Amazon),F1 global partner; Hungarian GP title (per one source); F1 Sim Racing sponsor,"Cloud, Data & AI Software",1,Render,render.com,Fast-growing developer cloud/PaaS challenger,
AWS (Amazon),F1 global partner; Hungarian GP title (per one source); F1 Sim Racing sponsor,"Cloud, Data & AI Software",2,Railway,railway.app,Fast-growing developer cloud platform startup,
AWS (Amazon),F1 global partner; Hungarian GP title (per one source); F1 Sim Racing sponsor,"Cloud, Data & AI Software",3,Fly.io,fly.io,"Edge app deployment platform, strong dev growth",
AWS (Amazon),F1 global partner; Hungarian GP title (per one source); F1 Sim Racing sponsor,"Cloud, Data & AI Software",4,Northflank,northflank.com,Cloud platform-as-a-service startup,
AWS (Amazon),F1 global partner; Hungarian GP title (per one source); F1 Sim Racing sponsor,"Cloud, Data & AI Software",5,Vast.ai,vast.ai,GPU compute marketplace startup,CoreWeave
AWS (Amazon),F1 global partner; Hungarian GP title (per one source); F1 Sim Racing sponsor,"Cloud, Data & AI Software",6,Replicate,replicate.com,AI model hosting/inference cloud startup,Meta AI (Meta)
AWS (Amazon),F1 global partner; Hungarian GP title (per one source); F1 Sim Racing sponsor,"Cloud, Data & AI Software",7,Denvr Dataworks,denvrdata.com,GPU cloud infrastructure startup,CoreWeave
AWS (Amazon),F1 global partner; Hungarian GP title (per one source); F1 Sim Racing sponsor,"Cloud, Data & AI Software",8,Hyperstack (NexGen Cloud),hyperstack.cloud,Emerging GPU cloud platform,
AWS (Amazon),F1 global partner; Hungarian GP title (per one source); F1 Sim Racing sponsor,"Cloud, Data & AI Software",9,Yotta Data Services,yotta.com,India AI cloud/data center challenger,
AWS (Amazon),F1 global partner; Hungarian GP title (per one source); F1 Sim Racing sponsor,"Cloud, Data & AI Software",10,Ori Global Cloud,ori.co,UK-based GPU cloud infrastructure startup,
AWS (Amazon),F1 global partner; Hungarian GP title (per one source); F1 Sim Racing sponsor,"Cloud, Data & AI Software",11,Latitude.sh,latitude.sh,Bare-metal cloud infrastructure challenger,CoreWeave
AWS (Amazon),F1 global partner; Hungarian GP title (per one source); F1 Sim Racing sponsor,"Cloud, Data & AI Software",12,phoenixNAP,phoenixnap.com,Global cloud/bare-metal infrastructure provider,CoreWeave
AWS (Amazon),F1 global partner; Hungarian GP title (per one source); F1 Sim Racing sponsor,"Cloud, Data & AI Software",13,Leaseweb,leaseweb.com,European hosting/cloud infrastructure provider,CoreWeave
AWS (Amazon),F1 global partner; Hungarian GP title (per one source); F1 Sim Racing sponsor,"Cloud, Data & AI Software",14,Contabo,contabo.com,Budget VPS/cloud infrastructure challenger,
AWS (Amazon),F1 global partner; Hungarian GP title (per one source); F1 Sim Racing sponsor,"Cloud, Data & AI Software",15,Hivelocity,hivelocity.net,Bare-metal cloud infrastructure provider,
AWS (Amazon),F1 global partner; Hungarian GP title (per one source); F1 Sim Racing sponsor,"Cloud, Data & AI Software",16,OpenMetal,openmetal.io,Private/bare-metal cloud infrastructure startup,
AWS (Amazon),F1 global partner; Hungarian GP title (per one source); F1 Sim Racing sponsor,"Cloud, Data & AI Software",17,Cudo Compute,cudocompute.com,Distributed GPU cloud startup,
AWS (Amazon),F1 global partner; Hungarian GP title (per one source); F1 Sim Racing sponsor,"Cloud, Data & AI Software",18,TensorDock,tensordock.com,GPU cloud marketplace startup,
Claude (Anthropic),Williams AI partner,"Cloud, Data & AI Software",1,Prime Intellect,primeintellect.ai,Well-funded decentralized AI training startup,
Claude (Anthropic),Williams AI partner,"Cloud, Data & AI Software",2,Liquid AI,liquid.ai,MIT-spinout foundation model startup,Meta AI (Meta)
Claude (Anthropic),Williams AI partner,"Cloud, Data & AI Software",3,Arcee AI,arcee.ai,Small language model startup,Meta AI (Meta)
Claude (Anthropic),Williams AI partner,"Cloud, Data & AI Software",4,Nous Research,nousresearch.com,Open-weight AI research startup,Meta AI (Meta)
Claude (Anthropic),Williams AI partner,"Cloud, Data & AI Software",5,Twelve Labs,twelvelabs.io,Fast-growing video understanding AI startup,
Claude (Anthropic),Williams AI partner,"Cloud, Data & AI Software",6,Elicit (Ought),elicit.com,AI research assistant startup,
Claude (Anthropic),Williams AI partner,"Cloud, Data & AI Software",7,Harvey AI,harvey.ai,Fast-growing legal AI startup,
Claude (Anthropic),Williams AI partner,"Cloud, Data & AI Software",8,Decagon AI,decagon.ai,Fast-growing AI customer service agents startup,
Claude (Anthropic),Williams AI partner,"Cloud, Data & AI Software",9,Skild AI,skild.ai,Well-funded robotics foundation model startup,
Claude (Anthropic),Williams AI partner,"Cloud, Data & AI Software",10,Physical Intelligence,physicalintelligence.company,Well-funded robotics AI startup,
Claude (Anthropic),Williams AI partner,"Cloud, Data & AI Software",11,World Labs,worldlabs.ai,Well-funded spatial intelligence AI startup,
Claude (Anthropic),Williams AI partner,"Cloud, Data & AI Software",12,Safe Superintelligence Inc.,ssi.inc,Well-funded AI safety lab startup,
Claude (Anthropic),Williams AI partner,"Cloud, Data & AI Software",13,Thinking Machines Lab,thinkingmachines.ai,Well-funded new AI lab startup,
Claude (Anthropic),Williams AI partner,"Cloud, Data & AI Software",14,Reflection AI,reflection.ai,AI coding agents startup,
Claude (Anthropic),Williams AI partner,"Cloud, Data & AI Software",15,Cartesia,cartesia.ai,Fast-growing voice AI startup,ElevenLabs
Claude (Anthropic),Williams AI partner,"Cloud, Data & AI Software",16,Hume AI,hume.ai,Emotional/voice AI startup,ElevenLabs
Claude (Anthropic),Williams AI partner,"Cloud, Data & AI Software",17,Speechmatics,speechmatics.com,"Speech recognition AI, UK",ElevenLabs
Claude (Anthropic),Williams AI partner,"Cloud, Data & AI Software",18,AssemblyAI,assemblyai.com,Fast-growing speech-to-text API startup,ElevenLabs
Claude (Anthropic),Williams AI partner,"Cloud, Data & AI Software",19,Rev.ai,rev.ai,Speech AI API platform,ElevenLabs
Claude (Anthropic),Williams AI partner,"Cloud, Data & AI Software",20,Jasper AI,jasper.ai,AI marketing content platform,
Cognition AI,Aston Martin partner,"Cloud, Data & AI Software",1,Factory AI,factory.ai,Fast-growing autonomous coding agents startup,
Cognition AI,Aston Martin partner,"Cloud, Data & AI Software",2,All Hands AI (OpenHands),all-hands.dev,Open-source AI software engineer startup,
Cognition AI,Aston Martin partner,"Cloud, Data & AI Software",3,CodeRabbit,coderabbit.ai,Fast-growing AI code review startup,
Cognition AI,Aston Martin partner,"Cloud, Data & AI Software",4,Greptile,greptile.com,AI code review startup,
Cognition AI,Aston Martin partner,"Cloud, Data & AI Software",5,Bito AI,bito.ai,AI coding assistant startup,
Cognition AI,Aston Martin partner,"Cloud, Data & AI Software",6,Codegen,codegen.com,AI code agent startup,
Cognition AI,Aston Martin partner,"Cloud, Data & AI Software",7,Continue.dev,continue.dev,Open-source AI coding assistant,
Cognition AI,Aston Martin partner,"Cloud, Data & AI Software",8,Pythagora,pythagora.ai,AI app builder startup,
Cognition AI,Aston Martin partner,"Cloud, Data & AI Software",9,Lovable,lovable.dev,"Fast-growing AI app builder unicorn, Sweden",
Cognition AI,Aston Martin partner,"Cloud, Data & AI Software",10,Bolt.new (StackBlitz),stackblitz.com,Fast-growing AI web app builder,
Cognition AI,Aston Martin partner,"Cloud, Data & AI Software",11,Sweep AI,sweep.dev,"AI coding agent for pull requests, startup",
Cognition AI,Aston Martin partner,"Cloud, Data & AI Software",12,Mintlify,mintlify.com,Fast-growing AI documentation platform,
Cognition AI,Aston Martin partner,"Cloud, Data & AI Software",13,Vercel (v0),vercel.com,AI-assisted web app builder platform,Claude (Anthropic)
Cognition AI,Aston Martin partner,"Cloud, Data & AI Software",14,MutableAI,mutable.ai,AI coding automation startup,
Cognition AI,Aston Martin partner,"Cloud, Data & AI Software",15,Second (CodeSandbox),codesandbox.io,AI cloud development environments startup,
Cognition AI,Aston Martin partner,"Cloud, Data & AI Software",16,Refact.ai,refact.ai,AI coding assistant startup,
Cognition AI,Aston Martin partner,"Cloud, Data & AI Software",17,Cosine,cosine.sh,"AI software engineer startup, UK",
Cognition AI,Aston Martin partner,"Cloud, Data & AI Software",18,Traversal AI,traversal.io,"AI incident response for engineering teams, startup",
Cognition AI,Aston Martin partner,"Cloud, Data & AI Software",19,Blackbox AI,blackbox.ai,AI coding assistant startup,
Cognition AI,Aston Martin partner,"Cloud, Data & AI Software",20,Tessl,tessl.io,Spec-driven AI coding startup,
Confluent,Racing Bulls partner,"Cloud, Data & AI Software",1,Aiven,aiven.io,"Fast-growing managed open-source data platform, Finland",
Confluent,Racing Bulls partner,"Cloud, Data & AI Software",2,Upstash,upstash.com,Fast-growing serverless streaming/database startup,
Confluent,Racing Bulls partner,"Cloud, Data & AI Software",3,Ably,ably.com,Realtime messaging platform,
Confluent,Racing Bulls partner,"Cloud, Data & AI Software",4,PubNub,pubnub.com,Realtime messaging platform,
Confluent,Racing Bulls partner,"Cloud, Data & AI Software",5,Memphis.dev,memphis.dev,Streaming data platform startup,
Confluent,Racing Bulls partner,"Cloud, Data & AI Software",6,Synadia (NATS),synadia.com,Messaging system commercial backer,
Confluent,Racing Bulls partner,"Cloud, Data & AI Software",7,Solace,solace.com,Enterprise event streaming/messaging platform,
Confluent,Racing Bulls partner,"Cloud, Data & AI Software",8,Axual,axual.com,"Kafka management platform, Netherlands",
Confluent,Racing Bulls partner,"Cloud, Data & AI Software",9,Lenses.io,lenses.io,Kafka management and observability platform,
Confluent,Racing Bulls partner,"Cloud, Data & AI Software",10,Conduktor,conduktor.io,Fast-growing Kafka management platform startup,
Confluent,Racing Bulls partner,"Cloud, Data & AI Software",11,Ververica,ververica.com,"Apache Flink-based streaming platform, Germany",
Confluent,Racing Bulls partner,"Cloud, Data & AI Software",12,DeltaStream,deltastream.io,Streaming SQL platform startup,
Confluent,Racing Bulls partner,"Cloud, Data & AI Software",13,RisingWave,risingwave.com,Fast-growing streaming database startup,
Confluent,Racing Bulls partner,"Cloud, Data & AI Software",14,Quix,quix.io,Streaming data platform startup,
Confluent,Racing Bulls partner,"Cloud, Data & AI Software",15,Bytewax,bytewax.io,Python streaming processing startup,
Confluent,Racing Bulls partner,"Cloud, Data & AI Software",16,Timeplus,timeplus.com,Streaming analytics startup,
Confluent,Racing Bulls partner,"Cloud, Data & AI Software",17,CelerData (StarRocks),celerdata.com,Fast-growing real-time analytics database startup,
Confluent,Racing Bulls partner,"Cloud, Data & AI Software",18,Tinybird,tinybird.co,Fast-growing real-time analytics API startup,
Confluent,Racing Bulls partner,"Cloud, Data & AI Software",19,Meroxa,meroxa.com,Data integration/CDC startup,
Confluent,Racing Bulls partner,"Cloud, Data & AI Software",20,Rockset,rockset.com,Real-time analytics database,
Confluent,Racing Bulls partner,"Cloud, Data & AI Software",21,Imply,imply.io,Real-time analytics platform (Apache Druid),
Confluent,Racing Bulls partner,"Cloud, Data & AI Software",22,Deephaven Data Labs,deephaven.io,Real-time data engine startup,
Confluent,Racing Bulls partner,"Cloud, Data & AI Software",23,Hazelcast,hazelcast.com,In-memory computing/streaming platform,
Confluent,Racing Bulls partner,"Cloud, Data & AI Software",24,EMQ Technologies,emqx.com,MQTT messaging platform for IoT streaming,
Confluent,Racing Bulls partner,"Cloud, Data & AI Software",25,Kurrent,kurrent.io,Event sourcing database platform,
Dropbox,McLaren partner,"Cloud, Data & AI Software",1,Filen,filen.io,"Privacy-focused cloud storage startup, EU",
Dropbox,McLaren partner,"Cloud, Data & AI Software",2,Internxt,internxt.com,Decentralized privacy-first cloud storage startup,
Dropbox,McLaren partner,"Cloud, Data & AI Software",3,Proton Drive,proton.me/drive,Fast-growing Swiss privacy-first cloud storage,
Dropbox,McLaren partner,"Cloud, Data & AI Software",4,Koofr,koofr.eu,EU cloud storage challenger,
Dropbox,McLaren partner,"Cloud, Data & AI Software",5,Degoo,degoo.com,Cloud backup challenger,
Dropbox,McLaren partner,"Cloud, Data & AI Software",6,Jottacloud,jottacloud.com,Norwegian cloud storage provider,
Dropbox,McLaren partner,"Cloud, Data & AI Software",7,Nextcloud,nextcloud.com,Fast-growing open-source self-hosted file sync platform,
Dropbox,McLaren partner,"Cloud, Data & AI Software",8,ownCloud,owncloud.com,Open-source enterprise file sync platform,
Dropbox,McLaren partner,"Cloud, Data & AI Software",9,Seafile,seafile.com,Open-source file sync and share platform,
Dropbox,McLaren partner,"Cloud, Data & AI Software",10,Files.com,files.com,Enterprise file transfer/sync platform,
Dropbox,McLaren partner,"Cloud, Data & AI Software",11,FileCloud,filecloud.com,Fast-growing enterprise file sharing platform,
Dropbox,McLaren partner,"Cloud, Data & AI Software",12,Livedrive,livedrive.com,UK cloud backup provider,
Dropbox,McLaren partner,"Cloud, Data & AI Software",13,SpiderOak,spideroak.com,Secure cloud backup provider,
Dropbox,McLaren partner,"Cloud, Data & AI Software",14,CrashPlan,crashplan.com,Business backup software,
Dropbox,McLaren partner,"Cloud, Data & AI Software",15,Carbonite,carbonite.com,Cloud backup software,
Dropbox,McLaren partner,"Cloud, Data & AI Software",16,Frame.io,frame.io,Video review/collaboration platform,
Dropbox,McLaren partner,"Cloud, Data & AI Software",17,Bynder,bynder.com,Fast-growing digital asset management platform,
Dropbox,McLaren partner,"Cloud, Data & AI Software",18,Brandfolder,brandfolder.com,Digital asset management platform,
Dropbox,McLaren partner,"Cloud, Data & AI Software",19,Canto,canto.com,Digital asset management platform,
Dropbox,McLaren partner,"Cloud, Data & AI Software",20,Filestage,filestage.io,Fast-growing content review/approval startup,
Dropbox,McLaren partner,"Cloud, Data & AI Software",21,MASV,massive.io,Fast-growing large file transfer startup,
Dropbox,McLaren partner,"Cloud, Data & AI Software",22,WeTransfer,wetransfer.com,Large file transfer platform,
Dropbox,McLaren partner,"Cloud, Data & AI Software",23,Hightail,hightail.com,File sharing/creative review platform,
Dropbox,McLaren partner,"Cloud, Data & AI Software",24,TeraBox,terabox.com,Fast-growing free cloud storage app,
Dropbox,McLaren partner,"Cloud, Data & AI Software",25,Zoolz,zoolz.com,Cloud backup and storage provider,
Dynatrace,Racing Bulls partner,"Cloud, Data & AI Software",1,Sentry,sentry.io,Fast-growing error tracking/observability platform,
Dynatrace,Racing Bulls partner,"Cloud, Data & AI Software",2,Chronosphere,chronosphere.io,Fast-growing observability unicorn,
Dynatrace,Racing Bulls partner,"Cloud, Data & AI Software",3,Better Stack,betterstack.com,Fast-growing observability/monitoring startup,
Dynatrace,Racing Bulls partner,"Cloud, Data & AI Software",4,SigNoz,signoz.io,Open-source observability startup,
Dynatrace,Racing Bulls partner,"Cloud, Data & AI Software",5,Highlight.io,highlight.io,Open-source observability startup,
Dynatrace,Racing Bulls partner,"Cloud, Data & AI Software",6,Coralogix,coralogix.com,Fast-growing Israeli observability platform,
Dynatrace,Racing Bulls partner,"Cloud, Data & AI Software",7,groundcover,groundcover.com,Fast-growing eBPF observability startup,
Dynatrace,Racing Bulls partner,"Cloud, Data & AI Software",8,Middleware,middleware.io,Observability startup,
Dynatrace,Racing Bulls partner,"Cloud, Data & AI Software",9,Last9,last9.io,Fast-growing India observability startup,
Dynatrace,Racing Bulls partner,"Cloud, Data & AI Software",10,Checkly,checklyhq.com,Synthetic monitoring startup,
Dynatrace,Racing Bulls partner,"Cloud, Data & AI Software",11,Uptime.com,uptime.com,Website/uptime monitoring platform,
Dynatrace,Racing Bulls partner,"Cloud, Data & AI Software",12,StatusCake,statuscake.com,Uptime monitoring platform,
Dynatrace,Racing Bulls partner,"Cloud, Data & AI Software",13,Catchpoint,catchpoint.com,Digital experience monitoring platform,
Dynatrace,Racing Bulls partner,"Cloud, Data & AI Software",14,Logz.io,logz.io,"Fast-growing observability platform, Israel",
Dynatrace,Racing Bulls partner,"Cloud, Data & AI Software",15,Axiom,axiom.co,Fast-growing log management startup,
Dynatrace,Racing Bulls partner,"Cloud, Data & AI Software",16,OpenObserve,openobserve.ai,Open-source observability platform,
Dynatrace,Racing Bulls partner,"Cloud, Data & AI Software",17,Cronitor,cronitor.io,Monitoring/cron job tracking startup,
Dynatrace,Racing Bulls partner,"Cloud, Data & AI Software",18,Rookout,rookout.com,Debugging/observability startup,
Dynatrace,Racing Bulls partner,"Cloud, Data & AI Software",19,Lumigo,lumigo.io,Serverless observability startup,
Dynatrace,Racing Bulls partner,"Cloud, Data & AI Software",20,Thundra,thundra.io,Serverless observability platform,
Dynatrace,Racing Bulls partner,"Cloud, Data & AI Software",21,Edge Delta,edgedelta.com,Fast-growing observability pipeline startup,
Dynatrace,Racing Bulls partner,"Cloud, Data & AI Software",22,Observe Inc.,observeinc.com,Fast-growing observability data platform startup,
Dynatrace,Racing Bulls partner,"Cloud, Data & AI Software",23,Sematext,sematext.com,Monitoring and log management platform,
Dynatrace,Racing Bulls partner,"Cloud, Data & AI Software",24,Causely,causely.io,AI root-cause observability startup,
Dynatrace,Racing Bulls partner,"Cloud, Data & AI Software",25,Zenduty,zenduty.com,"Incident management/observability platform, India",
ElevenLabs,Audi F1 partner,"Cloud, Data & AI Software",1,Lovo.ai,lovo.ai,AI voice generation startup,
ElevenLabs,Audi F1 partner,"Cloud, Data & AI Software",2,Replica Studios,replicastudios.com,AI voice for games and film,
ElevenLabs,Audi F1 partner,"Cloud, Data & AI Software",3,Voicemod,voicemod.net,Real-time AI voice changer startup,
ElevenLabs,Audi F1 partner,"Cloud, Data & AI Software",4,Respeecher,respeecher.com,"Voice cloning for film/media, Ukraine",
ElevenLabs,Audi F1 partner,"Cloud, Data & AI Software",5,Podcastle,podcastle.ai,AI podcast/voice production startup,
ElevenLabs,Audi F1 partner,"Cloud, Data & AI Software",6,Krisp,krisp.ai,AI noise cancellation/voice startup,
ElevenLabs,Audi F1 partner,"Cloud, Data & AI Software",7,Papercup,papercup.com,"AI video dubbing startup, UK",
ElevenLabs,Audi F1 partner,"Cloud, Data & AI Software",8,Deepdub,deepdub.ai,AI dubbing/localization startup,
ElevenLabs,Audi F1 partner,"Cloud, Data & AI Software",9,Dubverse,dubverse.ai,"AI dubbing startup, India",
ElevenLabs,Audi F1 partner,"Cloud, Data & AI Software",10,Yepic AI,yepic.ai,AI avatar/video generation startup,
ElevenLabs,Audi F1 partner,"Cloud, Data & AI Software",11,D-ID,d-id.com,"AI avatar/video generation startup, Israel",
ElevenLabs,Audi F1 partner,"Cloud, Data & AI Software",12,Colossyan,colossyan.com,AI video avatar startup,
ElevenLabs,Audi F1 partner,"Cloud, Data & AI Software",13,Vocode,vocode.dev,Voice AI infrastructure startup,
ElevenLabs,Audi F1 partner,"Cloud, Data & AI Software",14,Retell AI,retellai.com,Voice AI agents startup,
ElevenLabs,Audi F1 partner,"Cloud, Data & AI Software",15,Bland AI,bland.ai,Fast-growing AI phone calling agents startup,
ElevenLabs,Audi F1 partner,"Cloud, Data & AI Software",16,Vapi,vapi.ai,Fast-growing voice AI platform startup,
ElevenLabs,Audi F1 partner,"Cloud, Data & AI Software",17,Camb.ai,camb.ai,AI dubbing/localization startup,
ElevenLabs,Audi F1 partner,"Cloud, Data & AI Software",18,Neets.ai,neets.ai,AI voice generation startup,
ElevenLabs,Audi F1 partner,"Cloud, Data & AI Software",19,Wavel AI,wavel.ai,AI dubbing/voice startup,
ElevenLabs,Audi F1 partner,"Cloud, Data & AI Software",20,Sanas,sanas.ai,Fast-growing real-time accent translation AI startup,
Freshworks,McLaren partner,"Cloud, Data & AI Software",1,Richpanel,richpanel.com,Ecommerce customer support platform,
Freshworks,McLaren partner,"Cloud, Data & AI Software",2,Groove,groovehq.com,Small business help desk software,
Freshworks,McLaren partner,"Cloud, Data & AI Software",3,Deskpro,deskpro.com,UK help desk software,
Freshworks,McLaren partner,"Cloud, Data & AI Software",4,Re:amaze,reamaze.com,Customer messaging platform for ecommerce,
Freshworks,McLaren partner,"Cloud, Data & AI Software",5,Crisp,crisp.chat,Fast-growing French customer messaging startup,
Freshworks,McLaren partner,"Cloud, Data & AI Software",6,Tidio,tidio.com,Fast-growing live chat/chatbot platform for ecommerce,
Freshworks,McLaren partner,"Cloud, Data & AI Software",7,Drift,drift.com,Conversational marketing platform,
Freshworks,McLaren partner,"Cloud, Data & AI Software",8,Chatwoot,chatwoot.com,Fast-growing open-source customer engagement platform,
Freshworks,McLaren partner,"Cloud, Data & AI Software",9,LiveChat,livechat.com,"Live chat software, public company",
Freshworks,McLaren partner,"Cloud, Data & AI Software",10,Trengo,trengo.com,Fast-growing Dutch customer engagement platform,
Freshworks,McLaren partner,"Cloud, Data & AI Software",11,SleekFlow,sleekflow.io,Fast-growing Asia omnichannel messaging platform,Infobip
Freshworks,McLaren partner,"Cloud, Data & AI Software",12,HelpCrunch,helpcrunch.com,Customer communication platform,
Freshworks,McLaren partner,"Cloud, Data & AI Software",13,eDesk,edesk.com,Ecommerce customer support platform,
Freshworks,McLaren partner,"Cloud, Data & AI Software",14,UVdesk,uvdesk.com,Open-source help desk platform,
Freshworks,McLaren partner,"Cloud, Data & AI Software",15,Zammad,zammad.com,"Open-source help desk platform, Germany",
Freshworks,McLaren partner,"Cloud, Data & AI Software",16,osTicket,osticket.com,Open-source ticketing platform,
Freshworks,McLaren partner,"Cloud, Data & AI Software",17,Wati,wati.io,Fast-growing WhatsApp business platform,Infobip
Freshworks,McLaren partner,"Cloud, Data & AI Software",18,Verloop.io,verloop.io,"Conversational AI CX platform, India",
Freshworks,McLaren partner,"Cloud, Data & AI Software",19,Kapture CX,kapturecrm.com,"CX platform, India",
Freshworks,McLaren partner,"Cloud, Data & AI Software",20,Solvvy,solvvy.com,AI customer support automation platform,
Freshworks,McLaren partner,"Cloud, Data & AI Software",21,Klaus,klausapp.com,Support quality assurance software,
Freshworks,McLaren partner,"Cloud, Data & AI Software",22,Aivo,aivo.co,"Conversational AI platform, Latin America",
Freshworks,McLaren partner,"Cloud, Data & AI Software",23,Kommunicate,kommunicate.io,"Chat/AI customer support startup, India",
Freshworks,McLaren partner,"Cloud, Data & AI Software",24,ProProfs Help Desk,proprofsdesk.com,Help desk software,
Freshworks,McLaren partner,"Cloud, Data & AI Software",25,Tawk.to,tawk.to,Widely used free live chat platform,
Genesys,Ferrari partner,"Cloud, Data & AI Software",1,Dialpad,dialpad.com,Fast-growing AI-powered CCaaS/unified comms unicorn,Cisco; Infobip
Genesys,Ferrari partner,"Cloud, Data & AI Software",2,Aircall,aircall.io,Fast-growing cloud call center unicorn,
Genesys,Ferrari partner,"Cloud, Data & AI Software",3,CloudTalk,cloudtalk.io,"Fast-growing cloud call center platform, EU",
Genesys,Ferrari partner,"Cloud, Data & AI Software",4,JustCall,justcall.io,Cloud phone/CCaaS platform,
Genesys,Ferrari partner,"Cloud, Data & AI Software",5,Kixie,kixie.com,Sales call/CCaaS platform,
Genesys,Ferrari partner,"Cloud, Data & AI Software",6,Nextiva,nextiva.com,UCaaS/CCaaS platform,Cisco
Genesys,Ferrari partner,"Cloud, Data & AI Software",7,Observe.AI,observe.ai,Fast-growing contact center AI/QA startup,
Genesys,Ferrari partner,"Cloud, Data & AI Software",8,Cresta,cresta.com,Fast-growing contact center AI coaching startup,Airia
Genesys,Ferrari partner,"Cloud, Data & AI Software",9,Balto,balto.ai,Real-time call guidance AI startup,
Genesys,Ferrari partner,"Cloud, Data & AI Software",10,Level AI,thelevel.ai,Contact center AI quality assurance startup,
Genesys,Ferrari partner,"Cloud, Data & AI Software",11,Replicant,replicant.com,Conversational AI for contact centers,
Genesys,Ferrari partner,"Cloud, Data & AI Software",12,Parloa,parloa.com,Fast-growing German conversational AI CCaaS startup,
Genesys,Ferrari partner,"Cloud, Data & AI Software",13,PolyAI,poly.ai,Fast-growing UK voice AI startup,
Genesys,Ferrari partner,"Cloud, Data & AI Software",14,Cognigy,cognigy.com,"German conversational AI platform, growing",
Genesys,Ferrari partner,"Cloud, Data & AI Software",15,Forethought,forethought.ai,AI customer support startup,
Genesys,Ferrari partner,"Cloud, Data & AI Software",16,Ultimate.ai,ultimate.ai,EU conversational AI CX startup,
Genesys,Ferrari partner,"Cloud, Data & AI Software",17,Kore.ai,kore.ai,Conversational AI platform,
Genesys,Ferrari partner,"Cloud, Data & AI Software",18,LivePerson,liveperson.com,Conversational commerce/CX platform,
Genesys,Ferrari partner,"Cloud, Data & AI Software",19,Sharpen,sharpencx.com,CCaaS startup,
Genesys,Ferrari partner,"Cloud, Data & AI Software",20,Bright Pattern,brightpattern.com,AI-native CCaaS platform,
Genesys,Ferrari partner,"Cloud, Data & AI Software",21,Content Guru,contentguru.com,UK cloud contact center platform,
Genesys,Ferrari partner,"Cloud, Data & AI Software",22,Odigo,odigo.com,French CCaaS platform,
Google (Alphabet) - Chrome / Android / Google Cloud / Gemini AI,McLaren partner,"Cloud, Data & AI Software",1,Essential AI,essential.ai,Emerging foundation model startup,
Google (Alphabet) - Chrome / Android / Google Cloud / Gemini AI,McLaren partner,"Cloud, Data & AI Software",2,Imbue,imbue.com,Well-funded AI agents research startup,Airia; Cognition AI; Meta AI (Meta)
Google (Alphabet) - Chrome / Android / Google Cloud / Gemini AI,McLaren partner,"Cloud, Data & AI Software",3,Sakana AI,sakana.ai,Emerging Japanese foundation model lab,Meta AI (Meta)
Google (Alphabet) - Chrome / Android / Google Cloud / Gemini AI,McLaren partner,"Cloud, Data & AI Software",4,Reka AI,reka.ai,Emerging multimodal foundation model startup,Meta AI (Meta)
Google (Alphabet) - Chrome / Android / Google Cloud / Gemini AI,McLaren partner,"Cloud, Data & AI Software",5,Contextual AI,contextual.ai,Enterprise RAG/AI startup,Meta AI (Meta)
Google (Alphabet) - Chrome / Android / Google Cloud / Gemini AI,McLaren partner,"Cloud, Data & AI Software",6,Character.AI,character.ai,Fast-growing consumer AI companion platform,Meta AI (Meta)
Google (Alphabet) - Chrome / Android / Google Cloud / Gemini AI,McLaren partner,"Cloud, Data & AI Software",7,01.AI,01.ai,Emerging Chinese foundation model lab,
Google (Alphabet) - Chrome / Android / Google Cloud / Gemini AI,McLaren partner,"Cloud, Data & AI Software",8,Zhipu AI,zhipuai.cn,Fast-growing Chinese foundation model lab,Meta AI (Meta)
Google (Alphabet) - Chrome / Android / Google Cloud / Gemini AI,McLaren partner,"Cloud, Data & AI Software",9,Moonshot AI,moonshot.cn,Fast-growing Chinese foundation model lab (Kimi),
Google (Alphabet) - Chrome / Android / Google Cloud / Gemini AI,McLaren partner,"Cloud, Data & AI Software",10,MiniMax,minimax.io,Fast-growing Chinese multimodal AI lab,Meta AI (Meta)
Google (Alphabet) - Chrome / Android / Google Cloud / Gemini AI,McLaren partner,"Cloud, Data & AI Software",11,Baichuan AI,baichuan-ai.com,Emerging Chinese foundation model lab,
Google (Alphabet) - Chrome / Android / Google Cloud / Gemini AI,McLaren partner,"Cloud, Data & AI Software",12,Runway,runwayml.com,Fast-growing AI video generation startup,Meta AI (Meta)
Google (Alphabet) - Chrome / Android / Google Cloud / Gemini AI,McLaren partner,"Cloud, Data & AI Software",13,Pika,pika.art,Fast-growing AI video generation startup,Meta AI (Meta)
Google (Alphabet) - Chrome / Android / Google Cloud / Gemini AI,McLaren partner,"Cloud, Data & AI Software",14,Ideogram,ideogram.ai,Fast-growing AI image generation startup,Meta AI (Meta)
Google (Alphabet) - Chrome / Android / Google Cloud / Gemini AI,McLaren partner,"Cloud, Data & AI Software",15,Midjourney,midjourney.com,Major independent AI image generation company,
Google (Alphabet) - Chrome / Android / Google Cloud / Gemini AI,McLaren partner,"Cloud, Data & AI Software",16,Synthesia,synthesia.io,Fast-growing AI video/avatar unicorn,Meta AI (Meta)
Google (Alphabet) - Chrome / Android / Google Cloud / Gemini AI,McLaren partner,"Cloud, Data & AI Software",17,Brave Software,brave.com,Privacy browser and independent search challenger,
Google (Alphabet) - Chrome / Android / Google Cloud / Gemini AI,McLaren partner,"Cloud, Data & AI Software",18,DuckDuckGo,duckduckgo.com,Privacy-focused search engine challenger,
Google (Alphabet) - Chrome / Android / Google Cloud / Gemini AI,McLaren partner,"Cloud, Data & AI Software",19,Kagi,kagi.com,Paid independent search engine startup,
Google (Alphabet) - Chrome / Android / Google Cloud / Gemini AI,McLaren partner,"Cloud, Data & AI Software",20,The Browser Company,thebrowser.company,Fast-growing browser startup (Arc/Dia),
Google (Alphabet) - Chrome / Android / Google Cloud / Gemini AI,McLaren partner,"Cloud, Data & AI Software",21,Vivaldi,vivaldi.com,Independent browser challenger,
Google (Alphabet) - Chrome / Android / Google Cloud / Gemini AI,McLaren partner,"Cloud, Data & AI Software",22,Ecosia,ecosia.org,Green/independent search engine challenger,
IBM,Ferrari partner,"Cloud, Data & AI Software",1,DataRobot,datarobot.com,Enterprise AI/MLOps platform,
IBM,Ferrari partner,"Cloud, Data & AI Software",2,H2O.ai,h2o.ai,Open-source AI/MLOps platform,
IBM,Ferrari partner,"Cloud, Data & AI Software",3,Domino Data Lab,dominodatalab.com,Enterprise MLOps platform,
IBM,Ferrari partner,"Cloud, Data & AI Software",4,IonQ,ionq.com,Public quantum computing company,
IBM,Ferrari partner,"Cloud, Data & AI Software",5,Rigetti Computing,rigetti.com,Public quantum computing company,
IBM,Ferrari partner,"Cloud, Data & AI Software",6,D-Wave Quantum,dwavequantum.com,Public quantum computing company,
IBM,Ferrari partner,"Cloud, Data & AI Software",7,PsiQuantum,psiquantum.com,Well-funded quantum computing startup,
IBM,Ferrari partner,"Cloud, Data & AI Software",8,Xanadu,xanadu.ai,Canadian quantum computing startup,
IBM,Ferrari partner,"Cloud, Data & AI Software",9,Pasqal,pasqal.com,French quantum computing startup,
IBM,Ferrari partner,"Cloud, Data & AI Software",10,QuEra Computing,quera.com,Neutral-atom quantum computing startup,
IBM,Ferrari partner,"Cloud, Data & AI Software",11,Boomi,boomi.com,Integration platform-as-a-service (iPaaS),
IBM,Ferrari partner,"Cloud, Data & AI Software",12,Workato,workato.com,Fast-growing enterprise automation/iPaaS platform,
IBM,Ferrari partner,"Cloud, Data & AI Software",13,Jitterbit,jitterbit.com,Integration platform-as-a-service,
IBM,Ferrari partner,"Cloud, Data & AI Software",14,SnapLogic,snaplogic.com,Integration/automation platform,
IBM,Ferrari partner,"Cloud, Data & AI Software",15,Celigo,celigo.com,Integration platform-as-a-service,
IBM,Ferrari partner,"Cloud, Data & AI Software",16,Tray.ai,tray.ai,Fast-growing AI-powered automation/iPaaS platform,
IBM,Ferrari partner,"Cloud, Data & AI Software",17,n8n,n8n.io,Fast-growing open-source workflow automation platform,Airia
IBM,Ferrari partner,"Cloud, Data & AI Software",18,Trianz,trianz.com,Digital transformation consultancy,
IBM,Ferrari partner,"Cloud, Data & AI Software",19,Photon Infotech,photoninfotech.com,Digital engineering services challenger,
IBM,Ferrari partner,"Cloud, Data & AI Software",20,Sisense,sisense.com,Embedded BI/analytics platform,
IBM,Ferrari partner,"Cloud, Data & AI Software",21,Hex,hex.tech,Fast-growing collaborative data notebook startup,
IBM,Ferrari partner,"Cloud, Data & AI Software",22,Ataccama,ataccama.com,Data quality/governance platform,
IBM,Ferrari partner,"Cloud, Data & AI Software",23,Alation,alation.com,"Data catalog/governance platform, fast-growing",
IFS,Cadillac partner,"Cloud, Data & AI Software",1,eMaint (Fluke),emaint.com,CMMS/asset maintenance software,
IFS,Cadillac partner,"Cloud, Data & AI Software",2,Fiix (Rockwell),fiixsoftware.com,Cloud CMMS platform,
IFS,Cadillac partner,"Cloud, Data & AI Software",3,UpKeep,onupkeep.com,Fast-growing CMMS startup,
IFS,Cadillac partner,"Cloud, Data & AI Software",4,Limble CMMS,limblecmms.com,Fast-growing CMMS startup,
IFS,Cadillac partner,"Cloud, Data & AI Software",5,MaintainX,getmaintainx.com,Fast-growing work order/CMMS platform,
IFS,Cadillac partner,"Cloud, Data & AI Software",6,Hippo CMMS,hippocmms.com,Cloud CMMS platform,
IFS,Cadillac partner,"Cloud, Data & AI Software",7,MPulse,mpulsesoftware.com,CMMS software,
IFS,Cadillac partner,"Cloud, Data & AI Software",8,eWorkOrders,eworkorders.com,CMMS platform,
IFS,Cadillac partner,"Cloud, Data & AI Software",9,Asset Panda,assetpanda.com,Asset tracking platform,
IFS,Cadillac partner,"Cloud, Data & AI Software",10,EZOfficeInventory,ezofficeinventory.com,Asset tracking SaaS,
IFS,Cadillac partner,"Cloud, Data & AI Software",11,ServiceChannel,servicechannel.com,Facilities management platform,
IFS,Cadillac partner,"Cloud, Data & AI Software",12,Jobber,getjobber.com,Fast-growing field service software for SMBs,
IFS,Cadillac partner,"Cloud, Data & AI Software",13,Housecall Pro,housecallpro.com,Fast-growing field service SaaS,
IFS,Cadillac partner,"Cloud, Data & AI Software",14,FieldEdge,fieldedge.com,Field service management software,
IFS,Cadillac partner,"Cloud, Data & AI Software",15,FieldAware,fieldaware.com,Field service management platform,
IFS,Cadillac partner,"Cloud, Data & AI Software",16,Klipboard,klipboard.io,Field service management startup,
IFS,Cadillac partner,"Cloud, Data & AI Software",17,Simpro,simprogroup.com,Fast-growing trade/field service software,
IFS,Cadillac partner,"Cloud, Data & AI Software",18,Fexa,fexa.io,Facilities/asset management for multi-site operators,
IFS,Cadillac partner,"Cloud, Data & AI Software",19,Corrigo (JLL),corrigo.com,Facilities management platform,
IFS,Cadillac partner,"Cloud, Data & AI Software",20,Accruent,accruent.com,Real estate/facility/asset management software,
IFS,Cadillac partner,"Cloud, Data & AI Software",21,Planon,planonsoftware.com,"Integrated workplace management system, Dutch",
IFS,Cadillac partner,"Cloud, Data & AI Software",22,FMX,gofmx.com,Facilities management software,
IFS,Cadillac partner,"Cloud, Data & AI Software",23,Infraspeak,infraspeak.com,Fast-growing Portuguese maintenance management startup,
IFS,Cadillac partner,"Cloud, Data & AI Software",24,Fracttal,fracttal.com,"Latin America CMMS platform, growing",
IFS,Cadillac partner,"Cloud, Data & AI Software",25,Cheqroom,cheqroom.com,Fast-growing equipment/asset tracking startup,
Medallia,McLaren partner,"Cloud, Data & AI Software",1,Zonka Feedback,zonkafeedback.com,CX/survey feedback startup,
Medallia,McLaren partner,"Cloud, Data & AI Software",2,SatisMeter,satismeter.com,Customer feedback/NPS tool,
Medallia,McLaren partner,"Cloud, Data & AI Software",3,Chattermill,chattermill.com,"Fast-growing CX analytics/AI platform, UK",
Medallia,McLaren partner,"Cloud, Data & AI Software",4,Thematic,thematic.co,AI feedback analytics startup,
Medallia,McLaren partner,"Cloud, Data & AI Software",5,CustomerGauge,customergauge.com,NPS/customer experience platform,
Medallia,McLaren partner,"Cloud, Data & AI Software",6,Retently,retently.com,NPS/customer feedback tool,
Medallia,McLaren partner,"Cloud, Data & AI Software",7,AskNicely,asknicely.com,NPS software platform,
Medallia,McLaren partner,"Cloud, Data & AI Software",8,Feedbackly,feedbackly.com,"CX measurement platform, Finland",
Medallia,McLaren partner,"Cloud, Data & AI Software",9,Birdeye,birdeye.com,Fast-growing reputation/CX platform,
Medallia,McLaren partner,"Cloud, Data & AI Software",10,Reputation.com,reputation.com,Online reputation/CX management platform,
Medallia,McLaren partner,"Cloud, Data & AI Software",11,Khoros,khoros.com,Social/customer experience platform,
Medallia,McLaren partner,"Cloud, Data & AI Software",12,HappyFox,happyfox.com,Help desk/CX platform,
Medallia,McLaren partner,"Cloud, Data & AI Software",13,Front,front.com,Fast-growing customer communications platform,
Medallia,McLaren partner,"Cloud, Data & AI Software",14,Kustomer,kustomer.com,Customer service/CX platform,
Medallia,McLaren partner,"Cloud, Data & AI Software",15,Gladly,gladly.com,Customer service platform,
Medallia,McLaren partner,"Cloud, Data & AI Software",16,UJET,ujet.co,Cloud contact center CX startup,
Medallia,McLaren partner,"Cloud, Data & AI Software",17,Dixa,dixa.com,Fast-growing Danish customer service unicorn,
Medallia,McLaren partner,"Cloud, Data & AI Software",18,MaestroQA,maestroqa.com,Support quality assurance software,
Medallia,McLaren partner,"Cloud, Data & AI Software",19,Playvox,playvox.com,Workforce/QA management for contact centers,
Medallia,McLaren partner,"Cloud, Data & AI Software",20,Survicate,survicate.com,Survey and feedback platform,
Medallia,McLaren partner,"Cloud, Data & AI Software",21,Hotjar,hotjar.com,Behavior analytics/feedback platform,
Medallia,McLaren partner,"Cloud, Data & AI Software",22,UserVoice,uservoice.com,Product feedback management platform,
Medallia,McLaren partner,"Cloud, Data & AI Software",23,Canny,canny.io,Fast-growing product feedback startup,
Medallia,McLaren partner,"Cloud, Data & AI Software",24,Frill,frill.co,Product feedback/changelog tool,
Medallia,McLaren partner,"Cloud, Data & AI Software",25,SurveySparrow,surveysparrow.com,Fast-growing conversational survey startup,
Meta AI (Meta),Mercedes partner,"Cloud, Data & AI Software",1,EleutherAI,eleuther.ai,Open-source AI research collective,
Meta AI (Meta),Mercedes partner,"Cloud, Data & AI Software",2,LAION,laion.ai,"Open-source AI dataset nonprofit, Germany",
Meta AI (Meta),Mercedes partner,"Cloud, Data & AI Software",3,OpenBMB,openbmb.org,"Open-source foundation model project, China",
Meta AI (Meta),Mercedes partner,"Cloud, Data & AI Software",4,InternLM (Shanghai AI Lab),internlm.org,"Open-source foundation model lab, China",
Meta AI (Meta),Mercedes partner,"Cloud, Data & AI Software",5,Falcon (TII),falconllm.tii.ae,Open-source LLM from UAE's Technology Innovation Institute,
Meta AI (Meta),Mercedes partner,"Cloud, Data & AI Software",6,OpenRouter,openrouter.ai,Fast-growing AI model routing/marketplace startup,
Meta AI (Meta),Mercedes partner,"Cloud, Data & AI Software",7,Fireworks AI,fireworks.ai,Fast-growing AI inference platform startup,Claude (Anthropic)
Meta AI (Meta),Mercedes partner,"Cloud, Data & AI Software",8,Luma AI,lumalabs.ai,Fast-growing 3D/video generative AI startup,Google (Alphabet) - Chrome / Android / Google Cloud / Gemini AI
Meta AI (Meta),Mercedes partner,"Cloud, Data & AI Software",9,Black Forest Labs,blackforestlabs.ai,German AI image generation startup (Flux),Google (Alphabet) - Chrome / Android / Google Cloud / Gemini AI
Meta AI (Meta),Mercedes partner,"Cloud, Data & AI Software",10,HeyGen,heygen.com,Fast-growing AI video avatar startup,Google (Alphabet) - Chrome / Android / Google Cloud / Gemini AI
Microsoft,Mercedes partner; Alpine partner; Mercedes F1 Academy entry sponsor,"Cloud, Data & AI Software",1,Coda,coda.io,Docs/productivity platform startup,
Microsoft,Mercedes partner; Alpine partner; Mercedes F1 Academy entry sponsor,"Cloud, Data & AI Software",2,Craft Docs,craft.do,Fast-growing note-taking/docs app,
Microsoft,Mercedes partner; Alpine partner; Mercedes F1 Academy entry sponsor,"Cloud, Data & AI Software",3,Slite,slite.com,Team knowledge/docs startup,
Microsoft,Mercedes partner; Alpine partner; Mercedes F1 Academy entry sponsor,"Cloud, Data & AI Software",4,Nuclino,nuclino.com,Team collaboration/wiki startup,
Microsoft,Mercedes partner; Alpine partner; Mercedes F1 Academy entry sponsor,"Cloud, Data & AI Software",5,Whereby,whereby.com,Browser-based video conferencing challenger,
Microsoft,Mercedes partner; Alpine partner; Mercedes F1 Academy entry sponsor,"Cloud, Data & AI Software",6,Gitea,about.gitea.com,Lightweight open-source git service,
Microsoft,Mercedes partner; Alpine partner; Mercedes F1 Academy entry sponsor,"Cloud, Data & AI Software",7,Codeberg,codeberg.org,Nonprofit open-source git hosting,
Microsoft,Mercedes partner; Alpine partner; Mercedes F1 Academy entry sponsor,"Cloud, Data & AI Software",8,Height,height.app,AI-native project management startup,
Microsoft,Mercedes partner; Alpine partner; Mercedes F1 Academy entry sponsor,"Cloud, Data & AI Software",9,Shortcut,shortcut.com,Project management for software teams,
Microsoft,Mercedes partner; Alpine partner; Mercedes F1 Academy entry sponsor,"Cloud, Data & AI Software",10,Augment Code,augmentcode.com,Fast-growing AI coding assistant startup,Cognition AI
Microsoft,Mercedes partner; Alpine partner; Mercedes F1 Academy entry sponsor,"Cloud, Data & AI Software",11,Qodo,qodo.ai,AI code review/quality startup,Cognition AI
Microsoft,Mercedes partner; Alpine partner; Mercedes F1 Academy entry sponsor,"Cloud, Data & AI Software",12,Zed Industries,zed.dev,Fast-growing AI-first code editor startup,Cognition AI
Microsoft,Mercedes partner; Alpine partner; Mercedes F1 Academy entry sponsor,"Cloud, Data & AI Software",13,Warp,warp.dev,Fast-growing AI terminal startup,Cognition AI
Microsoft,Mercedes partner; Alpine partner; Mercedes F1 Academy entry sponsor,"Cloud, Data & AI Software",14,Retool,retool.com,Fast-growing low-code internal app builder,
Microsoft,Mercedes partner; Alpine partner; Mercedes F1 Academy entry sponsor,"Cloud, Data & AI Software",15,Appsmith,appsmith.com,Open-source low-code app builder,
Microsoft,Mercedes partner; Alpine partner; Mercedes F1 Academy entry sponsor,"Cloud, Data & AI Software",16,Bubble,bubble.io,Fast-growing no-code app builder,
Microsoft,Mercedes partner; Alpine partner; Mercedes F1 Academy entry sponsor,"Cloud, Data & AI Software",17,Webflow,webflow.com,No-code website builder unicorn,
Microsoft,Mercedes partner; Alpine partner; Mercedes F1 Academy entry sponsor,"Cloud, Data & AI Software",18,OutSystems,outsystems.com,Enterprise low-code platform,
Microsoft,Mercedes partner; Alpine partner; Mercedes F1 Academy entry sponsor,"Cloud, Data & AI Software",19,Betty Blocks,bettyblocks.com,No-code enterprise platform,
Microsoft,Mercedes partner; Alpine partner; Mercedes F1 Academy entry sponsor,"Cloud, Data & AI Software",20,Icedrive,icedrive.net,Cloud storage challenger,
Microsoft,Mercedes partner; Alpine partner; Mercedes F1 Academy entry sponsor,"Cloud, Data & AI Software",21,Anytype,anytype.io,Privacy-focused productivity/notes startup,
Microsoft,Mercedes partner; Alpine partner; Mercedes F1 Academy entry sponsor,"Cloud, Data & AI Software",22,Mendix,mendix.com,Low-code enterprise app platform,
Microsoft,Mercedes partner; Alpine partner; Mercedes F1 Academy entry sponsor,"Cloud, Data & AI Software",23,Superhuman,superhuman.com,Fast-growing AI email client,
Microsoft,Mercedes partner; Alpine partner; Mercedes F1 Academy entry sponsor,"Cloud, Data & AI Software",24,Motion,usemotion.com,Fast-growing AI calendar/task app,
Microsoft,Mercedes partner; Alpine partner; Mercedes F1 Academy entry sponsor,"Cloud, Data & AI Software",25,Reclaim.ai,reclaim.ai,Fast-growing AI scheduling startup,
NetApp,Aston Martin partner,"Cloud, Data & AI Software",1,StorMagic,stormagic.com,Edge storage/hyperconverged startup,
NetApp,Aston Martin partner,"Cloud, Data & AI Software",2,LINBIT,linbit.com,Open-source high-availability storage,
NetApp,Aston Martin partner,"Cloud, Data & AI Software",3,OpenIO,openio.io,Object storage software,
NetApp,Aston Martin partner,"Cloud, Data & AI Software",4,45Drives,45drives.com,"Storage hardware/appliance company, Canada",
NetApp,Aston Martin partner,"Cloud, Data & AI Software",5,StorPool,storpool.com,"Software-defined storage, Bulgaria",
NetApp,Aston Martin partner,"Cloud, Data & AI Software",6,ExaGrid,exagrid.com,Backup storage appliance company,
NetApp,Aston Martin partner,"Cloud, Data & AI Software",7,N2WS,n2ws.com,Cloud backup platform,
NetApp,Aston Martin partner,"Cloud, Data & AI Software",8,Cobalt Iron,cobaltiron.com,Enterprise backup SaaS platform,
NetApp,Aston Martin partner,"Cloud, Data & AI Software",9,Keepit,keepit.com,"Fast-growing SaaS data backup platform, Denmark",
NetApp,Aston Martin partner,"Cloud, Data & AI Software",10,Bacula Systems,baculasystems.com,Open-source enterprise backup software,
NetApp,Aston Martin partner,"Cloud, Data & AI Software",11,Nakivo,nakivo.com,Backup/disaster recovery software,
NetApp,Aston Martin partner,"Cloud, Data & AI Software",12,Storware,storware.eu,"Backup software, Poland",
NetApp,Aston Martin partner,"Cloud, Data & AI Software",13,Own Company,own.com,Fast-growing SaaS data backup platform (formerly OwnBackup),
NetApp,Aston Martin partner,"Cloud, Data & AI Software",14,Afi.ai,afi.ai,SaaS backup startup,
NetApp,Aston Martin partner,"Cloud, Data & AI Software",15,Spin.AI,spin.ai,SaaS data protection startup,
NetApp,Aston Martin partner,"Cloud, Data & AI Software",16,Blockbridge Networks,blockbridge.com,Software-defined storage startup,
NetApp,Aston Martin partner,"Cloud, Data & AI Software",17,Cubbit,cubbit.io,"Fast-growing distributed cloud storage startup, Italy",
NetApp,Aston Martin partner,"Cloud, Data & AI Software",18,Scality,scality.com,Software-defined storage for enterprise,
NetApp,Aston Martin partner,"Cloud, Data & AI Software",19,DataCore Software,datacore.com,Software-defined storage platform,
NetApp,Aston Martin partner,"Cloud, Data & AI Software",20,Croit,croit.io,"Ceph storage management startup, Germany",
NetApp,Aston Martin partner,"Cloud, Data & AI Software",21,Retrospect (StorCentric),retrospect.com,Backup software company,
NetApp,Aston Martin partner,"Cloud, Data & AI Software",22,Index Engines,indexengines.com,Backup/ransomware recovery software,
NetApp,Aston Martin partner,"Cloud, Data & AI Software",23,Continuity Software,continuitysoftware.com,Storage resilience/compliance platform,
Oracle,Red Bull Racing title partner,"Cloud, Data & AI Software",1,Aptean,aptean.com,"Mid-market vertical ERP roll-up (PE-backed, acquisitive growth)",
Oracle,Red Bull Racing title partner,"Cloud, Data & AI Software",2,SYSPRO,syspro.com,Mid-market manufacturing ERP challenger,
Oracle,Red Bull Racing title partner,"Cloud, Data & AI Software",3,Priority Software,priority-software.com,"Cloud ERP challenger, growing SMB/mid-market base",
Oracle,Red Bull Racing title partner,"Cloud, Data & AI Software",4,Cin7,cin7.com,Fast-growing inventory/ERP cloud platform,
Oracle,Red Bull Racing title partner,"Cloud, Data & AI Software",5,Katana Cloud Inventory,katanamrp.com,Startup cloud manufacturing/MRP platform,
Oracle,Red Bull Racing title partner,"Cloud, Data & AI Software",6,Deskera,deskera.com,"SMB cloud ERP challenger, strong APAC growth",
Oracle,Red Bull Racing title partner,"Cloud, Data & AI Software",7,ERPNext (Frappe),frappe.io,"Open-source ERP challenger, fast-growing adoption",
Oracle,Red Bull Racing title partner,"Cloud, Data & AI Software",8,Global Shop Solutions,globalshopsolutions.com,Mid-market manufacturing ERP,
Oracle,Red Bull Racing title partner,"Cloud, Data & AI Software",9,ECI Software Solutions,ecisolutions.com,"Vertical ERP roll-up, PE-backed growth",
Oracle,Red Bull Racing title partner,"Cloud, Data & AI Software",10,MariaDB plc,mariadb.com,Open-source database challenger to Oracle DB,
Oracle,Red Bull Racing title partner,"Cloud, Data & AI Software",11,Cockroach Labs,cockroachlabs.com,Fast-growing distributed SQL database startup,
Oracle,Red Bull Racing title partner,"Cloud, Data & AI Software",12,PlanetScale,planetscale.com,"Serverless MySQL platform, fast-growing developer base",
Oracle,Red Bull Racing title partner,"Cloud, Data & AI Software",13,Yugabyte,yugabyte.com,Distributed SQL database challenger,
Oracle,Red Bull Racing title partner,"Cloud, Data & AI Software",14,Timescale,timescale.com,Time-series/Postgres cloud database startup,
Oracle,Red Bull Racing title partner,"Cloud, Data & AI Software",15,SingleStore,singlestore.com,Real-time analytics database challenger,
Oracle,Red Bull Racing title partner,"Cloud, Data & AI Software",16,ClickHouse Inc.,clickhouse.com,Fast-growing real-time analytics database,
Oracle,Red Bull Racing title partner,"Cloud, Data & AI Software",17,Percona,percona.com,"Open-source database support/tools, mid-size growth co",
Oracle,Red Bull Racing title partner,"Cloud, Data & AI Software",18,Supabase,supabase.com,Fast-growing open-source Postgres/backend-as-a-service unicorn,
Oracle,Red Bull Racing title partner,"Cloud, Data & AI Software",19,Fivetran,fivetran.com,Fast-growing data movement/ELT platform,
Oracle,Red Bull Racing title partner,"Cloud, Data & AI Software",20,dbt Labs,getdbt.com,Fast-growing data transformation platform,
Oracle,Red Bull Racing title partner,"Cloud, Data & AI Software",21,Hetzner,hetzner.com,"Budget cloud infrastructure challenger, strong EU growth",
Oracle,Red Bull Racing title partner,"Cloud, Data & AI Software",22,UpCloud,upcloud.com,European cloud infrastructure challenger,
Oracle,Red Bull Racing title partner,"Cloud, Data & AI Software",23,Exoscale,exoscale.com,"Swiss/EU sovereign cloud provider, growing",
Oracle,Red Bull Racing title partner,"Cloud, Data & AI Software",24,Rootstock Software,rootstock.com,Cloud manufacturing ERP built on Salesforce,
Salesforce,F1 global partner; F1 Academy partner,"Cloud, Data & AI Software",1,Attio,attio.com,Fast-growing modern CRM startup,
Salesforce,F1 global partner; F1 Academy partner,"Cloud, Data & AI Software",2,Folk,folk.app,Relationship-focused CRM startup,
Salesforce,F1 global partner; F1 Academy partner,"Cloud, Data & AI Software",3,Clari,clari.com,Fast-growing revenue intelligence platform,
Salesforce,F1 global partner; F1 Academy partner,"Cloud, Data & AI Software",4,Gong,gong.io,"Revenue intelligence unicorn, direct Sales Cloud rival",
Salesforce,F1 global partner; F1 Academy partner,"Cloud, Data & AI Software",5,Outreach,outreach.io,Fast-growing sales engagement platform,
Salesforce,F1 global partner; F1 Academy partner,"Cloud, Data & AI Software",6,Apollo.io,apollo.io,Fast-growing sales intelligence/engagement platform,
Salesforce,F1 global partner; F1 Academy partner,"Cloud, Data & AI Software",7,Clay,clay.com,Fast-growing GTM data/enrichment startup,
Salesforce,F1 global partner; F1 Academy partner,"Cloud, Data & AI Software",8,Copper CRM,copper.com,Google Workspace-native CRM challenger,
Salesforce,F1 global partner; F1 Academy partner,"Cloud, Data & AI Software",9,Keap,keap.com,SMB CRM/marketing automation platform,
Salesforce,F1 global partner; F1 Academy partner,"Cloud, Data & AI Software",10,Vtiger CRM,vtiger.com,Mid-market CRM challenger,
Salesforce,F1 global partner; F1 Academy partner,"Cloud, Data & AI Software",11,Streak,streak.com,Gmail-based CRM for small teams,
Salesforce,F1 global partner; F1 Academy partner,"Cloud, Data & AI Software",12,Pipeliner CRM,pipelinersales.com,Sales-process-focused CRM challenger,
Salesforce,F1 global partner; F1 Academy partner,"Cloud, Data & AI Software",13,Klue,klue.com,Competitive intelligence for sales teams,
Salesforce,F1 global partner; F1 Academy partner,"Cloud, Data & AI Software",14,People.ai,people.ai,Revenue AI/analytics platform,
Salesforce,F1 global partner; F1 Academy partner,"Cloud, Data & AI Software",15,Aviso AI,aviso.com,AI-driven revenue forecasting startup,
Salesforce,F1 global partner; F1 Academy partner,"Cloud, Data & AI Software",16,Regie.ai,regie.ai,AI sales content/engagement startup,
Salesforce,F1 global partner; F1 Academy partner,"Cloud, Data & AI Software",17,6sense,6sense.com,Fast-growing account-based marketing platform,
Salesforce,F1 global partner; F1 Academy partner,"Cloud, Data & AI Software",18,Demandbase,demandbase.com,Account-based marketing/sales platform,
Salesforce,F1 global partner; F1 Academy partner,"Cloud, Data & AI Software",19,ZoomInfo,zoominfo.com,"Sales intelligence platform, public company",
Salesforce,F1 global partner; F1 Academy partner,"Cloud, Data & AI Software",20,Seamless.AI,seamless.ai,Sales prospecting/intelligence startup,
Salesforce,F1 global partner; F1 Academy partner,"Cloud, Data & AI Software",21,Lusha,lusha.com,Fast-growing Israeli sales intelligence platform,
Salesforce,F1 global partner; F1 Academy partner,"Cloud, Data & AI Software",22,Cognism,cognism.com,Fast-growing UK/EU sales intelligence platform,
Salesforce,F1 global partner; F1 Academy partner,"Cloud, Data & AI Software",23,Membrain,membrain.com,Sales enablement/CRM platform,
Salesforce,F1 global partner; F1 Academy partner,"Cloud, Data & AI Software",24,Less Annoying CRM,lessannoyingcrm.com,SMB-focused simple CRM,
Salesforce,F1 global partner; F1 Academy partner,"Cloud, Data & AI Software",25,Vymo,getvymo.com,"Sales engagement platform for financial services, APAC growth",
SAP,Mercedes partner,"Cloud, Data & AI Software",1,o9 Solutions,o9solutions.com,Fast-growing supply chain planning unicorn,
SAP,Mercedes partner,"Cloud, Data & AI Software",2,Blue Yonder,blueyonder.com,Supply chain planning SaaS challenger,
SAP,Mercedes partner,"Cloud, Data & AI Software",3,FloQast,floqast.com,Fast-growing accounting close management software,
SAP,Mercedes partner,"Cloud, Data & AI Software",4,Trintech,trintech.com,Financial close/controls software,
SAP,Mercedes partner,"Cloud, Data & AI Software",5,Vena Solutions,venasolutions.com,Fast-growing FP&A platform,
SAP,Mercedes partner,"Cloud, Data & AI Software",6,Planful,planful.com,FP&A/financial planning software,
SAP,Mercedes partner,"Cloud, Data & AI Software",7,Prophix,prophix.com,FP&A/financial planning software,
SAP,Mercedes partner,"Cloud, Data & AI Software",8,Jedox,jedox.com,"German FP&A platform, growing",
SAP,Mercedes partner,"Cloud, Data & AI Software",9,Pigment,pigment.com,Fast-growing French FP&A unicorn,
SAP,Mercedes partner,"Cloud, Data & AI Software",10,Cube Software,cubesoftware.com,Fast-growing FP&A startup,
SAP,Mercedes partner,"Cloud, Data & AI Software",11,Mosaic Tech,mosaic.tech,Fast-growing FP&A startup,
SAP,Mercedes partner,"Cloud, Data & AI Software",12,Abacum,abacum.io,Fast-growing Spanish FP&A startup,
SAP,Mercedes partner,"Cloud, Data & AI Software",13,Certinia,certinia.com,Salesforce-native ERP/professional services automation,
SAP,Mercedes partner,"Cloud, Data & AI Software",14,Rimini Street,riministreet.com,Third-party ERP support challenger to SAP maintenance,
SAP,Mercedes partner,"Cloud, Data & AI Software",15,Xero,xero.com,Fast-growing SMB accounting software,
SAP,Mercedes partner,"Cloud, Data & AI Software",16,FreshBooks,freshbooks.com,SMB accounting software,
SAP,Mercedes partner,"Cloud, Data & AI Software",17,Visma,visma.com,"Nordic ERP/accounting SaaS group, strong growth",
SAP,Mercedes partner,"Cloud, Data & AI Software",18,Exact,exact.com,Dutch SME ERP/accounting software,
SAP,Mercedes partner,"Cloud, Data & AI Software",19,Multiview ERP,multiviewcorp.com,Mid-market financial ERP challenger,
SAP,Mercedes partner,"Cloud, Data & AI Software",20,Yooz,getyooz.com,AP automation startup,
SAP,Mercedes partner,"Cloud, Data & AI Software",21,Tipalti,tipalti.com,Fast-growing global payables automation platform,
SAP,Mercedes partner,"Cloud, Data & AI Software",22,Medius,medius.com,AP automation/procurement software,
ServiceNow,Aston Martin partner,"Cloud, Data & AI Software",1,Halo ITSM,haloitsm.com,ITSM platform challenger,
ServiceNow,Aston Martin partner,"Cloud, Data & AI Software",2,TOPdesk,topdesk.com,"Dutch ITSM platform, growing internationally",
ServiceNow,Aston Martin partner,"Cloud, Data & AI Software",3,Matrix42,matrix42.com,German ITSM/unified endpoint management platform,
ServiceNow,Aston Martin partner,"Cloud, Data & AI Software",4,EasyVista,easyvista.com,ITSM platform,
ServiceNow,Aston Martin partner,"Cloud, Data & AI Software",5,Symphony SummitAI,symphonysummit.com,ITSM/enterprise service management platform,
ServiceNow,Aston Martin partner,"Cloud, Data & AI Software",6,InvGate,invgate.com,"Latin America-based ITSM platform, growing",
ServiceNow,Aston Martin partner,"Cloud, Data & AI Software",7,Giva,givainc.com,Cloud ITSM/help desk platform,
ServiceNow,Aston Martin partner,"Cloud, Data & AI Software",8,Vision Helpdesk,visionhelpdesk.com,Cloud help desk/ITSM software,
ServiceNow,Aston Martin partner,"Cloud, Data & AI Software",9,Spiceworks,spiceworks.com,Free IT help desk platform,
ServiceNow,Aston Martin partner,"Cloud, Data & AI Software",10,SunView Software (Changegear),sunviewsoftware.com,ITSM/service automation platform,
ServiceNow,Aston Martin partner,"Cloud, Data & AI Software",11,Alemba,alemba.com,ITSM platform,
ServiceNow,Aston Martin partner,"Cloud, Data & AI Software",12,Espressive,espressive.com,AI-powered enterprise service desk startup,
ServiceNow,Aston Martin partner,"Cloud, Data & AI Software",13,Moveworks,moveworks.com,Fast-growing AI enterprise service desk unicorn,
ServiceNow,Aston Martin partner,"Cloud, Data & AI Software",14,Aisera,aisera.com,Fast-growing AI service management startup,
ServiceNow,Aston Martin partner,"Cloud, Data & AI Software",15,Device42,device42.com,IT asset discovery/CMDB platform,
ServiceNow,Aston Martin partner,"Cloud, Data & AI Software",16,Appian,appian.com,Public low-code business process automation platform,
ServiceNow,Aston Martin partner,"Cloud, Data & AI Software",17,Nintex,nintex.com,Workflow automation platform,
ServiceNow,Aston Martin partner,"Cloud, Data & AI Software",18,Camunda,camunda.com,Fast-growing open-source workflow/BPM unicorn,
ServiceNow,Aston Martin partner,"Cloud, Data & AI Software",19,ProcessMaker,processmaker.com,Business process automation platform,
ServiceNow,Aston Martin partner,"Cloud, Data & AI Software",20,Bizagi,bizagi.com,Business process management platform,
ServiceNow,Aston Martin partner,"Cloud, Data & AI Software",21,Kissflow,kissflow.com,Fast-growing workflow automation platform,
ServiceNow,Aston Martin partner,"Cloud, Data & AI Software",22,Resolve Systems,resolve.io,IT process automation/orchestration platform,
ServiceNow,Aston Martin partner,"Cloud, Data & AI Software",23,xMatters,xmatters.com,Incident management platform,
ServiceNow,Aston Martin partner,"Cloud, Data & AI Software",24,FireHydrant,firehydrant.com,Fast-growing incident management startup,
Smartsheet,McLaren partner,"Cloud, Data & AI Software",1,ProjectManager.com,projectmanager.com,Cloud project management platform,
Smartsheet,McLaren partner,"Cloud, Data & AI Software",2,LiquidPlanner,liquidplanner.com,Predictive project management platform,
Smartsheet,McLaren partner,"Cloud, Data & AI Software",3,Float,float.com,Fast-growing resource scheduling platform,
Smartsheet,McLaren partner,"Cloud, Data & AI Software",4,Runn,runn.io,Fast-growing resource planning startup,
Smartsheet,McLaren partner,"Cloud, Data & AI Software",5,Forecast,forecast.app,Fast-growing AI project/resource management startup,
Smartsheet,McLaren partner,"Cloud, Data & AI Software",6,Kantata,kantata.com,Professional services automation platform,
Smartsheet,McLaren partner,"Cloud, Data & AI Software",7,Productive,productive.io,Fast-growing agency management/PSA platform,
Smartsheet,McLaren partner,"Cloud, Data & AI Software",8,Scoro,scoro.com,Work management/PSA platform,
Smartsheet,McLaren partner,"Cloud, Data & AI Software",9,Birdview PSA,birdviewpsa.com,Professional services automation platform,
Smartsheet,McLaren partner,"Cloud, Data & AI Software",10,Hub Planner,hubplanner.com,Resource scheduling software,
Smartsheet,McLaren partner,"Cloud, Data & AI Software",11,Resource Guru,resourceguruapp.com,Resource scheduling software,
Smartsheet,McLaren partner,"Cloud, Data & AI Software",12,Ganttic,ganttic.com,Resource planning software,
Smartsheet,McLaren partner,"Cloud, Data & AI Software",13,TeamGantt,teamgantt.com,Gantt chart project management tool,
Smartsheet,McLaren partner,"Cloud, Data & AI Software",14,GanttPRO,ganttpro.com,Gantt chart project management tool,
Smartsheet,McLaren partner,"Cloud, Data & AI Software",15,Paymo,paymoapp.com,Project management and time tracking for agencies,
Smartsheet,McLaren partner,"Cloud, Data & AI Software",16,Ruddr,ruddr.io,Fast-growing PSA startup,
Smartsheet,McLaren partner,"Cloud, Data & AI Software",17,Journyx,journyx.com,Time tracking/PSA software,
Smartsheet,McLaren partner,"Cloud, Data & AI Software",18,awork,awork.com,"European project management tool, growing",
Smartsheet,McLaren partner,"Cloud, Data & AI Software",19,Nutcache,nutcache.com,Project management and invoicing tool,
Smartsheet,McLaren partner,"Cloud, Data & AI Software",20,OpenProject,openproject.org,Open-source project management platform,
Smartsheet,McLaren partner,"Cloud, Data & AI Software",21,Redbooth,redbooth.com,Project management platform,
Smartsheet,McLaren partner,"Cloud, Data & AI Software",22,Workzone,workzone.com,Project management software,
Smartsheet,McLaren partner,"Cloud, Data & AI Software",23,Meisterplan,meisterplan.com,"Portfolio/resource management platform, German",
Smartsheet,McLaren partner,"Cloud, Data & AI Software",24,Screendragon,screendragon.com,Marketing/creative project management platform,
Smartsheet,McLaren partner,"Cloud, Data & AI Software",25,Wimi,wimi-teamwork.com,French team collaboration/PM platform,
Splunk (Cisco),McLaren partner,"Cloud, Data & AI Software",1,Graylog,graylog.org,Open-source log management platform,
Splunk (Cisco),McLaren partner,"Cloud, Data & AI Software",2,Panther Labs,panther.com,Fast-growing cloud-native SIEM startup,CrowdStrike
Splunk (Cisco),McLaren partner,"Cloud, Data & AI Software",3,Hunters,hunters.security,Fast-growing AI-driven SIEM startup,CrowdStrike
Splunk (Cisco),McLaren partner,"Cloud, Data & AI Software",4,Cribl,cribl.io,Fast-growing observability/security data pipeline unicorn,
Splunk (Cisco),McLaren partner,"Cloud, Data & AI Software",5,Anvilogic,anvilogic.com,SIEM/detection engineering startup,
Splunk (Cisco),McLaren partner,"Cloud, Data & AI Software",6,Query.ai,query.ai,Federated security search startup,
Splunk (Cisco),McLaren partner,"Cloud, Data & AI Software",7,Stellar Cyber,stellarcyber.ai,Open XDR platform,CrowdStrike
Splunk (Cisco),McLaren partner,"Cloud, Data & AI Software",8,LogPoint,logpoint.com,European SIEM platform,
Splunk (Cisco),McLaren partner,"Cloud, Data & AI Software",9,Wazuh,wazuh.com,Open-source SIEM/XDR platform,
Splunk (Cisco),McLaren partner,"Cloud, Data & AI Software",10,Gravwell,gravwell.io,Log analytics/SIEM startup,
Splunk (Cisco),McLaren partner,"Cloud, Data & AI Software",11,Securiti.ai,securiti.ai,Fast-growing data security/privacy platform,
Splunk (Cisco),McLaren partner,"Cloud, Data & AI Software",12,Abnormal Security,abnormalsecurity.com,Fast-growing AI email security unicorn,CrowdStrike
Splunk (Cisco),McLaren partner,"Cloud, Data & AI Software",13,ExtraHop,extrahop.com,Network detection & response platform,Cato Networks; Extreme Networks
Splunk (Cisco),McLaren partner,"Cloud, Data & AI Software",14,Recorded Future,recordedfuture.com,Threat intelligence platform,Palo Alto Networks
Splunk (Cisco),McLaren partner,"Cloud, Data & AI Software",15,ThreatConnect,threatconnect.com,Threat intelligence platform,CrowdStrike
Splunk (Cisco),McLaren partner,"Cloud, Data & AI Software",16,Anomali,anomali.com,Threat intelligence platform,CrowdStrike
Splunk (Cisco),McLaren partner,"Cloud, Data & AI Software",17,ChaosSearch,chaossearch.io,"Log analytics on cloud storage, startup",
Splunk (Cisco),McLaren partner,"Cloud, Data & AI Software",18,Blumira,blumira.com,"SIEM for SMB/mid-market, startup",
Splunk (Cisco),McLaren partner,"Cloud, Data & AI Software",19,Torq,torq.io,Fast-growing security automation/SOAR startup,
Splunk (Cisco),McLaren partner,"Cloud, Data & AI Software",20,Tines,tines.com,Fast-growing SOAR automation unicorn,
Splunk (Cisco),McLaren partner,"Cloud, Data & AI Software",21,Swimlane,swimlane.com,SOAR platform,
Splunk (Cisco),McLaren partner,"Cloud, Data & AI Software",22,D3 Security,d3security.com,SOAR platform,
Splunk (Cisco),McLaren partner,"Cloud, Data & AI Software",23,Radiant Security,radiantsecurity.ai,Fast-growing AI SOC startup,
TeamViewer,Mercedes partner; F1 Academy partner,"Cloud, Data & AI Software",1,Rewst,rewst.io,Fast-growing RMM automation startup for MSPs,NinjaOne
TeamViewer,Mercedes partner; F1 Academy partner,"Cloud, Data & AI Software",2,RustDesk,rustdesk.com,Fast-growing open-source remote desktop challenger,
TeamViewer,Mercedes partner; F1 Academy partner,"Cloud, Data & AI Software",3,Getscreen.me,getscreen.me,Cloud remote access startup,
TeamViewer,Mercedes partner; F1 Academy partner,"Cloud, Data & AI Software",4,Mikogo,mikogo.com,Remote support/screen-sharing tool,NinjaOne
TeamViewer,Mercedes partner; F1 Academy partner,"Cloud, Data & AI Software",5,BeamYourScreen,beamyourscreen.com,Remote support/screen-sharing tool,
TeamViewer,Mercedes partner; F1 Academy partner,"Cloud, Data & AI Software",6,Iperius Remote,iperiusremote.com,Remote desktop/support software,
TeamViewer,Mercedes partner; F1 Academy partner,"Cloud, Data & AI Software",7,LiteManager,litemanager.com,Remote administration software,
TeamViewer,Mercedes partner; F1 Academy partner,"Cloud, Data & AI Software",8,DWservice,dwservice.net,Free/open remote desktop service,NinjaOne
TeamViewer,Mercedes partner; F1 Academy partner,"Cloud, Data & AI Software",9,Rport,rport.io,Open-source remote management platform,
TeamViewer,Mercedes partner; F1 Academy partner,"Cloud, Data & AI Software",10,MeshCentral,meshcentral.com,Open-source remote management platform,
TeamViewer,Mercedes partner; F1 Academy partner,"Cloud, Data & AI Software",11,Impero Solutions,imperosoftware.com,Remote monitoring/support software,
TeamViewer,Mercedes partner; F1 Academy partner,"Cloud, Data & AI Software",12,ScreenMeet,screenmeet.com,Remote support embedded in CRM/helpdesk platforms,
TeamViewer,Mercedes partner; F1 Academy partner,"Cloud, Data & AI Software",13,Surfly,surfly.com,Co-browsing/remote assistance startup,
TeamViewer,Mercedes partner; F1 Academy partner,"Cloud, Data & AI Software",14,Syxsense,syxsense.com,Endpoint management and remote support platform,
TeamViewer,Mercedes partner; F1 Academy partner,"Cloud, Data & AI Software",15,AnyViewer,anyviewer.com,Emerging remote desktop tool,
TeamViewer,Mercedes partner; F1 Academy partner,"Cloud, Data & AI Software",16,RemoteToPC,remotetopc.com,Small business remote access tool,
TeamViewer,Mercedes partner; F1 Academy partner,"Cloud, Data & AI Software",17,Radmin (Famatech),radmin.com,Long-standing remote access software,
TeamViewer,Mercedes partner; F1 Academy partner,"Cloud, Data & AI Software",18,UltraVNC,ultravnc.com,Open-source remote desktop software,
TeamViewer,Mercedes partner; F1 Academy partner,"Cloud, Data & AI Software",19,NoMachine,nomachine.com,Remote desktop software company,
TeamViewer,Mercedes partner; F1 Academy partner,"Cloud, Data & AI Software",20,TSplus,tsplus.net,Remote access/RDS software company,
TeamViewer,Mercedes partner; F1 Academy partner,"Cloud, Data & AI Software",21,AeroAdmin,aeroadmin.com,Free/lightweight remote desktop tool,
TeamViewer,Mercedes partner; F1 Academy partner,"Cloud, Data & AI Software",22,eHorus (Pandora FMS),pandorafms.com,Cloud remote systems management tool,
TeamViewer,Mercedes partner; F1 Academy partner,"Cloud, Data & AI Software",23,R-HUB,rhubcom.com,Web conferencing and remote support appliances,
TeamViewer,Mercedes partner; F1 Academy partner,"Cloud, Data & AI Software",24,Remote Utilities,remoteutilities.com,Remote access software company,
TeamViewer,Mercedes partner; F1 Academy partner,"Cloud, Data & AI Software",25,Ammyy Admin,ammyy.com,Long-standing remote desktop access tool,
UKG,Aston Martin partner,"Cloud, Data & AI Software",1,WorkForce Software,workforcesoftware.com,Workforce management platform,
UKG,Aston Martin partner,"Cloud, Data & AI Software",2,Humanity,humanity.com,Employee scheduling software,
UKG,Aston Martin partner,"Cloud, Data & AI Software",3,Shiftboard,shiftboard.com,Workforce scheduling platform,
UKG,Aston Martin partner,"Cloud, Data & AI Software",4,Quinyx,quinyx.com,Fast-growing Swedish workforce management platform,
UKG,Aston Martin partner,"Cloud, Data & AI Software",5,Planday,planday.com,Shift worker scheduling platform,
UKG,Aston Martin partner,"Cloud, Data & AI Software",6,Rotageek,rotageek.com,UK workforce scheduling startup,
UKG,Aston Martin partner,"Cloud, Data & AI Software",7,Skedulo,skedulo.com,Fast-growing deskless workforce scheduling startup,
UKG,Aston Martin partner,"Cloud, Data & AI Software",8,Legion Technologies,legion.co,Fast-growing AI workforce management startup,
UKG,Aston Martin partner,"Cloud, Data & AI Software",9,Crew,crewapp.com,Frontline workforce communication/scheduling app,
UKG,Aston Martin partner,"Cloud, Data & AI Software",10,Assembled,assembledhq.com,Fast-growing workforce management for support teams,
UKG,Aston Martin partner,"Cloud, Data & AI Software",11,Tanda,tanda.co,Australian workforce management platform,
UKG,Aston Martin partner,"Cloud, Data & AI Software",12,PayFit,payfit.com,Fast-growing French payroll SaaS unicorn,
UKG,Aston Martin partner,"Cloud, Data & AI Software",13,APS Payroll,apspayroll.com,Payroll/HCM platform,
UKG,Aston Martin partner,"Cloud, Data & AI Software",14,Netchex,netchex.com,Payroll/HR platform,
UKG,Aston Martin partner,"Cloud, Data & AI Software",15,OnPay,onpay.com,SMB payroll platform,
UKG,Aston Martin partner,"Cloud, Data & AI Software",16,Intuit QuickBooks Payroll,quickbooks.intuit.com/payroll,SMB payroll software,
UKG,Aston Martin partner,"Cloud, Data & AI Software",17,Sling,getsling.com,Employee scheduling app,
UKG,Aston Martin partner,"Cloud, Data & AI Software",18,ZoomShift,zoomshift.com,Employee scheduling software,
UKG,Aston Martin partner,"Cloud, Data & AI Software",19,Findmyshift,findmyshift.com,Employee scheduling tool,
UKG,Aston Martin partner,"Cloud, Data & AI Software",20,Buddy Punch,buddypunch.com,Time and attendance software,
UKG,Aston Martin partner,"Cloud, Data & AI Software",21,TSheets (QuickBooks Time),tsheets.com,Time tracking software,
UKG,Aston Martin partner,"Cloud, Data & AI Software",22,Hubstaff,hubstaff.com,Time tracking software,
UKG,Aston Martin partner,"Cloud, Data & AI Software",23,Clockify,clockify.me,Fast-growing free time tracking platform,
UKG,Aston Martin partner,"Cloud, Data & AI Software",24,Replicon,replicon.com,Time tracking/workforce management platform,
Unity,F1 Academy Mercedes entry sponsor,"Cloud, Data & AI Software",1,Cocos Creator,cocos.com,"Mobile-focused game engine, strong China growth",
Unity,F1 Academy Mercedes entry sponsor,"Cloud, Data & AI Software",2,Defold,defold.com,2D game engine (King-owned),
Unity,F1 Academy Mercedes entry sponsor,"Cloud, Data & AI Software",3,Construct 3,construct.net,No-code game engine,
Unity,F1 Academy Mercedes entry sponsor,"Cloud, Data & AI Software",4,GDevelop,gdevelop.io,Open-source no-code game engine,
Unity,F1 Academy Mercedes entry sponsor,"Cloud, Data & AI Software",5,Buildbox,buildbox.com,No-code game engine,
Unity,F1 Academy Mercedes entry sponsor,"Cloud, Data & AI Software",6,PlayCanvas,playcanvas.com,Web-based game engine startup,
Unity,F1 Academy Mercedes entry sponsor,"Cloud, Data & AI Software",7,Stride Engine,stride3d.net,Open-source 3D game engine,
Unity,F1 Academy Mercedes entry sponsor,"Cloud, Data & AI Software",8,Bevy Engine,bevy.org,"Open-source Rust game engine, fast-growing community",
Unity,F1 Academy Mercedes entry sponsor,"Cloud, Data & AI Software",9,Overwolf,overwolf.com,In-game platform/monetization for game developers,
Unity,F1 Academy Mercedes entry sponsor,"Cloud, Data & AI Software",10,AppLovin,applovin.com,Fast-growing mobile ad/game monetization public company,
Unity,F1 Academy Mercedes entry sponsor,"Cloud, Data & AI Software",11,Digital Turbine,digitalturbine.com,Mobile app/game monetization platform,
Unity,F1 Academy Mercedes entry sponsor,"Cloud, Data & AI Software",12,Chartboost,chartboost.com,Mobile game ad monetization platform,
Unity,F1 Academy Mercedes entry sponsor,"Cloud, Data & AI Software",13,Liftoff,liftoff.io,Mobile app marketing/monetization platform,
Unity,F1 Academy Mercedes entry sponsor,"Cloud, Data & AI Software",14,Tapjoy,tapjoy.com,Mobile ad monetization platform,
Unity,F1 Academy Mercedes entry sponsor,"Cloud, Data & AI Software",15,Adjust,adjust.com,Mobile measurement/attribution platform,
Unity,F1 Academy Mercedes entry sponsor,"Cloud, Data & AI Software",16,AppsFlyer,appsflyer.com,Mobile attribution platform unicorn,
Unity,F1 Academy Mercedes entry sponsor,"Cloud, Data & AI Software",17,Singular,singular.net,Marketing analytics/attribution platform,
Unity,F1 Academy Mercedes entry sponsor,"Cloud, Data & AI Software",18,GameAnalytics,gameanalytics.com,Game analytics platform,
Unity,F1 Academy Mercedes entry sponsor,"Cloud, Data & AI Software",19,Improbable (SpatialOS),improbable.io,Multiplayer game technology startup,
Unity,F1 Academy Mercedes entry sponsor,"Cloud, Data & AI Software",20,Photon Engine,photonengine.com,Multiplayer networking for games,
Unity,F1 Academy Mercedes entry sponsor,"Cloud, Data & AI Software",21,Nakama (Heroic Labs),heroiclabs.com,Open-source game server platform,
Unity,F1 Academy Mercedes entry sponsor,"Cloud, Data & AI Software",22,Beamable,beamable.com,Game backend platform startup,
Unity,F1 Academy Mercedes entry sponsor,"Cloud, Data & AI Software",23,Hathora,hathora.dev,Fast-growing multiplayer game server hosting startup,
Unity,F1 Academy Mercedes entry sponsor,"Cloud, Data & AI Software",24,Edgegap,edgegap.com,Game server hosting/edge compute startup,
Unity,F1 Academy Mercedes entry sponsor,"Cloud, Data & AI Software",25,Inworld AI,inworld.ai,Fast-growing AI NPC/character platform for games,
VAST Data,Williams partner,"Cloud, Data & AI Software",1,Hammerspace,hammerspace.com,Fast-growing data orchestration/global file system startup,
VAST Data,Williams partner,"Cloud, Data & AI Software",2,Speedb,speedb.io,Storage engine startup,
VAST Data,Williams partner,"Cloud, Data & AI Software",3,StorONE,storone.com,Storage software startup,Dell Technologies; Hewlett Packard Enterprise
VAST Data,Williams partner,"Cloud, Data & AI Software",4,Lightbits Labs,lightbitslabs.com,NVMe/TCP storage startup,
VAST Data,Williams partner,"Cloud, Data & AI Software",5,Volumez,volumez.com,Cloud storage orchestration startup,
VAST Data,Williams partner,"Cloud, Data & AI Software",6,Komprise,komprise.com,Data management/storage analytics platform,Hewlett Packard Enterprise
VAST Data,Williams partner,"Cloud, Data & AI Software",7,Panzura,panzura.com,Hybrid cloud file storage platform,
VAST Data,Williams partner,"Cloud, Data & AI Software",8,Zadara,zadara.com,Storage-as-a-service platform,
VAST Data,Williams partner,"Cloud, Data & AI Software",9,Data Dynamics,datdyn.com,Unstructured data management/storage analytics platform,
VAST Data,Williams partner,"Cloud, Data & AI Software",10,ScaleFlux,scaleflux.com,Computational storage startup,
VAST Data,Williams partner,"Cloud, Data & AI Software",11,Graid Technology,graidtech.com,RAID/storage technology startup,
VAST Data,Williams partner,"Cloud, Data & AI Software",12,Silk,silk.us,Data platform startup,Dell Technologies; Hewlett Packard Enterprise
VAST Data,Williams partner,"Cloud, Data & AI Software",13,Elastio,elastio.com,Ransomware recovery/data resilience startup,
VAST Data,Williams partner,"Cloud, Data & AI Software",14,Onehouse,onehouse.ai,Fast-growing data lakehouse platform startup,
VAST Data,Williams partner,"Cloud, Data & AI Software",15,Dremio,dremio.com,Fast-growing data lakehouse query engine unicorn,
VAST Data,Williams partner,"Cloud, Data & AI Software",16,Starburst,starburst.io,Fast-growing Trino-based data lakehouse unicorn,
VAST Data,Williams partner,"Cloud, Data & AI Software",17,LanceDB,lancedb.com,Vector database/AI data startup,
VAST Data,Williams partner,"Cloud, Data & AI Software",18,Chroma,trychroma.com,Fast-growing open-source vector database startup,
VAST Data,Williams partner,"Cloud, Data & AI Software",19,Pinecone,pinecone.io,Fast-growing vector database unicorn,
VAST Data,Williams partner,"Cloud, Data & AI Software",20,Weaviate,weaviate.io,Fast-growing open-source vector database startup,
VAST Data,Williams partner,"Cloud, Data & AI Software",21,Qdrant,qdrant.tech,Fast-growing vector database startup,
VAST Data,Williams partner,"Cloud, Data & AI Software",22,Zilliz (Milvus),zilliz.com,Open-source vector database company,
VAST Data,Williams partner,"Cloud, Data & AI Software",23,Turso,turso.tech,Fast-growing edge SQLite database startup,
VAST Data,Williams partner,"Cloud, Data & AI Software",24,MotherDuck,motherduck.com,Fast-growing serverless analytics database startup,
Workday,McLaren partner,"Cloud, Data & AI Software",1,Paycom,paycom.com,Public payroll/HCM platform,
Workday,McLaren partner,"Cloud, Data & AI Software",2,HiBob,hibob.com,Fast-growing HCM unicorn,
Workday,McLaren partner,"Cloud, Data & AI Software",3,Homebase,joinhomebase.com,Fast-growing scheduling/HR platform for hourly workers,
Workday,McLaren partner,"Cloud, Data & AI Software",4,7shifts,7shifts.com,Fast-growing restaurant workforce scheduling platform,
Workday,McLaren partner,"Cloud, Data & AI Software",5,Connecteam,connecteam.com,Fast-growing frontline workforce management app,
Workday,McLaren partner,"Cloud, Data & AI Software",6,Factorial,factorialhr.com,Fast-growing European HR SaaS unicorn,
Workday,McLaren partner,"Cloud, Data & AI Software",7,Sesame HR,sesamehr.com,Fast-growing Spanish HR SaaS,
Workday,McLaren partner,"Cloud, Data & AI Software",8,Lattice,lattice.com,Fast-growing performance management platform,BetterUp
Workday,McLaren partner,"Cloud, Data & AI Software",9,Culture Amp,cultureamp.com,Employee engagement platform unicorn,BetterUp
Workday,McLaren partner,"Cloud, Data & AI Software",10,Leapsome,leapsome.com,Fast-growing performance & engagement platform,
Workday,McLaren partner,"Cloud, Data & AI Software",11,Betterworks,betterworks.com,OKR/performance management platform,
Workday,McLaren partner,"Cloud, Data & AI Software",12,WorkTango,worktango.com,Employee experience platform,
Workday,McLaren partner,"Cloud, Data & AI Software",13,Remote,remote.com,Fast-growing global payroll/EOR unicorn,
Workday,McLaren partner,"Cloud, Data & AI Software",14,Papaya Global,papayaglobal.com,Global payroll unicorn,
Workday,McLaren partner,"Cloud, Data & AI Software",15,Multiplier,usemultiplier.com,Fast-growing global employment platform,
Workday,McLaren partner,"Cloud, Data & AI Software",16,Oyster HR,oysterhr.com,Fast-growing global employment platform,
Workday,McLaren partner,"Cloud, Data & AI Software",17,PeopleHR,peoplehr.com,UK SMB HR software,
Workday,McLaren partner,"Cloud, Data & AI Software",18,Zelt,zelt.app,Fast-growing HR/IT management startup,
Workday,McLaren partner,"Cloud, Data & AI Software",19,Employment Hero,employmenthero.com,Fast-growing Australian HR/payroll unicorn,
Workday,McLaren partner,"Cloud, Data & AI Software",20,Humaans,humaans.com,HR platform startup,
Workday,McLaren partner,"Cloud, Data & AI Software",21,CharlieHR,charliehr.com,UK SMB HR software,
Workday,McLaren partner,"Cloud, Data & AI Software",22,Officevibe,officevibe.com,Employee engagement platform,
Workday,McLaren partner,"Cloud, Data & AI Software",23,JustLogin,justlogin.com,Asia-based cloud HR/payroll platform,
AvaTrade,Red Bull Racing partner,"Crypto, Trading & Wealth",1,City Traders Imperium,citytradersimperium.com,Prop-trading funding firm,FxPro; Vantage Markets; XMTrading (Trading Point Group)
BingX,Ferrari partner,"Crypto, Trading & Wealth",1,Opyn,opyn.co,DeFi options protocol,Zoomex
Circle,Aston Martin partner,"Crypto, Trading & Wealth",1,Brale,brale.xyz,Stablecoin issuance infrastructure,CoinPayments; Coinbase; Gemini (crypto exchange)
Coinbase,Aston Martin partner,"Crypto, Trading & Wealth",1,Bullish,bullish.com,Institutional crypto exchange,Gemini (crypto exchange); Hedera; Kraken (Payward); Nasdaq
Coinbase,Aston Martin partner,"Crypto, Trading & Wealth",2,EDX Markets,edxm.com,Institutional-backed US crypto exchange,Gemini (crypto exchange); Hedera; Kraken (Payward); Nasdaq
Coinbase,Aston Martin partner,"Crypto, Trading & Wealth",3,Zodia Custody,zodia-custody.com,Bank-backed institutional custody,Gemini (crypto exchange); Hedera; Kraken (Payward); Nasdaq
Coinbase,Aston Martin partner,"Crypto, Trading & Wealth",4,Komainu,komainu.com,Institutional custody (Nomura-backed),Gemini (crypto exchange); Hedera; Kraken (Payward); Nasdaq
Coinbase,Aston Martin partner,"Crypto, Trading & Wealth",5,MetaMask,metamask.io,Leading self-custody wallet,Crypto.com; Endstate; Gemini (crypto exchange); OKX
Coinbase,Aston Martin partner,"Crypto, Trading & Wealth",6,Rainbow,rainbow.me,Consumer-focused Ethereum wallet,Endstate
Coinbase,Aston Martin partner,"Crypto, Trading & Wealth",7,Rabby Wallet,rabby.io,Multi-chain DeFi wallet,Endstate
CoinPayments,Aston Martin partner,"Crypto, Trading & Wealth",1,Zero Hash,zerohash.com,Embedded crypto infrastructure/custody,Circle; Coinbase; Gemini (crypto exchange); Kraken (Payward); Nasdaq
CoinPayments,Aston Martin partner,"Crypto, Trading & Wealth",2,Sardine,sardine.ai,Crypto payments risk & compliance infra,Circle; Coinbase; Gemini (crypto exchange)
CoinPayments,Aston Martin partner,"Crypto, Trading & Wealth",3,dLocal,dlocal.com,Emerging-markets cross-border payments infra,Circle; Visa
CoinPayments,Aston Martin partner,"Crypto, Trading & Wealth",4,EBANX,ebanx.com,Latin America cross-border payments infra,Circle; Visa
CoinPayments,Aston Martin partner,"Crypto, Trading & Wealth",5,Onafriq,onafriq.com,Pan-African payments infrastructure,Circle
CoinPayments,Aston Martin partner,"Crypto, Trading & Wealth",6,Cellulant,cellulant.io,African payments infrastructure,Circle; Visa
CoinPayments,Aston Martin partner,"Crypto, Trading & Wealth",7,Paystack,paystack.com,African payments infrastructure (Stripe-owned),Circle; Mastercard
CoinPayments,Aston Martin partner,"Crypto, Trading & Wealth",8,Interswitch,interswitchgroup.com,African payments infrastructure,Circle; Mastercard
CoinPayments,Aston Martin partner,"Crypto, Trading & Wealth",9,AZA Finance,azafinance.com,African cross-border crypto/FX platform,Circle
CoinPayments,Aston Martin partner,"Crypto, Trading & Wealth",10,Yellow Card,yellowcard.io,Pan-African exchange,Circle; Coinbase; Crypto.com
CoinPayments,Aston Martin partner,"Crypto, Trading & Wealth",11,NoOnes,noones.com,"P2P crypto marketplace, emerging markets",Circle
CoinPayments,Aston Martin partner,"Crypto, Trading & Wealth",12,Changelly,changelly.com,Instant crypto swap service,BlockDAG; Circle; Gate.io; Zoomex
CoinPayments,Aston Martin partner,"Crypto, Trading & Wealth",13,SimpleSwap,simpleswap.io,No-KYC instant swap platform,BlockDAG; Circle; Zoomex
CoinPayments,Aston Martin partner,"Crypto, Trading & Wealth",14,ChangeNOW,changenow.io,Instant crypto exchange service,BlockDAG; Circle; Zoomex
CoinPayments,Aston Martin partner,"Crypto, Trading & Wealth",15,ShapeShift,shapeshift.com,Non-custodial trading platform,BlockDAG; Circle; Zoomex
CoinPayments,Aston Martin partner,"Crypto, Trading & Wealth",16,THORSwap,thorswap.finance,Cross-chain DEX aggregator,BlockDAG; Circle; Zoomex
CoinPayments,Aston Martin partner,"Crypto, Trading & Wealth",17,Busha,busha.co,Nigerian exchange,
Crypto.com,F1 official partner; Miami GP title,"Crypto, Trading & Wealth",1,WhiteBIT,whitebit.com,Fast-growing European-facing exchange,BingX; CoinPayments; Coinbase; Gate.io; Kraken (Payward); OKX; Zoomex
Crypto.com,F1 official partner; Miami GP title,"Crypto, Trading & Wealth",2,ProBit Global,probit.com,Global altcoin listings exchange,BingX; Gate.io; OKX; Zoomex
Crypto.com,F1 official partner; Miami GP title,"Crypto, Trading & Wealth",3,CoinEx,coinex.com,"Global exchange, deep altcoin liquidity",BingX; CoinPayments; Gate.io; Kraken (Payward); OKX; Zoomex
Crypto.com,F1 official partner; Miami GP title,"Crypto, Trading & Wealth",4,Bitrue,bitrue.com,XRP-community exchange with earn/lending,BingX; CoinPayments; Gate.io; OKX; Zoomex
Crypto.com,F1 official partner; Miami GP title,"Crypto, Trading & Wealth",5,bitFlyer,bitflyer.com,Japan's largest licensed exchange,BingX; Gate.io
Crypto.com,F1 official partner; Miami GP title,"Crypto, Trading & Wealth",6,GMO Coin,coin.z.com,Japanese regulated exchange (GMO Internet Group),BingX; Gate.io
Crypto.com,F1 official partner; Miami GP title,"Crypto, Trading & Wealth",7,XT.com,xt.com,Global multi-asset exchange,BingX; CoinPayments; Gate.io; OKX; Zoomex
Crypto.com,F1 official partner; Miami GP title,"Crypto, Trading & Wealth",8,CoinW,coinw.com,Global spot & derivatives exchange,BingX; Gate.io; OKX; Zoomex
Crypto.com,F1 official partner; Miami GP title,"Crypto, Trading & Wealth",9,Bitvavo,bitvavo.com,Leading Dutch/EU retail exchange,Gemini (crypto exchange); Kraken (Payward); Zoomex
Crypto.com,F1 official partner; Miami GP title,"Crypto, Trading & Wealth",10,Kriptomat,kriptomat.io,Estonia-based EU-licensed exchange,Gemini (crypto exchange)
Crypto.com,F1 official partner; Miami GP title,"Crypto, Trading & Wealth",11,Bitkub,bitkub.com,Thailand's largest exchange,BingX; Gate.io; OKX
Crypto.com,F1 official partner; Miami GP title,"Crypto, Trading & Wealth",12,Indodax,indodax.com,Indonesia's largest exchange,BingX; Gate.io
Crypto.com,F1 official partner; Miami GP title,"Crypto, Trading & Wealth",13,CoinDCX,coindcx.com,India's largest exchange,BingX; Coinbase; Gate.io
Crypto.com,F1 official partner; Miami GP title,"Crypto, Trading & Wealth",14,CoinSwitch,coinswitch.co,Indian crypto investing app,Gate.io
Crypto.com,F1 official partner; Miami GP title,"Crypto, Trading & Wealth",15,ZebPay,zebpay.com,Long-running Indian exchange,Gate.io
Crypto.com,F1 official partner; Miami GP title,"Crypto, Trading & Wealth",16,Mercado Bitcoin,mercadobitcoin.com.br,Brazil's largest exchange,
Crypto.com,F1 official partner; Miami GP title,"Crypto, Trading & Wealth",17,Lemon Cash,lemon.me,Argentina crypto neobank,
Endstate,Alpine partner (as listed on 2026 roster),"Crypto, Trading & Wealth",1,Trade Republic,traderepublic.com,European mobile-first broker,Nexo; Public.com; Revolut
Endstate,Alpine partner (as listed on 2026 roster),"Crypto, Trading & Wealth",2,Scalable Capital,scalable.capital,European investing & broker app,Nexo; Public.com
Endstate,Alpine partner (as listed on 2026 roster),"Crypto, Trading & Wealth",3,Bux,getbux.com,European mobile investing app,Nexo; Public.com
Endstate,Alpine partner (as listed on 2026 roster),"Crypto, Trading & Wealth",4,Lightyear,lightyear.com,European multi-asset investing app,Nexo; Public.com
Endstate,Alpine partner (as listed on 2026 roster),"Crypto, Trading & Wealth",5,StashAway,stashaway.com,Southeast Asia digital wealth platform,Nexo; Public.com
Endstate,Alpine partner (as listed on 2026 roster),"Crypto, Trading & Wealth",6,Syfe,syfe.com,Southeast Asia digital wealth platform,Nexo; Public.com
Endstate,Alpine partner (as listed on 2026 roster),"Crypto, Trading & Wealth",7,Endowus,endowus.com,Southeast Asia digital wealth platform,Nexo; Public.com
Endstate,Alpine partner (as listed on 2026 roster),"Crypto, Trading & Wealth",8,Titan,jointitan.com,US active-management investing app,Nexo; Public.com
Endstate,Alpine partner (as listed on 2026 roster),"Crypto, Trading & Wealth",9,Composer,composer.trade,Automated/algo investing platform,Nexo; Public.com
Endstate,Alpine partner (as listed on 2026 roster),"Crypto, Trading & Wealth",10,Wealthsimple,wealthsimple.com,Canadian digital investing platform,Nexo; Public.com
Endstate,Alpine partner (as listed on 2026 roster),"Crypto, Trading & Wealth",11,Questrade,questrade.com,Canadian online broker,Nexo; Public.com
Endstate,Alpine partner (as listed on 2026 roster),"Crypto, Trading & Wealth",12,Phantom,phantom.app,Popular Solana-native wallet,
eToro,Alpine partner,"Crypto, Trading & Wealth",1,ATFX,atfx.com,Global CFD/forex broker,AvaTrade; FxPro; Libertex; Pepperstone; Vantage Markets; XMTrading (Trading Point Group)
eToro,Alpine partner,"Crypto, Trading & Wealth",2,Windsor Brokers,windsorbrokers.com,Established forex/CFD broker,AvaTrade; FxPro; Libertex; Pepperstone; Vantage Markets; XMTrading (Trading Point Group)
eToro,Alpine partner,"Crypto, Trading & Wealth",3,JustMarkets,justmarkets.com,Global multi-asset broker,AvaTrade; FxPro; Libertex; Pepperstone; Vantage Markets; XMTrading (Trading Point Group)
eToro,Alpine partner,"Crypto, Trading & Wealth",4,RoboForex,roboforex.com,Global forex/CFD broker,AvaTrade; FxPro; Libertex; Pepperstone; Vantage Markets; XMTrading (Trading Point Group)
eToro,Alpine partner,"Crypto, Trading & Wealth",5,OctaFX,octafx.com,"Global forex broker, emerging markets",AvaTrade; FxPro; Libertex; Pepperstone; Vantage Markets; XMTrading (Trading Point Group)
eToro,Alpine partner,"Crypto, Trading & Wealth",6,Deriv,deriv.com,Multi-asset trading platform,AvaTrade; FxPro; Libertex; Pepperstone; Vantage Markets; XMTrading (Trading Point Group)
eToro,Alpine partner,"Crypto, Trading & Wealth",7,FXTM,forextime.com,Global forex/CFD broker,AvaTrade; FxPro; Libertex; Pepperstone; Vantage Markets; XMTrading (Trading Point Group)
eToro,Alpine partner,"Crypto, Trading & Wealth",8,Tiger Brokers,tigerbrokers.com,Asia-focused multi-asset broker,Public.com
eToro,Alpine partner,"Crypto, Trading & Wealth",9,Futu,futuholdings.com,Hong Kong/China-focused broker,Public.com
FxPro,McLaren partner,"Crypto, Trading & Wealth",1,SurgeTrader,surgetrader.com,Prop-trading funding firm,Pepperstone; XMTrading (Trading Point Group)
Gate.io,Red Bull Racing partner,"Crypto, Trading & Wealth",1,Korbit,korbit.co.kr,South Korean regulated exchange,
Gate.io,Red Bull Racing partner,"Crypto, Trading & Wealth",2,GOPAX,gopax.co.kr,South Korean regulated exchange,
Gate.io,Red Bull Racing partner,"Crypto, Trading & Wealth",3,Tokocrypto,tokocrypto.com,Binance-backed Indonesian exchange,
Gate.io,Red Bull Racing partner,"Crypto, Trading & Wealth",4,Pintu,pintu.co.id,Indonesian retail crypto app,
Gate.io,Red Bull Racing partner,"Crypto, Trading & Wealth",5,Zipmex,zipmex.com,Southeast Asia exchange,
Gate.io,Red Bull Racing partner,"Crypto, Trading & Wealth",6,Coins.ph,coins.ph,Philippines crypto/fintech super-app,CoinPayments; Crypto.com
Gate.io,Red Bull Racing partner,"Crypto, Trading & Wealth",7,Giottus,giottus.com,Indian exchange,
Gate.io,Red Bull Racing partner,"Crypto, Trading & Wealth",8,Bitbns,bitbns.com,Indian exchange,
Gemini (crypto exchange),McLaren partner,"Crypto, Trading & Wealth",1,Coinmerce,coinmerce.io,Dutch retail crypto platform,
Gemini (crypto exchange),McLaren partner,"Crypto, Trading & Wealth",2,BTC Markets,btcmarkets.net,Australia's oldest exchange,
Hedera,McLaren partner,"Crypto, Trading & Wealth",1,XDC Network,xdc.org,Enterprise-focused hybrid blockchain,BlockDAG; Circle
Hedera,McLaren partner,"Crypto, Trading & Wealth",2,Quant Network,quant.network,Enterprise blockchain interoperability,BlockDAG; Circle
Hedera,McLaren partner,"Crypto, Trading & Wealth",3,Constellation Network,constellationnetwork.io,DAG-based enterprise data network,BlockDAG; Circle
Hedera,McLaren partner,"Crypto, Trading & Wealth",4,Nervos Network,nervos.org,Layered blockchain interoperability protocol,BlockDAG
Hedera,McLaren partner,"Crypto, Trading & Wealth",5,Fetch.ai,fetch.ai,AI-focused decentralized network,BlockDAG
Hedera,McLaren partner,"Crypto, Trading & Wealth",6,Ocean Protocol,oceanprotocol.com,Decentralized data-sharing network,BlockDAG
Hedera,McLaren partner,"Crypto, Trading & Wealth",7,SingularityNET,singularitynet.io,Decentralized AI marketplace network,BlockDAG
Hedera,McLaren partner,"Crypto, Trading & Wealth",8,Radix,radixdlt.com,DeFi-focused Layer-1 protocol,BlockDAG
Hedera,McLaren partner,"Crypto, Trading & Wealth",9,Ronin Network,roninchain.com,Gaming-focused Layer-1 blockchain (Sky Mavis),BlockDAG
Hedera,McLaren partner,"Crypto, Trading & Wealth",10,Immutable X,immutable.com,Gaming-focused Layer-2 network,BlockDAG
Hedera,McLaren partner,"Crypto, Trading & Wealth",11,Mantle Network,mantle.xyz,Ethereum Layer-2 network,BlockDAG
Hedera,McLaren partner,"Crypto, Trading & Wealth",12,Arbitrum,arbitrum.io,Leading Ethereum Layer-2 network,BlockDAG
Hedera,McLaren partner,"Crypto, Trading & Wealth",13,Optimism,optimism.io,Ethereum Layer-2 network,BlockDAG
Hedera,McLaren partner,"Crypto, Trading & Wealth",14,zkSync,zksync.io,Ethereum zero-knowledge Layer-2 network,BlockDAG
Hedera,McLaren partner,"Crypto, Trading & Wealth",15,StarkNet,starknet.io,Ethereum zero-knowledge Layer-2 network,BlockDAG
Hedera,McLaren partner,"Crypto, Trading & Wealth",16,Linea,linea.build,Ethereum Layer-2 network (Consensys),BlockDAG
Hedera,McLaren partner,"Crypto, Trading & Wealth",17,Scroll,scroll.io,Ethereum zero-knowledge Layer-2 network,BlockDAG
Hedera,McLaren partner,"Crypto, Trading & Wealth",18,Blast,blast.io,Yield-bearing Ethereum Layer-2 network,BlockDAG
Kraken (Payward),Williams partner,"Crypto, Trading & Wealth",1,LMAX Digital,lmaxdigital.com,Institutional crypto exchange,Coinbase; Gemini (crypto exchange); Hedera; Nasdaq
Kraken (Payward),Williams partner,"Crypto, Trading & Wealth",2,Talos,talos.com,Institutional trading infrastructure,Gemini (crypto exchange); Hedera; Nasdaq
Kraken (Payward),Williams partner,"Crypto, Trading & Wealth",3,Independent Reserve,independentreserve.com,AU/NZ/Singapore licensed exchange,Gemini (crypto exchange)
Kraken (Payward),Williams partner,"Crypto, Trading & Wealth",4,CoinSpot,coinspot.com.au,Leading Australian exchange,Gemini (crypto exchange)
Kraken (Payward),Williams partner,"Crypto, Trading & Wealth",5,Swyftx,swyftx.com,Australian retail exchange,Gemini (crypto exchange)
Kraken (Payward),Williams partner,"Crypto, Trading & Wealth",6,VALR,valr.com,South Africa's largest exchange,CoinPayments; Coinbase; Crypto.com; Gemini (crypto exchange)
Kraken (Payward),Williams partner,"Crypto, Trading & Wealth",7,BitOasis,bitoasis.net,MENA's leading exchange,Coinbase; Crypto.com; Gemini (crypto exchange)
Kraken (Payward),Williams partner,"Crypto, Trading & Wealth",8,Rain,rain.bh,MENA-regulated exchange (Bahrain/UAE/Saudi),BingX; Crypto.com; Gemini (crypto exchange)
Kraken (Payward),Williams partner,"Crypto, Trading & Wealth",9,TopStep,topstep.com,Futures prop-trading firm,AvaTrade; Libertex; eToro
Libertex,Audi F1 partner,"Crypto, Trading & Wealth",1,Funding Pips,fundingpips.com,Fast-growing prop-trading firm,AvaTrade; Vantage Markets; XMTrading (Trading Point Group)
Libertex,Audi F1 partner,"Crypto, Trading & Wealth",2,True Forex Funds,trueforexfunds.com,Forex prop-trading firm,AvaTrade; Vantage Markets; XMTrading (Trading Point Group)
Libertex,Audi F1 partner,"Crypto, Trading & Wealth",3,FTMO,ftmo.com,Leading prop-trading funding firm,AvaTrade; Kraken (Payward); eToro
Libertex,Audi F1 partner,"Crypto, Trading & Wealth",4,The5ers,the5ers.com,Forex prop-trading firm,AvaTrade; eToro
Libertex,Audi F1 partner,"Crypto, Trading & Wealth",5,Apex Trader Funding,apextraderfunding.com,Futures prop-trading firm,AvaTrade; eToro
Libertex,Audi F1 partner,"Crypto, Trading & Wealth",6,Earn2Trade,earn2trade.com,Prop-trading education & funding,AvaTrade; eToro
Nasdaq,Mercedes partner,"Crypto, Trading & Wealth",1,MIAX,miaxglobal.com,US options/equities exchange operator,
Nasdaq,Mercedes partner,"Crypto, Trading & Wealth",2,IEX Group,iextrading.com,"US equities exchange, fair-trading focus",
Nasdaq,Mercedes partner,"Crypto, Trading & Wealth",3,OTC Markets Group,otcmarkets.com,US over-the-counter market operator,
Nasdaq,Mercedes partner,"Crypto, Trading & Wealth",4,Tradeweb Markets,tradeweb.com,Electronic fixed-income/rates marketplace,
Nasdaq,Mercedes partner,"Crypto, Trading & Wealth",5,MarketAxess,marketaxess.com,Electronic bond-trading platform operator,
Nasdaq,Mercedes partner,"Crypto, Trading & Wealth",6,Moscow Exchange (MOEX),moex.com,Russia's primary exchange operator,
Nasdaq,Mercedes partner,"Crypto, Trading & Wealth",7,Bahrain Bourse,bahrainbourse.com,Bahrain's national exchange,
Nasdaq,Mercedes partner,"Crypto, Trading & Wealth",8,Bolsa Mexicana de Valores,bmv.com.mx,Mexico's exchange operator,
Nasdaq,Mercedes partner,"Crypto, Trading & Wealth",9,Qatar Stock Exchange,qe.com.qa,Qatar's national exchange,
Nasdaq,Mercedes partner,"Crypto, Trading & Wealth",10,Abu Dhabi Securities Exchange,adx.ae,Abu Dhabi's national exchange,
Nasdaq,Mercedes partner,"Crypto, Trading & Wealth",11,Dubai Financial Market,dfm.ae,Dubai's national exchange,
Nasdaq,Mercedes partner,"Crypto, Trading & Wealth",12,Manifold Markets,manifold.markets,Play-money forecasting platform,Kraken (Payward); Public.com
Nasdaq,Mercedes partner,"Crypto, Trading & Wealth",13,Metaculus,metaculus.com,Forecasting/prediction community,
Nasdaq,Mercedes partner,"Crypto, Trading & Wealth",14,PredictIt,predictit.org,Political prediction market,Public.com
Nasdaq,Mercedes partner,"Crypto, Trading & Wealth",15,Sx Bet,sx.bet,On-chain sports betting exchange,
Nexo,Audi F1 partner,"Crypto, Trading & Wealth",1,Trust Wallet,trustwallet.com,Binance-linked multi-chain wallet,Coinbase; Crypto.com; Endstate
Nexo,Audi F1 partner,"Crypto, Trading & Wealth",2,Exodus,exodus.com,Multi-chain desktop/mobile wallet,Coinbase
Nexo,Audi F1 partner,"Crypto, Trading & Wealth",3,Guarda Wallet,guarda.com,Multi-platform non-custodial wallet,
Nexo,Audi F1 partner,"Crypto, Trading & Wealth",4,Atomic Wallet,atomicwallet.io,Multi-chain non-custodial wallet,
Nexo,Audi F1 partner,"Crypto, Trading & Wealth",5,ZenGo,zengo.com,Keyless MPC wallet,Coinbase; Gemini (crypto exchange)
Nexo,Audi F1 partner,"Crypto, Trading & Wealth",6,Tangem,tangem.com,Card-based hardware wallet,Gemini (crypto exchange)
Nexo,Audi F1 partner,"Crypto, Trading & Wealth",7,SafePal,safepal.com,Hardware + software wallet,Endstate; OKX
Nexo,Audi F1 partner,"Crypto, Trading & Wealth",8,OneKey,onekey.so,Open-source hardware + software wallet,Endstate; OKX
Nexo,Audi F1 partner,"Crypto, Trading & Wealth",9,Coin98,coin98.com,"Multi-chain wallet, SE Asia-strong",Endstate; OKX
Nexo,Audi F1 partner,"Crypto, Trading & Wealth",10,TokenPocket,tokenpocket.pro,"Multi-chain wallet, Asia-strong",Endstate; OKX
Nexo,Audi F1 partner,"Crypto, Trading & Wealth",11,imToken,token.im,"Multi-chain wallet, China/Asia-strong",Endstate; OKX
Nexo,Audi F1 partner,"Crypto, Trading & Wealth",12,Argent,argent.xyz,Smart-contract self-custody wallet,Coinbase; Endstate
Nexo,Audi F1 partner,"Crypto, Trading & Wealth",13,Zerion,zerion.io,DeFi portfolio & wallet app,Circle; Coinbase; Endstate
Nexo,Audi F1 partner,"Crypto, Trading & Wealth",14,Safe,safe.global,Smart-contract multisig wallet (Gnosis Safe),Circle; Coinbase; Endstate
OKX,McLaren primary partner (committed through end-2026),"Crypto, Trading & Wealth",1,AscendEX,ascendex.com,Altcoin-focused global exchange,BingX; Gate.io; Zoomex
OKX,McLaren primary partner (committed through end-2026),"Crypto, Trading & Wealth",2,Deepcoin,deepcoin.com,Asia-focused derivatives exchange,BingX; Gate.io; Zoomex
OKX,McLaren primary partner (committed through end-2026),"Crypto, Trading & Wealth",3,Toobit,toobit.com,Derivatives-focused exchange,BingX; BlockDAG; Gate.io; Zoomex
OKX,McLaren primary partner (committed through end-2026),"Crypto, Trading & Wealth",4,WOO X,woo.org,Deep-liquidity trading platform,BingX; BlockDAG; Zoomex
OKX,McLaren primary partner (committed through end-2026),"Crypto, Trading & Wealth",5,dYdX,dydx.exchange,Leading decentralized perpetuals exchange,BingX; Circle; Kraken (Payward); Zoomex
OKX,McLaren primary partner (committed through end-2026),"Crypto, Trading & Wealth",6,Hyperliquid,hyperliquid.xyz,Fast-growing on-chain perps exchange,BingX; Kraken (Payward); Zoomex
OKX,McLaren primary partner (committed through end-2026),"Crypto, Trading & Wealth",7,Vertex Protocol,vertexprotocol.com,Cross-margined DEX,BingX; Kraken (Payward); Zoomex
OKX,McLaren primary partner (committed through end-2026),"Crypto, Trading & Wealth",8,Aevo,aevo.xyz,Options & perpetuals DEX,BingX; Zoomex
OKX,McLaren primary partner (committed through end-2026),"Crypto, Trading & Wealth",9,Paradex,paradex.trade,Derivatives DEX on Starknet,BingX; Zoomex
OKX,McLaren primary partner (committed through end-2026),"Crypto, Trading & Wealth",10,Backpack Exchange,backpack.exchange,Exchange + self-custody wallet hybrid,BingX; Zoomex
OKX,McLaren primary partner (committed through end-2026),"Crypto, Trading & Wealth",11,GMX,gmx.io,Decentralized perpetual exchange,BingX; Circle; Zoomex
OKX,McLaren primary partner (committed through end-2026),"Crypto, Trading & Wealth",12,Drift Protocol,drift.trade,Solana-based perps DEX,BingX; Zoomex
Pepperstone,Aston Martin partner,"Crypto, Trading & Wealth",1,GO Markets,gomarkets.com,Global forex/CFD broker,AvaTrade; FxPro; Libertex; Vantage Markets; XMTrading (Trading Point Group); eToro
Pepperstone,Aston Martin partner,"Crypto, Trading & Wealth",2,HFM,hfm.com,Global multi-asset broker (formerly HotForex),AvaTrade; FxPro; Libertex; Vantage Markets; XMTrading (Trading Point Group); eToro
Pepperstone,Aston Martin partner,"Crypto, Trading & Wealth",3,InstaForex,instaforex.com,Global forex broker,AvaTrade; FxPro; Libertex; Vantage Markets; XMTrading (Trading Point Group); eToro
Pepperstone,Aston Martin partner,"Crypto, Trading & Wealth",4,Weltrade,weltrade.com,Global forex/CFD broker,AvaTrade; FxPro; Libertex; Vantage Markets; XMTrading (Trading Point Group); eToro
Pepperstone,Aston Martin partner,"Crypto, Trading & Wealth",5,Swissquote,swissquote.com,Swiss online bank & broker,AvaTrade; FxPro; Libertex; Vantage Markets; XMTrading (Trading Point Group); eToro
Pepperstone,Aston Martin partner,"Crypto, Trading & Wealth",6,Dukascopy,dukascopy.com,Swiss forex bank & broker,AvaTrade; FxPro; Libertex; Vantage Markets; XMTrading (Trading Point Group); eToro
Pepperstone,Aston Martin partner,"Crypto, Trading & Wealth",7,Spreadex,spreadex.com,UK spread-betting & CFD broker,AvaTrade; FxPro; Libertex; Vantage Markets; XMTrading (Trading Point Group); eToro
Pepperstone,Aston Martin partner,"Crypto, Trading & Wealth",8,markets.com,markets.com,Global CFD trading platform,AvaTrade; FxPro; Libertex; Vantage Markets; XMTrading (Trading Point Group); eToro
Pepperstone,Aston Martin partner,"Crypto, Trading & Wealth",9,IQ Option,iqoption.com,Global retail trading platform,AvaTrade; FxPro; Libertex; Vantage Markets; XMTrading (Trading Point Group); eToro
Pepperstone,Aston Martin partner,"Crypto, Trading & Wealth",10,CMTrading,cmtrading.com,Africa/emerging-markets CFD broker,AvaTrade; FxPro; Libertex; Vantage Markets; XMTrading (Trading Point Group); eToro
Pepperstone,Aston Martin partner,"Crypto, Trading & Wealth",11,Bulenox,bulenox.com,Futures prop-trading firm,FxPro; Vantage Markets; XMTrading (Trading Point Group)
Pepperstone,Aston Martin partner,"Crypto, Trading & Wealth",12,Fidelcrest,fidelcrest.com,Forex prop-trading firm,FxPro; Libertex; Vantage Markets
Pepperstone,Aston Martin partner,"Crypto, Trading & Wealth",13,E8 Markets,e8markets.com,Prop-trading funding firm,FxPro; Vantage Markets; XMTrading (Trading Point Group)
Pepperstone,Aston Martin partner,"Crypto, Trading & Wealth",14,FundedNext,fundednext.com,Fast-growing prop-trading firm,FxPro; XMTrading (Trading Point Group)
Pepperstone,Aston Martin partner,"Crypto, Trading & Wealth",15,The Funded Trader,thefundedtraderprogram.com,Prop-trading funding firm,XMTrading (Trading Point Group)
Public.com,Aston Martin partner,"Crypto, Trading & Wealth",1,DriveWealth,drivewealth.com,US brokerage-as-a-service infra,
Public.com,Aston Martin partner,"Crypto, Trading & Wealth",2,Alpaca,alpaca.markets,API-first brokerage infrastructure,
Public.com,Aston Martin partner,"Crypto, Trading & Wealth",3,Limitless Exchange,limitless.exchange,On-chain prediction market,
Public.com,Aston Martin partner,"Crypto, Trading & Wealth",4,Myriad Markets,myriad.markets,Social prediction market,
Vantage Markets,Ferrari partner,"Crypto, Trading & Wealth",1,Blue Guardian,blueguardian.com,Prop-trading funding firm,FxPro; Pepperstone
Vantage Markets,Ferrari partner,"Crypto, Trading & Wealth",2,Alpha Capital Group,alphacapitalgroup.uk,Prop-trading funding firm,FxPro; Pepperstone
1Password,Red Bull Racing partner,"Cyber, IT & Hardware",1,HYPR,hypr.com,Passwordless authentication challenger,
1Password,Red Bull Racing partner,"Cyber, IT & Hardware",2,Beyond Identity,beyondidentity.com,Passwordless/phishing-resistant auth,
1Password,Red Bull Racing partner,"Cyber, IT & Hardware",3,Corbado,corbado.com,Passkey authentication startup,
1Password,Red Bull Racing partner,"Cyber, IT & Hardware",4,Clerk,clerk.com,Developer-first auth platform,
1Password,Red Bull Racing partner,"Cyber, IT & Hardware",5,Ory,ory.sh,Open-source identity infrastructure,
1Password,Red Bull Racing partner,"Cyber, IT & Hardware",6,FusionAuth,fusionauth.io,Developer auth platform,
1Password,Red Bull Racing partner,"Cyber, IT & Hardware",7,SuperTokens,supertokens.com,Open-source auth platform,
1Password,Red Bull Racing partner,"Cyber, IT & Hardware",8,Keyless Technologies,keyless.io,Biometric passwordless auth,
1Password,Red Bull Racing partner,"Cyber, IT & Hardware",9,Trusona,trusona.com,Passwordless authentication,
1Password,Red Bull Racing partner,"Cyber, IT & Hardware",10,Passwordstate (Click Studios),clickstudios.com.au,Enterprise password manager,
1Password,Red Bull Racing partner,"Cyber, IT & Hardware",11,Passky,passky.org,Open-source password manager,
1Password,Red Bull Racing partner,"Cyber, IT & Hardware",12,Password Boss,passwordboss.com,Business password manager,
1Password,Red Bull Racing partner,"Cyber, IT & Hardware",13,SplashID,splashid.com,Password manager challenger,
1Password,Red Bull Racing partner,"Cyber, IT & Hardware",14,Codebook (Zetetic),zetetic.net,Encrypted password manager,
Akkodis,Mercedes partner,"Cyber, IT & Hardware",1,Apex Systems,apexsystems.com,IT staffing firm,
Akkodis,Mercedes partner,"Cyber, IT & Hardware",2,Collabera,collabera.com,IT staffing firm,
Akkodis,Mercedes partner,"Cyber, IT & Hardware",3,Mastech Digital,mastechdigital.com,IT staffing firm,IBM
Akkodis,Mercedes partner,"Cyber, IT & Hardware",4,DISYS (Digital Intelligence Systems),disys.com,IT staffing firm,
Akkodis,Mercedes partner,"Cyber, IT & Hardware",5,Yoh,yoh.com,Talent/staffing solutions firm,
Akkodis,Mercedes partner,"Cyber, IT & Hardware",6,Belcan,belcan.com,Engineering/IT staffing & services,
Akkodis,Mercedes partner,"Cyber, IT & Hardware",7,Volt Information Sciences,volt.com,IT/engineering staffing firm,
Akkodis,Mercedes partner,"Cyber, IT & Hardware",8,Artech LLC,artechinfo.com,IT staffing firm,
Akkodis,Mercedes partner,"Cyber, IT & Hardware",9,Judge Group,judge.com,IT/engineering staffing firm,
Akkodis,Mercedes partner,"Cyber, IT & Hardware",10,Genesis10,genesis10.com,IT staffing/consulting firm (public co),
Akkodis,Mercedes partner,"Cyber, IT & Hardware",11,Eliassen Group,eliassen.com,IT/engineering staffing firm,
Akkodis,Mercedes partner,"Cyber, IT & Hardware",12,Motion Recruitment,motionrecruitment.com,Tech staffing firm,
Akkodis,Mercedes partner,"Cyber, IT & Hardware",13,Beacon Hill Staffing Group,beaconhillstaffing.com,IT staffing division,
Akkodis,Mercedes partner,"Cyber, IT & Hardware",14,Hired,hired.com,Tech recruiting marketplace,
Akkodis,Mercedes partner,"Cyber, IT & Hardware",15,GEE Group,geegroup.com,Public staffing company,
Akkodis,Mercedes partner,"Cyber, IT & Hardware",16,RGP (Resources Connection),rgp.com,Consulting/staffing firm (public co),
Akkodis,Mercedes partner,"Cyber, IT & Hardware",17,BG Staffing,bgstaffing.com,Staffing holding company,
Akkodis,Mercedes partner,"Cyber, IT & Hardware",18,Populus Group,populusgroup.com,Workforce solutions provider,
Akkodis,Mercedes partner,"Cyber, IT & Hardware",19,Mindlance,mindlance.com,IT staffing firm (Superior Group),
Akkodis,Mercedes partner,"Cyber, IT & Hardware",20,COMFORCE Corporation,comforce.com,IT/technical staffing firm,
AMD,Mercedes partner,"Cyber, IT & Hardware",1,ON Semiconductor,onsemi.com,Power/analog semiconductor maker,Snapdragon (Qualcomm)
AMD,Mercedes partner,"Cyber, IT & Hardware",2,Lattice Semiconductor,latticesemi.com,FPGA chipmaker,Snapdragon (Qualcomm)
AMD,Mercedes partner,"Cyber, IT & Hardware",3,Ambarella,ambarella.com,AI vision/edge chipmaker,Arm (SoftBank Group); Snapdragon (Qualcomm)
AMD,Mercedes partner,"Cyber, IT & Hardware",4,Allegro MicroSystems,allegromicro.com,Power/sensor IC maker,
AMD,Mercedes partner,"Cyber, IT & Hardware",5,Diodes Incorporated,diodes.com,Discrete/analog semiconductor maker,
AMD,Mercedes partner,"Cyber, IT & Hardware",6,Vishay Intertechnology,vishay.com,Discrete semiconductor/passives maker,Snapdragon (Qualcomm)
AMD,Mercedes partner,"Cyber, IT & Hardware",7,Wolfspeed,wolfspeed.com,SiC power semiconductor maker,Schneider Electric; Siemens; Snapdragon (Qualcomm)
AMD,Mercedes partner,"Cyber, IT & Hardware",8,Power Integrations,power.com,Power conversion chipmaker,
AMD,Mercedes partner,"Cyber, IT & Hardware",9,Monolithic Power Systems,monolithicpower.com,Power management chipmaker,Snapdragon (Qualcomm)
AMD,Mercedes partner,"Cyber, IT & Hardware",10,UMC (United Microelectronics),umc.com,Semiconductor foundry challenger,Snapdragon (Qualcomm)
AMD,Mercedes partner,"Cyber, IT & Hardware",11,SMIC,smics.com,Semiconductor foundry challenger,Snapdragon (Qualcomm)
AMD,Mercedes partner,"Cyber, IT & Hardware",12,Positron,positron.ai,AI inference chip startup,
AMD,Mercedes partner,"Cyber, IT & Hardware",13,Etched,etched.com,AI inference chip startup (Sohu),
AMD,Mercedes partner,"Cyber, IT & Hardware",14,MatX,matx.com,AI inference chip startup,
AMD,Mercedes partner,"Cyber, IT & Hardware",15,Axelera AI,axelera.ai,Edge AI chip startup,
AMD,Mercedes partner,"Cyber, IT & Hardware",16,Blaize,blaize.com,Edge AI chip startup,
AMD,Mercedes partner,"Cyber, IT & Hardware",17,Hailo,hailo.ai,Edge AI chip startup (Israel),Snapdragon (Qualcomm)
AMD,Mercedes partner,"Cyber, IT & Hardware",18,Mythic,mythic.ai,Analog AI chip startup,
AMD,Mercedes partner,"Cyber, IT & Hardware",19,Kneron,kneron.com,Edge AI chip startup,Snapdragon (Qualcomm)
AMD,Mercedes partner,"Cyber, IT & Hardware",20,Recogni,recogni.com,Automotive AI chip startup,
AMD,Mercedes partner,"Cyber, IT & Hardware",21,Quadric,quadric.io,Edge AI chip startup,
AMD,Mercedes partner,"Cyber, IT & Hardware",22,SiMa.ai,sima.ai,Edge AI chip startup,
Arm (SoftBank Group),Aston Martin partner,"Cyber, IT & Hardware",1,Nuclei System Technology,nucleisys.com,Chinese RISC-V IP core vendor,SEALSQ
Arm (SoftBank Group),Aston Martin partner,"Cyber, IT & Hardware",2,lowRISC,lowrisc.org,Open-source RISC-V silicon nonprofit,
Arm (SoftBank Group),Aston Martin partner,"Cyber, IT & Hardware",3,InCore Semiconductors,incoresemi.com,Indian RISC-V chip startup,SEALSQ
Arm (SoftBank Group),Aston Martin partner,"Cyber, IT & Hardware",4,Mindgrove Technologies,mindgrove.tech,Indian RISC-V chip startup,
Arm (SoftBank Group),Aston Martin partner,"Cyber, IT & Hardware",5,SHAKTI (IIT Madras),shakti.org.in,Indian open RISC-V processor project,
Arm (SoftBank Group),Aston Martin partner,"Cyber, IT & Hardware",6,Semidynamics,semidynamics.com,Spanish RISC-V CPU IP vendor,SEALSQ
Arm (SoftBank Group),Aston Martin partner,"Cyber, IT & Hardware",7,Syntacore,syntacore.com,RISC-V IP vendor,
Arm (SoftBank Group),Aston Martin partner,"Cyber, IT & Hardware",8,Akeana,akeana.com,RISC-V CPU IP startup (ex-Arm/MIPS team),SEALSQ
Arm (SoftBank Group),Aston Martin partner,"Cyber, IT & Hardware",9,Efinix,efinixinc.com,Embedded FPGA IP vendor,SEALSQ
Arm (SoftBank Group),Aston Martin partner,"Cyber, IT & Hardware",10,Flex Logix,flex-logix.com,Embedded FPGA IP vendor,
Arm (SoftBank Group),Aston Martin partner,"Cyber, IT & Hardware",11,Achronix Semiconductor,achronix.com,FPGA chipmaker,
Arm (SoftBank Group),Aston Martin partner,"Cyber, IT & Hardware",12,QuickLogic,quicklogic.com,Embedded FPGA IP vendor,
Arm (SoftBank Group),Aston Martin partner,"Cyber, IT & Hardware",13,Menta,menta.io,French embedded FPGA IP vendor,
Arm (SoftBank Group),Aston Martin partner,"Cyber, IT & Hardware",14,Siliconarts,siliconarts.io,Korean GPU IP vendor,
Arm (SoftBank Group),Aston Martin partner,"Cyber, IT & Hardware",15,Think Silicon,think-silicon.com,Greek GPU IP vendor,SEALSQ
Arm (SoftBank Group),Aston Martin partner,"Cyber, IT & Hardware",16,VeriSilicon,verisilicon.com,Chinese chip design/IP platform,SEALSQ
Arm (SoftBank Group),Aston Martin partner,"Cyber, IT & Hardware",17,Untether AI,untether.ai,AI inference chip startup,AMD
Arm (SoftBank Group),Aston Martin partner,"Cyber, IT & Hardware",18,Cambricon Technologies,cambricon.com,Chinese AI chipmaker,AMD; Snapdragon (Qualcomm)
Arrow Electronics,McLaren partner,"Cyber, IT & Hardware",1,Fusion Worldwide,fusionww.com,Independent electronic component distributor,
Arrow Electronics,McLaren partner,"Cyber, IT & Hardware",2,Sourceability,sourceability.com,Electronic component marketplace startup,
Arrow Electronics,McLaren partner,"Cyber, IT & Hardware",3,Octopart,octopart.com,Electronic component search/marketplace,
Arrow Electronics,McLaren partner,"Cyber, IT & Hardware",4,Z2Data,z2data.com,Component data/supply-chain intelligence,
Arrow Electronics,McLaren partner,"Cyber, IT & Hardware",5,Excelpoint Technology,excelpoint.com,APAC electronic component distributor,
Arrow Electronics,McLaren partner,"Cyber, IT & Hardware",6,Macnica,macnica.com,Japanese electronic component distributor,
Arrow Electronics,McLaren partner,"Cyber, IT & Hardware",7,Serial System Ltd,serialsystem.com,Asia-Pacific electronic distributor,
Arrow Electronics,McLaren partner,"Cyber, IT & Hardware",8,Framos,framos.com,Imaging/vision component distributor,
Arrow Electronics,McLaren partner,"Cyber, IT & Hardware",9,Rochester Electronics,rocelec.com,Semiconductor lifecycle/EOL distributor,
Arrow Electronics,McLaren partner,"Cyber, IT & Hardware",10,Smith and Associates,smithweb.com,Independent electronic component distributor,
Arrow Electronics,McLaren partner,"Cyber, IT & Hardware",11,Master Electronics,masterelectronics.com,US electronic component distributor,
Arrow Electronics,McLaren partner,"Cyber, IT & Hardware",12,Component Distributors Inc,cdi1.com,Passives component distributor,
Arrow Electronics,McLaren partner,"Cyber, IT & Hardware",13,NAC Semi,nacsemi.com,Independent semiconductor distributor,
Arrow Electronics,McLaren partner,"Cyber, IT & Hardware",14,All Electronics Corp,allelectronics.com,Electronic component distributor,
Arrow Electronics,McLaren partner,"Cyber, IT & Hardware",15,PEI-Genesis,peigenesis.com,Connector/cable assembly distributor,
Arrow Electronics,McLaren partner,"Cyber, IT & Hardware",16,Ryoyo Electro,ryoyo.co.jp,Japanese electronic component distributor,
Arrow Electronics,McLaren partner,"Cyber, IT & Hardware",17,Tokyo Electron Device,teldevice.co.jp,Japanese electronic component distributor,
Arrow Electronics,McLaren partner,"Cyber, IT & Hardware",18,Marubun Corporation,marubun.co.jp,Japanese electronic component distributor,
Arrow Electronics,McLaren partner,"Cyber, IT & Hardware",19,Bisco Industries,bisco.com,Electronic component distributor,
Arrow Electronics,McLaren partner,"Cyber, IT & Hardware",20,RS Components (Electrocomponents),rs-online.com,Global industrial/electronic distributor,
Arrow Electronics,McLaren partner,"Cyber, IT & Hardware",21,Conrad Electronic,conrad.com,German electronic component distributor,
Arrow Electronics,McLaren partner,"Cyber, IT & Hardware",22,Reichelt Elektronik,reichelt.com,German electronic component distributor,
Arrow Electronics,McLaren partner,"Cyber, IT & Hardware",23,Distrelec,distrelec.com,European electronic component distributor,
Arrow Electronics,McLaren partner,"Cyber, IT & Hardware",24,Chip One Stop,chip1stop.com,Japanese online component distributor,
Arrow Electronics,McLaren partner,"Cyber, IT & Hardware",25,Innodisk,innodisk.com,Industrial storage/memory supplier,
Bitdefender,Ferrari partner,"Cyber, IT & Hardware",1,Cynet,cynet.com,All-in-one XDR for SMB/MSP,CrowdStrike; NinjaOne
Bitdefender,Ferrari partner,"Cyber, IT & Hardware",2,Quick Heal,quickheal.com,Indian antivirus/endpoint vendor,
Bitdefender,Ferrari partner,"Cyber, IT & Hardware",3,K7 Computing,k7computing.com,Indian antivirus vendor,
Bitdefender,Ferrari partner,"Cyber, IT & Hardware",4,Seqrite,seqrite.com,Quick Heal's enterprise security brand,
Bitdefender,Ferrari partner,"Cyber, IT & Hardware",5,eScan (MicroWorld),escanav.com,Indian antivirus vendor,
Bitdefender,Ferrari partner,"Cyber, IT & Hardware",6,Zillya!,zillya.com,Ukrainian antivirus vendor,
Bitdefender,Ferrari partner,"Cyber, IT & Hardware",7,Dr.Web,drweb.com,Russian antivirus vendor,
Bitdefender,Ferrari partner,"Cyber, IT & Hardware",8,360 Total Security (Qihoo 360),360totalsecurity.com,Chinese consumer security suite,
Bitdefender,Ferrari partner,"Cyber, IT & Hardware",9,ClamAV,clamav.net,Open-source antivirus engine,
Bitdefender,Ferrari partner,"Cyber, IT & Hardware",10,Adaware,adaware.com,Legacy consumer antivirus brand,
Bitdefender,Ferrari partner,"Cyber, IT & Hardware",11,Xcitium,xcitium.com,Zero-trust endpoint protection (ex-Comodo),
Bitdefender,Ferrari partner,"Cyber, IT & Hardware",12,ReasonLabs,reasonlabs.com,Consumer cyber protection startup,
Bitdefender,Ferrari partner,"Cyber, IT & Hardware",13,Guardio,guard.io,Fast-growing consumer browser/security,
Bitdefender,Ferrari partner,"Cyber, IT & Hardware",14,SpyHunter (EnigmaSoft),enigmasoftware.com,Consumer anti-malware,
Bitdefender,Ferrari partner,"Cyber, IT & Hardware",15,IObit,iobit.com,Consumer PC security/optimization suite,
Bitdefender,Ferrari partner,"Cyber, IT & Hardware",16,Avira,avira.com,Legacy consumer antivirus brand,
Bitdefender,Ferrari partner,"Cyber, IT & Hardware",17,Ikarus Security Software,ikarussecurity.com,Austrian antivirus vendor,
Bitdefender,Ferrari partner,"Cyber, IT & Hardware",18,NANO Antivirus,nanoav.ru,Russian antivirus vendor,
Bitdefender,Ferrari partner,"Cyber, IT & Hardware",19,VBA32 AntiVirus,anti-virus.by,Belarusian antivirus vendor,
Bitdefender,Ferrari partner,"Cyber, IT & Hardware",20,Ahnlab,ahnlab.com,Korean antivirus/endpoint vendor,
Bitdefender,Ferrari partner,"Cyber, IT & Hardware",21,CMC Antivirus,cmcantivirus.com,Vietnamese antivirus vendor,
Bitdefender,Ferrari partner,"Cyber, IT & Hardware",22,Rising Antivirus,rising.com.cn,Chinese antivirus vendor,
Bitdefender,Ferrari partner,"Cyber, IT & Hardware",23,Baidu Antivirus,baidu.com,Chinese consumer antivirus,
Bitdefender,Ferrari partner,"Cyber, IT & Hardware",24,TrustGo,trustgo.com,Mobile security vendor,
Bitdefender,Ferrari partner,"Cyber, IT & Hardware",25,F-Prot,f-prot.com,Legacy antivirus engine vendor,
Brillio,Williams partner,"Cyber, IT & Hardware",1,DataArt,dataart.com,Digital engineering consultancy,Cognizant; Globant
Brillio,Williams partner,"Cyber, IT & Hardware",2,Provectus,provectus.com,AI/ML consulting firm,Cognizant; Globant
Brillio,Williams partner,"Cyber, IT & Hardware",3,Miratech,miratechgroup.com,Global IT services/AI consulting challenger,Cognizant; Globant; Mphasis
Brillio,Williams partner,"Cyber, IT & Hardware",4,Xebia,xebia.com,Digital transformation consultancy,Cognizant; DXC Technology; NTT DATA
Brillio,Williams partner,"Cyber, IT & Hardware",5,Sigma Software Group,sigma.software,European/Ukrainian IT services firm,Akkodis; Cognizant; Globant
Brillio,Williams partner,"Cyber, IT & Hardware",6,Innowise Group,innowise.com,Fast-growing software dev firm,Akkodis; Globant
Brillio,Williams partner,"Cyber, IT & Hardware",7,MobiDev,mobidev.biz,Ukraine-based custom software dev firm,Globant
Brillio,Williams partner,"Cyber, IT & Hardware",8,Eleks,eleks.com,Established Ukrainian IT services firm,DXC Technology
Brillio,Williams partner,"Cyber, IT & Hardware",9,Intetics,intetics.com,Software dev outsourcing firm,DXC Technology
Brillio,Williams partner,"Cyber, IT & Hardware",10,Andersen,andersenlab.com,Fast-growing software dev outsourcing firm,DXC Technology
Brillio,Williams partner,"Cyber, IT & Hardware",11,Trinetix,trinetix.com,Digital product development firm,DXC Technology
Brillio,Williams partner,"Cyber, IT & Hardware",12,Belitsoft,belitsoft.com,Software dev outsourcing firm,DXC Technology
Brillio,Williams partner,"Cyber, IT & Hardware",13,Yalantis,yalantis.com,Ukraine-based software dev firm,DXC Technology
Brillio,Williams partner,"Cyber, IT & Hardware",14,Codica,codica.com,Ukraine-based dev shop,Globant
Brillio,Williams partner,"Cyber, IT & Hardware",15,Djangostars,djangostars.com,Ukraine-based dev shop,Globant
Cato Networks,Alpine partner,"Cyber, IT & Hardware",1,Nile,nilesecure.com,Campus network-as-a-service challenger,Extreme Networks
Cato Networks,Alpine partner,"Cyber, IT & Hardware",2,Graphiant,graphiant.com,Network-as-a-service SASE challenger,
Cato Networks,Alpine partner,"Cyber, IT & Hardware",3,Alkira,alkira.com,Cloud network-as-a-service,
Cato Networks,Alpine partner,"Cyber, IT & Hardware",4,Aviatrix,aviatrix.com,Multi-cloud networking,
Cato Networks,Alpine partner,"Cyber, IT & Hardware",5,Masergy,masergy.com,Managed SD-WAN/SASE,
Cato Networks,Alpine partner,"Cyber, IT & Hardware",6,Cybera,cybera.com,Retail-focused SD-WAN/SASE,
Cato Networks,Alpine partner,"Cyber, IT & Hardware",7,Fatpipe Networks,fatpipeinc.com,SD-WAN challenger,
Cato Networks,Alpine partner,"Cyber, IT & Hardware",8,Illumio,illumio.com,Zero-trust microsegmentation,
Cato Networks,Alpine partner,"Cyber, IT & Hardware",9,Zero Networks,zeronetworks.com,Automated microsegmentation,
Cato Networks,Alpine partner,"Cyber, IT & Hardware",10,Tufin,tufin.com,Network security policy management,
Cato Networks,Alpine partner,"Cyber, IT & Hardware",11,AlgoSec,algosec.com,Network security policy management,
Cato Networks,Alpine partner,"Cyber, IT & Hardware",12,FireMon,firemon.com,Network security policy management,
Cato Networks,Alpine partner,"Cyber, IT & Hardware",13,Skybox Security,skyboxsecurity.com,Attack surface/exposure management,
Cato Networks,Alpine partner,"Cyber, IT & Hardware",14,Portnox,portnox.com,Cloud-native NAC,
Cato Networks,Alpine partner,"Cyber, IT & Hardware",15,Genians,genians.com,Network access control,
Cato Networks,Alpine partner,"Cyber, IT & Hardware",16,LiveAction,liveaction.com,Network performance/security monitoring,Extreme Networks
Cato Networks,Alpine partner,"Cyber, IT & Hardware",17,Kentik,kentik.com,Network observability,Extreme Networks
Cato Networks,Alpine partner,"Cyber, IT & Hardware",18,Prosimo,prosimo.io,Multi-cloud networking platform,
Cato Networks,Alpine partner,"Cyber, IT & Hardware",19,Elisity,elisity.com,Identity-based microsegmentation,
Cato Networks,Alpine partner,"Cyber, IT & Hardware",20,ColorTokens,colortokens.com,Zero-trust microsegmentation,
Cato Networks,Alpine partner,"Cyber, IT & Hardware",21,Selector AI,selector.ai,AI network observability,Extreme Networks
Cato Networks,Alpine partner,"Cyber, IT & Hardware",22,Menlo Security,menlosecurity.com,Browser isolation/SSE,
Cato Networks,Alpine partner,"Cyber, IT & Hardware",23,Island,island.io,Enterprise browser security,
Cisco,McLaren partner,"Cyber, IT & Hardware",1,SonicWall,sonicwall.com,Firewall/network security for SMB,
Cisco,McLaren partner,"Cyber, IT & Hardware",2,Grandstream Networks,grandstream.com,UC/VoIP hardware challenger,
Cisco,McLaren partner,"Cyber, IT & Hardware",3,Mitel Networks,mitel.com,Enterprise UC/telephony,
Cisco,McLaren partner,"Cyber, IT & Hardware",4,Sangoma Technologies,sangoma.com,UC/PBX hardware & software,
Cisco,McLaren partner,"Cyber, IT & Hardware",5,3CX,3cx.com,UC/PBX software challenger,Genesys
Cisco,McLaren partner,"Cyber, IT & Hardware",6,Ooma,ooma.com,Business phone/UCaaS challenger,
Cisco,McLaren partner,"Cyber, IT & Hardware",7,Kandy Communications,kandy.io,CPaaS/UC challenger,
Cisco,McLaren partner,"Cyber, IT & Hardware",8,Ribbon Communications,ribboncommunications.com,Telecom networking infrastructure,
Cisco,McLaren partner,"Cyber, IT & Hardware",9,Calix,calix.com,Broadband access networking,
Cisco,McLaren partner,"Cyber, IT & Hardware",10,UTStarcom,utstar.com,Telecom equipment challenger,
Cisco,McLaren partner,"Cyber, IT & Hardware",11,Sercomm,sercomm.com,Networking hardware ODM,
Cisco,McLaren partner,"Cyber, IT & Hardware",12,Actiontec Electronics,actiontec.com,Broadband CPE hardware,
Cisco,McLaren partner,"Cyber, IT & Hardware",13,Sagemcom,sagemcom.com,Broadband CPE hardware,
Cisco,McLaren partner,"Cyber, IT & Hardware",14,Vantiva,vantiva.com,Connected home networking hardware (ex-Technicolor),
Cisco,McLaren partner,"Cyber, IT & Hardware",15,Genexis,genexis.eu,Broadband CPE hardware,
Cisco,McLaren partner,"Cyber, IT & Hardware",16,MikroTik,mikrotik.com,Budget networking hardware challenger,CommScope / Ruckus Networks; Extreme Networks
Cisco,McLaren partner,"Cyber, IT & Hardware",17,TRENDnet,trendnet.com,SMB/consumer networking hardware,
Cisco,McLaren partner,"Cyber, IT & Hardware",18,Draytek,draytek.com,SOHO networking hardware,
Cisco,McLaren partner,"Cyber, IT & Hardware",19,Robustel,robustel.com,Industrial IoT routers,
Cisco,McLaren partner,"Cyber, IT & Hardware",20,InHand Networks,inhandnetworks.com,Industrial networking/IoT hardware,
Cognizant,Aston Martin partner,"Cyber, IT & Hardware",1,Concentrix,concentrix.com,Global CX/BPO & digital services,DXC Technology; Mphasis; NTT DATA
Cognizant,Aston Martin partner,"Cyber, IT & Hardware",2,Sutherland Global Services,sutherlandglobal.com,BPO/digital transformation services,DXC Technology; Mphasis; NTT DATA
Cognizant,Aston Martin partner,"Cyber, IT & Hardware",3,TaskUs,taskus.com,Digital CX/BPO services,Mphasis
Cognizant,Aston Martin partner,"Cyber, IT & Hardware",4,Startek,startek.com,BPO/digital services provider,Mphasis
Cognizant,Aston Martin partner,"Cyber, IT & Hardware",5,Synechron,synechron.com,Digital consulting (financial services focus),Brillio; DXC Technology; Mphasis; NTT DATA
Cognizant,Aston Martin partner,"Cyber, IT & Hardware",6,Bounteous,bounteous.com,Digital experience agency,DXC Technology; Mphasis; NTT DATA
CommScope / Ruckus Networks,Haas partner,"Cyber, IT & Hardware",1,Siemon Company,siemon.com,Structured cabling manufacturer,
CommScope / Ruckus Networks,Haas partner,"Cyber, IT & Hardware",2,Leviton,leviton.com,Structured cabling/electrical manufacturer,
CommScope / Ruckus Networks,Haas partner,"Cyber, IT & Hardware",3,Fluke Networks,flukenetworks.com,Cable/network testing equipment,
CommScope / Ruckus Networks,Haas partner,"Cyber, IT & Hardware",4,R&M (Reichle & De-Massari),rdm.com,Structured cabling manufacturer (Switzerland),
CommScope / Ruckus Networks,Haas partner,"Cyber, IT & Hardware",5,Nexxt Solutions,nexxtsolutions.com,Structured cabling challenger,
CommScope / Ruckus Networks,Haas partner,"Cyber, IT & Hardware",6,Optical Cable Corporation,occfiber.com,Fiber optic cable manufacturer,
CommScope / Ruckus Networks,Haas partner,"Cyber, IT & Hardware",7,Clearfield Inc,seeclearfield.com,Fiber connectivity manufacturer,
CommScope / Ruckus Networks,Haas partner,"Cyber, IT & Hardware",8,Preformed Line Products,preformed.com,Cable/fiber infrastructure hardware,
CommScope / Ruckus Networks,Haas partner,"Cyber, IT & Hardware",9,JMA Wireless,jmawireless.com,DAS/wireless infrastructure challenger,Extreme Networks
CommScope / Ruckus Networks,Haas partner,"Cyber, IT & Hardware",10,Airspan Networks,airspan.com,Wireless/Open RAN infrastructure,Extreme Networks
CommScope / Ruckus Networks,Haas partner,"Cyber, IT & Hardware",11,Mavenir,mavenir.com,Network software/Open RAN vendor,Extreme Networks
CommScope / Ruckus Networks,Haas partner,"Cyber, IT & Hardware",12,Parallel Wireless,parallelwireless.com,Open RAN infrastructure startup,
CommScope / Ruckus Networks,Haas partner,"Cyber, IT & Hardware",13,Anterix,anterix.com,Private LTE spectrum provider,
CommScope / Ruckus Networks,Haas partner,"Cyber, IT & Hardware",14,Boingo Wireless,boingo.com,DAS/enterprise wireless provider,
CommScope / Ruckus Networks,Haas partner,"Cyber, IT & Hardware",15,ExteNet Systems,extenetsystems.com,DAS/wireless infrastructure provider,
CommScope / Ruckus Networks,Haas partner,"Cyber, IT & Hardware",16,Zinwave,zinwave.com,DAS infrastructure vendor,
CommScope / Ruckus Networks,Haas partner,"Cyber, IT & Hardware",17,SOLiD Technologies,solid.com,DAS infrastructure vendor,
CoreWeave,Aston Martin partner,"Cyber, IT & Hardware",1,Paperspace,paperspace.com,GPU cloud/AI infrastructure,AWS (Amazon)
CoreWeave,Aston Martin partner,"Cyber, IT & Hardware",2,Genesis Cloud,genesiscloud.com,European GPU cloud provider,AWS (Amazon)
CoreWeave,Aston Martin partner,"Cyber, IT & Hardware",3,Massed Compute,massedcompute.com,GPU cloud provider,AWS (Amazon)
CoreWeave,Aston Martin partner,"Cyber, IT & Hardware",4,Nscale,nscale.com,Fast-growing GPU cloud/neocloud challenger,
CoreWeave,Aston Martin partner,"Cyber, IT & Hardware",5,SF Compute,sfcompute.com,GPU compute marketplace startup,AWS (Amazon)
CoreWeave,Aston Martin partner,"Cyber, IT & Hardware",6,Foundry,foundry.run,GPU cloud startup,
CoreWeave,Aston Martin partner,"Cyber, IT & Hardware",7,Northern Data AG,northerndata.de,European GPU cloud/AI infra (public co),AWS (Amazon)
CoreWeave,Aston Martin partner,"Cyber, IT & Hardware",8,Yotta Infrastructure,yotta.com,Indian AI cloud/data center provider,
CoreWeave,Aston Martin partner,"Cyber, IT & Hardware",9,E2E Networks,e2enetworks.com,Indian GPU cloud provider (public co),AWS (Amazon)
CoreWeave,Aston Martin partner,"Cyber, IT & Hardware",10,Jarvislabs.ai,jarvislabs.ai,Indian GPU cloud for AI startup,
CoreWeave,Aston Martin partner,"Cyber, IT & Hardware",11,Sesterce,sesterce.com,French GPU cloud/AI infra startup,
CoreWeave,Aston Martin partner,"Cyber, IT & Hardware",12,Nebul,nebul.com,European AI cloud infra challenger,
CoreWeave,Aston Martin partner,"Cyber, IT & Hardware",13,Salad Technologies,salad.com,Distributed/idle GPU cloud,
CoreWeave,Aston Martin partner,"Cyber, IT & Hardware",14,io.net,io.net,Decentralized GPU network startup,AWS (Amazon)
CoreWeave,Aston Martin partner,"Cyber, IT & Hardware",15,Render Network,rendernetwork.com,Decentralized GPU rendering network,
CoreWeave,Aston Martin partner,"Cyber, IT & Hardware",16,Akash Network,akash.network,Decentralized cloud compute network,
CoreWeave,Aston Martin partner,"Cyber, IT & Hardware",17,Gcore,gcore.com,European cloud/edge/AI infrastructure,
CoreWeave,Aston Martin partner,"Cyber, IT & Hardware",18,Civo,civo.com,UK Kubernetes-focused cloud challenger,Oracle
CoreWeave,Aston Martin partner,"Cyber, IT & Hardware",19,Hivenet,hivenet.com,Decentralized cloud compute startup,
CoreWeave,Aston Martin partner,"Cyber, IT & Hardware",20,CoreSite,coresite.com,Data center/colocation provider,
CrowdStrike,Mercedes partner,"Cyber, IT & Hardware",1,Arctic Wolf,arcticwolf.com,MDR/SOC-as-a-service challenger,
CrowdStrike,Mercedes partner,"Cyber, IT & Hardware",2,Red Canary,redcanary.com,MDR/threat detection challenger,
CrowdStrike,Mercedes partner,"Cyber, IT & Hardware",3,eSentire,esentire.com,MDR provider,
CrowdStrike,Mercedes partner,"Cyber, IT & Hardware",4,Expel,expel.com,MDR/SOC platform,
CrowdStrike,Mercedes partner,"Cyber, IT & Hardware",5,ReliaQuest,reliaquest.com,XDR/security ops platform,
CrowdStrike,Mercedes partner,"Cyber, IT & Hardware",6,Deepwatch,deepwatch.com,MDR provider,
CrowdStrike,Mercedes partner,"Cyber, IT & Hardware",7,Binary Defense,binarydefense.com,MDR/SOC challenger,
CrowdStrike,Mercedes partner,"Cyber, IT & Hardware",8,Blackpoint Cyber,blackpointcyber.com,MDR built for MSPs,NinjaOne
CrowdStrike,Mercedes partner,"Cyber, IT & Hardware",9,HarfangLab,harfanglab.io,European EDR challenger,
CrowdStrike,Mercedes partner,"Cyber, IT & Hardware",10,Corelight,corelight.com,Network detection & response,Cato Networks; Splunk (Cisco)
CrowdStrike,Mercedes partner,"Cyber, IT & Hardware",11,Fidelis Security,fidelissecurity.com,XDR/network security,
CrowdStrike,Mercedes partner,"Cyber, IT & Hardware",12,LimaCharlie,limacharlie.io,"SecOps cloud platform, dev-first EDR",
CrowdStrike,Mercedes partner,"Cyber, IT & Hardware",13,Uptycs,uptycs.com,Cloud-native XDR,
CrowdStrike,Mercedes partner,"Cyber, IT & Hardware",14,Confluera,confluera.com,Cloud detection & response,
CrowdStrike,Mercedes partner,"Cyber, IT & Hardware",15,Cybersixgill,cybersixgill.com,Threat intelligence,Palo Alto Networks
CrowdStrike,Mercedes partner,"Cyber, IT & Hardware",16,Intezer,intezer.com,Autonomous SOC/malware analysis,Splunk (Cisco)
CrowdStrike,Mercedes partner,"Cyber, IT & Hardware",17,Obsidian Security,obsidiansecurity.com,SaaS security posture/detection,
CrowdStrike,Mercedes partner,"Cyber, IT & Hardware",18,Halcyon,halcyon.ai,Anti-ransomware endpoint challenger,
Dell Technologies,McLaren partner,"Cyber, IT & Hardware",1,System76,system76.com,Linux-focused PC/laptop maker,HP; Lenovo
Dell Technologies,McLaren partner,"Cyber, IT & Hardware",2,Purism,puri.sm,Privacy-focused laptop maker,HP; Lenovo
Dell Technologies,McLaren partner,"Cyber, IT & Hardware",3,Star Labs,starlabs.systems,Boutique Linux laptop maker,HP; Lenovo
Dell Technologies,McLaren partner,"Cyber, IT & Hardware",4,Clevo,clevo.com.tw,Taiwanese laptop ODM,HP; Lenovo
Dell Technologies,McLaren partner,"Cyber, IT & Hardware",5,XMG (Schenker Technologies),xmg.gg,German boutique laptop maker,HP; Lenovo
Dell Technologies,McLaren partner,"Cyber, IT & Hardware",6,Origin PC,originpc.com,US boutique PC/laptop maker,HP; Lenovo
Dell Technologies,McLaren partner,"Cyber, IT & Hardware",7,Falcon Northwest,falcon-nw.com,US boutique PC maker,HP
Dell Technologies,McLaren partner,"Cyber, IT & Hardware",8,Maingear,maingear.com,US boutique PC maker,HP
Dell Technologies,McLaren partner,"Cyber, IT & Hardware",9,Corsair,corsair.com,PC hardware/prebuilt systems,HP
Dell Technologies,McLaren partner,"Cyber, IT & Hardware",10,NZXT,nzxt.com,PC hardware/prebuilt systems,HP; Lenovo
Dell Technologies,McLaren partner,"Cyber, IT & Hardware",11,iBuyPower,ibuypower.com,US boutique prebuilt PC maker,HP; Lenovo
Dell Technologies,McLaren partner,"Cyber, IT & Hardware",12,CyberPowerPC,cyberpowerpc.com,US boutique prebuilt PC maker,HP; Lenovo
DXC Technology,Ferrari partner,"Cyber, IT & Hardware",1,Perficient,perficient.com,Digital consulting firm (public co),Cognizant; Deloitte; Mphasis; NTT DATA; PwC
DXC Technology,Ferrari partner,"Cyber, IT & Hardware",2,Damco Solutions,damcogroup.com,IT services firm,Cognizant; Mphasis
DXC Technology,Ferrari partner,"Cyber, IT & Hardware",3,Aspire Systems,aspiresys.com,Indian IT services firm,Cognizant; Mphasis
DXC Technology,Ferrari partner,"Cyber, IT & Hardware",4,Iris Software,irissoftware.com,US-India IT services firm,Cognizant; Mphasis
DXC Technology,Ferrari partner,"Cyber, IT & Hardware",5,Tavant Technologies,tavant.com,Digital product engineering firm,Cognizant; Mphasis
DXC Technology,Ferrari partner,"Cyber, IT & Hardware",6,ValueLabs,valuelabs.com,Fast-growing digital engineering firm,Cognizant; Mphasis
Extreme Networks,Audi F1 partner,"Cyber, IT & Hardware",1,Wyebot,wyebot.com,WiFi assurance startup,
Extreme Networks,Audi F1 partner,"Cyber, IT & Hardware",2,7signal,7signal.com,WiFi performance monitoring startup,
Extreme Networks,Audi F1 partner,"Cyber, IT & Hardware",3,NetAlly,netally.com,Network testing/troubleshooting hardware,
Extreme Networks,Audi F1 partner,"Cyber, IT & Hardware",4,PathSolutions,pathsolutions.com,Network monitoring software,
Extreme Networks,Audi F1 partner,"Cyber, IT & Hardware",5,Ekahau,ekahau.com,WiFi site survey/design tools,
Extreme Networks,Audi F1 partner,"Cyber, IT & Hardware",6,NetBrain,netbraintech.com,Network automation platform,
Extreme Networks,Audi F1 partner,"Cyber, IT & Hardware",7,Forward Networks,forwardnetworks.com,Network digital twin/verification startup,
Extreme Networks,Audi F1 partner,"Cyber, IT & Hardware",8,Itential,itential.com,Network automation platform,
Extreme Networks,Audi F1 partner,"Cyber, IT & Hardware",9,Anuta Networks,anutanetworks.com,Network automation platform,
Extreme Networks,Audi F1 partner,"Cyber, IT & Hardware",10,Celona,celona.io,Private cellular network startup,CommScope / Ruckus Networks
Extreme Networks,Audi F1 partner,"Cyber, IT & Hardware",11,Federated Wireless,federatedwireless.com,Private 5G/CBRS spectrum platform,CommScope / Ruckus Networks
Extreme Networks,Audi F1 partner,"Cyber, IT & Hardware",12,Betacom,betacom.com,Private 5G-as-a-service startup,CommScope / Ruckus Networks
Extreme Networks,Audi F1 partner,"Cyber, IT & Hardware",13,Digi International,digi.com,Industrial networking/IoT hardware,CommScope / Ruckus Networks
Extreme Networks,Audi F1 partner,"Cyber, IT & Hardware",14,Allied Telesis,alliedtelesis.com,Enterprise switching hardware,Cisco; CommScope / Ruckus Networks
Extreme Networks,Audi F1 partner,"Cyber, IT & Hardware",15,FS.com,fs.com,Fast-growing networking hardware/optics reseller,Cisco; CommScope / Ruckus Networks
Extreme Networks,Audi F1 partner,"Cyber, IT & Hardware",16,Teltonika Networks,teltonika-networks.com,Industrial IoT networking hardware,Cisco; CommScope / Ruckus Networks
Globant,F1 official partner,"Cyber, IT & Hardware",1,Southworks,southworks.com,Argentina-based software dev shop,Brillio
Globant,F1 official partner,"Cyber, IT & Hardware",2,Making Sense,makingsense.com,LatAm nearshore software dev firm,Brillio
Globant,F1 official partner,"Cyber, IT & Hardware",3,BairesDev,bairesdev.com,LatAm software outsourcing unicorn,Brillio
Globant,F1 official partner,"Cyber, IT & Hardware",4,Rootstrap,rootstrap.com,LatAm/US software dev firm,Brillio
Globant,F1 official partner,"Cyber, IT & Hardware",5,Nearsure,nearsure.com,LatAm nearshore staffing firm,
Globant,F1 official partner,"Cyber, IT & Hardware",6,Andela,andela.com,Global tech talent marketplace,
Globant,F1 official partner,"Cyber, IT & Hardware",7,Turing,turing.com,AI-powered remote developer marketplace,
Globant,F1 official partner,"Cyber, IT & Hardware",8,Terminal,terminal.io,Distributed engineering teams platform,
Globant,F1 official partner,"Cyber, IT & Hardware",9,Crossover,crossover.com,Remote tech talent platform,
Globant,F1 official partner,"Cyber, IT & Hardware",10,Gorilla Logic,gorillalogic.com,LatAm nearshore software dev firm,Brillio
Globant,F1 official partner,"Cyber, IT & Hardware",11,Yuxi Global,yuxiglobal.com,Colombia-based dev shop,
Globant,F1 official partner,"Cyber, IT & Hardware",12,Huenei,huenei.com,Argentina-based dev shop,
Globant,F1 official partner,"Cyber, IT & Hardware",13,Nisum,nisum.com,Digital commerce/engineering firm,Brillio
Globant,F1 official partner,"Cyber, IT & Hardware",14,Improving,improving.com,US/Canada digital consultancy,Brillio
Globant,F1 official partner,"Cyber, IT & Hardware",15,Thoughtbot,thoughtbot.com,Product design/dev studio,Brillio
Globant,F1 official partner,"Cyber, IT & Hardware",16,Selleo,selleo.com,Poland-based dev shop,Brillio
Hewlett Packard Enterprise,Mercedes partner,"Cyber, IT & Hardware",1,iXsystems,ixsystems.com,Open-source enterprise storage (TrueNAS),Dell Technologies; NetApp
Hewlett Packard Enterprise,Mercedes partner,"Cyber, IT & Hardware",2,StorPool Storage,storpool.com,Software-defined block storage,
Hewlett Packard Enterprise,Mercedes partner,"Cyber, IT & Hardware",3,Panasas,panasas.com,HPC parallel storage,
Hewlett Packard Enterprise,Mercedes partner,"Cyber, IT & Hardware",4,E8 Storage,e8storage.com,NVMe shared storage startup,
Hewlett Packard Enterprise,Mercedes partner,"Cyber, IT & Hardware",5,StarWind Software,starwindsoftware.com,Hyperconverged/storage software,
Hewlett Packard Enterprise,Mercedes partner,"Cyber, IT & Hardware",6,MinIO,min.io,Open-source object storage,Dell Technologies; IBM; VAST Data
Hewlett Packard Enterprise,Mercedes partner,"Cyber, IT & Hardware",7,Pliops,pliops.com,Storage acceleration processors,
Hewlett Packard Enterprise,Mercedes partner,"Cyber, IT & Hardware",8,Liqid,liqid.com,Composable infrastructure,
Hewlett Packard Enterprise,Mercedes partner,"Cyber, IT & Hardware",9,GigaIO,gigaio.com,Composable infrastructure challenger,
Hewlett Packard Enterprise,Mercedes partner,"Cyber, IT & Hardware",10,Foxconn Industrial Internet,fii-foxconn.com,Server/electronics manufacturer,Dell Technologies; Lenovo
Hewlett Packard Enterprise,Mercedes partner,"Cyber, IT & Hardware",11,Quanta Computer,qct.io,Server ODM challenger,Dell Technologies
Hewlett Packard Enterprise,Mercedes partner,"Cyber, IT & Hardware",12,Wiwynn,wiwynn.com,Server ODM (Wistron subsidiary),Dell Technologies
Hewlett Packard Enterprise,Mercedes partner,"Cyber, IT & Hardware",13,Inventec,inventec.com,Server ODM manufacturer,Dell Technologies
Hewlett Packard Enterprise,Mercedes partner,"Cyber, IT & Hardware",14,MiTAC Holdings,mitac.com,Server hardware maker,Dell Technologies
Hewlett Packard Enterprise,Mercedes partner,"Cyber, IT & Hardware",15,ASRock Rack,asrockrack.com,Server motherboard/hardware maker,Dell Technologies
Hewlett Packard Enterprise,Mercedes partner,"Cyber, IT & Hardware",16,Penguin Computing,penguinsolutions.com,HPC/AI systems integrator,
Hewlett Packard Enterprise,Mercedes partner,"Cyber, IT & Hardware",17,E4 Computer Engineering,e4company.com,Italian HPC systems integrator,
Hewlett Packard Enterprise,Mercedes partner,"Cyber, IT & Hardware",18,Celestica,celestica.com,Contract electronics/server manufacturer,Dell Technologies
Hewlett Packard Enterprise,Mercedes partner,"Cyber, IT & Hardware",19,Sanmina,sanmina.com,Contract electronics manufacturer,Dell Technologies
Hewlett Packard Enterprise,Mercedes partner,"Cyber, IT & Hardware",20,Flex,flex.com,Contract electronics manufacturer,Dell Technologies
Hewlett Packard Enterprise,Mercedes partner,"Cyber, IT & Hardware",21,Advantech,advantech.com,Industrial/embedded computing hardware,
Hewlett Packard Enterprise,Mercedes partner,"Cyber, IT & Hardware",22,TYAN,tyan.com,Server motherboard maker,
HP,Ferrari title partner,"Cyber, IT & Hardware",1,Chuwi,chuwi.com,Budget Chinese laptop/PC challenger,Lenovo
HP,Ferrari title partner,"Cyber, IT & Hardware",2,Tecno (Transsion),tecno-mobile.com,Fast-growing emerging-market device brand,Lenovo
HP,Ferrari title partner,"Cyber, IT & Hardware",3,Infinix,infinixmobility.com,Fast-growing emerging-market device brand,Lenovo
HP,Ferrari title partner,"Cyber, IT & Hardware",4,Colorful Technology,colorful.cn,Chinese PC hardware maker,Lenovo
HP,Ferrari title partner,"Cyber, IT & Hardware",5,Hasee,hasee.com,Chinese laptop brand,Lenovo
HP,Ferrari title partner,"Cyber, IT & Hardware",6,Machenike,machenike.com,Chinese gaming laptop challenger,Lenovo
HP,Ferrari title partner,"Cyber, IT & Hardware",7,Eluktronics,eluktronics.com,US boutique gaming laptop maker,
Keeper Security,Williams partner,"Cyber, IT & Hardware",1,Teleport,goteleport.com,Infra access/PAM challenger,Okta
Keeper Security,Williams partner,"Cyber, IT & Hardware",2,HashiCorp,hashicorp.com,Secrets management (Vault),Okta
Keeper Security,Williams partner,"Cyber, IT & Hardware",3,Doppler,doppler.com,SecretOps/secrets manager,
Keeper Security,Williams partner,"Cyber, IT & Hardware",4,Akeyless,akeyless.io,SaaS secrets & PAM platform,
Keeper Security,Williams partner,"Cyber, IT & Hardware",5,Saviynt,saviynt.com,Identity governance/PAM,Okta
Keeper Security,Williams partner,"Cyber, IT & Hardware",6,Britive,britive.com,Cloud PAM/just-in-time access,Okta
Keeper Security,Williams partner,"Cyber, IT & Hardware",7,Silverfort,silverfort.com,Identity security/unified PAM,Okta
Keeper Security,Williams partner,"Cyber, IT & Hardware",8,Axiad,axiad.com,Passwordless/PKI identity,Okta
Keeper Security,Williams partner,"Cyber, IT & Hardware",9,Passbolt,passbolt.com,Open-source team password manager,
Keeper Security,Williams partner,"Cyber, IT & Hardware",10,mSecure,msecure.com,Consumer/SMB password manager,1Password
Keeper Security,Williams partner,"Cyber, IT & Hardware",11,LogMeOnce,logmeonce.com,Password manager challenger,1Password
Keeper Security,Williams partner,"Cyber, IT & Hardware",12,Passwork,passwork.pro,Team password manager,1Password
Keeper Security,Williams partner,"Cyber, IT & Hardware",13,Uniqkey,uniqkey.eu,European business password manager,1Password
Keeper Security,Williams partner,"Cyber, IT & Hardware",14,Psono,psono.com,Open-source password/secrets manager,1Password
Keeper Security,Williams partner,"Cyber, IT & Hardware",15,Vaultwarden,github.com/dani-garcia/vaultwarden,Open-source Bitwarden-compatible server,1Password
Keeper Security,Williams partner,"Cyber, IT & Hardware",16,Bravura Security,bravurasecurity.com,Identity/PAM (ex-Hitachi ID),1Password
Keeper Security,Williams partner,"Cyber, IT & Hardware",17,Netwrix,netwrix.com,Identity & data security governance,1Password
Keeper Security,Williams partner,"Cyber, IT & Hardware",18,Cyolo,cyolo.io,Zero-trust secure access,
Keeper Security,Williams partner,"Cyber, IT & Hardware",19,Tailscale,tailscale.com,Zero-trust mesh network access,Okta
Keeper Security,Williams partner,"Cyber, IT & Hardware",20,Foxpass,foxpass.com,Cloud RADIUS/LDAP & SSH key mgmt,Okta
Lenovo,F1 global partner; Canadian/Austrian/Hungarian GP title,"Cyber, IT & Hardware",1,Walton,waltonbd.com,Bangladeshi electronics/PC challenger,HP
Lenovo,F1 global partner; Canadian/Austrian/Hungarian GP title,"Cyber, IT & Hardware",2,Micromax,micromaxinfo.com,Indian electronics/PC brand,HP
Lenovo,F1 global partner; Canadian/Austrian/Hungarian GP title,"Cyber, IT & Hardware",3,iBall,iball.co.in,Indian computer hardware brand,HP
Lenovo,F1 global partner; Canadian/Austrian/Hungarian GP title,"Cyber, IT & Hardware",4,Avita,avita.com.cn,Budget laptop brand,HP
Lenovo,F1 global partner; Canadian/Austrian/Hungarian GP title,"Cyber, IT & Hardware",5,Jumper,jumperlaptop.com,Chinese budget laptop brand,HP
Lenovo,F1 global partner; Canadian/Austrian/Hungarian GP title,"Cyber, IT & Hardware",6,Teclast,teclast.com,Chinese budget laptop/tablet brand,HP
Lenovo,F1 global partner; Canadian/Austrian/Hungarian GP title,"Cyber, IT & Hardware",7,Prestigio,prestigio.com,,
Lenovo,F1 global partner; Canadian/Austrian/Hungarian GP title,"Cyber, IT & Hardware",8,Trekstor,trekstor.de,,
Lenovo,F1 global partner; Canadian/Austrian/Hungarian GP title,"Cyber, IT & Hardware",9,Blackview,blackview.hk,,
Mphasis,Haas partner,"Cyber, IT & Hardware",1,Happiest Minds Technologies,happiestminds.com,Fast-growing Indian digital IT services,Cognizant; DXC Technology; NTT DATA
Mphasis,Haas partner,"Cyber, IT & Hardware",2,Mastek,mastek.com,Indian enterprise IT services,Cognizant; DXC Technology; NTT DATA
Mphasis,Haas partner,"Cyber, IT & Hardware",3,R Systems International,rsystems.com,Indian IT services firm,Cognizant; DXC Technology; NTT DATA
Mphasis,Haas partner,"Cyber, IT & Hardware",4,eClerx,eclerx.com,Process management/IT-BPO services,Cognizant; DXC Technology; NTT DATA
Mphasis,Haas partner,"Cyber, IT & Hardware",5,Newgen Software,newgensoft.com,Indian BPM/IT software firm,
Mphasis,Haas partner,"Cyber, IT & Hardware",6,Intellect Design Arena,intellectdesign.com,Indian fintech/IT software firm,
Mphasis,Haas partner,"Cyber, IT & Hardware",7,Nucleus Software,nucleussoftware.com,Indian BFSI software firm,
Mphasis,Haas partner,"Cyber, IT & Hardware",8,Quess Corp,quesscorp.com,Indian staffing/IT services firm,
Mphasis,Haas partner,"Cyber, IT & Hardware",9,Trigent Software,trigent.com,Indian IT services firm,Akkodis; Cognizant; DXC Technology
Mphasis,Haas partner,"Cyber, IT & Hardware",10,Indium Software,indiumsoftware.com,QA/digital engineering firm,Akkodis; Cognizant; DXC Technology
Mphasis,Haas partner,"Cyber, IT & Hardware",11,QBurst,qburst.com,Digital product engineering firm,Cognizant; DXC Technology
Mphasis,Haas partner,"Cyber, IT & Hardware",12,Marlabs,marlabs.com,Digital transformation firm,Cognizant; DXC Technology
NinjaOne,Audi F1 partner,"Cyber, IT & Hardware",1,LogicMonitor,logicmonitor.com,IT infrastructure monitoring platform,ServiceNow
NinjaOne,Audi F1 partner,"Cyber, IT & Hardware",2,Hudu,usehudu.com,MSP documentation software,
NinjaOne,Audi F1 partner,"Cyber, IT & Hardware",3,Liongard,liongard.com,MSP IT documentation & detection platform,
NinjaOne,Audi F1 partner,"Cyber, IT & Hardware",4,Pax8,pax8.com,Cloud marketplace for MSPs,
NinjaOne,Audi F1 partner,"Cyber, IT & Hardware",5,Axcient,axcient.com,MSP backup/BCDR provider,
NinjaOne,Audi F1 partner,"Cyber, IT & Hardware",6,Arcserve,arcserve.com,Backup/disaster recovery vendor,NetApp
NinjaOne,Audi F1 partner,"Cyber, IT & Hardware",7,MSP360,msp360.com,Backup/RMM for MSPs,
NinjaOne,Audi F1 partner,"Cyber, IT & Hardware",8,SmartDeploy,smartdeploy.com,Endpoint imaging/deployment for MSPs,
NinjaOne,Audi F1 partner,"Cyber, IT & Hardware",9,Tactical RMM,tacticalrmm.com,Open-source RMM tool,
NinjaOne,Audi F1 partner,"Cyber, IT & Hardware",10,Impero Connect,imperosoftware.com,Remote support software,
NinjaOne,Audi F1 partner,"Cyber, IT & Hardware",11,HaloPSA,halopsa.com,PSA platform for MSPs,
NinjaOne,Audi F1 partner,"Cyber, IT & Hardware",12,SherWeb,sherweb.com,Cloud/MSP distributor,
NinjaOne,Audi F1 partner,"Cyber, IT & Hardware",13,Gradient MSP,gradientmsp.com,MSP business intelligence startup,
NinjaOne,Audi F1 partner,"Cyber, IT & Hardware",14,ConnectBooster,connectbooster.com,MSP billing automation,
NinjaOne,Audi F1 partner,"Cyber, IT & Hardware",15,Invarosoft,invarosoft.com,MSP client engagement platform,
NinjaOne,Audi F1 partner,"Cyber, IT & Hardware",16,CloudRadial,cloudradial.com,MSP client portal platform,
NinjaOne,Audi F1 partner,"Cyber, IT & Hardware",17,ScalePad,scalepad.com,MSP asset/lifecycle management,
NinjaOne,Audi F1 partner,"Cyber, IT & Hardware",18,Augmentt,augmentt.com,SaaS management for MSPs,
NinjaOne,Audi F1 partner,"Cyber, IT & Hardware",19,Kandji,kandji.io,Apple device management platform,
NinjaOne,Audi F1 partner,"Cyber, IT & Hardware",20,Mosyle,mosyle.com,Apple device management platform,
NTT DATA,F1 IT services partner,"Cyber, IT & Hardware",1,CACI International,caci.com,US govt IT/defense services contractor,
NTT DATA,F1 IT services partner,"Cyber, IT & Hardware",2,SAIC (Science Applications International Corp),saic.com,US govt IT contractor,
NTT DATA,F1 IT services partner,"Cyber, IT & Hardware",3,Leidos,leidos.com,US govt IT/defense services contractor,
NTT DATA,F1 IT services partner,"Cyber, IT & Hardware",4,ManTech International,mantech.com,US govt IT/defense services contractor,
NTT DATA,F1 IT services partner,"Cyber, IT & Hardware",5,Peraton,peraton.com,US govt IT/defense services contractor,
NTT DATA,F1 IT services partner,"Cyber, IT & Hardware",6,Parsons Corporation,parsons.com,Govt/infrastructure IT contractor,
NTT DATA,F1 IT services partner,"Cyber, IT & Hardware",7,ICF International,icf.com,Govt/commercial consulting firm,
NTT DATA,F1 IT services partner,"Cyber, IT & Hardware",8,Maximus,maximus.com,Govt services/BPO provider,
NTT DATA,F1 IT services partner,"Cyber, IT & Hardware",9,Nomura Research Institute (NRI),nri.com,Major Japanese IT services firm,
NTT DATA,F1 IT services partner,"Cyber, IT & Hardware",10,TIS Inc,tis.co.jp,Japanese IT services firm,
NTT DATA,F1 IT services partner,"Cyber, IT & Hardware",11,Itochu Techno-Solutions (CTC),ctc-g.co.jp,Japanese IT services firm,
NTT DATA,F1 IT services partner,"Cyber, IT & Hardware",12,Obic Corporation,obic.co.jp,Japanese ERP/IT firm,
NTT DATA,F1 IT services partner,"Cyber, IT & Hardware",13,SCSK Corporation,scsk.jp,Japanese IT services firm (Sumitomo),
NTT DATA,F1 IT services partner,"Cyber, IT & Hardware",14,NS Solutions,ns-sol.co.jp,Japanese IT services firm (Nippon Steel),
NTT DATA,F1 IT services partner,"Cyber, IT & Hardware",15,V2Soft,v2soft.com,Govt/enterprise IT services firm,
Okta,McLaren partner,"Cyber, IT & Hardware",1,Descope,descope.com,Auth/passwordless platform,1Password; Keeper Security
Okta,McLaren partner,"Cyber, IT & Hardware",2,Stytch,stytch.com,Developer auth platform,1Password; Keeper Security
Okta,McLaren partner,"Cyber, IT & Hardware",3,WorkOS,workos.com,Enterprise auth infrastructure,1Password; Keeper Security
Okta,McLaren partner,"Cyber, IT & Hardware",4,Cerbos,cerbos.dev,Open-source authorization platform,
Okta,McLaren partner,"Cyber, IT & Hardware",5,Aserto,aserto.com,Fine-grained authorization platform,
Okta,McLaren partner,"Cyber, IT & Hardware",6,Authress,authress.io,Authorization-as-a-service,
Okta,McLaren partner,"Cyber, IT & Hardware",7,SGNL,sgnl.ai,Identity security/access platform,
Okta,McLaren partner,"Cyber, IT & Hardware",8,Strata Identity,strata.io,Identity orchestration,
Okta,McLaren partner,"Cyber, IT & Hardware",9,Indykite,indykite.com,Identity knowledge graph startup,
Okta,McLaren partner,"Cyber, IT & Hardware",10,Omada,omadaidentity.com,Identity governance,Keeper Security
Okta,McLaren partner,"Cyber, IT & Hardware",11,Clear Skye,clearskye.com,ServiceNow-native identity governance,Keeper Security
Okta,McLaren partner,"Cyber, IT & Hardware",12,Veza,veza.com,Access/identity security platform,
Okta,McLaren partner,"Cyber, IT & Hardware",13,Oleria,oleria.com,Adaptive identity security startup,
Okta,McLaren partner,"Cyber, IT & Hardware",14,Rezonate,rezonate.io,Identity threat detection & response,
Okta,McLaren partner,"Cyber, IT & Hardware",15,Grip Security,grip.security,SaaS identity security,
Okta,McLaren partner,"Cyber, IT & Hardware",16,Opal Security,opal.dev,Least-privilege access management,
Okta,McLaren partner,"Cyber, IT & Hardware",17,Cerby,cerby.com,Non-human/shadow-IT identity security,
Palo Alto Networks,F1 cybersecurity partner,"Cyber, IT & Hardware",1,A10 Networks,a10networks.com,Application/network security & DDoS,
Palo Alto Networks,F1 cybersecurity partner,"Cyber, IT & Hardware",2,Corero Network Security,corero.com,DDoS protection specialist,
Palo Alto Networks,F1 cybersecurity partner,"Cyber, IT & Hardware",3,Radware,radware.com,App/network security & DDoS,
Palo Alto Networks,F1 cybersecurity partner,"Cyber, IT & Hardware",4,Imperva,imperva.com,WAF/application & data security,
Palo Alto Networks,F1 cybersecurity partner,"Cyber, IT & Hardware",5,Contrast Security,contrastsecurity.com,Application security (IAST/RASP),
Palo Alto Networks,F1 cybersecurity partner,"Cyber, IT & Hardware",6,Checkmarx,checkmarx.com,Application security testing,
Palo Alto Networks,F1 cybersecurity partner,"Cyber, IT & Hardware",7,Veracode,veracode.com,Application security testing,
Palo Alto Networks,F1 cybersecurity partner,"Cyber, IT & Hardware",8,Invicti Security,invicti.com,Dynamic application security testing,
Palo Alto Networks,F1 cybersecurity partner,"Cyber, IT & Hardware",9,StackHawk,stackhawk.com,DevSecOps app security testing,
Palo Alto Networks,F1 cybersecurity partner,"Cyber, IT & Hardware",10,Endor Labs,endorlabs.com,Software supply chain security,
Palo Alto Networks,F1 cybersecurity partner,"Cyber, IT & Hardware",11,Chainguard,chainguard.dev,Software supply chain security,
Palo Alto Networks,F1 cybersecurity partner,"Cyber, IT & Hardware",12,Socket,socket.dev,Open-source supply chain security,
Palo Alto Networks,F1 cybersecurity partner,"Cyber, IT & Hardware",13,Phylum,phylum.io,Software supply chain risk detection,
Palo Alto Networks,F1 cybersecurity partner,"Cyber, IT & Hardware",14,GreyNoise,greynoise.io,Internet threat intelligence,
Palo Alto Networks,F1 cybersecurity partner,"Cyber, IT & Hardware",15,Team Cymru,team-cymru.com,Threat intelligence provider,
Palo Alto Networks,F1 cybersecurity partner,"Cyber, IT & Hardware",16,Censys,censys.io,Attack surface/internet intelligence,
Palo Alto Networks,F1 cybersecurity partner,"Cyber, IT & Hardware",17,Balbix,balbix.com,Risk-based vulnerability management,
Palo Alto Networks,F1 cybersecurity partner,"Cyber, IT & Hardware",18,Axonius,axonius.com,Cyber asset attack surface mgmt,
Palo Alto Networks,F1 cybersecurity partner,"Cyber, IT & Hardware",19,JupiterOne,jupiterone.com,Cyber asset attack surface mgmt,
Palo Alto Networks,F1 cybersecurity partner,"Cyber, IT & Hardware",20,CardinalOps,cardinalops.com,Detection posture management,
Palo Alto Networks,F1 cybersecurity partner,"Cyber, IT & Hardware",21,Orca Security,orca.security,Cloud security posture/CNAPP,
Palo Alto Networks,F1 cybersecurity partner,"Cyber, IT & Hardware",22,Aqua Security,aquasec.com,Cloud-native application security,
Palo Alto Networks,F1 cybersecurity partner,"Cyber, IT & Hardware",23,Sysdig,sysdig.com,Cloud & container security,
SEALSQ,Alpine partner,"Cyber, IT & Hardware",1,Post-Quantum,post-quantum.com,Quantum-safe cryptography vendor (UK),
SEALSQ,Alpine partner,"Cyber, IT & Hardware",2,Sandbox AQ,sandboxaq.com,Quantum-safe security (Alphabet spinout),
SEALSQ,Alpine partner,"Cyber, IT & Hardware",3,QuSecure,qusecure.com,Quantum-safe networking startup,
SEALSQ,Alpine partner,"Cyber, IT & Hardware",4,Qrypt,qrypt.com,Quantum-safe encryption key generation,
SEALSQ,Alpine partner,"Cyber, IT & Hardware",5,evolutionQ,evolutionq.com,Quantum-safe security (Canada),
SEALSQ,Alpine partner,"Cyber, IT & Hardware",6,Quside,quside.com,Quantum random number generators (Spain),
SEALSQ,Alpine partner,"Cyber, IT & Hardware",7,QuintessenceLabs,quintessencelabs.com,Quantum security (Australia),
SEALSQ,Alpine partner,"Cyber, IT & Hardware",8,Arqit Quantum,arqit.uk,"Quantum encryption (public co, UK)",
SEALSQ,Alpine partner,"Cyber, IT & Hardware",9,ISARA Corporation,isara.com,Quantum-safe cryptography vendor,
SEALSQ,Alpine partner,"Cyber, IT & Hardware",10,CryptoNext Security,cryptonext-security.com,Post-quantum cryptography (France),
SEALSQ,Alpine partner,"Cyber, IT & Hardware",11,Secure-IC,secure-ic.com,Embedded security IP vendor (France),
SEALSQ,Alpine partner,"Cyber, IT & Hardware",12,PUFsecurity,pufsecurity.com,PUF-based security chip vendor (Taiwan),
SEALSQ,Alpine partner,"Cyber, IT & Hardware",13,Onespan,onespan.com,Digital security/authentication (ex-Vasco),
SEALSQ,Alpine partner,"Cyber, IT & Hardware",14,Idex Biometrics,idexbiometrics.com,Biometric secure chip vendor (Norway),
SEALSQ,Alpine partner,"Cyber, IT & Hardware",15,Fingerprint Cards,fingerprints.com,Biometric sensor chipmaker (Sweden),
SEALSQ,Alpine partner,"Cyber, IT & Hardware",16,Precise Biometrics,precisebiometrics.com,Biometric security vendor (Sweden),
SEALSQ,Alpine partner,"Cyber, IT & Hardware",17,Trusted Objects,trusted-objects.com,IoT embedded security vendor (France),
SEALSQ,Alpine partner,"Cyber, IT & Hardware",18,Riscure,riscure.com,Embedded security testing/services (Netherlands),
Snapdragon (Qualcomm),Mercedes partner,"Cyber, IT & Hardware",1,Actions Semiconductor,actions-semi.com,Chinese SoC maker (wearables/IoT),
Snapdragon (Qualcomm),Mercedes partner,"Cyber, IT & Hardware",2,Allwinner Technology,allwinnertech.com,Chinese SoC maker (tablets/IoT),
Snapdragon (Qualcomm),Mercedes partner,"Cyber, IT & Hardware",3,Amlogic,amlogic.com,Chinese SoC maker (smart TV/STB),
Snapdragon (Qualcomm),Mercedes partner,"Cyber, IT & Hardware",4,Ingenic Semiconductor,ingenic.com,Chinese SoC/IoT chipmaker,
Snapdragon (Qualcomm),Mercedes partner,"Cyber, IT & Hardware",5,Realtek Semiconductor,realtek.com,Taiwanese networking/audio chipmaker,Arm (SoftBank Group)
Snapdragon (Qualcomm),Mercedes partner,"Cyber, IT & Hardware",6,Novatek Microelectronics,novatek.com.tw,Display driver IC maker,Arm (SoftBank Group)
Snapdragon (Qualcomm),Mercedes partner,"Cyber, IT & Hardware",7,Himax Technologies,himax.com.tw,Display driver IC maker,
Snapdragon (Qualcomm),Mercedes partner,"Cyber, IT & Hardware",8,Goodix Technology,goodix.com,Biometric/touch chip maker (China),Arm (SoftBank Group)
Snapdragon (Qualcomm),Mercedes partner,"Cyber, IT & Hardware",9,Will Semiconductor,wsemi.com,Image sensor chipmaker (China),
Snapdragon (Qualcomm),Mercedes partner,"Cyber, IT & Hardware",10,GigaDevice Semiconductor,gigadevice.com,Memory/MCU chipmaker (China),Arm (SoftBank Group)
Snapdragon (Qualcomm),Mercedes partner,"Cyber, IT & Hardware",11,Eswin Computing,eswincomputing.com,Chinese SoC/RISC-V chipmaker,
Snapdragon (Qualcomm),Mercedes partner,"Cyber, IT & Hardware",12,Bouffalo Lab,bouffalolab.com,RISC-V IoT chip startup,Arm (SoftBank Group)
Snapdragon (Qualcomm),Mercedes partner,"Cyber, IT & Hardware",13,StarFive,starfivetech.com,RISC-V SoC challenger (China),Arm (SoftBank Group)
Snapdragon (Qualcomm),Mercedes partner,"Cyber, IT & Hardware",14,Astera Labs,asteralabs.com,AI datacenter connectivity chipmaker,AMD
Solera,Mercedes partner,"Cyber, IT & Hardware",1,Motorq,motorq.com,Fleet/vehicle data telematics startup,
Solera,Mercedes partner,"Cyber, IT & Hardware",2,Xevo,xevo.com,Connected car data platform,
Solera,Mercedes partner,"Cyber, IT & Hardware",3,Smartcar,smartcar.com,Vehicle data API platform startup,
Solera,Mercedes partner,"Cyber, IT & Hardware",4,Fleet Complete,fleetcomplete.com,Fleet telematics provider,
Solera,Mercedes partner,"Cyber, IT & Hardware",5,Zubie,zubie.com,Fleet telematics challenger,
Solera,Mercedes partner,"Cyber, IT & Hardware",6,Azuga,azuga.com,Fleet telematics provider (Bridgestone),
Solera,Mercedes partner,"Cyber, IT & Hardware",7,GPS Insight,gpsinsight.com,Fleet management software,
Solera,Mercedes partner,"Cyber, IT & Hardware",8,Whip Around,whiparound.com,Fleet inspection software startup,
Solera,Mercedes partner,"Cyber, IT & Hardware",9,Rhino Fleet Tracking,rhinofleettracking.com,Fleet telematics challenger,
Solera,Mercedes partner,"Cyber, IT & Hardware",10,Platform Science,platformscience.com,Connected trucking vehicle platform,
Solera,Mercedes partner,"Cyber, IT & Hardware",11,Snapsheet,snapsheetclaims.com,AI/virtual claims estimating challenger,
Solera,Mercedes partner,"Cyber, IT & Hardware",12,Claim Genius,claimgenius.com,AI vehicle damage assessment startup,
Solera,Mercedes partner,"Cyber, IT & Hardware",13,Inspektlabs,inspektlabs.com,AI vehicle inspection startup (India),
Solera,Mercedes partner,"Cyber, IT & Hardware",14,Monk AI,monk.ai,AI vehicle damage assessment startup (France),
Solera,Mercedes partner,"Cyber, IT & Hardware",15,Ravin AI,ravin.ai,AI vehicle damage detection startup (Israel),
Solera,Mercedes partner,"Cyber, IT & Hardware",16,Shift Technology,shift-technology.com,AI insurance claims fraud detection,
Solera,Mercedes partner,"Cyber, IT & Hardware",17,Cape Analytics,capeanalytics.com,Property risk/aerial imagery insurtech,
Solera,Mercedes partner,"Cyber, IT & Hardware",18,Charlee.ai,charlee.ai,AI claims automation startup,
Solera,Mercedes partner,"Cyber, IT & Hardware",19,Five Sigma,fivesigma.com,Claims management software startup,
Solera,Mercedes partner,"Cyber, IT & Hardware",20,EvolutionIQ,evolutioniq.com,AI disability/claims insurtech,
Solera,Mercedes partner,"Cyber, IT & Hardware",21,Applied Systems,appliedsystems.com,Insurance agency management software,
Solera,Mercedes partner,"Cyber, IT & Hardware",22,Vertafore,vertafore.com,Insurance agency management software,
Solera,Mercedes partner,"Cyber, IT & Hardware",23,Duck Creek Technologies,duckcreek.com,Insurance core systems software,
Solera,Mercedes partner,"Cyber, IT & Hardware",24,Sapiens International,sapiens.com,Insurance software vendor,
Solera,Mercedes partner,"Cyber, IT & Hardware",25,Insurity,insurity.com,Insurance core systems software,
Xerox,Aston Martin partner,"Cyber, IT & Hardware",1,Sindoh,sindoh.com,Korean printer/copier maker,
Xerox,Aston Martin partner,"Cyber, IT & Hardware",2,Katun Corporation,katun.com,Print supplies/toner challenger,
Xerox,Aston Martin partner,"Cyber, IT & Hardware",3,Static Control Components,scc-inc.com,Print supplies manufacturer,
Xerox,Aston Martin partner,"Cyber, IT & Hardware",4,Clover Imaging Group,cloverimaging.com,Remanufactured toner/print supplies,
Xerox,Aston Martin partner,"Cyber, IT & Hardware",5,Xante Corporation,xante.com,Specialty printer maker,
Xerox,Aston Martin partner,"Cyber, IT & Hardware",6,Duplo International,duplo.co.uk,Print finishing equipment,
Xerox,Aston Martin partner,"Cyber, IT & Hardware",7,Primera Technology,primera.com,Specialty label/color printers,
Xerox,Aston Martin partner,"Cyber, IT & Hardware",8,Memjet,memjet.com,Inkjet print technology licensor,
Xerox,Aston Martin partner,"Cyber, IT & Hardware",9,Mimaki Engineering,mimaki.com,Large-format printer maker,
Xerox,Aston Martin partner,"Cyber, IT & Hardware",10,Mutoh Holdings,mutoh.com,Large-format printer maker,
Xerox,Aston Martin partner,"Cyber, IT & Hardware",11,Screen Holdings,screen-holdings.co.jp,Print/imaging equipment maker,
Xerox,Aston Martin partner,"Cyber, IT & Hardware",12,Heidelberg (Heidelberger Druckmaschinen),heidelberg.com,Commercial printing press maker,
Xerox,Aston Martin partner,"Cyber, IT & Hardware",13,Koenig & Bauer,koenig-bauer.com,Commercial printing press maker,
Xerox,Aston Martin partner,"Cyber, IT & Hardware",14,Landa Digital Printing,landanano.com,Nanographic digital press innovator,
Xerox,Aston Martin partner,"Cyber, IT & Hardware",15,Markem-Imaje,markem-imaje.com,Industrial coding/marking printers,
Xerox,Aston Martin partner,"Cyber, IT & Hardware",16,Bixolon,bixolon.com,Receipt/label printer maker,
Xerox,Aston Martin partner,"Cyber, IT & Hardware",17,TSC Auto ID Technology,tscprinters.com,Barcode/label printer maker,
Xerox,Aston Martin partner,"Cyber, IT & Hardware",18,Custom S.p.A.,custom.biz,Italian POS printer maker,
Xerox,Aston Martin partner,"Cyber, IT & Hardware",19,SATO Holdings,sato-global.com,Label/barcode printer maker,
Xerox,Aston Martin partner,"Cyber, IT & Hardware",20,Pantum,pantum.com,Chinese budget printer challenger,
Xerox,Aston Martin partner,"Cyber, IT & Hardware",21,Deli Group,deli-global.com,Chinese office supplies/printer maker,
Xerox,Aston Martin partner,"Cyber, IT & Hardware",22,Print-Rite,print-rite.com,Chinese toner/cartridge maker,
Xerox,Aston Martin partner,"Cyber, IT & Hardware",23,Godex International,godexintl.com,Label printer maker,
Xerox,Aston Martin partner,"Cyber, IT & Hardware",24,Wasp Barcode Technologies,waspbarcode.com,Barcode/label printing & asset tracking,
Aggreko,F1 official provider (energy),"Energy, Industrial & Automotive",1,Speedy Hire,speedyhire.com,UK equipment & temporary-power rental company,
Aggreko,F1 official provider (energy),"Energy, Industrial & Automotive",2,Kohler Power,kohlerpower.com,US generator & power-systems manufacturer,
Aggreko,F1 official provider (energy),"Energy, Industrial & Automotive",3,Oshkosh Corporation (JLG),oshkoshcorp.com,US access equipment & specialty vehicle group,
Aggreko,F1 official provider (energy),"Energy, Industrial & Automotive",4,Wärtsilä,wartsila.com,Finnish marine & flexible power-generation technology group,Eni
Aggreko,F1 official provider (energy),"Energy, Industrial & Automotive",5,Innio Group,innio.com,Austrian gas-engine power generation technology group,
Aggreko,F1 official provider (energy),"Energy, Industrial & Automotive",6,Rolls-Royce Power Systems (MTU),mtu-solutions.com,German power-generation engine & systems maker,
Aggreko,F1 official provider (energy),"Energy, Industrial & Automotive",7,2G Energy,2-g.com,German combined-heat-and-power & hydrogen technology maker,Nouryon
Aggreko,F1 official provider (energy),"Energy, Industrial & Automotive",8,Doosan Enerbility,doosanenerbility.com,Korean power & energy equipment manufacturer,
Aggreko,F1 official provider (energy),"Energy, Industrial & Automotive",9,Powin Energy,powin.com,US grid-scale battery energy-storage systems maker,
AkzoNobel (Sikkens),McLaren paint partner,"Energy, Industrial & Automotive",1,Hempel A/S,hempel.com,Danish marine & protective coatings manufacturer,Glasurit (BASF); Sherwin-Williams
AkzoNobel (Sikkens),McLaren paint partner,"Energy, Industrial & Automotive",2,Teknos Group,teknos.com,Finnish industrial & decorative coatings group,Glasurit (BASF); Sherwin-Williams
AkzoNobel (Sikkens),McLaren paint partner,"Energy, Industrial & Automotive",3,Beckers Group,beckers-group.com,Swedish industrial coatings specialist,Glasurit (BASF); Sherwin-Williams
AkzoNobel (Sikkens),McLaren paint partner,"Energy, Industrial & Automotive",4,Caparol (DAW Group),caparol.de,German architectural & industrial coatings maker,Sherwin-Williams
AkzoNobel (Sikkens),McLaren paint partner,"Energy, Industrial & Automotive",5,HMG Paints,hmgpaint.com,Independent UK specialist coatings manufacturer,Sherwin-Williams
Alpine / Renault Group,Alpine works team owner,"Energy, Industrial & Automotive",1,Peugeot,peugeot.com,French mass-market automaker (Stellantis),Ford
Alpine / Renault Group,Alpine works team owner,"Energy, Industrial & Automotive",2,Citroën,citroen.com,French mass-market automaker (Stellantis),Ford
Alpine / Renault Group,Alpine works team owner,"Energy, Industrial & Automotive",3,Opel,opel.com,German mass-market automaker (Stellantis),Ford
Alpinestars,McLaren partner; Alpine/Haas/Cadillac racewear partner,"Energy, Industrial & Automotive",1,Held,held.de,German premium motorcycle/racewear manufacturer,Bell Racing Helmets; Schuberth; Sparco
Alpinestars,McLaren partner; Alpine/Haas/Cadillac racewear partner,"Energy, Industrial & Automotive",2,Furygan,furygan.com,French motorcycle racewear manufacturer,Sparco
Alpinestars,McLaren partner; Alpine/Haas/Cadillac racewear partner,"Energy, Industrial & Automotive",3,Spidi,spidi.com,Italian motorcycle racewear manufacturer,Sparco
Alpinestars,McLaren partner; Alpine/Haas/Cadillac racewear partner,"Energy, Industrial & Automotive",4,Klim,klim.com,US adventure/off-road technical gear manufacturer,Sparco
Alpinestars,McLaren partner; Alpine/Haas/Cadillac racewear partner,"Energy, Industrial & Automotive",5,Troy Lee Designs,troyleedesigns.com,US moto & MTB protective apparel brand,Bell Racing Helmets; Sparco
Alpinestars,McLaren partner; Alpine/Haas/Cadillac racewear partner,"Energy, Industrial & Automotive",6,Fly Racing,flyracing.com,US motocross apparel & gear brand,Sparco
Alpinestars,McLaren partner; Alpine/Haas/Cadillac racewear partner,"Energy, Industrial & Automotive",7,Thor Motocross,thormx.com,US motocross apparel & gear brand,Sparco
Alpinestars,McLaren partner; Alpine/Haas/Cadillac racewear partner,"Energy, Industrial & Automotive",8,O'Neal,oneal.eu,German motocross apparel & gear brand,Sparco
Alpinestars,McLaren partner; Alpine/Haas/Cadillac racewear partner,"Energy, Industrial & Automotive",9,Answer Racing,answerracing.com,US motocross apparel & gear brand,Sparco
Alpinestars,McLaren partner; Alpine/Haas/Cadillac racewear partner,"Energy, Industrial & Automotive",10,Leatt,leatt.com,South African/Dutch protective racewear technology brand,
Alpinestars,McLaren partner; Alpine/Haas/Cadillac racewear partner,"Energy, Industrial & Automotive",11,Bering,bering.fr,French motorcycle apparel manufacturer,
Aramco,F1 global partner; Aston Martin title partner; Japanese GP title; F2/F3 fuel; F1 Academy partner,"Energy, Industrial & Automotive",1,Pertamina,pertamina.com,"Indonesian state oil & gas major, second-ring NOC peer",Petronas; Shell
Aramco,F1 global partner; Aston Martin title partner; Japanese GP title; F2/F3 fuel; F1 Academy partner,"Energy, Industrial & Automotive",2,Sonatrach,sonatrach.dz,Algeria's state hydrocarbons giant,Eni
Aramco,F1 global partner; Aston Martin title partner; Japanese GP title; F2/F3 fuel; F1 Academy partner,"Energy, Industrial & Automotive",3,NNPC Limited,nnpcgroup.com,Nigeria's state energy company,
Aramco,F1 global partner; Aston Martin title partner; Japanese GP title; F2/F3 fuel; F1 Academy partner,"Energy, Industrial & Automotive",4,Sonangol,sonangol.co.ao,Angola's national oil company,Eni
Aramco,F1 global partner; Aston Martin title partner; Japanese GP title; F2/F3 fuel; F1 Academy partner,"Energy, Industrial & Automotive",5,KazMunayGas,kmg.kz,Kazakhstan's state oil & gas major,Petronas
Aramco,F1 global partner; Aston Martin title partner; Japanese GP title; F2/F3 fuel; F1 Academy partner,"Energy, Industrial & Automotive",6,SOCAR,socar.az,Azerbaijan's state oil company,Petronas
Aramco,F1 global partner; Aston Martin title partner; Japanese GP title; F2/F3 fuel; F1 Academy partner,"Energy, Industrial & Automotive",7,Bapco Energies,bapco.net,Bahrain's national energy company,
Aramco,F1 global partner; Aston Martin title partner; Japanese GP title; F2/F3 fuel; F1 Academy partner,"Energy, Industrial & Automotive",8,Masdar,masdar.ae,UAE state clean-energy developer,
Aston Martin Lagonda,Team parent brand,"Energy, Industrial & Automotive",1,Alfa Romeo,alfaromeo.com,Italian performance/luxury automaker (Stellantis),Alpine / Renault Group; Audi (Volkswagen Group); Ford; General Motors / Cadillac
Aston Martin Lagonda,Team parent brand,"Energy, Industrial & Automotive",2,DS Automobiles,dsautomobiles.com,French premium automaker (Stellantis),Alpine / Renault Group
Aston Martin Lagonda,Team parent brand,"Energy, Industrial & Automotive",3,Lucid Motors,lucidmotors.com,US luxury electric vehicle maker,Audi (Volkswagen Group); Ford; General Motors / Cadillac
Aston Martin Lagonda,Team parent brand,"Energy, Industrial & Automotive",4,Zeekr,zeekrlife.com,Chinese premium electric vehicle maker,Audi (Volkswagen Group)
Aston Martin Lagonda,Team parent brand,"Energy, Industrial & Automotive",5,NIO,nio.com,Chinese premium electric vehicle maker,Audi (Volkswagen Group); General Motors / Cadillac
Audi (Volkswagen Group),Works team owner,"Energy, Industrial & Automotive",1,Škoda Auto,skoda-auto.com,Czech mass-market automaker (Volkswagen Group),Alpine / Renault Group
Audi (Volkswagen Group),Works team owner,"Energy, Industrial & Automotive",2,SEAT/Cupra,cupraofficial.com,Spanish mass-market/performance automaker (Volkswagen Group),Alpine / Renault Group
BBS Wheels,Ferrari partner (wheels),"Energy, Industrial & Automotive",1,Rotiform,rotiform.com,US custom & performance alloy wheels brand,
BBS Wheels,Ferrari partner (wheels),"Energy, Industrial & Automotive",2,Borbet,borbet.de,German OEM & aftermarket alloy wheel manufacturer,
BBS Wheels,Ferrari partner (wheels),"Energy, Industrial & Automotive",3,ALUTEC,alutec-wheels.com,German aftermarket alloy wheel manufacturer,
BBS Wheels,Ferrari partner (wheels),"Energy, Industrial & Automotive",4,Ronal Group,ronal-group.com,Swiss/German OEM & aftermarket wheel manufacturer,
BBS Wheels,Ferrari partner (wheels),"Energy, Industrial & Automotive",5,Advanti Racing,advantiwheels.com,US performance alloy wheels brand,
BBS Wheels,Ferrari partner (wheels),"Energy, Industrial & Automotive",6,TSW Alloy Wheels,tswalloywheels.com,UK/global performance alloy wheels brand,
BBS Wheels,Ferrari partner (wheels),"Energy, Industrial & Automotive",7,Superior Industries International,supind.com,US OEM aluminum wheel manufacturer,
BBS Wheels,Ferrari partner (wheels),"Energy, Industrial & Automotive",8,CITIC Dicastal,dicastal.com,World's largest automotive wheel manufacturer (China),
BBS Wheels,Ferrari partner (wheels),"Energy, Industrial & Automotive",9,Maxion Wheels,maxionwheels.com,Global OEM steel & aluminum wheel manufacturer,
BBS Wheels,Ferrari partner (wheels),"Energy, Industrial & Automotive",10,Weds Wheels,weds.co.jp,Japanese performance alloy wheel manufacturer,
BBS Wheels,Ferrari partner (wheels),"Energy, Industrial & Automotive",11,SSR Wheels,ssr-wheel.com,Japanese performance alloy wheel manufacturer,
BBS Wheels,Ferrari partner (wheels),"Energy, Industrial & Automotive",12,Titan International,titan-intl.com,US off-highway & industrial wheel manufacturer,
Bell Racing Helmets,Ferrari partner; Audi partner,"Energy, Industrial & Automotive",1,Suomy,suomy.com,Italian motorcycle & racing helmet manufacturer,Schuberth
Bell Racing Helmets,Ferrari partner; Audi partner,"Energy, Industrial & Automotive",2,MT Helmets,mthelmets.com,Spanish motorcycle helmet manufacturer,Schuberth
Bell Racing Helmets,Ferrari partner; Audi partner,"Energy, Industrial & Automotive",3,LS2 Helmets,ls2helmets.com,Spanish/Chinese motorcycle helmet manufacturer,Schuberth
Bell Racing Helmets,Ferrari partner; Audi partner,"Energy, Industrial & Automotive",4,Shark Helmets,shark-helmets.com,French motorcycle helmet manufacturer,Schuberth
Bell Racing Helmets,Ferrari partner; Audi partner,"Energy, Industrial & Automotive",5,Just1 Racing,just1-racing.com,Italian motocross helmet manufacturer,Schuberth
Bell Racing Helmets,Ferrari partner; Audi partner,"Energy, Industrial & Automotive",6,Airoh,airoh.com,Italian motorcycle & motocross helmet manufacturer,Schuberth
Bell Racing Helmets,Ferrari partner; Audi partner,"Energy, Industrial & Automotive",7,OGK Kabuto,ogk-kabuto.co.jp,Japanese motorcycle helmet manufacturer,Schuberth
bp / Castrol,Audi F1 fuel & lubricants partner; Ferrari heritage,"Energy, Industrial & Automotive",1,Galp Energia,galp.com,European integrated energy peer,Aramco; Eni; Shell
bp / Castrol,Audi F1 fuel & lubricants partner; Ferrari heritage,"Energy, Industrial & Automotive",2,Cepsa,cepsa.com,Spanish integrated energy & lubricants group,Aramco; Eni; Shell
bp / Castrol,Audi F1 fuel & lubricants partner; Ferrari heritage,"Energy, Industrial & Automotive",3,Neste,neste.com,"Renewable diesel/SAF leader, transition peer",Aramco; Eni; Petronas; Shell
bp / Castrol,Audi F1 fuel & lubricants partner; Ferrari heritage,"Energy, Industrial & Automotive",4,Suncor Energy,suncor.com,Canadian integrated oil major,Aramco; Shell
bp / Castrol,Audi F1 fuel & lubricants partner; Ferrari heritage,"Energy, Industrial & Automotive",5,Panolin,panolin.com,Swiss biodegradable lubricants specialist,Gulf Oil International; Liqui Moly; Motul; Petronas; Valvoline (Aramco)
bp / Castrol,Audi F1 fuel & lubricants partner; Ferrari heritage,"Energy, Industrial & Automotive",6,Klüber Lubrication,klueber.com,German specialty industrial lubricants maker,Gulf Oil International; Liqui Moly; Lucas Oil; Motul; Petronas; Valvoline (Aramco)
bp / Castrol,Audi F1 fuel & lubricants partner; Ferrari heritage,"Energy, Industrial & Automotive",7,ACWA Power,acwapower.com,Renewables & desalination developer,Aramco
bp / Castrol,Audi F1 fuel & lubricants partner; Ferrari heritage,"Energy, Industrial & Automotive",8,Halliburton,halliburton.com,Global oilfield services major,
bp / Castrol,Audi F1 fuel & lubricants partner; Ferrari heritage,"Energy, Industrial & Automotive",9,Weatherford International,weatherford.com,Global oilfield services company,
Brembo,Ferrari partner (brakes),"Energy, Industrial & Automotive",1,Knorr-Bremse,knorr-bremse.com,German commercial-vehicle & rail braking systems leader,
Brembo,Ferrari partner (brakes),"Energy, Industrial & Automotive",2,TMD Friction,tmdfriction.com,German brake-friction materials manufacturer,
Brembo,Ferrari partner (brakes),"Energy, Industrial & Automotive",3,Wabco (part of ZF),wabco-auto.com,Commercial-vehicle braking & safety systems brand,
Delphi (PHINIA),Alpine partner,"Energy, Industrial & Automotive",1,Friedrich Boysen (Boysen),boysen-online.de,German automotive exhaust & emissions systems manufacturer,Tenneco
DeWalt (Stanley Black & Decker),McLaren partner,"Energy, Industrial & Automotive",1,STIHL,stihl.com,German outdoor power equipment manufacturer,Einhell
DeWalt (Stanley Black & Decker),McLaren partner,"Energy, Industrial & Automotive",2,Husqvarna Group,husqvarnagroup.com,Swedish outdoor power equipment & tools group,Einhell
DeWalt (Stanley Black & Decker),McLaren partner,"Energy, Industrial & Automotive",3,Ingersoll Rand,irco.com,US industrial & pneumatic tools manufacturer,Einhell
DeWalt (Stanley Black & Decker),McLaren partner,"Energy, Industrial & Automotive",4,Wera Tools,wera.de,German precision hand-tool manufacturer,Einhell
DeWalt (Stanley Black & Decker),McLaren partner,"Energy, Industrial & Automotive",5,Knipex,knipex.com,German pliers & hand-tool manufacturer,Einhell
DeWalt (Stanley Black & Decker),McLaren partner,"Energy, Industrial & Automotive",6,Klein Tools,kleintools.com,US professional hand-tool manufacturer,Einhell
DeWalt (Stanley Black & Decker),McLaren partner,"Energy, Industrial & Automotive",7,Channellock,channellock.com,US professional hand-tool manufacturer,Einhell
DeWalt (Stanley Black & Decker),McLaren partner,"Energy, Industrial & Automotive",8,Bahco (SNA Europe),bahco.com,Swedish hand & power tool brand,Einhell
DeWalt (Stanley Black & Decker),McLaren partner,"Energy, Industrial & Automotive",9,Proxxon,proxxon.com,German precision power tool manufacturer,Einhell
DeWalt (Stanley Black & Decker),McLaren partner,"Energy, Industrial & Automotive",10,INGCO Tools,ingcotools.com,Chinese emerging global power tools exporter,
DeWalt (Stanley Black & Decker),McLaren partner,"Energy, Industrial & Automotive",11,Dongcheng Power Tools,dongchengtools.com,Chinese emerging global power tools manufacturer,
Ecolab,McLaren partner,"Energy, Industrial & Automotive",1,Watts Water Technologies,wattswater.com,US water quality & control equipment maker,BWT
Ecolab,McLaren partner,"Energy, Industrial & Automotive",2,Ecowater Systems,ecowater.com,Water treatment & conditioning systems maker,BWT
Ecolab,McLaren partner,"Energy, Industrial & Automotive",3,Aquatech International,aquatech.com,US industrial water & wastewater treatment technology firm,BWT
Ecolab,McLaren partner,"Energy, Industrial & Automotive",4,Acciona Agua,acciona.com,Spanish water treatment & desalination developer,BWT
Ecolab,McLaren partner,"Energy, Industrial & Automotive",5,IDE Technologies,ide-tech.com,Israeli desalination technology leader,BWT
Ecolab,McLaren partner,"Energy, Industrial & Automotive",6,Fluence Corporation,fluencecorp.com,US/Israeli decentralized water treatment technology firm,BWT
Ecolab,McLaren partner,"Energy, Industrial & Automotive",7,Organo Corporation,organo.co.jp,Japanese water treatment engineering firm,BWT
Ecolab,McLaren partner,"Energy, Industrial & Automotive",8,Toray Membrane,water.toray,Japanese advanced membrane technology maker,BWT
Ecolab,McLaren partner,"Energy, Industrial & Automotive",9,Hydranautics,membranes.com,Nitto-owned reverse osmosis membrane technology firm,BWT
Ecolab,McLaren partner,"Energy, Industrial & Automotive",10,Zep Inc,zepinc.com,US industrial & institutional cleaning chemicals maker,
Ecolab,McLaren partner,"Energy, Industrial & Automotive",11,Spartan Chemical Company,spartanchemical.com,US industrial & institutional cleaning chemicals maker,
Ecolab,McLaren partner,"Energy, Industrial & Automotive",12,Katadyn Group,katadyn.com,Swiss water treatment & filtration technology maker,
Einhell,Mercedes partner,"Energy, Industrial & Automotive",1,Positec Group (WORX-adjacent OEM),positecgroup.com,Chinese global power-tool ODM/OEM manufacturer,
Eni,Alpine fuel partner,"Energy, Industrial & Automotive",1,MOL Group,molgroup.info,Hungarian integrated energy major,Aramco; DP World; Shell; bp / Castrol
Eni,Alpine fuel partner,"Energy, Industrial & Automotive",2,PKN Orlen,orlen.pl,Polish integrated energy major,Aramco; Shell; bp / Castrol
Eni,Alpine fuel partner,"Energy, Industrial & Automotive",3,OMV Petrom,omvpetrom.com,Romanian arm of the Austrian energy group,
Eni,Alpine fuel partner,"Energy, Industrial & Automotive",4,Ecopetrol,ecopetrol.com.co,Latin American integrated major,Aramco
Eni,Alpine fuel partner,"Energy, Industrial & Automotive",5,YPF,ypf.com,Latin American integrated energy major,Aramco; Shell
Eni,Alpine fuel partner,"Energy, Industrial & Automotive",6,Vitol,vitol.com,Global independent energy trader,Aramco; Shell; bp / Castrol
Eni,Alpine fuel partner,"Energy, Industrial & Automotive",7,Engie,engie.com,French multi-energy & renewables major,Shell
Eni,Alpine fuel partner,"Energy, Industrial & Automotive",8,Ørsted,orsted.com,European offshore wind leader,Shell; bp / Castrol
Eni,Alpine fuel partner,"Energy, Industrial & Automotive",9,Fortum,fortum.com,Nordic clean-energy utility,
Eni,Alpine fuel partner,"Energy, Industrial & Automotive",10,Statkraft,statkraft.com,Europe's largest renewable energy generator,
Eni,Alpine fuel partner,"Energy, Industrial & Automotive",11,Baker Hughes,bakerhughes.com,Global energy technology company,Shell; bp / Castrol
Eni,Alpine fuel partner,"Energy, Industrial & Automotive",12,SLB,slb.com,Oilfield services technology leader,Aramco
Eni,Alpine fuel partner,"Energy, Industrial & Automotive",13,Naturgy Energy Group,naturgy.com,Spanish gas & electricity utility major,
Eni,Alpine fuel partner,"Energy, Industrial & Automotive",14,EDF (Electricite de France),edf.fr,French integrated power generation & nuclear major,
Ford,Red Bull Racing / Racing Bulls power unit partner (Red Bull Ford Powertrains),"Energy, Industrial & Automotive",1,Stellantis,stellantis.com,"Trans-Atlantic automaker group (Jeep, Peugeot, Chrysler, Fiat)",Alpine / Renault Group; General Motors / Cadillac; Toyota Gazoo Racing (Toyota)
Ford,Red Bull Racing / Racing Bulls power unit partner (Red Bull Ford Powertrains),"Energy, Industrial & Automotive",2,Chrysler,chrysler.com,US legacy automaker (Stellantis),General Motors / Cadillac
Ford,Red Bull Racing / Racing Bulls power unit partner (Red Bull Ford Powertrains),"Energy, Industrial & Automotive",3,Dodge,dodge.com,US performance automaker (Stellantis),General Motors / Cadillac
Ford,Red Bull Racing / Racing Bulls power unit partner (Red Bull Ford Powertrains),"Energy, Industrial & Automotive",4,Jeep,jeep.com,US SUV/off-road automaker (Stellantis),General Motors / Cadillac
Ford,Red Bull Racing / Racing Bulls power unit partner (Red Bull Ford Powertrains),"Energy, Industrial & Automotive",5,Ram Trucks,ramtrucks.com,US pickup-truck brand (Stellantis),General Motors / Cadillac
Ford,Red Bull Racing / Racing Bulls power unit partner (Red Bull Ford Powertrains),"Energy, Industrial & Automotive",6,Karma Automotive,karmaautomotive.com,US luxury electric vehicle maker,
Garrett Motion,Ferrari partner,"Energy, Industrial & Automotive",1,Master Power Turbochargers,masterpower-turbo.com,Dutch aftermarket turbocharger manufacturer,
Garrett Motion,Ferrari partner,"Energy, Industrial & Automotive",2,Rotomaster International,rotomaster.com,Canadian remanufactured turbocharger maker,
Garrett Motion,Ferrari partner,"Energy, Industrial & Automotive",3,Melett Ltd,melett.com,UK turbocharger components manufacturer,
Garrett Motion,Ferrari partner,"Energy, Industrial & Automotive",4,Hanon Systems,hanonsystems.com,Korean thermal & e-propulsion systems maker,Brembo; Delphi (PHINIA); PWR
General Motors / Cadillac,Works team owner,"Energy, Industrial & Automotive",1,Rivian,rivian.com,US electric truck & SUV maker,Ford; Toyota Gazoo Racing (Toyota)
General Motors / Cadillac,Works team owner,"Energy, Industrial & Automotive",2,XPeng,xpeng.com,Chinese electric vehicle & software maker,
General Motors / Cadillac,Works team owner,"Energy, Industrial & Automotive",3,GAC Group,en.gagc.com.cn,Chinese state automaker group,Ford
General Motors / Cadillac,Works team owner,"Energy, Industrial & Automotive",4,BAIC Group,baicgroup.com.cn,Chinese state automaker group,Ford
General Motors / Cadillac,Works team owner,"Energy, Industrial & Automotive",5,JAC Motors,jac.com.cn,Chinese mass-market & commercial vehicle automaker,Ford
Glasurit (BASF),Audi F1 partner,"Energy, Industrial & Automotive",1,Chugoku Marine Paints,cmp.co.jp,Japanese marine & industrial coatings maker,AkzoNobel (Sikkens); Sherwin-Williams
Glasurit (BASF),Audi F1 partner,"Energy, Industrial & Automotive",2,Rembrandtin Coatings,rembrandtin.com,Austrian automotive refinish coatings maker,AkzoNobel (Sikkens); Sherwin-Williams
Gulf Oil International,Williams partner,"Energy, Industrial & Automotive",1,Petro-Canada Lubricants,lubricants.petro-canada.com,Premium base-oil & lubricants manufacturer,Lucas Oil; Petronas; Valvoline (Aramco); bp / Castrol
Gulf Oil International,Williams partner,"Energy, Industrial & Automotive",2,Wolf Lubricants,wolf-lubricants.com,French premium lubricants brand,Motul; Petronas; Valvoline (Aramco); bp / Castrol
Haas Automation / Haas Tooling,Haas team owner brand,"Energy, Industrial & Automotive",1,Hurco Companies,hurco.com,US CNC machine tool control technology maker,DMG Mori
Haas Automation / Haas Tooling,Haas team owner brand,"Energy, Industrial & Automotive",2,EMAG Group,emag.com,German CNC machine tool manufacturer,DMG Mori
Haas Automation / Haas Tooling,Haas team owner brand,"Energy, Industrial & Automotive",3,Tornos SA,tornos.com,Swiss precision CNC machine tool manufacturer,DMG Mori
Haas Automation / Haas Tooling,Haas team owner brand,"Energy, Industrial & Automotive",4,Star Micronics (Machine Tools),starmachine.co.jp,Japanese CNC swiss-type lathe manufacturer,DMG Mori; Xerox
Haas Automation / Haas Tooling,Haas team owner brand,"Energy, Industrial & Automotive",5,Citizen Machinery,citizenmachinery.com,Japanese CNC precision lathe manufacturer,DMG Mori
Haas Automation / Haas Tooling,Haas team owner brand,"Energy, Industrial & Automotive",6,Feeler Group,feeler.com.tw,Taiwanese CNC machine tool manufacturer,DMG Mori
Haas Automation / Haas Tooling,Haas team owner brand,"Energy, Industrial & Automotive",7,Awea Mechantronic,awea.com,Taiwanese CNC machining center manufacturer,DMG Mori
Haas Automation / Haas Tooling,Haas team owner brand,"Energy, Industrial & Automotive",8,Victor Taichung,victortaichung.com,Taiwanese CNC machine tool manufacturer,DMG Mori
Haas Automation / Haas Tooling,Haas team owner brand,"Energy, Industrial & Automotive",9,Quaser Machine Tools,quaser.com,Taiwanese CNC machining center manufacturer,DMG Mori
Haas Automation / Haas Tooling,Haas team owner brand,"Energy, Industrial & Automotive",10,Spinner Werkzeugmaschinenfabrik,spinner-group.com,German CNC lathe & machining center maker,DMG Mori
Haas Automation / Haas Tooling,Haas team owner brand,"Energy, Industrial & Automotive",11,Kern Microtechnik,kern-microtechnik.com,German ultra-precision milling machine maker,DMG Mori
Haas Automation / Haas Tooling,Haas team owner brand,"Energy, Industrial & Automotive",12,Matsuura Machinery,matsuura.co.jp,Japanese CNC machining center manufacturer,
Honda (HRC),Aston Martin works power unit partner,"Energy, Industrial & Automotive",1,Yamaha Motor,global.yamaha-motor.com,Japanese motorcycle & powersports manufacturer,
Honda (HRC),Aston Martin works power unit partner,"Energy, Industrial & Automotive",2,Kawasaki Heavy Industries (Motorcycle & Engine),kawasaki-motors.com,Japanese motorcycle & engine manufacturer,
Honda (HRC),Aston Martin works power unit partner,"Energy, Industrial & Automotive",3,KTM AG,ktm.com,Austrian motorcycle & powersports manufacturer,
Honda (HRC),Aston Martin works power unit partner,"Energy, Industrial & Automotive",4,Piaggio Group,piaggiogroup.com,"Italian two-wheeler group (Vespa, Aprilia, Moto Guzzi)",
Honda (HRC),Aston Martin works power unit partner,"Energy, Industrial & Automotive",5,Royal Enfield,royalenfield.com,Indian heritage motorcycle manufacturer,
Honda (HRC),Aston Martin works power unit partner,"Energy, Industrial & Automotive",6,Hero MotoCorp,heromotocorp.com,Indian mass-market motorcycle manufacturer,
Honda (HRC),Aston Martin works power unit partner,"Energy, Industrial & Automotive",7,TVS Motor Company,tvsmotor.com,Indian motorcycle & scooter manufacturer,
Honda (HRC),Aston Martin works power unit partner,"Energy, Industrial & Automotive",8,Perodua,perodua.com.my,Malaysian mass-market automaker,
Honda (HRC),Aston Martin works power unit partner,"Energy, Industrial & Automotive",9,Proton,proton.com,Malaysian national automaker,
INEOS,Mercedes principal partner / co-owner,"Energy, Industrial & Automotive",1,Albemarle,albemarle.com,US specialty chemicals & lithium leader,Nouryon
INEOS,Mercedes principal partner / co-owner,"Energy, Industrial & Automotive",2,Umicore,umicore.com,Belgian materials technology & battery-recycling group,Nouryon
INEOS,Mercedes principal partner / co-owner,"Energy, Industrial & Automotive",3,OCI Global,oci.nl,"Dutch chemicals group, blue/green ammonia & hydrogen",Nouryon
INEOS,Mercedes principal partner / co-owner,"Energy, Industrial & Automotive",4,Air Products,airproducts.com,Industrial gases & hydrogen infrastructure leader,Shell; bp / Castrol
INEOS,Mercedes principal partner / co-owner,"Energy, Industrial & Automotive",5,Air Liquide,airliquide.com,Global industrial gases & hydrogen major,Eni; Shell
INEOS,Mercedes principal partner / co-owner,"Energy, Industrial & Automotive",6,Linde plc,linde.com,Global industrial gases & clean-tech leader,Shell
INEOS,Mercedes principal partner / co-owner,"Energy, Industrial & Automotive",7,Nel ASA,nelhydrogen.com,Norwegian hydrogen electrolyzer technology firm,Nouryon
INEOS,Mercedes principal partner / co-owner,"Energy, Industrial & Automotive",8,Thyssenkrupp Nucera,thyssenkrupp-nucera.com,Green hydrogen electrolyzer technology firm,bp / Castrol
INEOS,Mercedes principal partner / co-owner,"Energy, Industrial & Automotive",9,Bloom Energy,bloomenergy.com,US fuel cell & stationary power technology firm,
INEOS,Mercedes principal partner / co-owner,"Energy, Industrial & Automotive",10,Livent,livent.com,US lithium chemicals producer,
INEOS,Mercedes principal partner / co-owner,"Energy, Industrial & Automotive",11,SQM,sqm.com,Chilean lithium & specialty chemicals producer,
INEOS,Mercedes principal partner / co-owner,"Energy, Industrial & Automotive",12,Ganfeng Lithium,ganfenglithium.com,Chinese lithium chemicals & battery materials producer,
INEOS,Mercedes principal partner / co-owner,"Energy, Industrial & Automotive",13,CATL,catl.com,Chinese battery cell manufacturing giant,
INEOS,Mercedes principal partner / co-owner,"Energy, Industrial & Automotive",14,EVE Energy,evebattery.com,Chinese battery cell manufacturer,
INEOS,Mercedes principal partner / co-owner,"Energy, Industrial & Automotive",15,Indorama Ventures,indoramaventures.com,Thai global petrochemicals & chemicals producer,
INEOS,Mercedes principal partner / co-owner,"Energy, Industrial & Automotive",16,Weichai Power,weichaipower.com,Chinese diesel engines & industrial machinery group,
INEOS,Mercedes principal partner / co-owner,"Energy, Industrial & Automotive",17,Sibur Holding,sibur.com,Russian integrated petrochemicals major,
Iveco,Ferrari partner,"Energy, Industrial & Automotive",1,Tatra Trucks,tatra.cz,Czech heavy-truck manufacturer,
Iveco,Ferrari partner,"Energy, Industrial & Automotive",2,Foton Motor,foton.com,Chinese commercial-vehicle manufacturer,
Iveco,Ferrari partner,"Energy, Industrial & Automotive",3,Dongfeng Motor (Commercial Vehicles),dfmc.com.cn,Chinese heavy-truck manufacturer,
Iveco,Ferrari partner,"Energy, Industrial & Automotive",4,Sinotruk,sinotruk.com,Chinese heavy-truck manufacturer,
Iveco,Ferrari partner,"Energy, Industrial & Automotive",5,Ashok Leyland,ashokleyland.com,Indian commercial-vehicle manufacturer,
Iveco,Ferrari partner,"Energy, Industrial & Automotive",6,Krone Commercial Vehicle Group,krone-trailer.com,German trailer & commercial-vehicle manufacturer,
Iveco,Ferrari partner,"Energy, Industrial & Automotive",7,Irizar,irizar.com,Spanish bus & coach manufacturer,
Iveco,Ferrari partner,"Energy, Industrial & Automotive",8,Solaris Bus & Coach,solarisbus.com,Polish bus & coach manufacturer,
Iveco,Ferrari partner,"Energy, Industrial & Automotive",9,VDL Groep,vdlgroep.com,"Dutch bus, truck & industrial manufacturing group",
JCB,Aston Martin partner,"Energy, Industrial & Automotive",1,Zoomlion,zoomlion.com,Chinese construction machinery major,Komatsu
JCB,Aston Martin partner,"Energy, Industrial & Automotive",2,LiuGong,liugong.com,Chinese construction equipment manufacturer,Komatsu
JCB,Aston Martin partner,"Energy, Industrial & Automotive",3,Bell Equipment,bellequipment.com,South African off-highway construction equipment maker,Komatsu
JCB,Aston Martin partner,"Energy, Industrial & Automotive",4,Manitou Group,manitou.com,French material-handling & construction equipment group,Komatsu
JCB,Aston Martin partner,"Energy, Industrial & Automotive",5,Ammann Group,ammann.com,Swiss compaction & paving equipment manufacturer,Komatsu
JCB,Aston Martin partner,"Energy, Industrial & Automotive",6,BOMAG,bomag.com,German compaction equipment manufacturer,Komatsu
JCB,Aston Martin partner,"Energy, Industrial & Automotive",7,Sandvik,home.sandvik,Swedish mining & rock-excavation equipment leader,Komatsu
JCB,Aston Martin partner,"Energy, Industrial & Automotive",8,Epiroc,epiroc.com,Swedish mining & construction equipment manufacturer,Komatsu
JCB,Aston Martin partner,"Energy, Industrial & Automotive",9,Metso Outotec,mogroup.com,Finnish mining & minerals-processing technology group,Komatsu
JCB,Aston Martin partner,"Energy, Industrial & Automotive",10,Yanmar,yanmar.com,Japanese compact construction equipment & engines maker,Komatsu
JCB,Aston Martin partner,"Energy, Industrial & Automotive",11,Takeuchi Mfg,takeuchi-us.com,Japanese compact excavator manufacturer,Komatsu
JCB,Aston Martin partner,"Energy, Industrial & Automotive",12,Develon (formerly Doosan Infracore),develon-ce.com,Korean construction equipment manufacturer,Komatsu
JCB,Aston Martin partner,"Energy, Industrial & Automotive",13,Hidromek,hidromek.com,Turkish construction equipment manufacturer,Komatsu
JCB,Aston Martin partner,"Energy, Industrial & Automotive",14,Kato Works,kato-works.co.jp,Japanese crane manufacturer,Komatsu
JCB,Aston Martin partner,"Energy, Industrial & Automotive",15,Shantui Construction Machinery,shantui.com,Chinese construction machinery manufacturer,Komatsu
JCB,Aston Martin partner,"Energy, Industrial & Automotive",16,XGMA Machinery,xgma.com,Chinese construction equipment manufacturer,
Komatsu,Williams partner,"Energy, Industrial & Automotive",1,CNH Industrial,cnh.com,Global agricultural & construction equipment group,
Liqui Moly,F1 official partner,"Energy, Industrial & Automotive",1,Comma Oil,commaoil.com,Independent UK lubricants manufacturer,Gulf Oil International; Lucas Oil; Petronas; Valvoline (Aramco); bp / Castrol
Liqui Moly,F1 official partner,"Energy, Industrial & Automotive",2,Morris Lubricants,morris-lubricants.co.uk,Independent UK lubricants blender,Gulf Oil International; Lucas Oil; Petronas; Valvoline (Aramco); bp / Castrol
Liqui Moly,F1 official partner,"Energy, Industrial & Automotive",3,Silkolene,silkolene.com,UK motorcycle & motorsport oils brand,Gulf Oil International; Motul; Petronas; Valvoline (Aramco)
Liqui Moly,F1 official partner,"Energy, Industrial & Automotive",4,Rock Oil,rock-oil.co.uk,UK off-road/motorsport specialist oils,Gulf Oil International; Motul; Valvoline (Aramco)
Liqui Moly,F1 official partner,"Energy, Industrial & Automotive",5,Savita Oil Technologies,savita.com,Indian specialty lubricants manufacturer,Gulf Oil International; Petronas; Valvoline (Aramco)
Liqui Moly,F1 official partner,"Energy, Industrial & Automotive",6,Veedol,veedol.com,Legacy global lubricants brand,Gulf Oil International; Petronas
Liqui Moly,F1 official partner,"Energy, Industrial & Automotive",7,Raj Petro Specialities,rajgroup.co.in,Indian specialty lubricants producer,Gulf Oil International; Petronas
Lucas Oil,F2/F3 team title sponsor (DAMS Lucas Oil),"Energy, Industrial & Automotive",1,Amalie Oil Company,amalie.com,US independent lubricants manufacturer,Gulf Oil International; Liqui Moly; Motul; Valvoline (Aramco)
Lucas Oil,F2/F3 team title sponsor (DAMS Lucas Oil),"Energy, Industrial & Automotive",2,Maxima Racing Oils,maximausa.com,US performance & racing lubricants brand,Gulf Oil International; Liqui Moly; Motul; Valvoline (Aramco)
Lucas Oil,F2/F3 team title sponsor (DAMS Lucas Oil),"Energy, Industrial & Automotive",3,Torco Racing Oils,torcoracingoils.com,US racing fuel & oil specialist,Gulf Oil International; Liqui Moly; Motul; Valvoline (Aramco)
Lucas Oil,F2/F3 team title sponsor (DAMS Lucas Oil),"Energy, Industrial & Automotive",4,Gulf Western Oil,gulfwesternoil.com.au,Australian independent lubricants manufacturer,Gulf Oil International; Liqui Moly; Petronas; Valvoline (Aramco)
Ma'aden,Aston Martin partner,"Energy, Industrial & Automotive",1,Newmont Corporation,newmont.com,World's largest gold-mining company,
Ma'aden,Aston Martin partner,"Energy, Industrial & Automotive",2,Agnico Eagle Mines,agnicoeagle.com,Canadian gold-mining major,
Ma'aden,Aston Martin partner,"Energy, Industrial & Automotive",3,Gold Fields,goldfields.com,South African global gold-mining company,
Ma'aden,Aston Martin partner,"Energy, Industrial & Automotive",4,AngloGold Ashanti,anglogoldashanti.com,South African gold-mining major,
Ma'aden,Aston Martin partner,"Energy, Industrial & Automotive",5,South32,south32.net,Diversified mining major spun off from BHP,
Ma'aden,Aston Martin partner,"Energy, Industrial & Automotive",6,Teck Resources,teck.com,Canadian diversified mining company,
Ma'aden,Aston Martin partner,"Energy, Industrial & Automotive",7,Ivanhoe Mines,ivanhoemines.com,Canadian/DRC copper & critical-minerals miner,
Ma'aden,Aston Martin partner,"Energy, Industrial & Automotive",8,MP Materials,mpmaterials.com,US rare-earth mining & processing leader,
Ma'aden,Aston Martin partner,"Energy, Industrial & Automotive",9,Lynas Rare Earths,lynasrareearths.com,Australian rare-earth mining & refining major,
Ma'aden,Aston Martin partner,"Energy, Industrial & Automotive",10,China Northern Rare Earth Group,cnreg.com.cn,World's largest rare-earth producer,
Ma'aden,Aston Martin partner,"Energy, Industrial & Automotive",11,Boliden,boliden.com,Swedish mining & metals smelting group,
Ma'aden,Aston Martin partner,"Energy, Industrial & Automotive",12,KGHM Polska Miedz,kghm.com,Polish copper & silver mining major,
Ma'aden,Aston Martin partner,"Energy, Industrial & Automotive",13,Zijin Mining Group,zijinmining.com,Chinese diversified global mining major,
Mammoet,Audi F1 partner,"Energy, Industrial & Automotive",1,BMS Heavy Cranes,bmsheavycranes.com,Dutch heavy-lift crane rental specialist,
Mammoet,Audi F1 partner,"Energy, Industrial & Automotive",2,Wagenborg,wagenborg.com,Dutch heavy transport & shipping group,
Mammoet,Audi F1 partner,"Energy, Industrial & Automotive",3,Collett,collett.co.uk,UK heavy-haulage & abnormal-load transport specialist,
Mammoet,Audi F1 partner,"Energy, Industrial & Automotive",4,Bertling Logistics,bertling.com,German project-cargo logistics specialist,
Mammoet,Audi F1 partner,"Energy, Industrial & Automotive",5,Big Lift Shipping,bigliftshipping.com,Dutch heavy-lift shipping specialist,
Mammoet,Audi F1 partner,"Energy, Industrial & Automotive",6,Jumbo Shipping,jumbomaritime.nl,Dutch heavy-lift maritime transport specialist,
Mammoet,Audi F1 partner,"Energy, Industrial & Automotive",7,SAL Heavy Lift,sal-heavylift.com,German heavy-lift shipping company,
Mammoet,Audi F1 partner,"Energy, Industrial & Automotive",8,Lampson International,lampsoncranes.com,US crawler-crane & heavy-lift specialist,
Motul,McLaren partner,"Energy, Industrial & Automotive",1,Bel-Ray,belray.com,US specialty lubricants for powersports/industrial,Gulf Oil International; Liqui Moly; Lucas Oil; Petronas; Valvoline (Aramco)
Motul,McLaren partner,"Energy, Industrial & Automotive",2,Putoline,putoline.com,Dutch motorcycle & powersports lubricants brand,Gulf Oil International; Liqui Moly; Petronas; Valvoline (Aramco)
Motul,McLaren partner,"Energy, Industrial & Automotive",3,Divinol (Zeller+Gmelin),zeller-gmelin.de,German specialty lubricants manufacturer,Liqui Moly; Lucas Oil
Motul,McLaren partner,"Energy, Industrial & Automotive",4,Nulon,nulon.com.au,Australian performance lubricants brand,Gulf Oil International; Liqui Moly; Petronas; Valvoline (Aramco)
Motul,McLaren partner,"Energy, Industrial & Automotive",5,Penrite Oil,penriteoil.com.au,Australian specialist lubricants manufacturer,Gulf Oil International; Liqui Moly; Petronas; Valvoline (Aramco)
Motul,McLaren partner,"Energy, Industrial & Automotive",6,Fanfaro,fanfaro.com,German value-tier motor oil brand,
NexGen,Aston Martin partner (as listed on 2026 roster),"Energy, Industrial & Automotive",1,Orano,orano.group,French nuclear fuel cycle major (ex-Areva),
NexGen,Aston Martin partner (as listed on 2026 roster),"Energy, Industrial & Automotive",2,Rosatom,rosatom.ru,Russian state nuclear energy corporation,
NexGen,Aston Martin partner (as listed on 2026 roster),"Energy, Industrial & Automotive",3,China General Nuclear Power,cgnpc.com.cn,Chinese state nuclear power operator,
NexGen,Aston Martin partner (as listed on 2026 roster),"Energy, Industrial & Automotive",4,China National Nuclear Corporation,cnnc.com.cn,Chinese state nuclear fuel-cycle major,
NexGen,Aston Martin partner (as listed on 2026 roster),"Energy, Industrial & Automotive",5,Urenco Group,urenco.com,UK/Germany/Netherlands uranium enrichment consortium,
NexGen,Aston Martin partner (as listed on 2026 roster),"Energy, Industrial & Automotive",6,Centrus Energy,centrusenergy.com,US uranium enrichment & nuclear fuel supplier,
NexGen,Aston Martin partner (as listed on 2026 roster),"Energy, Industrial & Automotive",7,Silex Systems,silex.com.au,Australian laser uranium-enrichment technology firm,
NexGen,Aston Martin partner (as listed on 2026 roster),"Energy, Industrial & Automotive",8,Aura Energy,auraenergy.com.au,Australian uranium & battery-minerals developer,
NexGen,Aston Martin partner (as listed on 2026 roster),"Energy, Industrial & Automotive",9,GoviEx Uranium,goviex.com,Africa-focused uranium development company,
NexGen,Aston Martin partner (as listed on 2026 roster),"Energy, Industrial & Automotive",10,Fission Uranium Corp,fissionuranium.com,Athabasca Basin uranium exploration peer,
NexGen,Aston Martin partner (as listed on 2026 roster),"Energy, Industrial & Automotive",11,Skyharbour Resources,skyharbourltd.com,Athabasca Basin uranium exploration company,
NexGen,Aston Martin partner (as listed on 2026 roster),"Energy, Industrial & Automotive",12,Purepoint Uranium Group,purepoint.ca,Canadian uranium exploration company,
NexGen,Aston Martin partner (as listed on 2026 roster),"Energy, Industrial & Automotive",13,Yellow Cake plc,yellowcakeplc.com,UK uranium investment & holding company,
NGK Spark Plugs (Niterra),Ferrari partner,"Energy, Industrial & Automotive",1,Sensata Technologies,sensata.com,US automotive sensors & electrical technology maker,Delphi (PHINIA); Garrett Motion
NGK Spark Plugs (Niterra),Ferrari partner,"Energy, Industrial & Automotive",2,Littelfuse,littelfuse.com,US circuit-protection & sensing technology maker,
NGK Spark Plugs (Niterra),Ferrari partner,"Energy, Industrial & Automotive",3,onsemi,onsemi.com,US power & EV semiconductor technology maker,Delphi (PHINIA); Garrett Motion
NGK Spark Plugs (Niterra),Ferrari partner,"Energy, Industrial & Automotive",4,Preh GmbH,preh.com,German automotive sensors & HMI technology maker,Delphi (PHINIA); Tenneco
NGK Spark Plugs (Niterra),Ferrari partner,"Energy, Industrial & Automotive",5,Joyson Safety Systems,joysonsafety.com,Global automotive safety & electronics systems maker,
NGK Spark Plugs (Niterra),Ferrari partner,"Energy, Industrial & Automotive",6,PIAA Corporation,piaa.co.jp,Japanese automotive lighting & ignition aftermarket brand,
NGK Spark Plugs (Niterra),Ferrari partner,"Energy, Industrial & Automotive",7,ACCEL (Mr. Gasket),mrgasket.com,US aftermarket ignition components brand,
Nouryon,Racing Bulls partner,"Energy, Industrial & Automotive",1,Kurita Water Industries,kurita.co.jp,Japanese industrial water treatment chemicals leader,BWT; Ecolab; Valvoline (Aramco)
Nouryon,Racing Bulls partner,"Energy, Industrial & Automotive",2,Johnson Matthey,matthey.com,UK catalysts & battery-materials technology group,INEOS
Nouryon,Racing Bulls partner,"Energy, Industrial & Automotive",3,EuroChem Group,eurochemgroup.com,European fertilizer & specialty chemicals producer,Ma'aden
Nouryon,Racing Bulls partner,"Energy, Industrial & Automotive",4,PhosAgro,phosagro.com,Russian phosphate-based chemicals producer,Ma'aden
Nouryon,Racing Bulls partner,"Energy, Industrial & Automotive",5,Ballard Power Systems,ballard.com,Canadian hydrogen fuel cell technology maker,INEOS
Ohlins,Ferrari partner,"Energy, Industrial & Automotive",1,Nitron Racing Shocks,nitron.co.uk,UK motorsport suspension & damper manufacturer,
Ohlins,Ferrari partner,"Energy, Industrial & Automotive",2,TracTive Suspension,tractive-suspension.com,Dutch motorcycle suspension manufacturer,
Ohlins,Ferrari partner,"Energy, Industrial & Automotive",3,K-Tech Suspension,ktechsuspension.com,UK motorcycle & motorsport suspension manufacturer,
Ohlins,Ferrari partner,"Energy, Industrial & Automotive",4,Hyperco,hypercoils.com,US racing spring & suspension components manufacturer,
Ohlins,Ferrari partner,"Energy, Industrial & Automotive",5,Eibach,eibach.com,German performance springs & suspension manufacturer,
Ohlins,Ferrari partner,"Energy, Industrial & Automotive",6,H&R Springs,h-r.com,German performance springs & suspension manufacturer,
Petronas,Mercedes title partner,"Energy, Industrial & Automotive",1,Petroleum Development Oman,pdo.co.om,Oman's leading E&P operator,
Petronas,Mercedes title partner,"Energy, Industrial & Automotive",2,Emirates National Oil Company (ENOC),enoc.com,UAE integrated fuels & lubricants group,Gulf Oil International; Liqui Moly; Valvoline (Aramco); bp / Castrol
Petronas,Mercedes title partner,"Energy, Industrial & Automotive",3,Hindustan Petroleum (HPCL),hindustanpetroleum.com,Indian state refiner & lubricants marketer,Gulf Oil International; Liqui Moly; Valvoline (Aramco); bp / Castrol
Petronas,Mercedes title partner,"Energy, Industrial & Automotive",4,Bharat Petroleum (BPCL),bharatpetroleum.in,Indian state refining & lubricants major,Gulf Oil International; Liqui Moly; Valvoline (Aramco); bp / Castrol
Petronas,Mercedes title partner,"Energy, Industrial & Automotive",5,Origin Energy,originenergy.com.au,"APAC energy major, transition focus",Aramco
Petronas,Mercedes title partner,"Energy, Industrial & Automotive",6,Prista Oil,pristaoil.com,Southeast European lubricants manufacturer,Liqui Moly
Philips,Red Bull Racing partner,"Energy, Industrial & Automotive",1,Drägerwerk,draeger.com,German medical & safety technology group,
Philips,Red Bull Racing partner,"Energy, Industrial & Automotive",2,Getinge AB,getinge.com,Swedish medical technology manufacturer,
Philips,Red Bull Racing partner,"Energy, Industrial & Automotive",3,Fresenius Medical Care,freseniusmedicalcare.com,German renal & medical device leader,
Philips,Red Bull Racing partner,"Energy, Industrial & Automotive",4,Olympus Corporation,olympus-global.com,Japanese medical imaging & optical technology maker,
Philips,Red Bull Racing partner,"Energy, Industrial & Automotive",5,Hologic,hologic.com,US medical imaging & diagnostics technology firm,
Philips,Red Bull Racing partner,"Energy, Industrial & Automotive",6,Baxter International,baxter.com,US medical devices & healthcare technology company,
Philips,Red Bull Racing partner,"Energy, Industrial & Automotive",7,B. Braun,bbraun.com,German medical device & pharmaceutical technology group,
Philips,Red Bull Racing partner,"Energy, Industrial & Automotive",8,Terumo Corporation,terumo.com,Japanese medical device manufacturer,
Philips,Red Bull Racing partner,"Energy, Industrial & Automotive",9,Cardinal Health,cardinalhealth.com,US healthcare products & technology distributor,
PWR,Red Bull Racing partner,"Energy, Industrial & Automotive",1,Nissens Automotive,nissens.com,Danish automotive thermal-management components maker,Brembo; Tenneco
PWR,Red Bull Racing partner,"Energy, Industrial & Automotive",2,Dana Incorporated,dana.com,US driveline & thermal/e-propulsion systems supplier,Brembo; Delphi (PHINIA); Garrett Motion
PWR,Red Bull Racing partner,"Energy, Industrial & Automotive",3,Modine Manufacturing,modine.com,US thermal-management technology manufacturer,Brembo; Delphi (PHINIA); Tenneco
PWR,Red Bull Racing partner,"Energy, Industrial & Automotive",4,Sanden Corporation,sanden.com,Japanese automotive thermal-systems manufacturer,Brembo
Schneider Electric,McLaren partner,"Energy, Industrial & Automotive",1,Nidec Corporation,nidec.com,Japanese electric motors & drives leader,Delphi (PHINIA); Garrett Motion; Siemens
Schneider Electric,McLaren partner,"Energy, Industrial & Automotive",2,Danfoss,danfoss.com,"Danish industrial drives, climate & motion-control group",Siemens; Signify
Schneider Electric,McLaren partner,"Energy, Industrial & Automotive",3,Sungrow Power Supply,sungrowpower.com,Chinese solar inverter & energy-storage leader,Siemens
Schneider Electric,McLaren partner,"Energy, Industrial & Automotive",4,SMA Solar Technology,sma.de,German solar inverter technology leader,Siemens
Schneider Electric,McLaren partner,"Energy, Industrial & Automotive",5,Enphase Energy,enphase.com,US solar microinverter & storage technology firm,Siemens
Schneider Electric,McLaren partner,"Energy, Industrial & Automotive",6,Ingeteam,ingeteam.com,Spanish power electronics & renewables technology group,Siemens
Schneider Electric,McLaren partner,"Energy, Industrial & Automotive",7,Regal Rexnord,regalrexnord.com,US industrial motion & power-transmission group,Siemens
Schneider Electric,McLaren partner,"Energy, Industrial & Automotive",8,Ametek,ametek.com,US electronic instruments & industrial technology group,SKF; Siemens
Schneider Electric,McLaren partner,"Energy, Industrial & Automotive",9,Illinois Tool Works,itw.com,US diversified industrial technology manufacturer,Siemens
Schneider Electric,McLaren partner,"Energy, Industrial & Automotive",10,Dover Corporation,dovercorp.com,US diversified industrial equipment manufacturer,Siemens
Schneider Electric,McLaren partner,"Energy, Industrial & Automotive",11,CG Power and Industrial Solutions,cgglobal.com,Indian power & industrial electrical equipment maker,Siemens
Schneider Electric,McLaren partner,"Energy, Industrial & Automotive",12,Larsen & Toubro,larsentoubro.com,Indian engineering & industrial conglomerate,Siemens
Schneider Electric,McLaren partner,"Energy, Industrial & Automotive",13,Yaskawa Electric,yaskawa.com,Japanese motion-control & industrial robotics leader,Siemens
Schneider Electric,McLaren partner,"Energy, Industrial & Automotive",14,Beckhoff Automation,beckhoff.com,German industrial automation & control technology firm,Siemens
Shell,Ferrari fuel/lubricants partner,"Energy, Industrial & Automotive",1,Var Energi,varenergi.no,Fast-growing Norwegian E&P,Aramco; Eni
Shell,Ferrari fuel/lubricants partner,"Energy, Industrial & Automotive",2,Aker BP,akerbp.com,Norwegian independent E&P major,Aramco
Shell,Ferrari fuel/lubricants partner,"Energy, Industrial & Automotive",3,Santos Ltd,santos.com,Australian LNG & oil producer,Aramco
Shell,Ferrari fuel/lubricants partner,"Energy, Industrial & Automotive",4,Cenovus Energy,cenovus.com,Canadian oil sands producer,Aramco
Shell,Ferrari fuel/lubricants partner,"Energy, Industrial & Automotive",5,Trafigura,trafigura.com,Global commodities trading major,Aramco; bp / Castrol
Shell,Ferrari fuel/lubricants partner,"Energy, Industrial & Automotive",6,Gunvor Group,gunvorgroup.com,Global energy trading house,
Shell,Ferrari fuel/lubricants partner,"Energy, Industrial & Automotive",7,Iberdrola,iberdrola.com,Spanish renewables & utilities major,bp / Castrol
Shell,Ferrari fuel/lubricants partner,"Energy, Industrial & Automotive",8,Enel Green Power,enelgreenpower.com,Global renewables developer,
Shell,Ferrari fuel/lubricants partner,"Energy, Industrial & Automotive",9,NextEra Energy,nexteraenergy.com,World's largest renewables generator,
Shell,Ferrari fuel/lubricants partner,"Energy, Industrial & Automotive",10,TechnipFMC,technipfmc.com,Subsea & energy infrastructure technology firm,
Siemens,Red Bull Racing partner; Racing Bulls partner,"Energy, Industrial & Automotive",1,Weg S.A.,weg.net,Brazilian electric motors & industrial equipment major,
Signify,Mercedes partner,"Energy, Industrial & Automotive",1,Opple Lighting,opple.com,Chinese LED & smart lighting major,
Signify,Mercedes partner,"Energy, Industrial & Automotive",2,Feilo Sylvania,feilosylvania.com,Global architectural & professional lighting brand,
Signify,Mercedes partner,"Energy, Industrial & Automotive",3,Lutron Electronics,lutron.com,US lighting-controls technology leader,Philips
Signify,Mercedes partner,"Energy, Industrial & Automotive",4,Trilux,trilux.com,German professional lighting manufacturer,
Signify,Mercedes partner,"Energy, Industrial & Automotive",5,Regent Lighting Group,regent.ch,Swiss architectural lighting manufacturer,
Signify,Mercedes partner,"Energy, Industrial & Automotive",6,Ushio Inc,ushio.co.jp,Japanese specialty & optical lighting technology maker,
SKF,Ferrari partner,"Energy, Industrial & Automotive",1,"THK Co., Ltd.",thk.com,Japanese linear-motion bearing technology leader,
SKF,Ferrari partner,"Energy, Industrial & Automotive",2,Nippon Thompson (IKO),ikont.co.jp,Japanese precision linear-motion bearings maker,
SKF,Ferrari partner,"Energy, Industrial & Automotive",3,GMN Bearings,gmn.de,German precision bearings manufacturer,
SKF,Ferrari partner,"Energy, Industrial & Automotive",4,Kaydon Bearings,kaydonbearings.com,US specialty precision bearings manufacturer,
SKF,Ferrari partner,"Energy, Industrial & Automotive",5,Rexnord Corporation,rexnord.com,US power-transmission & bearings manufacturer,
SKF,Ferrari partner,"Energy, Industrial & Automotive",6,ZKL Group,zkl.cz,Czech industrial bearings manufacturer,
SKF,Ferrari partner,"Energy, Industrial & Automotive",7,Wafangdian Bearing Group (ZWZ),zwz-bearing.com,Chinese industrial bearings manufacturer,
SKF,Ferrari partner,"Energy, Industrial & Automotive",8,Harbin Bearing Group (HRB),hrbbearing.com,Chinese industrial bearings manufacturer,
SKF,Ferrari partner,"Energy, Industrial & Automotive",9,C&U Group,cugroup.com,Chinese precision bearings manufacturer,
SKF,Ferrari partner,"Energy, Industrial & Automotive",10,Parker Hannifin,parker.com,US motion & control technologies leader,Schneider Electric; Siemens
Tenneco,Cadillac partner,"Energy, Industrial & Automotive",1,Sango Co.,sango.co.jp,Japanese exhaust systems manufacturer,
Tenneco,Cadillac partner,"Energy, Industrial & Automotive",2,Futaba Industrial,futaba-kk.co.jp,Japanese exhaust & chassis components manufacturer,
Tenneco,Cadillac partner,"Energy, Industrial & Automotive",3,Katcon,katcon.com,Mexican emissions & exhaust systems manufacturer,
Toyota Gazoo Racing (Toyota),Haas title/technical partner,"Energy, Industrial & Automotive",1,Kia,kia.com,Korean mass-market automaker,Audi (Volkswagen Group); Ford; General Motors / Cadillac
Toyota Gazoo Racing (Toyota),Haas title/technical partner,"Energy, Industrial & Automotive",2,Volvo Cars,volvocars.com,Swedish premium automaker,Alpine / Renault Group; Aston Martin Lagonda; Audi (Volkswagen Group); Ford; General Motors / Cadillac
Toyota Gazoo Racing (Toyota),Haas title/technical partner,"Energy, Industrial & Automotive",3,Mahindra & Mahindra,mahindra.com,Indian automaker & mobility group,Honda (HRC)
Toyota Gazoo Racing (Toyota),Haas title/technical partner,"Energy, Industrial & Automotive",4,Great Wall Motors,greatwallmotor.com,Chinese mass-market & SUV automaker,Ford
Toyota Gazoo Racing (Toyota),Haas title/technical partner,"Energy, Industrial & Automotive",5,SAIC Motor,saicmotor.com,Chinese state automaker group,Ford
Toyota Gazoo Racing (Toyota),Haas title/technical partner,"Energy, Industrial & Automotive",6,Changan Automobile,globalchangan.com,Chinese mass-market automaker,Ford
Toyota Gazoo Racing (Toyota),Haas title/technical partner,"Energy, Industrial & Automotive",7,Li Auto,lixiang.com,Chinese electric/hybrid vehicle maker,General Motors / Cadillac
Toyota Gazoo Racing (Toyota),Haas title/technical partner,"Energy, Industrial & Automotive",8,VinFast,vinfastauto.com,Vietnamese electric vehicle maker,Honda (HRC)
Airtasker,Racing Bulls partner,"Health, Betting & Services",1,Jiffy,jiffyondemand.com,Emerging Australian on-demand services startup,
Airtasker,Racing Bulls partner,"Health, Betting & Services",2,Hipages,hipages.com.au,Australian tradie services marketplace,
Airtasker,Racing Bulls partner,"Health, Betting & Services",3,Oneflare,oneflare.com.au,Australian services marketplace,
Airtasker,Racing Bulls partner,"Health, Betting & Services",4,Porch,porch.com,Home services platform,Orion180
Airtasker,Racing Bulls partner,"Health, Betting & Services",5,Checkatrade,checkatrade.com,UK tradesperson marketplace,
Airtasker,Racing Bulls partner,"Health, Betting & Services",6,Rated People,ratedpeople.com,UK services marketplace,
Airtasker,Racing Bulls partner,"Health, Betting & Services",7,TaskEasy,taskeasy.com,US task marketplace startup,
Airtasker,Racing Bulls partner,"Health, Betting & Services",8,Airsorted (Houst),houst.com,On-demand property/task management startup,
Airtasker,Racing Bulls partner,"Health, Betting & Services",9,Helpling,helpling.com,European home cleaning/services marketplace,
Airtasker,Racing Bulls partner,"Health, Betting & Services",10,Rover,rover.com,Pet care gig marketplace,
Airtasker,Racing Bulls partner,"Health, Betting & Services",11,Wag!,wagwalking.com,Dog-walking gig marketplace,
Airtasker,Racing Bulls partner,"Health, Betting & Services",12,GoShare,goshare.co,Moving/delivery gig marketplace startup,
Airtasker,Racing Bulls partner,"Health, Betting & Services",13,Dolly,dolly.com,Fast-growing moving/delivery task marketplace startup,
Airtasker,Racing Bulls partner,"Health, Betting & Services",14,Lugg,lugg.com,Fast-growing moving-help marketplace startup,
Allwyn,F1 official partner; McLaren partner,"Health, Betting & Services",1,La Francaise des Jeux (FDJ),groupefdj.com,French national lottery operator,
Allwyn,F1 official partner; McLaren partner,"Health, Betting & Services",2,Norsk Tipping,norsk-tipping.no,Norwegian national lottery operator,
Allwyn,F1 official partner; McLaren partner,"Health, Betting & Services",3,Sisal,sisal.com,Italian gaming/lottery operator,
Allwyn,F1 official partner; McLaren partner,"Health, Betting & Services",4,Lottomatica,lottomatica.it,Italian lottery/gaming group,
Allwyn,F1 official partner; McLaren partner,"Health, Betting & Services",5,Danske Spil,danskespil.dk,Danish national lottery operator,
Allwyn,F1 official partner; McLaren partner,"Health, Betting & Services",6,ZEAL Network,zeal-network.de,German online lottery/betting group,
Allwyn,F1 official partner; McLaren partner,"Health, Betting & Services",7,Jumbo Interactive,jumpointeractive.com.au,"Australian online lottery reseller, growth challenger",
Allwyn,F1 official partner; McLaren partner,"Health, Betting & Services",8,Lottoland,lottoland.com,Fast-growing online lottery-betting challenger,
Allwyn,F1 official partner; McLaren partner,"Health, Betting & Services",9,theLotter,thelotter.com,Online lottery courier challenger,
Allwyn,F1 official partner; McLaren partner,"Health, Betting & Services",10,Loto-Quebec,lotoquebec.com,Canadian provincial lottery/gaming operator,
Allwyn,F1 official partner; McLaren partner,"Health, Betting & Services",11,Camelot UK,camelotuk.co.uk,"Former UK national lottery operator, lottery technology company",
Allwyn,F1 official partner; McLaren partner,"Health, Betting & Services",12,Sazka Group,sazka.com,Central European lottery/gaming group,
Allwyn,F1 official partner; McLaren partner,"Health, Betting & Services",13,Camelot Illinois,camelotillinois.com,US state lottery private operator,
Allwyn,F1 official partner; McLaren partner,"Health, Betting & Services",14,NSW Lotteries (Tabcorp),tabcorp.com.au,Australian lottery/wagering operator,
Allwyn,F1 official partner; McLaren partner,"Health, Betting & Services",15,National Lottery Ireland (Premier Lotteries Ireland),lottery.ie,National lottery operator,
Allwyn,F1 official partner; McLaren partner,"Health, Betting & Services",16,Loteria Nacional (Mexico),lotenal.gob.mx,National lottery operator,
Allwyn,F1 official partner; McLaren partner,"Health, Betting & Services",17,Hrvatska Lutrija,lutrija.hr,Croatian national lottery operator,
Allwyn,F1 official partner; McLaren partner,"Health, Betting & Services",18,Loterie Romande,loterie-romande.ch,Swiss regional lottery operator,
Ashurst,McLaren partner,"Health, Betting & Services",1,Skadden,skadden.com,Global law firm,Morrison Foerster
Ashurst,McLaren partner,"Health, Betting & Services",2,Simmons & Simmons,simmons-simmons.com,International law firm,
Ashurst,McLaren partner,"Health, Betting & Services",3,Pinsent Masons,pinsentmasons.com,International law firm,
Ashurst,McLaren partner,"Health, Betting & Services",4,Mayer Brown,mayerbrown.com,Global law firm,Morrison Foerster
Ashurst,McLaren partner,"Health, Betting & Services",5,CMS Legal,cms.law,International law firm network,
Ashurst,McLaren partner,"Health, Betting & Services",6,Eversheds Sutherland,eversheds-sutherland.com,International law firm,
Ashurst,McLaren partner,"Health, Betting & Services",7,Reed Smith,reedsmith.com,International law firm,
Ashurst,McLaren partner,"Health, Betting & Services",8,Watson Farley & Williams,wfw.com,International law firm,
Ashurst,McLaren partner,"Health, Betting & Services",9,Bird & Bird,twobirds.com,International law firm,
Ashurst,McLaren partner,"Health, Betting & Services",10,Osborne Clarke,osborneclarke.com,"International law firm, scaling boutique roots",
Ashurst,McLaren partner,"Health, Betting & Services",11,Travers Smith,traverssmith.com,UK boutique law firm,
Ashurst,McLaren partner,"Health, Betting & Services",12,Addleshaw Goddard,addleshawgoddard.com,UK/international law firm,
Ashurst,McLaren partner,"Health, Betting & Services",13,Allens,allens.com.au,Australian law firm,
Ashurst,McLaren partner,"Health, Betting & Services",14,MinterEllison,minterellison.com,Australian law firm,
Ashurst,McLaren partner,"Health, Betting & Services",15,Clayton Utz,claytonutz.com,Australian law firm,
Ashurst,McLaren partner,"Health, Betting & Services",16,Gilbert + Tobin,gtlaw.com.au,Australian law firm,
Ashurst,McLaren partner,"Health, Betting & Services",17,Squire Patton Boggs,squirepattonboggs.com,International law firm,
BetterUp,Mercedes partner; Mercedes F1 Academy entry sponsor,"Health, Betting & Services",1,EZRA (LHH),helloezra.com,Corporate coaching platform,
BetterUp,Mercedes partner; Mercedes F1 Academy entry sponsor,"Health, Betting & Services",2,Bravely,workbravely.com,On-demand workplace coaching startup,
BetterUp,Mercedes partner; Mercedes F1 Academy entry sponsor,"Health, Betting & Services",3,Headspace Health,headspace.com,Meditation/mental wellbeing platform,
BetterUp,Mercedes partner; Mercedes F1 Academy entry sponsor,"Health, Betting & Services",4,Calm Business,calm.com,Workplace mental wellness platform,
BetterUp,Mercedes partner; Mercedes F1 Academy entry sponsor,"Health, Betting & Services",5,Pluma,pluma.com,Emerging executive coaching startup,
BetterUp,Mercedes partner; Mercedes F1 Academy entry sponsor,"Health, Betting & Services",6,Whil,whil.com,Workplace wellbeing training platform,
BetterUp,Mercedes partner; Mercedes F1 Academy entry sponsor,"Health, Betting & Services",7,Hone,honehq.com,Emerging live-coaching/L&D startup,
BetterUp,Mercedes partner; Mercedes F1 Academy entry sponsor,"Health, Betting & Services",8,Learnerbly,learnerbly.com,Emerging learning marketplace startup,
BetterUp,Mercedes partner; Mercedes F1 Academy entry sponsor,"Health, Betting & Services",9,15Five,15five.com,Performance management/coaching adjacent platform,Workday
BetterUp,Mercedes partner; Mercedes F1 Academy entry sponsor,"Health, Betting & Services",10,GrowthSpace,growthspace.com,Employee development/coaching marketplace,
BetterUp,Mercedes partner; Mercedes F1 Academy entry sponsor,"Health, Betting & Services",11,LifeLabs Learning,lifelabslearning.com,Manager training/coaching provider,
BetterUp,Mercedes partner; Mercedes F1 Academy entry sponsor,"Health, Betting & Services",12,Skillsoft,skillsoft.com,Corporate learning platform,
BetterUp,Mercedes partner; Mercedes F1 Academy entry sponsor,"Health, Betting & Services",13,Coaching.com,coaching.com,Coaching platform software,
BetterUp,Mercedes partner; Mercedes F1 Academy entry sponsor,"Health, Betting & Services",14,BetterManager,bettermanager.com,Emerging manager-coaching platform startup,
BetterUp,Mercedes partner; Mercedes F1 Academy entry sponsor,"Health, Betting & Services",15,Range,range.co,Team check-in and coaching software startup,Atlassian
Betway,F1 official betting operator; Williams partner,"Health, Betting & Services",1,888sport,888sport.com,Online sportsbook operator,
Betway,F1 official betting operator; Williams partner,"Health, Betting & Services",2,Novibet,novibet.com,Fast-growing European/LatAm sportsbook challenger,
Betway,F1 official betting operator; Williams partner,"Health, Betting & Services",3,Betano,betano.com,Fast-growing global sportsbook challenger,
Betway,F1 official betting operator; Williams partner,"Health, Betting & Services",4,Parimatch,parimatch.com,International sportsbook operator,
Betway,F1 official betting operator; Williams partner,"Health, Betting & Services",5,BetKing,betking.com,Fast-growing African sportsbook challenger,
Betway,F1 official betting operator; Williams partner,"Health, Betting & Services",6,Tipico,tipico.com,German-origin sportsbook operator,
Betway,F1 official betting operator; Williams partner,"Health, Betting & Services",7,Interwetten,interwetten.com,European sportsbook operator,
Betway,F1 official betting operator; Williams partner,"Health, Betting & Services",8,bet-at-home,bet-at-home.com,European sportsbook operator,
Betway,F1 official betting operator; Williams partner,"Health, Betting & Services",9,Winamax,winamax.fr,Fast-growing French sportsbook challenger,
Betway,F1 official betting operator; Williams partner,"Health, Betting & Services",10,Betclic,betclic.com,Fast-growing French/European sportsbook challenger,
Betway,F1 official betting operator; Williams partner,"Health, Betting & Services",11,Rivalry,rivalry.com,Fast-growing esports-focused sportsbook challenger,
Betway,F1 official betting operator; Williams partner,"Health, Betting & Services",12,Betnacional,betnacional.com.br,Fast-growing Brazilian sportsbook challenger,
Betway,F1 official betting operator; Williams partner,"Health, Betting & Services",13,KTO,kto.com,Fast-growing Brazilian/LatAm sportsbook challenger,
Betway,F1 official betting operator; Williams partner,"Health, Betting & Services",14,Superbet,superbet.com,Fast-growing Central/Eastern European sportsbook challenger,
Betway,F1 official betting operator; Williams partner,"Health, Betting & Services",15,STS (STS Group),stswin.com,Polish sportsbook operator,
Betway,F1 official betting operator; Williams partner,"Health, Betting & Services",16,Fortuna Entertainment Group,fortuna.cz,Central European sportsbook operator,
Betway,F1 official betting operator; Williams partner,"Health, Betting & Services",17,Betcris,betcris.com,Latin American sportsbook operator,
Betway,F1 official betting operator; Williams partner,"Health, Betting & Services",18,Bodog,bodog.com,Established online sportsbook,
Betway,F1 official betting operator; Williams partner,"Health, Betting & Services",19,Codere Online,codere.com,Spanish/LatAm sportsbook operator,
CLEAR,Red Bull Racing partner,"Health, Betting & Services",1,Persona,withpersona.com,Fast-growing identity verification startup,Eurodatacar
CLEAR,Red Bull Racing partner,"Health, Betting & Services",2,iProov,iproov.com,Biometric authentication startup,
CLEAR,Red Bull Racing partner,"Health, Betting & Services",3,World (Worldcoin),world.org,Fast-growing biometric/iris identity startup,
CLEAR,Red Bull Racing partner,"Health, Betting & Services",4,BioCatch,biocatch.com,Behavioral biometrics startup,
CLEAR,Red Bull Racing partner,"Health, Betting & Services",5,authID,authid.ai,Biometric identity verification startup,
CLEAR,Red Bull Racing partner,"Health, Betting & Services",6,SITA,sita.aero,Aviation biometric identity technology provider,
CLEAR,Red Bull Racing partner,"Health, Betting & Services",7,Vision-Box,visionbox.com,Airport biometrics technology company,
CLEAR,Red Bull Racing partner,"Health, Betting & Services",8,Thales Digital Identity,thalesgroup.com,Biometric/digital identity technology division,
CLEAR,Red Bull Racing partner,"Health, Betting & Services",9,Idenfy,idenfy.com,Fast-growing identity verification startup,Eurodatacar
CLEAR,Red Bull Racing partner,"Health, Betting & Services",10,FaceTec,facetec.com,3D face biometric authentication startup,
CLEAR,Red Bull Racing partner,"Health, Betting & Services",11,Alcatraz AI,alcatraz.ai,Emerging facial-recognition access-control startup,
CLEAR,Red Bull Racing partner,"Health, Betting & Services",12,Paravision,paravision.ai,Facial recognition technology startup,
Deloitte,McLaren partner,"Health, Betting & Services",1,Kearney,kearney.com,Boutique management consulting firm,PwC
Deloitte,McLaren partner,"Health, Betting & Services",2,L.E.K. Consulting,lek.com,"Boutique strategy consulting firm, scaling",PwC
Deloitte,McLaren partner,"Health, Betting & Services",3,Protiviti,protiviti.com,Risk and business consulting firm,PwC
Deloitte,McLaren partner,"Health, Betting & Services",4,West Monroe,westmonroe.com,Fast-growing boutique consulting firm,PwC
Deloitte,McLaren partner,"Health, Betting & Services",5,ZS Associates,zs.com,Boutique management/analytics consulting firm,
Deloitte,McLaren partner,"Health, Betting & Services",6,Brunswick Group,brunswickgroup.com,Boutique communications/advisory firm,
Eight Sleep,Aston Martin partner,"Health, Betting & Services",1,Casper,casper.com,D2C mattress brand,
Eight Sleep,Aston Martin partner,"Health, Betting & Services",2,Purple,purple.com,D2C mattress brand with proprietary tech,
Eight Sleep,Aston Martin partner,"Health, Betting & Services",3,Tempur Sealy,tempurpedic.com,Global mattress/sleep tech manufacturer,
Eight Sleep,Aston Martin partner,"Health, Betting & Services",4,Avocado Green Mattress,avocadogreenmattress.com,Organic mattress/sleep brand,
Eight Sleep,Aston Martin partner,"Health, Betting & Services",5,Ecosa,ecosa.io,APAC D2C mattress/sleep tech brand,
Eight Sleep,Aston Martin partner,"Health, Betting & Services",6,Koala,koala.com,Australian D2C mattress/sleep brand,
Eight Sleep,Aston Martin partner,"Health, Betting & Services",7,Sunrise,sunrise.is,Emerging sleep apnea tracking startup,
Eight Sleep,Aston Martin partner,"Health, Betting & Services",8,Somnox,somnox.com,Sleep robot/relaxation device startup,
Eight Sleep,Aston Martin partner,"Health, Betting & Services",9,Sleepace,sleepace.com,Sleep tracking hardware startup,
Eight Sleep,Aston Martin partner,"Health, Betting & Services",10,Hatch,hatch.co,Smart sleep sound/light device startup,
Eight Sleep,Aston Martin partner,"Health, Betting & Services",11,Nyxo,nyxo.io,Finnish emerging sleep-coaching tech startup,
Eight Sleep,Aston Martin partner,"Health, Betting & Services",12,BedJet,bedjet.com,Direct rival climate-control sleep system,
Eight Sleep,Aston Martin partner,"Health, Betting & Services",13,Kryo,kryosleep.com,Direct rival temperature-regulating sleep tech,
Eight Sleep,Aston Martin partner,"Health, Betting & Services",14,Beddr,beddr.com,Sleep apnea tracking wearable startup,
Eight Sleep,Aston Martin partner,"Health, Betting & Services",15,Moona,moona.co,Emerging smart pillow temperature-regulation startup,
Eight Sleep,Aston Martin partner,"Health, Betting & Services",16,Muse (InteraXon),choosemuse.com,Meditation/sleep headband wearable startup,
FanDuel,F1 official betting operator,"Health, Betting & Services",1,Caesars Sportsbook,caesars.com,Major US sportsbook operator,Betway
FanDuel,F1 official betting operator,"Health, Betting & Services",2,Hard Rock Bet,hardrock.bet,Fast-growing US sportsbook challenger,
FanDuel,F1 official betting operator,"Health, Betting & Services",3,Underdog Fantasy,underdogfantasy.com,Fast-growing DFS/pick'em challenger,
FanDuel,F1 official betting operator,"Health, Betting & Services",4,PrizePicks,prizepicks.com,Fast-growing daily fantasy/pick'em challenger,
FanDuel,F1 official betting operator,"Health, Betting & Services",5,Sleeper,sleeper.com,Fast-growing fantasy sports/betting app challenger,
FanDuel,F1 official betting operator,"Health, Betting & Services",6,Novig,novig.us,Emerging peer-to-peer betting exchange startup,Public.com
FanDuel,F1 official betting operator,"Health, Betting & Services",7,ProphetX,prophetx.co,Emerging sports betting exchange startup,Public.com
FanDuel,F1 official betting operator,"Health, Betting & Services",8,Sporttrade,sporttrade.com,Emerging exchange-based sportsbook startup,
FanDuel,F1 official betting operator,"Health, Betting & Services",9,Kalshi,kalshi.com,Fast-growing prediction-market challenger,Coinbase; Gemini (crypto exchange); Kraken (Payward); Nasdaq; Public.com
FanDuel,F1 official betting operator,"Health, Betting & Services",10,Polymarket,polymarket.com,Fast-growing crypto prediction-market challenger,Coinbase; Crypto.com; Gemini (crypto exchange); Kraken (Payward); Nasdaq; Public.com
FanDuel,F1 official betting operator,"Health, Betting & Services",11,Betr,betr.app,Emerging celebrity-backed US sportsbook startup,
FanDuel,F1 official betting operator,"Health, Betting & Services",12,Circa Sports,circasports.com,Vegas-based sportsbook operator,
FanDuel,F1 official betting operator,"Health, Betting & Services",13,Bovada,bovada.lv,Offshore US-facing sportsbook,
FanDuel,F1 official betting operator,"Health, Betting & Services",14,MyBookie,mybookie.ag,Offshore US-facing sportsbook,
FanDuel,F1 official betting operator,"Health, Betting & Services",15,Betfred USA,betfredsports.com,US expansion sportsbook operator,
JackpotCity Casino,Williams partner,"Health, Betting & Services",1,LeoVegas Casino,leovegas.com,Mobile-first online casino operator,
JackpotCity Casino,Williams partner,"Health, Betting & Services",2,Royal Vegas Casino,royalvegascasino.com,Online casino brand,
JackpotCity Casino,Williams partner,"Health, Betting & Services",3,LuckyDays Casino,luckydays.com,Fast-growing European online casino challenger,
JackpotCity Casino,Williams partner,"Health, Betting & Services",4,Wildz Casino,wildz.com,Fast-growing European online casino startup,
JackpotCity Casino,Williams partner,"Health, Betting & Services",5,Rizk Casino,rizk.com,Online casino operator,
JackpotCity Casino,Williams partner,"Health, Betting & Services",6,Mr Green Casino,mrgreen.com,Online casino brand,
JackpotCity Casino,Williams partner,"Health, Betting & Services",7,Casimba Casino,casimba.com,Online casino brand,
JackpotCity Casino,Williams partner,"Health, Betting & Services",8,Ignition Casino,ignitioncasino.eu,Offshore online casino,
JackpotCity Casino,Williams partner,"Health, Betting & Services",9,Vegas Plus Casino,vegasplus.com,Online casino operator,
JackpotCity Casino,Williams partner,"Health, Betting & Services",10,Betsafe Casino,betsafe.com,Online casino operator,
JackpotCity Casino,Williams partner,"Health, Betting & Services",11,CasinoRoom,casinoroom.com,Online casino operator,
JackpotCity Casino,Williams partner,"Health, Betting & Services",12,National Casino,national-casino.com,Fast-growing online casino challenger,
JackpotCity Casino,Williams partner,"Health, Betting & Services",13,Slotv Casino,slotv.com,Online casino operator,
JackpotCity Casino,Williams partner,"Health, Betting & Services",14,Vegasoo Casino,vegasoo.com,Online casino operator,
Juss Sports,F1 Academy wildcard entry sponsor (Shanghai),"Health, Betting & Services",1,RedBird Capital Partners,redbirdcapital.com,Sports investment/marketing group,
Juss Sports,F1 Academy wildcard entry sponsor (Shanghai),"Health, Betting & Services",2,Arctos Sports Partners,arctospartners.com,Sports investment group,
Juss Sports,F1 Academy wildcard entry sponsor (Shanghai),"Health, Betting & Services",3,Bruin Capital,bruincapital.com,Sports investment/advisory group,
Juss Sports,F1 Academy wildcard entry sponsor (Shanghai),"Health, Betting & Services",4,Fenway Sports Group,fenwaysportsgroup.com,Sports team/investment group,
Juss Sports,F1 Academy wildcard entry sponsor (Shanghai),"Health, Betting & Services",5,City Football Group,cityfootballgroup.com,Multi-club sports investment group,
Juss Sports,F1 Academy wildcard entry sponsor (Shanghai),"Health, Betting & Services",6,777 Partners,777partners.com,Sports investment group,
Juss Sports,F1 Academy wildcard entry sponsor (Shanghai),"Health, Betting & Services",7,Right to Dream,righttodream.com,Youth sports development/investment group,
Juss Sports,F1 Academy wildcard entry sponsor (Shanghai),"Health, Betting & Services",8,Sportradar,sportradar.com,Sports data and technology group,
Juss Sports,F1 Academy wildcard entry sponsor (Shanghai),"Health, Betting & Services",9,Silver Lake Sports,silverlake.com,Sports-focused private equity investment firm,
Juss Sports,F1 Academy wildcard entry sponsor (Shanghai),"Health, Betting & Services",10,Elysian Park Ventures,elysianparkllc.com,Sports investment/management group,
Juss Sports,F1 Academy wildcard entry sponsor (Shanghai),"Health, Betting & Services",11,Bluestar Alliance,bluestaralliance.com,Brand investment/management group active in sports licensing,
KAUST,McLaren partner,"Health, Betting & Services",1,Mohamed bin Zayed University of Artificial Intelligence,mbzuai.ac.ae,Fast-growing AI-focused graduate university,
KAUST,McLaren partner,"Health, Betting & Services",2,Technion - Israel Institute of Technology,technion.ac.il,Leading science/technology research university,
KAUST,McLaren partner,"Health, Betting & Services",3,Skolkovo Institute of Science and Technology,skoltech.ru,Research-focused technical university,
KAUST,McLaren partner,"Health, Betting & Services",4,Singapore University of Technology and Design,sutd.edu.sg,Research-focused technical university,
KAUST,McLaren partner,"Health, Betting & Services",5,Nanyang Technological University,ntu.edu.sg,Leading Asian research university,
KAUST,McLaren partner,"Health, Betting & Services",6,National University of Singapore,nus.edu.sg,Leading Asian research university,
KAUST,McLaren partner,"Health, Betting & Services",7,KAIST,kaist.ac.kr,Leading Korean science/technology university,
KAUST,McLaren partner,"Health, Betting & Services",8,POSTECH,postech.ac.kr,Korean science/technology research university,
KAUST,McLaren partner,"Health, Betting & Services",9,Hong Kong University of Science and Technology,ust.hk,Leading Asian research university,
KAUST,McLaren partner,"Health, Betting & Services",10,Tsinghua University,tsinghua.edu.cn,Leading Chinese research university,
KAUST,McLaren partner,"Health, Betting & Services",11,Weizmann Institute of Science,weizmann.ac.il,Leading science research institute,
KAUST,McLaren partner,"Health, Betting & Services",12,Delft University of Technology,tudelft.nl,Leading European technical university,
KAUST,McLaren partner,"Health, Betting & Services",13,Sorbonne University,sorbonne-universite.fr,Leading European research university,
KAUST,McLaren partner,"Health, Betting & Services",14,Karlsruhe Institute of Technology,kit.edu,European technical research university,
KAUST,McLaren partner,"Health, Betting & Services",15,Tokyo Institute of Technology,titech.ac.jp,Leading Asian technical research university,
KAUST,McLaren partner,"Health, Betting & Services",16,Indian Institute of Science,iisc.ac.in,Leading Indian research institute,
KAUST,McLaren partner,"Health, Betting & Services",17,Chalmers University of Technology,chalmers.se,European technical research university,
KAUST,McLaren partner,"Health, Betting & Services",18,University of Cape Town,uct.ac.za,Leading African research university,
ManpowerGroup,Ferrari partner,"Health, Betting & Services",1,Toptal,toptal.com,Fast-growing elite freelance talent platform,Globant; Randstad
ManpowerGroup,Ferrari partner,"Health, Betting & Services",2,Wonolo,wonolo.com,Emerging on-demand gig staffing startup,Airtasker; Randstad
ManpowerGroup,Ferrari partner,"Health, Betting & Services",3,Instawork,instawork.com,Emerging gig staffing marketplace startup,Airtasker; Randstad
ManpowerGroup,Ferrari partner,"Health, Betting & Services",4,Job&Talent,jobandtalent.com,Emerging staffing tech startup,Randstad
ManpowerGroup,Ferrari partner,"Health, Betting & Services",5,SThree,sthree.com,STEM specialist staffing firm,Randstad
ManpowerGroup,Ferrari partner,"Health, Betting & Services",6,Synergie,synergie.fr,French staffing group,
ManpowerGroup,Ferrari partner,"Health, Betting & Services",7,Bluecrew,bluecrewjobs.com,Emerging flexible staffing startup,Randstad
ManpowerGroup,Ferrari partner,"Health, Betting & Services",8,AMN Healthcare,amnhealthcare.com,Healthcare staffing firm,Randstad
ManpowerGroup,Ferrari partner,"Health, Betting & Services",9,Cross Country Healthcare,crosscountryhealthcare.com,Healthcare staffing firm,Randstad
ManpowerGroup,Ferrari partner,"Health, Betting & Services",10,Adia,adiaplatform.com,Emerging on-demand staffing platform startup,Randstad
MGM Rewards,Haas partner,"Health, Betting & Services",1,Caesars Rewards,caesars.com,Rival casino resort loyalty program,
MGM Rewards,Haas partner,"Health, Betting & Services",2,Wynn Rewards,wynnlasvegas.com,Rival casino resort loyalty program,
MGM Rewards,Haas partner,"Health, Betting & Services",3,Marina Bay Sands,marinabaysands.com,Integrated resort/casino operator,
MGM Rewards,Haas partner,"Health, Betting & Services",4,IHG One Rewards,ihg.com,Hospitality loyalty program,
MGM Rewards,Haas partner,"Health, Betting & Services",5,Genting Group (Resorts World),gentinggroup.com,Global casino resort operator,
MGM Rewards,Haas partner,"Health, Betting & Services",6,Sands China,sandschina.com,Macau casino resort operator,
MGM Rewards,Haas partner,"Health, Betting & Services",7,Foxwoods Resort Casino,foxwoods.com,Major US tribal casino resort,Hard Rock International; The Venetian Resort (Apollo)
MGM Rewards,Haas partner,"Health, Betting & Services",8,Mohegan Sun,mohegansun.com,Major US tribal casino resort,
MGM Rewards,Haas partner,"Health, Betting & Services",9,Genting Malaysia,gentingmalaysia.com,Asian casino resort operator,
MGM Rewards,Haas partner,"Health, Betting & Services",10,Everi Holdings,everi.com,Casino loyalty/payments technology company,
Modo Casino,Alpine partner,"Health, Betting & Services",1,Pulsz Casino,pulsz.com,Fast-growing sweepstakes casino startup,JackpotCity Casino
Modo Casino,Alpine partner,"Health, Betting & Services",2,McLuck Casino,mcluck.com,Emerging sweepstakes casino startup,JackpotCity Casino
Modo Casino,Alpine partner,"Health, Betting & Services",3,Zula Casino,zulacasino.com,Emerging sweepstakes casino startup,
Modo Casino,Alpine partner,"Health, Betting & Services",4,Sportzino,sportzino.com,Emerging sweepstakes sportsbook/casino startup,
Modo Casino,Alpine partner,"Health, Betting & Services",5,Fliff,getfliff.com,Fast-growing social sportsbook sweepstakes app,
Modo Casino,Alpine partner,"Health, Betting & Services",6,Jackpota,jackpota.com,Emerging sweepstakes casino startup,
Modo Casino,Alpine partner,"Health, Betting & Services",7,Spree Casino,spreecasino.com,Emerging sweepstakes casino startup,
Modo Casino,Alpine partner,"Health, Betting & Services",8,Hello Millions,hellomillions.com,Fast-growing sweepstakes casino startup,
Modo Casino,Alpine partner,"Health, Betting & Services",9,Sagas Casino,sagascasino.com,Emerging sweepstakes casino startup,
Modo Casino,Alpine partner,"Health, Betting & Services",10,Vegas World (myVEGAS),vegasworld.com,Social casino app,
Modo Casino,Alpine partner,"Health, Betting & Services",11,Huuuge Casino,huuuge.com,Social casino app,
Modo Casino,Alpine partner,"Health, Betting & Services",12,Big Fish Casino,bigfishgames.com,Social casino app,
Modo Casino,Alpine partner,"Health, Betting & Services",13,House of Fun (Playtika),houseoffun.com,Social casino app,
Modo Casino,Alpine partner,"Health, Betting & Services",14,Gold Fish Casino (Product Madness),goldfishcasino.com,Social casino app,
Modo Casino,Alpine partner,"Health, Betting & Services",15,Slotomania (Playtika),slotomania.com,Social casino app,
Morrison Foerster,Aston Martin partner,"Health, Betting & Services",1,Wilson Sonsini Goodrich & Rosati,wsgr.com,Tech/VC-focused law firm,
Morrison Foerster,Aston Martin partner,"Health, Betting & Services",2,Paul Hastings,paulhastings.com,Global law firm,
Morrison Foerster,Aston Martin partner,"Health, Betting & Services",3,Orrick Herrington & Sutcliffe,orrick.com,"Global law firm, tech-focused",
Morrison Foerster,Aston Martin partner,"Health, Betting & Services",4,Debevoise & Plimpton,debevoise.com,Global law firm,
Morrison Foerster,Aston Martin partner,"Health, Betting & Services",5,Davis Polk & Wardwell,davispolk.com,Global law firm,
Morrison Foerster,Aston Martin partner,"Health, Betting & Services",6,Simpson Thacher & Bartlett,simpsonthacher.com,Global law firm,
Morrison Foerster,Aston Martin partner,"Health, Betting & Services",7,Weil Gotshal & Manges,weil.com,Global law firm,
Morrison Foerster,Aston Martin partner,"Health, Betting & Services",8,Perkins Coie,perkinscoie.com,Tech-focused law firm,
Morrison Foerster,Aston Martin partner,"Health, Betting & Services",9,Goodwin Procter,goodwinlaw.com,Tech/life-sciences-focused law firm,
Morrison Foerster,Aston Martin partner,"Health, Betting & Services",10,Baker Botts,bakerbotts.com,Global law firm,
Morrison Foerster,Aston Martin partner,"Health, Betting & Services",11,Jones Day,jonesday.com,Global law firm,
Morrison Foerster,Aston Martin partner,"Health, Betting & Services",12,"Cravath, Swaine & Moore",cravath.com,Global law firm,
Morrison Foerster,Aston Martin partner,"Health, Betting & Services",13,"Wachtell, Lipton, Rosen & Katz",wlrk.com,Elite boutique law firm,
Morrison Foerster,Aston Martin partner,"Health, Betting & Services",14,"Munger, Tolles & Olson",mto.com,Boutique litigation law firm,
Morrison Foerster,Aston Martin partner,"Health, Betting & Services",15,Quinn Emanuel Urquhart & Sullivan,quinnemanuel.com,Boutique litigation law firm,
Morrison Foerster,Aston Martin partner,"Health, Betting & Services",16,Covington & Burling,cov.com,Global law firm,
Neat,Red Bull Racing partner,"Health, Betting & Services",1,AVer Information,averusa.com,Video conferencing camera hardware maker,
Neat,Red Bull Racing partner,"Health, Betting & Services",2,DTEN,dten.com,Video conferencing hardware for Zoom Rooms,
Neat,Red Bull Racing partner,"Health, Betting & Services",3,Kandao,kandaotech.com,360-degree conferencing camera company,
Neat,Red Bull Racing partner,"Health, Betting & Services",4,Biamp,biamp.com,AV conferencing audio technology company,
Neat,Red Bull Racing partner,"Health, Betting & Services",5,Shure,shure.com,Conferencing audio hardware maker,
Neat,Red Bull Racing partner,"Health, Betting & Services",6,Nureva,nureva.com,Fast-growing conferencing audio startup,
Neat,Red Bull Racing partner,"Health, Betting & Services",7,Mersive Technologies,mersive.com,Meeting room collaboration technology company,
Neat,Red Bull Racing partner,"Health, Betting & Services",8,EPOS,eposaudio.com,Conferencing headset/audio hardware maker,
Neat,Red Bull Racing partner,"Health, Betting & Services",9,Konftel,konftel.com,Conferencing hardware maker,
Neat,Red Bull Racing partner,"Health, Betting & Services",10,Vaddio,vaddio.com,Video conferencing camera hardware maker,
Neat,Red Bull Racing partner,"Health, Betting & Services",11,Lifesize,lifesize.com,Video conferencing hardware/software company,
Neat,Red Bull Racing partner,"Health, Betting & Services",12,Insta360,insta360.com,Conferencing camera hardware maker,
Neat,Red Bull Racing partner,"Health, Betting & Services",13,MAXHUB,maxhub.com,Conferencing display/hardware maker,
Neat,Red Bull Racing partner,"Health, Betting & Services",14,BenQ,benq.com,Conferencing display hardware maker,
Neat,Red Bull Racing partner,"Health, Betting & Services",15,ViewSonic,viewsonic.com,Conferencing display hardware maker,
Neat,Red Bull Racing partner,"Health, Betting & Services",16,Yamaha Unified Communications,yamahauc.com,Conferencing audio hardware maker,
Oura,Sponsor per brief (recovery/wearable ring category; not found verbatim in roster.json but included per task scope),"Health, Betting & Services",1,Bellabeat,bellabeat.com,Women's wellness wearable challenger,WHOOP
Oura,Sponsor per brief (recovery/wearable ring category; not found verbatim in roster.json but included per task scope),"Health, Betting & Services",2,NOWATCH,nowatch.com,Emerging screen-free stress/recovery wearable,WHOOP
Oura,Sponsor per brief (recovery/wearable ring category; not found verbatim in roster.json but included per task scope),"Health, Betting & Services",3,Apollo Neuro,apolloneuro.com,Wearable stress-relief device startup,WHOOP
Oura,Sponsor per brief (recovery/wearable ring category; not found verbatim in roster.json but included per task scope),"Health, Betting & Services",4,Empatica,empatica.com,Medical-grade biosensor wearables,WHOOP
Oura,Sponsor per brief (recovery/wearable ring category; not found verbatim in roster.json but included per task scope),"Health, Betting & Services",5,Nix Biosensors,nixbiosensors.com,Hydration biosensor startup,WHOOP
Oura,Sponsor per brief (recovery/wearable ring category; not found verbatim in roster.json but included per task scope),"Health, Betting & Services",6,Supersapiens,supersapiens.com,CGM for athletes,WHOOP
Oura,Sponsor per brief (recovery/wearable ring category; not found verbatim in roster.json but included per task scope),"Health, Betting & Services",7,Spire Health,spirehealth.com,Respiration/stress wearable,WHOOP
Oura,Sponsor per brief (recovery/wearable ring category; not found verbatim in roster.json but included per task scope),"Health, Betting & Services",8,Cove,feelcove.com,Emerging wearable stress-relief device startup,Student.com; Yugo
Oura,Sponsor per brief (recovery/wearable ring category; not found verbatim in roster.json but included per task scope),"Health, Betting & Services",9,Samsung Galaxy Ring,samsung.com,Smart ring from major consumer electronics maker,
PwC,F1 official partner,"Health, Betting & Services",1,Roland Berger,rolandberger.com,European boutique strategy consulting firm,Deloitte
PwC,F1 official partner,"Health, Betting & Services",2,Simon-Kucher,simon-kucher.com,Boutique pricing/growth strategy consulting firm,Deloitte
PwC,F1 official partner,"Health, Betting & Services",3,Analysis Group,analysisgroup.com,Boutique economic/strategy consulting firm,Deloitte
PwC,F1 official partner,"Health, Betting & Services",4,Charles River Associates,crai.com,Boutique economic consulting firm,Deloitte
PwC,F1 official partner,"Health, Betting & Services",5,FTI Consulting,fticonsulting.com,Business advisory/consulting firm,Deloitte
PwC,F1 official partner,"Health, Betting & Services",6,Huron Consulting Group,huronconsultinggroup.com,Fast-growing management consulting firm,Deloitte
PwC,F1 official partner,"Health, Betting & Services",7,Guidehouse,guidehouse.com,Fast-growing management/technology consulting firm,Deloitte
PwC,F1 official partner,"Health, Betting & Services",8,Moss Adams,mossadams.com,Mid-tier accounting/advisory firm,Deloitte
PwC,F1 official partner,"Health, Betting & Services",9,Baringa Partners,baringa.com,Fast-growing boutique energy/consulting firm,Deloitte
PwC,F1 official partner,"Health, Betting & Services",10,Control Risks,controlrisks.com,Boutique risk consulting firm,Deloitte
PwC,F1 official partner,"Health, Betting & Services",11,Teneo,teneo.com,Fast-growing advisory/consulting firm,Deloitte
Randstad,Racing Bulls partner,"Health, Betting & Services",1,Robert Half,roberthalf.com,Professional staffing firm,ManpowerGroup
Randstad,Racing Bulls partner,"Health, Betting & Services",2,Insperity,insperity.com,HR/PEO services provider,Businessolver; ManpowerGroup; Workday
Randstad,Racing Bulls partner,"Health, Betting & Services",3,Robert Walters,robertwalters.com,Global recruitment firm,ManpowerGroup
Randstad,Racing Bulls partner,"Health, Betting & Services",4,LHH,lhh.com,Career transition/coaching and staffing firm,
Randstad,Racing Bulls partner,"Health, Betting & Services",5,Vaco,vaco.com,Fast-growing staffing/consulting firm,Akkodis; ManpowerGroup
Randstad,Racing Bulls partner,"Health, Betting & Services",6,Actalent,actalent.com,Engineering/sciences staffing firm,ManpowerGroup
Randstad,Racing Bulls partner,"Health, Betting & Services",7,Randstad rival Gigged.ai,gigged.ai,Emerging skills-based gig staffing startup,
Stake,Sponsor per brief (crypto casino/sportsbook category; not found verbatim in roster.json but included per task scope),"Health, Betting & Services",1,CSGOEmpire,csgoempire.com,Crypto/skin gambling platform,
Stake,Sponsor per brief (crypto casino/sportsbook category; not found verbatim in roster.json but included per task scope),"Health, Betting & Services",2,Metawin,metawin.com,Emerging crypto casino startup,
Stake,Sponsor per brief (crypto casino/sportsbook category; not found verbatim in roster.json but included per task scope),"Health, Betting & Services",3,BitStarz,bitstarz.com,Crypto casino operator,
Stake,Sponsor per brief (crypto casino/sportsbook category; not found verbatim in roster.json but included per task scope),"Health, Betting & Services",4,FortuneJack,fortunejack.com,Crypto casino operator,
Stake,Sponsor per brief (crypto casino/sportsbook category; not found verbatim in roster.json but included per task scope),"Health, Betting & Services",5,BetFury,betfury.io,Crypto casino/sportsbook platform,
Stake,Sponsor per brief (crypto casino/sportsbook category; not found verbatim in roster.json but included per task scope),"Health, Betting & Services",6,Wild.io,wild.io,Emerging crypto casino/sportsbook startup,
Stake,Sponsor per brief (crypto casino/sportsbook category; not found verbatim in roster.json but included per task scope),"Health, Betting & Services",7,Winz.io,winz.io,Crypto casino operator,
Stake,Sponsor per brief (crypto casino/sportsbook category; not found verbatim in roster.json but included per task scope),"Health, Betting & Services",8,Coins.Game,coins.game,Emerging crypto gambling platform,
Stake,Sponsor per brief (crypto casino/sportsbook category; not found verbatim in roster.json but included per task scope),"Health, Betting & Services",9,Lucky Block,luckyblock.com,Emerging crypto casino startup,
Stake,Sponsor per brief (crypto casino/sportsbook category; not found verbatim in roster.json but included per task scope),"Health, Betting & Services",10,CSGORoll,csgoroll.com,Crypto/skin gambling platform,
Stake,Sponsor per brief (crypto casino/sportsbook category; not found verbatim in roster.json but included per task scope),"Health, Betting & Services",11,Betplay.io,betplay.io,Crypto casino/sportsbook platform,
Stake,Sponsor per brief (crypto casino/sportsbook category; not found verbatim in roster.json but included per task scope),"Health, Betting & Services",12,Yeez.io,yeez.io,Emerging crypto casino startup,
Stake,Sponsor per brief (crypto casino/sportsbook category; not found verbatim in roster.json but included per task scope),"Health, Betting & Services",13,Racebets,racebets.com,Online betting operator,
Stake,Sponsor per brief (crypto casino/sportsbook category; not found verbatim in roster.json but included per task scope),"Health, Betting & Services",14,N1 Bet,n1bet.com,European crypto-friendly sportsbook,
Stake,Sponsor per brief (crypto casino/sportsbook category; not found verbatim in roster.json but included per task scope),"Health, Betting & Services",15,Betchain,betchain.com,Crypto casino operator,
Therabody,Sponsor per brief (recovery-tech category; not found verbatim in roster.json but included per task scope),"Health, Betting & Services",1,Recovery Pump,recoverypump.com,Compression recovery device brand,
Therabody,Sponsor per brief (recovery-tech category; not found verbatim in roster.json but included per task scope),"Health, Betting & Services",2,Rapid Reboot,rapidreboot.com,Emerging compression recovery startup,
Therabody,Sponsor per brief (recovery-tech category; not found verbatim in roster.json but included per task scope),"Health, Betting & Services",3,Firefly Recovery,recoveryfirefly.com,Neuromuscular recovery device startup,
Therabody,Sponsor per brief (recovery-tech category; not found verbatim in roster.json but included per task scope),"Health, Betting & Services",4,PowerDot,powerdot.com,Wearable EMS recovery device startup,
Therabody,Sponsor per brief (recovery-tech category; not found verbatim in roster.json but included per task scope),"Health, Betting & Services",5,Kineon Labs,kineon.io,Emerging laser/light therapy recovery device startup,
Therabody,Sponsor per brief (recovery-tech category; not found verbatim in roster.json but included per task scope),"Health, Betting & Services",6,HigherDOSE,higherdose.com,Emerging infrared/recovery wellness startup,
Therabody,Sponsor per brief (recovery-tech category; not found verbatim in roster.json but included per task scope),"Health, Betting & Services",7,Chirp Wheel,chirpwheel.com,Recovery/mobility product brand,
Therabody,Sponsor per brief (recovery-tech category; not found verbatim in roster.json but included per task scope),"Health, Betting & Services",8,Naipo,naipo.com,Massage device brand,
Therabody,Sponsor per brief (recovery-tech category; not found verbatim in roster.json but included per task scope),"Health, Betting & Services",9,Hydragun,hydragun.com,Emerging Singapore massage gun startup,
Therabody,Sponsor per brief (recovery-tech category; not found verbatim in roster.json but included per task scope),"Health, Betting & Services",10,Bearaby,bearaby.com,Weighted-blanket recovery/wellness brand,
Therabody,Sponsor per brief (recovery-tech category; not found verbatim in roster.json but included per task scope),"Health, Betting & Services",11,Normatec,normatecrecovery.com,Pneumatic compression recovery brand,
Therabody,Sponsor per brief (recovery-tech category; not found verbatim in roster.json but included per task scope),"Health, Betting & Services",12,Osaki Massage Chairs,osakimassagechairs.com,Massage chair recovery brand,
Therabody,Sponsor per brief (recovery-tech category; not found verbatim in roster.json but included per task scope),"Health, Betting & Services",13,Vybe Percussion,vybepro.com,Emerging percussion massager startup,
Therabody,Sponsor per brief (recovery-tech category; not found verbatim in roster.json but included per task scope),"Health, Betting & Services",14,Opove,opove.com,Massage gun brand,
Therabody,Sponsor per brief (recovery-tech category; not found verbatim in roster.json but included per task scope),"Health, Betting & Services",15,Exogun,exogun.com,Emerging massage gun startup,
UChicago Medicine,Haas partner,"Health, Betting & Services",1,Mount Sinai Health System,mountsinai.org,Academic medical center,
UChicago Medicine,Haas partner,"Health, Betting & Services",2,UCSF Health,ucsfhealth.org,Academic medical center,
UChicago Medicine,Haas partner,"Health, Betting & Services",3,Hospital for Special Surgery (HSS),hss.edu,"Sports-medicine-focused academic hospital, frequent team sponsor",
UChicago Medicine,Haas partner,"Health, Betting & Services",4,UPMC,upmc.com,Academic health system,
UChicago Medicine,Haas partner,"Health, Betting & Services",5,Emory Healthcare,emoryhealthcare.org,Academic medical center,
UChicago Medicine,Haas partner,"Health, Betting & Services",6,Banner Health,bannerhealth.com,Large regional health system,
UChicago Medicine,Haas partner,"Health, Betting & Services",7,Intermountain Health,intermountainhealthcare.org,Large regional health system,
UChicago Medicine,Haas partner,"Health, Betting & Services",8,OhioHealth,ohiohealth.com,Regional academic-affiliated health system,
UChicago Medicine,Haas partner,"Health, Betting & Services",9,Barnes-Jewish Hospital (BJC HealthCare),bjc.org,Academic-affiliated regional health system,
UChicago Medicine,Haas partner,"Health, Betting & Services",10,Ochsner Health,ochsner.org,Regional academic-affiliated health system,
UChicago Medicine,Haas partner,"Health, Betting & Services",11,Baylor Scott & White Health,bswhealth.com,Large regional health system,
UChicago Medicine,Haas partner,"Health, Betting & Services",12,Sanford Health,sanfordhealth.org,Large regional health system,
UChicago Medicine,Haas partner,"Health, Betting & Services",13,Providence Health,providence.org,Large regional health system,
UChicago Medicine,Haas partner,"Health, Betting & Services",14,Trinity Health,trinity-health.org,Large national Catholic health system,
UChicago Medicine,Haas partner,"Health, Betting & Services",15,CommonSpirit Health,commonspirit.org,Large national health system,
UChicago Medicine,Haas partner,"Health, Betting & Services",16,AdventHealth,adventhealth.com,Large regional health system,
UChicago Medicine,Haas partner,"Health, Betting & Services",17,Geisinger,geisinger.org,Regional integrated health system,
UChicago Medicine,Haas partner,"Health, Betting & Services",18,Dana-Farber Cancer Institute,dana-farber.org,Academic cancer research hospital,
UChicago Medicine,Haas partner,"Health, Betting & Services",19,Memorial Sloan Kettering Cancer Center,mskcc.org,Academic cancer research hospital,
UChicago Medicine,Haas partner,"Health, Betting & Services",20,MD Anderson Cancer Center,mdanderson.org,Academic cancer research hospital,
UChicago Medicine,Haas partner,"Health, Betting & Services",21,Loyola Medicine,loyolamedicine.org,Chicago-area academic health system rival,
UChicago Medicine,Haas partner,"Health, Betting & Services",22,Endeavor Health (NorthShore),endeavorhealth.org,Chicago-area health system rival,
Udemy,McLaren partner,"Health, Betting & Services",1,LinkedIn Learning,linkedin.com,Corporate/professional online learning platform,
Udemy,McLaren partner,"Health, Betting & Services",2,LearnWorlds,learnworlds.com,Fast-growing course-platform startup,
Udemy,McLaren partner,"Health, Betting & Services",3,Podia,podia.com,Fast-growing creator platform,
Udemy,McLaren partner,"Health, Betting & Services",4,360Learning,360learning.com,Fast-growing corporate learning startup,
Udemy,McLaren partner,"Health, Betting & Services",5,Docebo,docebo.com,Fast-growing LMS startup,
Udemy,McLaren partner,"Health, Betting & Services",6,Degreed,degreed.com,Fast-growing upskilling platform,
Udemy,McLaren partner,"Health, Betting & Services",7,Guild Education,guild.com,Fast-growing workforce education startup,
Udemy,McLaren partner,"Health, Betting & Services",8,Multiverse,multiverse.io,Fast-growing apprenticeship/upskilling startup,
Udemy,McLaren partner,"Health, Betting & Services",9,Maven,maven.com,Fast-growing cohort-based course startup,
Udemy,McLaren partner,"Health, Betting & Services",10,Springboard,springboard.com,Fast-growing bootcamp/upskilling startup,
Udemy,McLaren partner,"Health, Betting & Services",11,General Assembly,generalassemb.ly,Tech skills bootcamp provider,
Udemy,McLaren partner,"Health, Betting & Services",12,Section,section.com,Fast-growing AI upskilling startup,
Udemy,McLaren partner,"Health, Betting & Services",13,iSpring Learn,ispringsolutions.com,Corporate e-learning platform,
Udemy,McLaren partner,"Health, Betting & Services",14,Reforge,reforge.com,Fast-growing cohort-based upskilling platform,
Udemy,McLaren partner,"Health, Betting & Services",15,Codesmith,codesmith.io,Coding bootcamp,
Udemy,McLaren partner,"Health, Betting & Services",16,Flatiron School,flatironschool.com,Coding bootcamp,
Udemy,McLaren partner,"Health, Betting & Services",17,BloomTech,bloomtech.com,Income-share coding bootcamp startup,
Udemy,McLaren partner,"Health, Betting & Services",18,Preply,preply.com,Fast-growing language-learning marketplace,
Udemy,McLaren partner,"Health, Betting & Services",19,Brilliant,brilliant.org,Fast-growing STEM learning platform,
Udemy,McLaren partner,"Health, Betting & Services",20,Emeritus,emeritus.org,Fast-growing executive education/upskilling platform,
Udemy,McLaren partner,"Health, Betting & Services",21,Great Learning,mygreatlearning.com,Fast-growing Asia-based upskilling platform,
WHOOP,Ferrari partner,"Health, Betting & Services",1,Polar Electro,polar.com,Finnish heart-rate/fitness wearables,Oura
WHOOP,Ferrari partner,"Health, Betting & Services",2,Xiaomi Smart Band,mi.com,Mass-market wearable,
WHOOP,Ferrari partner,"Health, Betting & Services",3,Levels Health,levels.com,Metabolic health/CGM wearable startup,Oura
WHOOP,Ferrari partner,"Health, Betting & Services",4,Superpower,superpower.com,Emerging biomarker health-optimization startup,Oura
WHOOP,Ferrari partner,"Health, Betting & Services",5,InsideTracker,insidetracker.com,Blood biomarker analytics for athletes,HMN24; Oura
WHOOP,Ferrari partner,"Health, Betting & Services",6,Actofit,actofit.com,Emerging Indian fitness wearable startup,Oura
WHOOP,Ferrari partner,"Health, Betting & Services",7,GOQii,goqii.com,Emerging Indian fitness wearable/coaching startup,Oura
WHOOP,Ferrari partner,"Health, Betting & Services",8,Boltt,boltt.com,Emerging fitness wearable startup,Oura
WHOOP,Ferrari partner,"Health, Betting & Services",9,Huawei Watch,consumer.huawei.com,Global smartwatch/fitness wearable maker,Oura
WHOOP,Ferrari partner,"Health, Betting & Services",10,Mio Global,mioglobal.com,Heart-rate fitness wearable maker,
WHOOP,Ferrari partner,"Health, Betting & Services",11,4iiii Innovations,4iiii.com,Cycling power meter/wearable maker,
adidas,Mercedes apparel partner; Audi F1 partner,"Luxury, Fashion & Beauty",1,Anta Sports,antasports.com,Chinese fast-growing global sportswear conglomerate,
adidas,Mercedes apparel partner; Audi F1 partner,"Luxury, Fashion & Beauty",2,Li-Ning,lining.com,Chinese fast-growing global sportswear brand,
adidas,Mercedes apparel partner; Audi F1 partner,"Luxury, Fashion & Beauty",3,361 Degrees,361sport.com,Chinese fast-growing performance sportswear brand,
adidas,Mercedes apparel partner; Audi F1 partner,"Luxury, Fashion & Beauty",4,Xtep,xtep.com.cn,Chinese fast-growing performance sportswear brand,
adidas,Mercedes apparel partner; Audi F1 partner,"Luxury, Fashion & Beauty",5,Decathlon,decathlon.com,French mass-market sporting goods retailer/brand,
adidas,Mercedes apparel partner; Audi F1 partner,"Luxury, Fashion & Beauty",6,Under Armour Curry Brand,underarmour.com,US performance basketball footwear/apparel sub-brand,
adidas,Mercedes apparel partner; Audi F1 partner,"Luxury, Fashion & Beauty",7,Merrell,merrell.com,US heritage outdoor/trail performance footwear brand,
adidas,Mercedes apparel partner; Audi F1 partner,"Luxury, Fashion & Beauty",8,Icebreaker,icebreaker.com,New Zealand premium merino performance apparel brand,
adidas,Mercedes apparel partner; Audi F1 partner,"Luxury, Fashion & Beauty",9,Smartwool,smartwool.com,US premium merino performance apparel brand,
Athletic Propulsion Labs (APL),Red Bull Racing partner,"Luxury, Fashion & Beauty",1,Rothy's,rothys.com,US fast-growing sustainable D2C footwear brand,
Athletic Propulsion Labs (APL),Red Bull Racing partner,"Luxury, Fashion & Beauty",2,Tracksmith,tracksmith.com,US fast-growing premium running apparel D2C brand,
Athletic Propulsion Labs (APL),Red Bull Racing partner,"Luxury, Fashion & Beauty",3,Bandit Running,banditrunning.com,US fast-growing D2C running apparel challenger brand,
Athletic Propulsion Labs (APL),Red Bull Racing partner,"Luxury, Fashion & Beauty",4,Norda Running,nordarunning.com,Canadian fast-growing premium trail running footwear brand,
Athletic Propulsion Labs (APL),Red Bull Racing partner,"Luxury, Fashion & Beauty",5,Satisfy Running,satisfyrunning.com,French fast-growing premium technical running apparel brand,
Athletic Propulsion Labs (APL),Red Bull Racing partner,"Luxury, Fashion & Beauty",6,Ciele Athletics,ciele.com,Canadian fast-growing premium performance headwear/apparel brand,
Athletic Propulsion Labs (APL),Red Bull Racing partner,"Luxury, Fashion & Beauty",7,Saucony,saucony.com,US heritage performance running footwear brand,adidas
Athletic Propulsion Labs (APL),Red Bull Racing partner,"Luxury, Fashion & Beauty",8,Altra Running,altrarunning.com,US independent zero-drop performance running footwear brand,adidas
Athletic Propulsion Labs (APL),Red Bull Racing partner,"Luxury, Fashion & Beauty",9,Topo Athletic,topoathletic.com,US independent performance running footwear brand,adidas
Athletic Propulsion Labs (APL),Red Bull Racing partner,"Luxury, Fashion & Beauty",10,Xero Shoes,xeroshoes.com,US independent minimalist performance footwear D2C brand,adidas
Athletic Propulsion Labs (APL),Red Bull Racing partner,"Luxury, Fashion & Beauty",11,Vessi Footwear,vessi.com,Canadian fast-growing D2C waterproof knit footwear brand,
Bang & Olufsen,F1 team audio/consumer-electronics partner (verify current team/status),"Luxury, Fashion & Beauty",1,McIntosh Laboratory,mcintoshlabs.com,US heritage premium hi-fi audio manufacturer,
Bang & Olufsen,F1 team audio/consumer-electronics partner (verify current team/status),"Luxury, Fashion & Beauty",2,Bryston,bryston.com,Canadian independent premium audio manufacturer,
Bang & Olufsen,F1 team audio/consumer-electronics partner (verify current team/status),"Luxury, Fashion & Beauty",3,Teenage Engineering,teenage.engineering,Swedish independent design-forward audio brand,
Bang & Olufsen,F1 team audio/consumer-electronics partner (verify current team/status),"Luxury, Fashion & Beauty",4,Cambridge Audio,cambridgeaudio.com,British independent premium hi-fi audio manufacturer,
Bang & Olufsen,F1 team audio/consumer-electronics partner (verify current team/status),"Luxury, Fashion & Beauty",5,Dynaudio,dynaudio.com,Danish independent premium loudspeaker manufacturer,
Bang & Olufsen,F1 team audio/consumer-electronics partner (verify current team/status),"Luxury, Fashion & Beauty",6,Nothing (audio),nothing.tech,British fast-growing design-forward consumer tech/audio brand,
Bang & Olufsen,F1 team audio/consumer-electronics partner (verify current team/status),"Luxury, Fashion & Beauty",7,Final Audio,final.co.jp,Japanese independent premium headphone manufacturer,
Bang & Olufsen,F1 team audio/consumer-electronics partner (verify current team/status),"Luxury, Fashion & Beauty",8,Moondrop,moondroplab.com,Chinese fast-growing independent premium audio brand,
Bang & Olufsen,F1 team audio/consumer-electronics partner (verify current team/status),"Luxury, Fashion & Beauty",9,Sonus Faber,sonusfaber.com,Italian independent premium loudspeaker manufacturer,
Bang & Olufsen,F1 team audio/consumer-electronics partner (verify current team/status),"Luxury, Fashion & Beauty",10,Rega,rega.co.uk,British independent premium hi-fi turntable/audio manufacturer,
Bang & Olufsen,F1 team audio/consumer-electronics partner (verify current team/status),"Luxury, Fashion & Beauty",11,Rotel,rotel.com,Independent premium hi-fi audio manufacturer,
Bang & Olufsen,F1 team audio/consumer-electronics partner (verify current team/status),"Luxury, Fashion & Beauty",12,NAD Electronics,nadelectronics.com,Canadian independent premium hi-fi audio manufacturer,
Bang & Olufsen,F1 team audio/consumer-electronics partner (verify current team/status),"Luxury, Fashion & Beauty",13,Arcam,arcam.co.uk,British independent premium hi-fi audio manufacturer,
Bang & Olufsen,F1 team audio/consumer-electronics partner (verify current team/status),"Luxury, Fashion & Beauty",14,Elac,elac.com,German independent premium loudspeaker manufacturer,
Bang & Olufsen,F1 team audio/consumer-electronics partner (verify current team/status),"Luxury, Fashion & Beauty",15,Polk Audio,polkaudio.com,US premium consumer audio and speaker brand,
Bang & Olufsen,F1 team audio/consumer-electronics partner (verify current team/status),"Luxury, Fashion & Beauty",16,Definitive Technology,definitivetechnology.com,US premium home audio speaker brand,
Bang & Olufsen,F1 team audio/consumer-electronics partner (verify current team/status),"Luxury, Fashion & Beauty",17,SVS Sound,svsound.com,US independent D2C premium subwoofer/speaker brand,
Bang & Olufsen,F1 team audio/consumer-electronics partner (verify current team/status),"Luxury, Fashion & Beauty",18,Libratone,libratone.com,Danish independent design-forward wireless audio brand,
Bang & Olufsen,F1 team audio/consumer-electronics partner (verify current team/status),"Luxury, Fashion & Beauty",19,Sudio,sudio.com,Swedish fast-growing D2C premium audio brand,
Bang & Olufsen,F1 team audio/consumer-electronics partner (verify current team/status),"Luxury, Fashion & Beauty",20,JLab Audio,jlabaudio.com,US fast-growing affordable premium audio brand,
Bang & Olufsen,F1 team audio/consumer-electronics partner (verify current team/status),"Luxury, Fashion & Beauty",21,Skullcandy,skullcandy.com,US independent lifestyle audio and headphone brand,
Bang & Olufsen,F1 team audio/consumer-electronics partner (verify current team/status),"Luxury, Fashion & Beauty",22,Anker Soundcore,soundcore.com,Fast-growing global affordable premium audio brand,
Bang & Olufsen,F1 team audio/consumer-electronics partner (verify current team/status),"Luxury, Fashion & Beauty",23,Edifier,edifier.com,Chinese fast-growing global consumer audio brand,
Bang & Olufsen,F1 team audio/consumer-electronics partner (verify current team/status),"Luxury, Fashion & Beauty",24,Ultimate Ears,ultimateears.com,Premium portable speaker and in-ear monitor brand,
Breitling,Aston Martin partner,"Luxury, Fashion & Beauty",1,IWC,iwc.com,Richemont-owned Swiss pilot watch heritage maison,
Breitling,Aston Martin partner,"Luxury, Fashion & Beauty",2,Alpina Watches,alpina-watches.com,Independent Swiss sports watch heritage brand,
Breitling,Aston Martin partner,"Luxury, Fashion & Beauty",3,Victorinox Swiss Army,victorinox.com,Swiss lifestyle and watch heritage brand,
Breitling,Aston Martin partner,"Luxury, Fashion & Beauty",4,Luminox,luminox.com,US independent military-spec tool watch brand,
Breitling,Aston Martin partner,"Luxury, Fashion & Beauty",5,Bertucci Watches,bertucciwatches.com,US independent field watch heritage brand,
Breitling,Aston Martin partner,"Luxury, Fashion & Beauty",6,Elgin Watch Company,elginwatches.net,Revived independent American heritage watch brand,
Breitling,Aston Martin partner,"Luxury, Fashion & Beauty",7,Elliot Brown,elliotbrownwatches.com,British independent tool watch brand,IWC Schaffhausen (Richemont)
Breitling,Aston Martin partner,"Luxury, Fashion & Beauty",8,Praesidus,praesidus.watch,US independent D2C military-heritage watch brand,IWC Schaffhausen (Richemont); Richard Mille
Breitling,Aston Martin partner,"Luxury, Fashion & Beauty",9,Vortic Watch Co,vorticwatches.com,US independent restored-heritage watch brand,IWC Schaffhausen (Richemont)
Breitling,Aston Martin partner,"Luxury, Fashion & Beauty",10,Weiss Watch Company,weisswatchcompany.com,US independent made-in-America watch manufacture,IWC Schaffhausen (Richemont); TAG Heuer (LVMH)
Breitling,Aston Martin partner,"Luxury, Fashion & Beauty",11,Devon Works,devonworks.com,US independent avant-garde mechanical watch brand,Richard Mille; TAG Heuer (LVMH)
Castore,Red Bull Racing teamwear; Alpine and Haas partner,"Luxury, Fashion & Beauty",1,Mitre,mitre.com,British heritage football equipment and apparel brand,
Castore,Red Bull Racing teamwear; Alpine and Haas partner,"Luxury, Fashion & Beauty",2,Nike Teamwear,nike.com,US global sportswear teamwear division,
Castore,Red Bull Racing teamwear; Alpine and Haas partner,"Luxury, Fashion & Beauty",3,First Team Sportswear,firstteamsportswear.co.uk,British emerging teamwear supplier brand,
Castore,Red Bull Racing teamwear; Alpine and Haas partner,"Luxury, Fashion & Beauty",4,Vaporsport,vaporsport.co.uk,British emerging teamwear/kit supplier brand,
Castore,Red Bull Racing teamwear; Alpine and Haas partner,"Luxury, Fashion & Beauty",5,O'Neills Irish International Sports,oneills.com,Irish teamwear and sportswear manufacturer,
Castore,Red Bull Racing teamwear; Alpine and Haas partner,"Luxury, Fashion & Beauty",6,Score Draw,scoredraw.com,British retro/replica teamwear brand,
Castore,Red Bull Racing teamwear; Alpine and Haas partner,"Luxury, Fashion & Beauty",7,Fjallraven,fjallraven.com,Swedish heritage outdoor apparel and gear brand,
Castore,Red Bull Racing teamwear; Alpine and Haas partner,"Luxury, Fashion & Beauty",8,Rhone Apparel,rhone.com,US fast-growing premium men's athleisure D2C brand,
Castore,Red Bull Racing teamwear; Alpine and Haas partner,"Luxury, Fashion & Beauty",9,Ministry of Supply,ministryofsupply.com,US performance-fabric business/athleisure apparel brand,
Castore,Red Bull Racing teamwear; Alpine and Haas partner,"Luxury, Fashion & Beauty",10,Western Rise,westernrise.com,US fast-growing D2C technical travel apparel brand,
Castore,Red Bull Racing teamwear; Alpine and Haas partner,"Luxury, Fashion & Beauty",11,State and Liberty,stateandliberty.com,US fast-growing athletic-fit menswear D2C brand,
Castore,Red Bull Racing teamwear; Alpine and Haas partner,"Luxury, Fashion & Beauty",12,Zeus Sport,zeussport.es,Spanish independent teamwear and sportswear manufacturer,
Castore,Red Bull Racing teamwear; Alpine and Haas partner,"Luxury, Fashion & Beauty",13,Legea,legea.com,Italian independent teamwear and sportswear manufacturer,
Castore,Red Bull Racing teamwear; Alpine and Haas partner,"Luxury, Fashion & Beauty",14,SVIndustries,svindustries.pt,Portuguese teamwear and sportswear manufacturer,
Castore,Red Bull Racing teamwear; Alpine and Haas partner,"Luxury, Fashion & Beauty",15,Sells Goalkeeper,sellsgoalkeeper.com,British independent goalkeeper kit specialist brand,
Castore,Red Bull Racing teamwear; Alpine and Haas partner,"Luxury, Fashion & Beauty",16,Uhlsport,uhlsport.com,German independent football teamwear and equipment brand,
Castore,Red Bull Racing teamwear; Alpine and Haas partner,"Luxury, Fashion & Beauty",17,Prostar Sports,prostarsports.co.uk,British independent teamwear and sportswear brand,
Castore,Red Bull Racing teamwear; Alpine and Haas partner,"Luxury, Fashion & Beauty",18,Precision Training,precision-training.com,British independent teamwear and training equipment brand,
Castore,Red Bull Racing teamwear; Alpine and Haas partner,"Luxury, Fashion & Beauty",19,Charly Futbol,charly.com.mx,Mexican independent football teamwear and footwear brand,
Castore,Red Bull Racing teamwear; Alpine and Haas partner,"Luxury, Fashion & Beauty",20,Pirma,pirma.com.mx,Mexican independent football teamwear brand,
Castore,Red Bull Racing teamwear; Alpine and Haas partner,"Luxury, Fashion & Beauty",21,Warrior Sports,warrior.com,US independent lacrosse/sports equipment and apparel brand,
Castore,Red Bull Racing teamwear; Alpine and Haas partner,"Luxury, Fashion & Beauty",22,Grays International,graysofcambridge.com,British independent field hockey teamwear and equipment brand,
Castore,Red Bull Racing teamwear; Alpine and Haas partner,"Luxury, Fashion & Beauty",23,Kookaburra Sport,kookaburrasport.com.au,Australian independent cricket/hockey teamwear and equipment brand,
Charlotte Tilbury (Puig),F1 Academy car sponsor (2025; verify 2026 status),"Luxury, Fashion & Beauty",1,Tarte Cosmetics,tartecosmetics.com,US independent fast-growing prestige cosmetics brand,
Charlotte Tilbury (Puig),F1 Academy car sponsor (2025; verify 2026 status),"Luxury, Fashion & Beauty",2,Anastasia Beverly Hills,anastasiabeverlyhills.com,Independent fast-growing prestige cosmetics brand,
Charlotte Tilbury (Puig),F1 Academy car sponsor (2025; verify 2026 status),"Luxury, Fashion & Beauty",3,Ilia Beauty,iliabeauty.com,Fast-growing clean prestige makeup brand,
Charlotte Tilbury (Puig),F1 Academy car sponsor (2025; verify 2026 status),"Luxury, Fashion & Beauty",4,Kosas,kosas.com,Fast-growing clean prestige makeup D2C brand,
Charlotte Tilbury (Puig),F1 Academy car sponsor (2025; verify 2026 status),"Luxury, Fashion & Beauty",5,Haus Labs (Lady Gaga),hauslabs.com,Fast-growing celebrity-founded prestige makeup brand,
Charlotte Tilbury (Puig),F1 Academy car sponsor (2025; verify 2026 status),"Luxury, Fashion & Beauty",6,Makeup by Mario,makeupbymario.com,Fast-growing celebrity-founded prestige makeup brand,
Charlotte Tilbury (Puig),F1 Academy car sponsor (2025; verify 2026 status),"Luxury, Fashion & Beauty",7,Jones Road Beauty,jonesroadbeauty.com,Fast-growing minimalist D2C makeup brand,
Charlotte Tilbury (Puig),F1 Academy car sponsor (2025; verify 2026 status),"Luxury, Fashion & Beauty",8,Westman Atelier,westman-atelier.com,Fast-growing luxury clean makeup D2C brand,
Charlotte Tilbury (Puig),F1 Academy car sponsor (2025; verify 2026 status),"Luxury, Fashion & Beauty",9,Saie Beauty,saiehello.com,Fast-growing clean prestige makeup D2C brand,
Charlotte Tilbury (Puig),F1 Academy car sponsor (2025; verify 2026 status),"Luxury, Fashion & Beauty",10,Danessa Myricks Beauty,danessamyricksbeauty.com,Fast-growing independent artistry-driven makeup brand,
Charlotte Tilbury (Puig),F1 Academy car sponsor (2025; verify 2026 status),"Luxury, Fashion & Beauty",11,Rhode Skin,rhodeskin.com,Fast-growing celebrity-founded skincare/makeup D2C brand,
Charlotte Tilbury (Puig),F1 Academy car sponsor (2025; verify 2026 status),"Luxury, Fashion & Beauty",12,Milk Makeup,milkmakeup.com,Fast-growing independent prestige makeup brand,
Charlotte Tilbury (Puig),F1 Academy car sponsor (2025; verify 2026 status),"Luxury, Fashion & Beauty",13,Summer Fridays,summerfridays.com,Fast-growing independent prestige skincare/makeup brand,
Charlotte Tilbury (Puig),F1 Academy car sponsor (2025; verify 2026 status),"Luxury, Fashion & Beauty",14,Tower 28 Beauty,tower28beauty.com,Fast-growing clean sensitive-skin makeup D2C brand,
Charlotte Tilbury (Puig),F1 Academy car sponsor (2025; verify 2026 status),"Luxury, Fashion & Beauty",15,Half Magic Beauty,halfmagic.com,Fast-growing independent artistry-driven makeup brand,
Charlotte Tilbury (Puig),F1 Academy car sponsor (2025; verify 2026 status),"Luxury, Fashion & Beauty",16,Victoria Beckham Beauty,victoriabeckhambeauty.com,Fast-growing celebrity-founded prestige makeup brand,
Charlotte Tilbury (Puig),F1 Academy car sponsor (2025; verify 2026 status),"Luxury, Fashion & Beauty",17,KKW Beauty,kkwbeauty.com,Fast-growing celebrity-founded prestige beauty brand,
ELEMIS (L'Occitane Group),Aston Martin partner,"Luxury, Fashion & Beauty",1,La Prairie,laprairie.com,Swiss ultra-prestige luxury skincare brand,
ELEMIS (L'Occitane Group),Aston Martin partner,"Luxury, Fashion & Beauty",2,Augustinus Bader,augustinusbader.com,Fast-growing independent luxury skincare D2C brand,
ELEMIS (L'Occitane Group),Aston Martin partner,"Luxury, Fashion & Beauty",3,Tatcha,tatcha.com,Fast-growing prestige J-beauty-inspired skincare brand,
ELEMIS (L'Occitane Group),Aston Martin partner,"Luxury, Fashion & Beauty",4,Drunk Elephant,drunkelephant.com,Fast-growing clean prestige skincare brand,
ELEMIS (L'Occitane Group),Aston Martin partner,"Luxury, Fashion & Beauty",5,Sunday Riley,sundayriley.com,Independent fast-growing prestige skincare D2C brand,
ELEMIS (L'Occitane Group),Aston Martin partner,"Luxury, Fashion & Beauty",6,Herbivore Botanicals,herbivorebotanicals.com,US independent clean beauty D2C brand,
ELEMIS (L'Occitane Group),Aston Martin partner,"Luxury, Fashion & Beauty",7,Naturopathica,naturopathica.com,US independent holistic prestige skincare brand,
ELEMIS (L'Occitane Group),Aston Martin partner,"Luxury, Fashion & Beauty",8,Skinceuticals,skinceuticals.com,L'Oreal-owned prestige dermo-cosmetic skincare brand,
ELEMIS (L'Occitane Group),Aston Martin partner,"Luxury, Fashion & Beauty",9,First Aid Beauty,firstaidbeauty.com,US independent prestige skincare brand,
ELEMIS (L'Occitane Group),Aston Martin partner,"Luxury, Fashion & Beauty",10,Farmacy Beauty,farmacybeauty.com,US independent clean prestige skincare brand,
ELEMIS (L'Occitane Group),Aston Martin partner,"Luxury, Fashion & Beauty",11,Volition Beauty,volitionbeauty.com,US community-driven prestige skincare brand,
ELEMIS (L'Occitane Group),Aston Martin partner,"Luxury, Fashion & Beauty",12,Necessaire,necessaire.com,Fast-growing minimalist prestige body-care D2C brand,
ELEMIS (L'Occitane Group),Aston Martin partner,"Luxury, Fashion & Beauty",13,Grown Alchemist,grownalchemist.com,Australian independent prestige skincare brand,
ELEMIS (L'Occitane Group),Aston Martin partner,"Luxury, Fashion & Beauty",14,Malin+Goetz,malinandgoetz.com,US independent prestige apothecary skincare brand,
ELEMIS (L'Occitane Group),Aston Martin partner,"Luxury, Fashion & Beauty",15,Youth to the People,youthtothepeople.com,Fast-growing clean prestige skincare D2C brand,
ELEMIS (L'Occitane Group),Aston Martin partner,"Luxury, Fashion & Beauty",16,Biossance,biossance.com,Fast-growing clean squalane-based skincare brand,
ELEMIS (L'Occitane Group),Aston Martin partner,"Luxury, Fashion & Beauty",17,Vintner's Daughter,vintnersdaughter.com,US independent ultra-premium natural skincare brand,
Girard-Perregaux,Williams partner,"Luxury, Fashion & Beauty",1,Angelus,angelus-watches.com,Revived independent avant-garde Swiss watchmaker,H. Moser & Cie; Richard Mille; Rolex
Girard-Perregaux,Williams partner,"Luxury, Fashion & Beauty",2,Chronoswiss,chronoswiss.com,Independent Swiss haute horlogerie house,H. Moser & Cie; IWC Schaffhausen (Richemont); Rolex
Girard-Perregaux,Williams partner,"Luxury, Fashion & Beauty",3,Armin Strom,arminstrom.com,Independent Swiss skeletonization specialist manufacture,H. Moser & Cie; Rolex
Girard-Perregaux,Williams partner,"Luxury, Fashion & Beauty",4,Moritz Grossmann,moritzgrossmann.de,Independent German haute horlogerie manufacture,H. Moser & Cie; IWC Schaffhausen (Richemont); Rolex
Girard-Perregaux,Williams partner,"Luxury, Fashion & Beauty",5,Habring2,habring2.com,Independent Austrian complications specialist,IWC Schaffhausen (Richemont); Rolex
Girard-Perregaux,Williams partner,"Luxury, Fashion & Beauty",6,Kudoke,kudoke.de,Independent German haute horlogerie atelier,Rolex
Girard-Perregaux,Williams partner,"Luxury, Fashion & Beauty",7,Speake-Marin,speake-marin.com,Independent British-Swiss haute horlogerie brand,H. Moser & Cie; Richard Mille; Rolex
Girard-Perregaux,Williams partner,"Luxury, Fashion & Beauty",8,Konstantin Chaykin,chaykin-watches.com,Independent Russian avant-garde watchmaker,H. Moser & Cie; IWC Schaffhausen (Richemont); Richard Mille; Rolex
Girard-Perregaux,Williams partner,"Luxury, Fashion & Beauty",9,Carl F. Bucherer,carl-f-bucherer.com,Independent family-owned Swiss luxury watchmaker,H. Moser & Cie; IWC Schaffhausen (Richemont); Richard Mille
Girard-Perregaux,Williams partner,"Luxury, Fashion & Beauty",10,Eberhard & Co,eberhard-co-watches.ch,Independent Swiss chronograph heritage manufacture,H. Moser & Cie; IWC Schaffhausen (Richemont); Richard Mille
Girard-Perregaux,Williams partner,"Luxury, Fashion & Beauty",11,Ochs und Junior,ochsundjunior.swiss,Independent minimalist Swiss haute horlogerie brand,H. Moser & Cie; Richard Mille
Girard-Perregaux,Williams partner,"Luxury, Fashion & Beauty",12,Antoine Preziuso,preziuso.com,Independent Swiss haute horlogerie atelier,H. Moser & Cie; Richard Mille
H. Moser & Cie,Alpine partner,"Luxury, Fashion & Beauty",1,Rexhep Rexhepi / Akrivia,akrivia.ch,Independent young haute horlogerie maison,Girard-Perregaux
H. Moser & Cie,Alpine partner,"Luxury, Fashion & Beauty",2,Czapek,czapek.com,Revived independent Swiss haute horlogerie brand,Girard-Perregaux; Rolex
H. Moser & Cie,Alpine partner,"Luxury, Fashion & Beauty",3,Ferdinand Berthoud,ferdinandberthoud.ch,Independent ultra-high-end chronometry house,Girard-Perregaux; Rolex
H. Moser & Cie,Alpine partner,"Luxury, Fashion & Beauty",4,Grieb & Benzinger,griebandbenzinger.de,Independent German bespoke watchmaking atelier,Girard-Perregaux; Rolex
H. Moser & Cie,Alpine partner,"Luxury, Fashion & Beauty",5,Andreas Strehler,andreas-strehler.com,Independent Swiss master watchmaker atelier,Girard-Perregaux; Richard Mille
HUGO / Hugo Eyewear + BOSS (Hugo Boss),Racing Bulls apparel partner (HUGO/Hugo Eyewear); Aston Martin apparel partner (BOSS),"Luxury, Fashion & Beauty",1,Zegna,zegna.com,Italian luxury menswear house,LVMH
HUGO / Hugo Eyewear + BOSS (Hugo Boss),Racing Bulls apparel partner (HUGO/Hugo Eyewear); Aston Martin apparel partner (BOSS),"Luxury, Fashion & Beauty",2,Boglioli,boglioli.it,Italian independent luxury tailoring house,
HUGO / Hugo Eyewear + BOSS (Hugo Boss),Racing Bulls apparel partner (HUGO/Hugo Eyewear); Aston Martin apparel partner (BOSS),"Luxury, Fashion & Beauty",3,Canali,canali.com,Italian independent luxury menswear house,
HUGO / Hugo Eyewear + BOSS (Hugo Boss),Racing Bulls apparel partner (HUGO/Hugo Eyewear); Aston Martin apparel partner (BOSS),"Luxury, Fashion & Beauty",4,Corneliani,corneliani.com,Italian independent luxury menswear house,
HUGO / Hugo Eyewear + BOSS (Hugo Boss),Racing Bulls apparel partner (HUGO/Hugo Eyewear); Aston Martin apparel partner (BOSS),"Luxury, Fashion & Beauty",5,Suitsupply,suitsupply.com,Dutch D2C challenger menswear/tailoring brand,
HUGO / Hugo Eyewear + BOSS (Hugo Boss),Racing Bulls apparel partner (HUGO/Hugo Eyewear); Aston Martin apparel partner (BOSS),"Luxury, Fashion & Beauty",6,Todd Snyder,toddsnyder.com,US independent contemporary menswear D2C brand,
HUGO / Hugo Eyewear + BOSS (Hugo Boss),Racing Bulls apparel partner (HUGO/Hugo Eyewear); Aston Martin apparel partner (BOSS),"Luxury, Fashion & Beauty",7,The Kooples,thekooples.com,French contemporary fashion brand,
HUGO / Hugo Eyewear + BOSS (Hugo Boss),Racing Bulls apparel partner (HUGO/Hugo Eyewear); Aston Martin apparel partner (BOSS),"Luxury, Fashion & Beauty",8,Bonobos,bonobos.com,US D2C contemporary menswear brand,
HUGO / Hugo Eyewear + BOSS (Hugo Boss),Racing Bulls apparel partner (HUGO/Hugo Eyewear); Aston Martin apparel partner (BOSS),"Luxury, Fashion & Beauty",9,Frank And Oak,frankandoak.com,Canadian contemporary sustainable menswear D2C brand,
HUGO / Hugo Eyewear + BOSS (Hugo Boss),Racing Bulls apparel partner (HUGO/Hugo Eyewear); Aston Martin apparel partner (BOSS),"Luxury, Fashion & Beauty",10,Aime Leon Dore,aimeleondore.com,US independent contemporary heritage-streetwear label,
HUGO / Hugo Eyewear + BOSS (Hugo Boss),Racing Bulls apparel partner (HUGO/Hugo Eyewear); Aston Martin apparel partner (BOSS),"Luxury, Fashion & Beauty",11,Sezane,sezane.com,French fast-growing independent contemporary fashion D2C brand,
HUGO / Hugo Eyewear + BOSS (Hugo Boss),Racing Bulls apparel partner (HUGO/Hugo Eyewear); Aston Martin apparel partner (BOSS),"Luxury, Fashion & Beauty",12,Rouje,rouje.com,French fast-growing independent contemporary fashion D2C brand,
HUGO / Hugo Eyewear + BOSS (Hugo Boss),Racing Bulls apparel partner (HUGO/Hugo Eyewear); Aston Martin apparel partner (BOSS),"Luxury, Fashion & Beauty",13,Claudie Pierlot,claudiepierlot.com,French contemporary fashion brand (SMCP),
HUGO / Hugo Eyewear + BOSS (Hugo Boss),Racing Bulls apparel partner (HUGO/Hugo Eyewear); Aston Martin apparel partner (BOSS),"Luxury, Fashion & Beauty",14,Iro Paris,iroparis.com,French independent contemporary fashion label,
HUGO / Hugo Eyewear + BOSS (Hugo Boss),Racing Bulls apparel partner (HUGO/Hugo Eyewear); Aston Martin apparel partner (BOSS),"Luxury, Fashion & Beauty",15,ba&sh,ba-sh.com,French contemporary fashion brand,
HUGO / Hugo Eyewear + BOSS (Hugo Boss),Racing Bulls apparel partner (HUGO/Hugo Eyewear); Aston Martin apparel partner (BOSS),"Luxury, Fashion & Beauty",16,Vanessa Bruno,vanessabruno.com,French independent contemporary fashion label,
HUGO / Hugo Eyewear + BOSS (Hugo Boss),Racing Bulls apparel partner (HUGO/Hugo Eyewear); Aston Martin apparel partner (BOSS),"Luxury, Fashion & Beauty",17,Zadig et Voltaire,zadig-et-voltaire.com,French independent contemporary luxury fashion house,
HUGO / Hugo Eyewear + BOSS (Hugo Boss),Racing Bulls apparel partner (HUGO/Hugo Eyewear); Aston Martin apparel partner (BOSS),"Luxury, Fashion & Beauty",18,Isabel Marant,isabelmarant.com,French independent contemporary luxury fashion house,
ic! berlin,Audi F1 partner,"Luxury, Fashion & Beauty",1,Ahlem Eyewear,ahlemeyewear.com,US independent luxury design eyewear brand,Ray-Ban (EssilorLuxottica)
ic! berlin,Audi F1 partner,"Luxury, Fashion & Beauty",2,Kaleos Eyehunters,kaleoseyehunters.com,Spanish independent fashion eyewear brand,Ray-Ban (EssilorLuxottica)
ic! berlin,Audi F1 partner,"Luxury, Fashion & Beauty",3,Res Rei,resrei.com,Independent avant-garde eyewear design brand,
ic! berlin,Audi F1 partner,"Luxury, Fashion & Beauty",4,Face a Face,facea-face.com,French independent design-forward eyewear brand,
ic! berlin,Audi F1 partner,"Luxury, Fashion & Beauty",5,Garrett Leight,garrettleight.com,US independent premium design eyewear brand,Oakley (EssilorLuxottica)
ic! berlin,Audi F1 partner,"Luxury, Fashion & Beauty",6,Moscot,moscot.com,US independent heritage eyewear brand,Oakley (EssilorLuxottica)
ic! berlin,Audi F1 partner,"Luxury, Fashion & Beauty",7,Tom Davies,tomdavieseyewear.com,British independent bespoke eyewear brand,
ic! berlin,Audi F1 partner,"Luxury, Fashion & Beauty",8,Blake Kuwahara,blakekuwahara.com,US independent luxury design eyewear brand,
ic! berlin,Audi F1 partner,"Luxury, Fashion & Beauty",9,Dita Eyewear,ditaeyewear.com,US independent ultra-premium design eyewear brand,Oakley (EssilorLuxottica)
ic! berlin,Audi F1 partner,"Luxury, Fashion & Beauty",10,Matsuda Eyewear,matsudaeyewear.com,Japanese independent luxury design eyewear brand,Oakley (EssilorLuxottica)
ic! berlin,Audi F1 partner,"Luxury, Fashion & Beauty",11,Anne et Valentin,anne-et-valentin.com,French independent design-forward eyewear brand,
ic! berlin,Audi F1 partner,"Luxury, Fashion & Beauty",12,Etnia Barcelona,etniabarcelona.com,Spanish independent design-forward eyewear brand,
ic! berlin,Audi F1 partner,"Luxury, Fashion & Beauty",13,Woow Eyewear,wooweyewear.com,Independent avant-garde eyewear design brand,
ic! berlin,Audi F1 partner,"Luxury, Fashion & Beauty",14,L.A. Eyeworks,laeyeworks.com,US independent design-forward eyewear brand,
Invicta Watch Group,F2 team title sponsor (Invicta Racing),"Luxury, Fashion & Beauty",1,Casio Computer,casio.com,Japanese mass-market and G-SHOCK watch manufacturer,
Invicta Watch Group,F2 team title sponsor (Invicta Racing),"Luxury, Fashion & Beauty",2,Vincero Watches,vincerowatches.com,US D2C affordable design-forward watch brand,
Invicta Watch Group,F2 team title sponsor (Invicta Racing),"Luxury, Fashion & Beauty",3,Seiko 5 Sports,seikowatches.com,Japanese accessible mechanical watch line,
Invicta Watch Group,F2 team title sponsor (Invicta Racing),"Luxury, Fashion & Beauty",4,Orient Watch,orient-watch.com,Japanese affordable mechanical watchmaker,
Invicta Watch Group,F2 team title sponsor (Invicta Racing),"Luxury, Fashion & Beauty",5,Michael Kors Watches,michaelkors.com,Capri Holdings-owned fashion watch/accessories brand,
Invicta Watch Group,F2 team title sponsor (Invicta Racing),"Luxury, Fashion & Beauty",6,Jacques Lemans,jacques-lemans.com,European affordable fashion watch brand,
Invicta Watch Group,F2 team title sponsor (Invicta Racing),"Luxury, Fashion & Beauty",7,San Martin,sanmartinwatch.com,Chinese fast-growing independent tool watch brand,Breitling
Invicta Watch Group,F2 team title sponsor (Invicta Racing),"Luxury, Fashion & Beauty",8,Pagani Design,pagani-design.com,Chinese fast-growing affordable homage watch brand,
Invicta Watch Group,F2 team title sponsor (Invicta Racing),"Luxury, Fashion & Beauty",9,Steeldive,steeldivewatch.com,Chinese fast-growing affordable dive watch brand,
Invicta Watch Group,F2 team title sponsor (Invicta Racing),"Luxury, Fashion & Beauty",10,Addiesdive,addiesdive.com,Chinese fast-growing affordable dive watch D2C brand,
IWC Schaffhausen (Richemont),Mercedes partner,"Luxury, Fashion & Beauty",1,Sinn Spezialuhren,sinn.de,German independent pilot/tool watch manufacture,
IWC Schaffhausen (Richemont),Mercedes partner,"Luxury, Fashion & Beauty",2,Laco,laco.de,German independent pilot watch heritage brand,Breitling
IWC Schaffhausen (Richemont),Mercedes partner,"Luxury, Fashion & Beauty",3,Junghans,junghans.de,German independent Bauhaus-heritage watchmaker,
IWC Schaffhausen (Richemont),Mercedes partner,"Luxury, Fashion & Beauty",4,Stowa,stowa.de,Independent German pilot watch heritage brand,
IWC Schaffhausen (Richemont),Mercedes partner,"Luxury, Fashion & Beauty",5,Archimede,archimede-watch.de,Independent German tool watch microbrand,
IWC Schaffhausen (Richemont),Mercedes partner,"Luxury, Fashion & Beauty",6,Struthers London,struthers-watches.com,British independent haute horlogerie atelier,Breitling; H. Moser & Cie
IWC Schaffhausen (Richemont),Mercedes partner,"Luxury, Fashion & Beauty",7,Garrick Watchmakers,garrickwatchmakers.com,British independent watch manufacture,Breitling; H. Moser & Cie
IWC Schaffhausen (Richemont),Mercedes partner,"Luxury, Fashion & Beauty",8,Fears Watch Company,fearswatches.com,British independent heritage watch brand,Breitling
IWC Schaffhausen (Richemont),Mercedes partner,"Luxury, Fashion & Beauty",9,Studio Underd0g,studiounderdog.com,British independent playful design watch brand,
IWC Schaffhausen (Richemont),Mercedes partner,"Luxury, Fashion & Beauty",10,Anordain,anordain.com,Scottish independent enamel-dial watch brand,
IWC Schaffhausen (Richemont),Mercedes partner,"Luxury, Fashion & Beauty",11,Brew Watch Co,brewwatches.com,US independent vintage-inspired coffee-culture watch brand,
IWC Schaffhausen (Richemont),Mercedes partner,"Luxury, Fashion & Beauty",12,RZE Watches,rzewatches.com,Singapore-based independent D2C tool watch brand,Breitling
IWC Schaffhausen (Richemont),Mercedes partner,"Luxury, Fashion & Beauty",13,Islander Watch Co,islanderwatches.com,US independent affordable dive watch microbrand,Breitling
Louis Vuitton (LVMH),F1 official partner; Monaco GP title partner,"Luxury, Fashion & Beauty",1,Hermes,hermes.com,French ultra-luxury leather goods house,
Louis Vuitton (LVMH),F1 official partner; Monaco GP title partner,"Luxury, Fashion & Beauty",2,Berluti,berluti.com,LVMH-owned French luxury leather/menswear house,LVMH
Louis Vuitton (LVMH),F1 official partner; Monaco GP title partner,"Luxury, Fashion & Beauty",3,Moynat,moynat.com,Independent heritage French luxury trunk/leather house,LVMH
Louis Vuitton (LVMH),F1 official partner; Monaco GP title partner,"Luxury, Fashion & Beauty",4,Off-White,off---white.com,LVMH-affiliated streetwear-luxury crossover house,
Louis Vuitton (LVMH),F1 official partner; Monaco GP title partner,"Luxury, Fashion & Beauty",5,Polene,polene-paris.com,French D2C luxury handbag challenger brand,
Louis Vuitton (LVMH),F1 official partner; Monaco GP title partner,"Luxury, Fashion & Beauty",6,Senreve,senreve.com,US D2C luxury leather handbag challenger brand,
Louis Vuitton (LVMH),F1 official partner; Monaco GP title partner,"Luxury, Fashion & Beauty",7,Cuyana,cuyana.com,"US D2C 'fewer, better' luxury accessories brand",
Louis Vuitton (LVMH),F1 official partner; Monaco GP title partner,"Luxury, Fashion & Beauty",8,Telfar,telfar.net,US D2C accessible luxury handbag streetwear brand,
Louis Vuitton (LVMH),F1 official partner; Monaco GP title partner,"Luxury, Fashion & Beauty",9,Wandler,wandler.com,Dutch independent luxury handbag challenger brand,
LVMH,"F1 global partner (10-year deal; brands TAG Heuer, Louis Vuitton, Moet Hennessy, Sephora)","Luxury, Fashion & Beauty",1,Richemont,richemont.com,"Swiss luxury group (Cartier, Van Cleef, watch maisons)",
LVMH,"F1 global partner (10-year deal; brands TAG Heuer, Louis Vuitton, Moet Hennessy, Sephora)","Luxury, Fashion & Beauty",2,Ferragamo,ferragamo.com,Italian luxury leather goods house,
LVMH,"F1 global partner (10-year deal; brands TAG Heuer, Louis Vuitton, Moet Hennessy, Sephora)","Luxury, Fashion & Beauty",3,L Catterton,lcatterton.com,Consumer/luxury-focused private equity firm (LVMH-affiliated),
LVMH,"F1 global partner (10-year deal; brands TAG Heuer, Louis Vuitton, Moet Hennessy, Sephora)","Luxury, Fashion & Beauty",4,L'Oreal Luxe,loreal.com,Luxury beauty division of L'Oreal Group,
LVMH,"F1 global partner (10-year deal; brands TAG Heuer, Louis Vuitton, Moet Hennessy, Sephora)","Luxury, Fashion & Beauty",5,Coty Prestige,coty.com,Global prestige beauty/fragrance house,
LVMH,"F1 global partner (10-year deal; brands TAG Heuer, Louis Vuitton, Moet Hennessy, Sephora)","Luxury, Fashion & Beauty",6,Chalhoub Group,chalhoubgroup.com,Middle East luxury goods distribution conglomerate,
LVMH,"F1 global partner (10-year deal; brands TAG Heuer, Louis Vuitton, Moet Hennessy, Sephora)","Luxury, Fashion & Beauty",7,Ferrari S.p.A. (lifestyle/fashion licensing),ferrari.com,Luxury lifestyle brand extension business,
LVMH,"F1 global partner (10-year deal; brands TAG Heuer, Louis Vuitton, Moet Hennessy, Sephora)","Luxury, Fashion & Beauty",8,Chow Sang Sang,chowsangsang.com,Asian jewelry and watch retail conglomerate,
LVMH,"F1 global partner (10-year deal; brands TAG Heuer, Louis Vuitton, Moet Hennessy, Sephora)","Luxury, Fashion & Beauty",9,Van Cleef & Arpels,vancleefarpels.com,Richemont-owned high jewelry and watch maison,
LVMH,"F1 global partner (10-year deal; brands TAG Heuer, Louis Vuitton, Moet Hennessy, Sephora)","Luxury, Fashion & Beauty",10,Buccellati,buccellati.com,Richemont-owned Italian high jewelry house,
LVMH,"F1 global partner (10-year deal; brands TAG Heuer, Louis Vuitton, Moet Hennessy, Sephora)","Luxury, Fashion & Beauty",11,Boucheron,boucheron.com,Kering-owned French high jewelry maison,
LVMH,"F1 global partner (10-year deal; brands TAG Heuer, Louis Vuitton, Moet Hennessy, Sephora)","Luxury, Fashion & Beauty",12,Chaumet,chaumet.com,LVMH-owned French high jewelry maison,
LVMH,"F1 global partner (10-year deal; brands TAG Heuer, Louis Vuitton, Moet Hennessy, Sephora)","Luxury, Fashion & Beauty",13,Mikimoto,mikimoto.com,Japanese luxury pearl jewelry house,
LVMH,"F1 global partner (10-year deal; brands TAG Heuer, Louis Vuitton, Moet Hennessy, Sephora)","Luxury, Fashion & Beauty",14,Harry Winston,harrywinston.com,Swatch Group-owned American high jewelry house,
LVMH,"F1 global partner (10-year deal; brands TAG Heuer, Louis Vuitton, Moet Hennessy, Sephora)","Luxury, Fashion & Beauty",15,Graff Diamonds,graff.com,Independent British high jewelry house,
LVMH,"F1 global partner (10-year deal; brands TAG Heuer, Louis Vuitton, Moet Hennessy, Sephora)","Luxury, Fashion & Beauty",16,De Beers Jewellers,debeers.com,Anglo American-owned global diamond jewelry house,
LVMH,"F1 global partner (10-year deal; brands TAG Heuer, Louis Vuitton, Moet Hennessy, Sephora)","Luxury, Fashion & Beauty",17,Tiffany & Co,tiffany.com,LVMH-owned American luxury jewelry house,
LVMH,"F1 global partner (10-year deal; brands TAG Heuer, Louis Vuitton, Moet Hennessy, Sephora)","Luxury, Fashion & Beauty",18,Only The Brave (OTB),otb.net,Italian independent fashion holding group,
Maui Jim (Kering Eyewear),Red Bull Racing partner,"Luxury, Fashion & Beauty",1,Ocean Waves Eyewear,oceanwaveseyewear.com,US independent polarized sunglasses microbrand,
Maui Jim (Kering Eyewear),Red Bull Racing partner,"Luxury, Fashion & Beauty",2,Suncloud Optics,suncloudoptics.com,US affordable polarized sunglasses brand,
Maui Jim (Kering Eyewear),Red Bull Racing partner,"Luxury, Fashion & Beauty",3,Serengeti Eyewear,serengeti-eyewear.com,US heritage performance sunglasses brand,Ray-Ban (EssilorLuxottica)
Maui Jim (Kering Eyewear),Red Bull Racing partner,"Luxury, Fashion & Beauty",4,Sunski,sunski.com,US independent sustainable D2C sunglasses brand,Ray-Ban (EssilorLuxottica)
Maui Jim (Kering Eyewear),Red Bull Racing partner,"Luxury, Fashion & Beauty",5,Pit Viper,pitviper.com,US fast-growing irreverent sport sunglasses brand,Oakley (EssilorLuxottica); Ray-Ban (EssilorLuxottica)
Maui Jim (Kering Eyewear),Red Bull Racing partner,"Luxury, Fashion & Beauty",6,Roka Sports,roka.com,US fast-growing premium performance eyewear D2C brand,Oakley (EssilorLuxottica); Ray-Ban (EssilorLuxottica)
Maui Jim (Kering Eyewear),Red Bull Racing partner,"Luxury, Fashion & Beauty",7,Zeal Optics,zealoptics.com,US independent sustainable performance sunglasses brand,Oakley (EssilorLuxottica); Ray-Ban (EssilorLuxottica)
Maui Jim (Kering Eyewear),Red Bull Racing partner,"Luxury, Fashion & Beauty",8,Ombraz,ombraz.com,US independent D2C strap-sunglasses brand,Oakley (EssilorLuxottica); Ray-Ban (EssilorLuxottica)
Maui Jim (Kering Eyewear),Red Bull Racing partner,"Luxury, Fashion & Beauty",9,Knockaround,knockaround.com,US fast-growing D2C affordable sunglasses brand,Oakley (EssilorLuxottica); Ray-Ban (EssilorLuxottica)
Maui Jim (Kering Eyewear),Red Bull Racing partner,"Luxury, Fashion & Beauty",10,Blenders Eyewear,blenderseyewear.com,US fast-growing D2C lifestyle sunglasses brand,Oakley (EssilorLuxottica); Ray-Ban (EssilorLuxottica)
Maui Jim (Kering Eyewear),Red Bull Racing partner,"Luxury, Fashion & Beauty",11,Shady Rays,shadyrays.com,US fast-growing D2C polarized sunglasses brand,Oakley (EssilorLuxottica); Ray-Ban (EssilorLuxottica)
Maui Jim (Kering Eyewear),Red Bull Racing partner,"Luxury, Fashion & Beauty",12,SunGod,sungod.co,British fast-growing D2C performance sports eyewear brand,Oakley (EssilorLuxottica)
Maui Jim (Kering Eyewear),Red Bull Racing partner,"Luxury, Fashion & Beauty",13,Chpo Brand,chpobrand.com,Swedish independent sustainable sunglasses brand,Oakley (EssilorLuxottica)
Maui Jim (Kering Eyewear),Red Bull Racing partner,"Luxury, Fashion & Beauty",14,Bajio Sunglasses,bajiosunglasses.com,US independent fishing-focused polarized sunglasses brand,
Maui Jim (Kering Eyewear),Red Bull Racing partner,"Luxury, Fashion & Beauty",15,Flying Fisherman,flyingfisherman.com,US independent fishing-focused polarized sunglasses brand,
Mous,Mercedes partner,"Luxury, Fashion & Beauty",1,Speck Products,speckproducts.com,US protective phone case and accessories brand,
Mous,Mercedes partner,"Luxury, Fashion & Beauty",2,Bellroy (phone accessories),bellroy.com,Australian fast-growing D2C accessories brand,Piquadro; TUMI (Samsonite); mophie (ZAGG)
Mous,Mercedes partner,"Luxury, Fashion & Beauty",3,Pela Case,pelacase.com,Canadian fast-growing sustainable D2C phone case brand,
Mous,Mercedes partner,"Luxury, Fashion & Beauty",4,Rhinoshield,rhinoshield.io,Fast-growing global protective phone case brand,mophie (ZAGG)
Mous,Mercedes partner,"Luxury, Fashion & Beauty",5,Catalyst Case,catalystcase.com,US independent premium waterproof phone case brand,
Mous,Mercedes partner,"Luxury, Fashion & Beauty",6,Moment,shopmoment.com,US fast-growing D2C mobile photography case/lens brand,
Mous,Mercedes partner,"Luxury, Fashion & Beauty",7,Totallee,totallee.com,US independent minimalist D2C phone case brand,
Mous,Mercedes partner,"Luxury, Fashion & Beauty",8,Caudabe,caudabe.com,US independent minimalist premium phone case brand,
Mous,Mercedes partner,"Luxury, Fashion & Beauty",9,Ghostek,ghostek.com,US independent protective phone case and accessories brand,mophie (ZAGG)
Mous,Mercedes partner,"Luxury, Fashion & Beauty",10,Encased,encased.com,US independent D2C phone case and accessories brand,
New Era,Red Bull Racing headwear; Alpine/Williams/Haas partner,"Luxury, Fashion & Beauty",1,47 (New Era peer),47brand.com,US licensed sports headwear and apparel brand,
New Era,Red Bull Racing headwear; Alpine/Williams/Haas partner,"Luxury, Fashion & Beauty",2,Lids,lids.com,US sports headwear specialty retailer,
New Era,Red Bull Racing headwear; Alpine/Williams/Haas partner,"Luxury, Fashion & Beauty",3,Melin,melin.com,US fast-growing premium performance headwear D2C brand,
New Era,Red Bull Racing headwear; Alpine/Williams/Haas partner,"Luxury, Fashion & Beauty",4,Carhartt WIP,carhartt-wip.com,Streetwear-focused workwear-derived lifestyle brand,
New Era,Red Bull Racing headwear; Alpine/Williams/Haas partner,"Luxury, Fashion & Beauty",5,Stussy,stussy.com,US independent heritage streetwear label,
New Era,Red Bull Racing headwear; Alpine/Williams/Haas partner,"Luxury, Fashion & Beauty",6,Supreme,supremenewyork.com,US independent-turned-VF-owned streetwear label,
New Era,Red Bull Racing headwear; Alpine/Williams/Haas partner,"Luxury, Fashion & Beauty",7,Palace Skateboards,palaceskateboards.com,British independent streetwear/skate brand,
New Era,Red Bull Racing headwear; Alpine/Williams/Haas partner,"Luxury, Fashion & Beauty",8,Karhu,karhu.com,Finnish independent heritage lifestyle footwear/apparel brand,Puma; adidas
New Era,Red Bull Racing headwear; Alpine/Williams/Haas partner,"Luxury, Fashion & Beauty",9,Norse Projects,norseprojects.com,Danish independent contemporary streetwear label,Tommy Hilfiger (PVH Corp)
New Era,Red Bull Racing headwear; Alpine/Williams/Haas partner,"Luxury, Fashion & Beauty",10,Brixton,brixton.com,US independent heritage headwear and lifestyle brand,
New Era,Red Bull Racing headwear; Alpine/Williams/Haas partner,"Luxury, Fashion & Beauty",11,Volcom,volcom.com,US action-sports lifestyle apparel and headwear brand,
New Era,Red Bull Racing headwear; Alpine/Williams/Haas partner,"Luxury, Fashion & Beauty",12,Deus Ex Machina,deuscustoms.com,Australian independent motorcycle/surf lifestyle brand,
New Era,Red Bull Racing headwear; Alpine/Williams/Haas partner,"Luxury, Fashion & Beauty",13,RVCA,rvca.com,US action-sports lifestyle apparel brand,
New Era,Red Bull Racing headwear; Alpine/Williams/Haas partner,"Luxury, Fashion & Beauty",14,Rains,rains.com,Danish independent minimalist streetwear/outerwear brand,
New Era,Red Bull Racing headwear; Alpine/Williams/Haas partner,"Luxury, Fashion & Beauty",15,Wood Wood,woodwood.com,Danish independent contemporary streetwear label,
New Era,Red Bull Racing headwear; Alpine/Williams/Haas partner,"Luxury, Fashion & Beauty",16,Daily Paper,dailypaper.com,Dutch fast-growing independent streetwear label,
New Era,Red Bull Racing headwear; Alpine/Williams/Haas partner,"Luxury, Fashion & Beauty",17,Corteiz,corteiz.com,British fast-growing independent streetwear label,
New Era,Red Bull Racing headwear; Alpine/Williams/Haas partner,"Luxury, Fashion & Beauty",18,Trapstar London,trapstarlondon.com,British fast-growing independent streetwear label,
Oakley (EssilorLuxottica),Aston Martin partner,"Luxury, Fashion & Beauty",1,Under Armour Eyewear,underarmour.com,Performance sports eyewear line,
Oakley (EssilorLuxottica),Aston Martin partner,"Luxury, Fashion & Beauty",2,Tifosi Optics,tifosioptics.com,US performance sports eyewear brand,
Oakley (EssilorLuxottica),Aston Martin partner,"Luxury, Fashion & Beauty",3,Goodr,goodr.com,US fast-growing D2C running sunglasses brand,Ray-Ban (EssilorLuxottica)
Oakley (EssilorLuxottica),Aston Martin partner,"Luxury, Fashion & Beauty",4,District Vision,districtvision.com,US fast-growing premium performance eyewear D2C brand,Athletic Propulsion Labs (APL)
Oakley (EssilorLuxottica),Aston Martin partner,"Luxury, Fashion & Beauty",5,DIFF Eyewear,diffeyewear.com,US fast-growing D2C fashion sunglasses brand,Maui Jim (Kering Eyewear); Ray-Ban (EssilorLuxottica); ic! berlin
Oakley (EssilorLuxottica),Aston Martin partner,"Luxury, Fashion & Beauty",6,Prive Revaux,priverevaux.com,US fast-growing D2C affordable designer-style eyewear brand,Ray-Ban (EssilorLuxottica); ic! berlin
OGIO (Topgolf Callaway Brands),Aston Martin partner,"Luxury, Fashion & Beauty",1,Sun Mountain Sports,sunmountain.com,US golf bag and outerwear equipment brand,
OGIO (Topgolf Callaway Brands),Aston Martin partner,"Luxury, Fashion & Beauty",2,Stitch Golf,stitchgolf.com,Fast-growing premium golf bag and accessories D2C brand,
OGIO (Topgolf Callaway Brands),Aston Martin partner,"Luxury, Fashion & Beauty",3,Miura (bag line),miuragolf.com,Premium golf equipment brand accessories line,
OGIO (Topgolf Callaway Brands),Aston Martin partner,"Luxury, Fashion & Beauty",4,Callaway Golf (bags),callawaygolf.com,Global golf equipment and accessories brand,
OGIO (Topgolf Callaway Brands),Aston Martin partner,"Luxury, Fashion & Beauty",5,Osprey Packs,osprey.com,US premium outdoor/travel bag and gear brand,Castore
OGIO (Topgolf Callaway Brands),Aston Martin partner,"Luxury, Fashion & Beauty",6,Topo Designs,topodesigns.com,US independent heritage-outdoor apparel and bag brand,Castore
OGIO (Topgolf Callaway Brands),Aston Martin partner,"Luxury, Fashion & Beauty",7,Db Journey,dbjourney.com,Swedish fast-growing D2C premium travel bag brand,Piquadro; TUMI (Samsonite)
OGIO (Topgolf Callaway Brands),Aston Martin partner,"Luxury, Fashion & Beauty",8,Nomatic,nomatic.com,US fast-growing D2C premium travel/tech bag brand,Piquadro; TUMI (Samsonite)
OGIO (Topgolf Callaway Brands),Aston Martin partner,"Luxury, Fashion & Beauty",9,WANDRD,wandrd.com,US fast-growing D2C premium travel/camera bag brand,Louis Vuitton (LVMH); TUMI (Samsonite)
OGIO (Topgolf Callaway Brands),Aston Martin partner,"Luxury, Fashion & Beauty",10,Adacraft,adacraft.golf,Independent premium golf bag and accessories brand,
Pepe Jeans,Red Bull Racing partner,"Luxury, Fashion & Beauty",1,Diesel,diesel.com,OTB-owned premium denim and casualwear brand,
Pepe Jeans,Red Bull Racing partner,"Luxury, Fashion & Beauty",2,Levi Strauss & Co,levi.com,US heritage global denim brand,
Pepe Jeans,Red Bull Racing partner,"Luxury, Fashion & Beauty",3,7 For All Mankind,7forallmankind.com,US premium denim brand,
Pepe Jeans,Red Bull Racing partner,"Luxury, Fashion & Beauty",4,AG Jeans,agjeans.com,US premium denim contemporary brand,
Pepe Jeans,Red Bull Racing partner,"Luxury, Fashion & Beauty",5,Only & Sons (Bestseller),onlyandsons.com,Danish casual menswear brand,
Pepe Jeans,Red Bull Racing partner,"Luxury, Fashion & Beauty",6,Guess,guess.com,US global casual/denim lifestyle brand,
Pepe Jeans,Red Bull Racing partner,"Luxury, Fashion & Beauty",7,Nudie Jeans,nudiejeans.com,Swedish independent sustainable premium denim brand,
Pepe Jeans,Red Bull Racing partner,"Luxury, Fashion & Beauty",8,APC,apc.fr,French independent minimalist denim and fashion label,
Pepe Jeans,Red Bull Racing partner,"Luxury, Fashion & Beauty",9,Acne Studios,acnestudios.com,Swedish independent luxury denim/fashion house,
Pepe Jeans,Red Bull Racing partner,"Luxury, Fashion & Beauty",10,Ksubi,ksubi.com,Australian independent premium denim streetwear brand,
Pepe Jeans,Red Bull Racing partner,"Luxury, Fashion & Beauty",11,One Teaspoon,oneteaspoon.com,Australian independent premium denim brand,
Pepe Jeans,Red Bull Racing partner,"Luxury, Fashion & Beauty",12,Citizens of Humanity,citizensofhumanity.com,US premium contemporary denim brand,
Pepe Jeans,Red Bull Racing partner,"Luxury, Fashion & Beauty",13,Mother Denim,motherdenim.com,US premium contemporary denim brand,
Pepe Jeans,Red Bull Racing partner,"Luxury, Fashion & Beauty",14,Paige Denim,paige.com,US premium contemporary denim brand,
Pepe Jeans,Red Bull Racing partner,"Luxury, Fashion & Beauty",15,Hudson Jeans,hudsonjeans.com,US premium contemporary denim brand,
Pepe Jeans,Red Bull Racing partner,"Luxury, Fashion & Beauty",16,Rag & Bone,rag-bone.com,US independent contemporary denim and fashion brand,
Pepe Jeans,Red Bull Racing partner,"Luxury, Fashion & Beauty",17,Naked & Famous Denim,nakedandfamousdenim.com,Canadian independent raw denim specialist brand,
Perfect Moment,Alpine partner,"Luxury, Fashion & Beauty",1,Moncler Grenoble,moncler.com,LVMH-adjacent Italian luxury ski performance line,
Perfect Moment,Alpine partner,"Luxury, Fashion & Beauty",2,Post Archive Faction (ski line),p-a-f.jp,Independent fashion-forward technical outerwear label,
Perfect Moment,Alpine partner,"Luxury, Fashion & Beauty",3,Halfdays,halfdays.com,US independent fast-growing luxury skiwear D2C brand,
Perfect Moment,Alpine partner,"Luxury, Fashion & Beauty",4,Duvetica,duvetica.it,Italian independent luxury down outerwear brand,
Perfect Moment,Alpine partner,"Luxury, Fashion & Beauty",5,Colmar Originals,colmar.it,Italian heritage luxury skiwear brand,
Perfect Moment,Alpine partner,"Luxury, Fashion & Beauty",6,Skea Limited,skealimited.com,US independent luxury skiwear brand,
Perfect Moment,Alpine partner,"Luxury, Fashion & Beauty",7,Toni Sailer,tonisailer.com,Austrian independent luxury skiwear brand,
Perfect Moment,Alpine partner,"Luxury, Fashion & Beauty",8,Head,head.com,Austrian global ski equipment and apparel brand,
Perfect Moment,Alpine partner,"Luxury, Fashion & Beauty",9,Roxy,roxy.com,Boardriders-owned women's action-sports/snow apparel brand,
Perfect Moment,Alpine partner,"Luxury, Fashion & Beauty",10,Burton Snowboards,burton.com,US heritage snowboard and snow apparel brand,
Perfect Moment,Alpine partner,"Luxury, Fashion & Beauty",11,Holden Outerwear,holdenouterwear.com,US independent premium snow outerwear brand,
Perfect Moment,Alpine partner,"Luxury, Fashion & Beauty",12,Airblaster,airblaster.com,US independent snow lifestyle outerwear brand,
Perfect Moment,Alpine partner,"Luxury, Fashion & Beauty",13,Picture Organic Clothing,picture-organic-clothing.com,French independent sustainable snow/outdoor apparel brand,
Perfect Moment,Alpine partner,"Luxury, Fashion & Beauty",14,Norrona,norrona.com,Norwegian independent premium outdoor/ski apparel brand,
Perfect Moment,Alpine partner,"Luxury, Fashion & Beauty",15,Descente,descente.co.jp,Japanese premium performance ski apparel brand,
Perfect Moment,Alpine partner,"Luxury, Fashion & Beauty",16,8848 Altitude,8848altitude.com,Nordic independent premium skiwear brand,
Piquadro,Racing Bulls partner; Audi partner,"Luxury, Fashion & Beauty",1,Porsche Design,porsche-design.com,German luxury lifestyle accessories brand,
Piquadro,Racing Bulls partner; Audi partner,"Luxury, Fashion & Beauty",2,Ettinger,ettinger.co.uk,British independent luxury leather goods brand,TUMI (Samsonite)
Piquadro,Racing Bulls partner; Audi partner,"Luxury, Fashion & Beauty",3,Bosca,bosca.com,US heritage premium leather goods brand,
Piquadro,Racing Bulls partner; Audi partner,"Luxury, Fashion & Beauty",4,Filson,filson.com,US heritage premium bags and outdoor goods brand,
Piquadro,Racing Bulls partner; Audi partner,"Luxury, Fashion & Beauty",5,Von Baer,vonbaer.com,British independent premium leather goods D2C brand,
Piquadro,Racing Bulls partner; Audi partner,"Luxury, Fashion & Beauty",6,Want Les Essentiels,wantlesessentiels.com,Canadian independent luxury leather goods brand,Louis Vuitton (LVMH); TUMI (Samsonite)
Piquadro,Racing Bulls partner; Audi partner,"Luxury, Fashion & Beauty",7,Troubadour Goods,troubadourgoods.com,British independent premium leather/travel goods brand,Louis Vuitton (LVMH); TUMI (Samsonite)
Piquadro,Racing Bulls partner; Audi partner,"Luxury, Fashion & Beauty",8,Ghurka,ghurka.com,US heritage independent luxury leather goods house,Louis Vuitton (LVMH); TUMI (Samsonite)
Piquadro,Racing Bulls partner; Audi partner,"Luxury, Fashion & Beauty",9,Horizn Studios,horizn-studios.com,German fast-growing D2C smart luggage brand,TUMI (Samsonite)
Piquadro,Racing Bulls partner; Audi partner,"Luxury, Fashion & Beauty",10,Calpak,calpaktravel.com,US fast-growing D2C premium luggage brand,TUMI (Samsonite)
Piquadro,Racing Bulls partner; Audi partner,"Luxury, Fashion & Beauty",11,Level8,level8case.com,Fast-growing D2C premium polycarbonate luggage brand,TUMI (Samsonite)
Puma,F1 official provider (retail/apparel); Ferrari/McLaren/Aston Martin kit; F1 Academy partner,"Luxury, Fashion & Beauty",1,Salomon,salomon.com,French performance outdoor/trail footwear brand,Perfect Moment
Puma,F1 official provider (retail/apparel); Ferrari/McLaren/Aston Martin kit; F1 Academy partner,"Luxury, Fashion & Beauty",2,Alo Yoga,aloyoga.com,US fast-growing premium athleisure/yoga apparel brand,adidas
Puma,F1 official provider (retail/apparel); Ferrari/McLaren/Aston Martin kit; F1 Academy partner,"Luxury, Fashion & Beauty",3,Vuori,vuoriclothing.com,US fast-growing premium athleisure apparel challenger brand,adidas
Puma,F1 official provider (retail/apparel); Ferrari/McLaren/Aston Martin kit; F1 Academy partner,"Luxury, Fashion & Beauty",4,Rhone,rhone.com,US fast-growing premium men's athleisure D2C brand,
Puma,F1 official provider (retail/apparel); Ferrari/McLaren/Aston Martin kit; F1 Academy partner,"Luxury, Fashion & Beauty",5,Autry Action Shoes,autry-usa.com,Italian fast-growing independent retro sneaker label,Athletic Propulsion Labs (APL)
Puma,F1 official provider (retail/apparel); Ferrari/McLaren/Aston Martin kit; F1 Academy partner,"Luxury, Fashion & Beauty",6,Axel Arigato,axelarigato.com,Swedish fast-growing independent premium sneaker brand,Athletic Propulsion Labs (APL); adidas
Puma,F1 official provider (retail/apparel); Ferrari/McLaren/Aston Martin kit; F1 Academy partner,"Luxury, Fashion & Beauty",7,Common Projects,commonprojects.com,US independent minimalist premium sneaker brand,Athletic Propulsion Labs (APL); adidas
Puma,F1 official provider (retail/apparel); Ferrari/McLaren/Aston Martin kit; F1 Academy partner,"Luxury, Fashion & Beauty",8,Golden Goose,goldengoose.com,Italian fast-growing distressed-luxury sneaker brand,Athletic Propulsion Labs (APL); adidas
Puma,F1 official provider (retail/apparel); Ferrari/McLaren/Aston Martin kit; F1 Academy partner,"Luxury, Fashion & Beauty",9,Filling Pieces,fillingpieces.com,Dutch independent premium sneaker/streetwear brand,
Puma,F1 official provider (retail/apparel); Ferrari/McLaren/Aston Martin kit; F1 Academy partner,"Luxury, Fashion & Beauty",10,Novesta,novesta.eu,Slovak independent retro sneaker manufacturer,
Puma,F1 official provider (retail/apparel); Ferrari/McLaren/Aston Martin kit; F1 Academy partner,"Luxury, Fashion & Beauty",11,Veja Sneakers,veja-store.com,French fast-growing sustainable D2C sneaker brand,
Puma,F1 official provider (retail/apparel); Ferrari/McLaren/Aston Martin kit; F1 Academy partner,"Luxury, Fashion & Beauty",12,Athleta,athleta.gap.com,US premium athleisure apparel brand (Gap Inc.),
Puma,F1 official provider (retail/apparel); Ferrari/McLaren/Aston Martin kit; F1 Academy partner,"Luxury, Fashion & Beauty",13,Fabletics,fabletics.com,US fast-growing D2C celebrity-founded athleisure brand,
Puma,F1 official provider (retail/apparel); Ferrari/McLaren/Aston Martin kit; F1 Academy partner,"Luxury, Fashion & Beauty",14,Carbon38,carbon38.com,US fast-growing premium athleisure specialty retailer/brand,
Puma,F1 official provider (retail/apparel); Ferrari/McLaren/Aston Martin kit; F1 Academy partner,"Luxury, Fashion & Beauty",15,Set Active,setactive.co,US fast-growing D2C athleisure challenger brand,
Puma,F1 official provider (retail/apparel); Ferrari/McLaren/Aston Martin kit; F1 Academy partner,"Luxury, Fashion & Beauty",16,Sweaty Betty,sweatybetty.com,British premium women's athleisure brand,
Puma,F1 official provider (retail/apparel); Ferrari/McLaren/Aston Martin kit; F1 Academy partner,"Luxury, Fashion & Beauty",17,Varley,varley.com,British fast-growing premium athleisure D2C brand,
Puma,F1 official provider (retail/apparel); Ferrari/McLaren/Aston Martin kit; F1 Academy partner,"Luxury, Fashion & Beauty",18,Beyond Yoga,beyondyoga.com,US premium size-inclusive athleisure brand,
Puma,F1 official provider (retail/apparel); Ferrari/McLaren/Aston Martin kit; F1 Academy partner,"Luxury, Fashion & Beauty",19,Outdoor Voices,outdoorvoices.com,US independent recreational athleisure D2C brand,
Ray-Ban (EssilorLuxottica),Ferrari partner,"Luxury, Fashion & Beauty",1,Gentle Monster,gentlemonster.com,South Korean fast-growing fashion-forward eyewear brand,ic! berlin
Ray-Ban (EssilorLuxottica),Ferrari partner,"Luxury, Fashion & Beauty",2,Le Specs,lespecs.com,Australian independent fashion sunglasses brand,
Ray-Ban (EssilorLuxottica),Ferrari partner,"Luxury, Fashion & Beauty",3,Vint & York,vintandyork.com,D2C fashion eyewear challenger brand,
Ray-Ban (EssilorLuxottica),Ferrari partner,"Luxury, Fashion & Beauty",4,Electric Visual,electriccalifornia.com,US action-sports eyewear brand,
Reiss,McLaren partner,"Luxury, Fashion & Beauty",1,Hobbs London,hobbs.co.uk,British contemporary womenswear brand,
Reiss,McLaren partner,"Luxury, Fashion & Beauty",2,Karen Millen,karenmillen.com,British contemporary occasionwear brand,HUGO / Hugo Eyewear + BOSS (Hugo Boss)
Reiss,McLaren partner,"Luxury, Fashion & Beauty",3,Me+Em,meandem.com,British independent premium contemporary womenswear D2C brand,
Reiss,McLaren partner,"Luxury, Fashion & Beauty",4,Staud,staud.clothing,US independent contemporary fashion label,Louis Vuitton (LVMH)
Reiss,McLaren partner,"Luxury, Fashion & Beauty",5,Mansur Gavriel,mansurgavriel.com,US independent minimalist luxury fashion brand,Louis Vuitton (LVMH)
Reiss,McLaren partner,"Luxury, Fashion & Beauty",6,Nanushka,nanushka.com,Hungarian independent contemporary luxury fashion label,Louis Vuitton (LVMH)
Reiss,McLaren partner,"Luxury, Fashion & Beauty",7,Simon Miller,simonmiller.com,US independent contemporary fashion label,
Reiss,McLaren partner,"Luxury, Fashion & Beauty",8,Demellier,demellierparis.com,British D2C luxury handbag/fashion challenger brand,Louis Vuitton (LVMH)
Reiss,McLaren partner,"Luxury, Fashion & Beauty",9,By Far,byfar.com,Bulgarian independent fast-growing luxury accessories label,Louis Vuitton (LVMH)
Reiss,McLaren partner,"Luxury, Fashion & Beauty",10,Anine Bing,aninebing.com,Danish-American fast-growing contemporary fashion brand,
Reiss,McLaren partner,"Luxury, Fashion & Beauty",11,The Row,therow.com,US independent ultra-minimalist luxury fashion house,
Reiss,McLaren partner,"Luxury, Fashion & Beauty",12,Khaite,khaite.com,US independent contemporary luxury fashion label,
Reiss,McLaren partner,"Luxury, Fashion & Beauty",13,Toteme,toteme-studio.com,Swedish independent minimalist contemporary fashion label,
Reiss,McLaren partner,"Luxury, Fashion & Beauty",14,Ganni,ganni.com,Danish fast-growing contemporary fashion brand,
Reiss,McLaren partner,"Luxury, Fashion & Beauty",15,Rejina Pyo,rejinapyo.com,British independent contemporary fashion label,
Reiss,McLaren partner,"Luxury, Fashion & Beauty",16,Rixo,rixo.co.uk,British independent contemporary fashion label,
Reiss,McLaren partner,"Luxury, Fashion & Beauty",17,Self-Portrait,self-portrait-studio.com,British fast-growing contemporary fashion label,
Reiss,McLaren partner,"Luxury, Fashion & Beauty",18,Jacquemus,jacquemus.com,French independent-turned-scale contemporary fashion house,
Reiss,McLaren partner,"Luxury, Fashion & Beauty",19,Ami Paris,amiparis.com,French independent contemporary fashion house,
Richard Mille,Ferrari partner; McLaren partner,"Luxury, Fashion & Beauty",1,Audemars Piguet Royal Oak Offshore,audemarspiguet.com,Independent Swiss ultra-luxury sports watchmaker,
Richard Mille,Ferrari partner; McLaren partner,"Luxury, Fashion & Beauty",2,Hublot Big Bang,hublot.com,LVMH-owned fusion-concept luxury sports watch brand,
Richard Mille,Ferrari partner; McLaren partner,"Luxury, Fashion & Beauty",3,Girard-Perregaux Laureato,girard-perregaux.com,Independent Swiss haute horlogerie manufacture,
Richard Mille,Ferrari partner; McLaren partner,"Luxury, Fashion & Beauty",4,Corum,corum-watches.com,Independent avant-garde Swiss luxury watchmaker,Girard-Perregaux; H. Moser & Cie; Rolex
Richard Mille,Ferrari partner; McLaren partner,"Luxury, Fashion & Beauty",5,De Grisogono,degrisogono.com,Independent ultra-luxury jewelry and watch house,Girard-Perregaux; H. Moser & Cie; Rolex
Richard Mille,Ferrari partner; McLaren partner,"Luxury, Fashion & Beauty",6,Louis Moinet,louismoinet.com,Independent boutique haute horlogerie house,Girard-Perregaux; H. Moser & Cie; Rolex
Richard Mille,Ferrari partner; McLaren partner,"Luxury, Fashion & Beauty",7,Cvstos,cvstos.com,Independent avant-garde Swiss sports watchmaker,Girard-Perregaux; Rolex
Richard Mille,Ferrari partner; McLaren partner,"Luxury, Fashion & Beauty",8,Christophe Claret,christopheclaret.com,Independent complications specialist manufacture,Girard-Perregaux; Rolex
Rolex,Australian GP major partner (legacy F1 timing partner heritage); Tudor parent at Racing Bulls,"Luxury, Fashion & Beauty",1,Bovet 1822,bovet.com,Independent Swiss haute horlogerie house,Girard-Perregaux; Richard Mille
Rolex,Australian GP major partner (legacy F1 timing partner heritage); Tudor parent at Racing Bulls,"Luxury, Fashion & Beauty",2,Laurent Ferrier,laurentferrier.ch,Independent boutique haute horlogerie house,
Rolex,Australian GP major partner (legacy F1 timing partner heritage); Tudor parent at Racing Bulls,"Luxury, Fashion & Beauty",3,Kari Voutilainen (atelier),voutilainen.fi,Independent haute horlogerie atelier,
Rolex,Australian GP major partner (legacy F1 timing partner heritage); Tudor parent at Racing Bulls,"Luxury, Fashion & Beauty",4,Rexhep Rexhepi (Akrivia),akrivia.ch,Independent young haute horlogerie maison,
Rolex,Australian GP major partner (legacy F1 timing partner heritage); Tudor parent at Racing Bulls,"Luxury, Fashion & Beauty",5,Petermann Bedat,petermann-bedat.ch,Independent young Swiss haute horlogerie duo,Girard-Perregaux; H. Moser & Cie
Rolex,Australian GP major partner (legacy F1 timing partner heritage); Tudor parent at Racing Bulls,"Luxury, Fashion & Beauty",6,Naoya Hida & Co,naoyahida.com,Independent Japanese haute horlogerie microbrand,Girard-Perregaux; H. Moser & Cie
Sephora (LVMH),F1 Academy partner and car title sponsor,"Luxury, Fashion & Beauty",1,Beautylish,beautylish.com,US online prestige beauty retailer,
Sephora (LVMH),F1 Academy partner and car title sponsor,"Luxury, Fashion & Beauty",2,Deciem (The Ordinary retail),deciem.com,Fast-growing beauty brand portfolio/retailer,
Sephora (LVMH),F1 Academy partner and car title sponsor,"Luxury, Fashion & Beauty",3,Lush Cosmetics,lush.com,British independent ethical beauty retailer,
Sephora (LVMH),F1 Academy partner and car title sponsor,"Luxury, Fashion & Beauty",4,Sokoglam,sokoglam.com,US fast-growing K-beauty online retailer,
Sephora (LVMH),F1 Academy partner and car title sponsor,"Luxury, Fashion & Beauty",5,Bluemercury (Macy's),bluemercury.com,US prestige beauty specialty retailer,
Sephora (LVMH),F1 Academy partner and car title sponsor,"Luxury, Fashion & Beauty",6,Nordstrom Beauty,nordstrom.com,US department store prestige beauty destination,
Sephora (LVMH),F1 Academy partner and car title sponsor,"Luxury, Fashion & Beauty",7,Selfridges,selfridges.com,British luxury department store with beauty halls,
Sephora (LVMH),F1 Academy partner and car title sponsor,"Luxury, Fashion & Beauty",8,Liberty London,libertylondon.com,British independent luxury department store beauty retailer,
Sephora (LVMH),F1 Academy partner and car title sponsor,"Luxury, Fashion & Beauty",9,Feelunique,feelunique.com,British online prestige beauty retailer,
Sephora (LVMH),F1 Academy partner and car title sponsor,"Luxury, Fashion & Beauty",10,Follain,follain.com,US independent clean beauty specialty retailer,
Sephora (LVMH),F1 Academy partner and car title sponsor,"Luxury, Fashion & Beauty",11,The Detox Market,thedetoxmarket.com,US independent clean beauty specialty retailer,
Sephora (LVMH),F1 Academy partner and car title sponsor,"Luxury, Fashion & Beauty",12,Violet Grey,violetgrey.com,US independent luxury prestige beauty retailer,
Sephora (LVMH),F1 Academy partner and car title sponsor,"Luxury, Fashion & Beauty",13,Revolve Beauty,revolve.com/beauty,US fast-growing online fashion/beauty retailer division,
Sephora (LVMH),F1 Academy partner and car title sponsor,"Luxury, Fashion & Beauty",14,Notino,notino.com,European fast-growing online beauty retailer,
Sephora (LVMH),F1 Academy partner and car title sponsor,"Luxury, Fashion & Beauty",15,Beauty Bay,beautybay.com,British fast-growing online beauty retailer,
Sephora (LVMH),F1 Academy partner and car title sponsor,"Luxury, Fashion & Beauty",16,Look Fantastic,lookfantastic.com,British fast-growing online beauty retailer,
Sephora (LVMH),F1 Academy partner and car title sponsor,"Luxury, Fashion & Beauty",17,Mecca Beauty,mecca.com,Australian independent prestige beauty retailer,
Sephora (LVMH),F1 Academy partner and car title sponsor,"Luxury, Fashion & Beauty",18,Adore Beauty,adorebeauty.com.au,Australian fast-growing online beauty retailer,
Sephora (LVMH),F1 Academy partner and car title sponsor,"Luxury, Fashion & Beauty",19,Sociolla,sociolla.com,Indonesian fast-growing online beauty retailer,
Sephora (LVMH),F1 Academy partner and car title sponsor,"Luxury, Fashion & Beauty",20,Style Korean,stylekorean.com,Fast-growing K-beauty focused online retailer,
Sephora (LVMH),F1 Academy partner and car title sponsor,"Luxury, Fashion & Beauty",21,Beauty Pie,beautypie.com,British fast-growing membership-model beauty brand/retailer,
Shamir Optical,Alpine partner,"Luxury, Fashion & Beauty",1,Signet Armorlite (Kodak Lens),signetarmorlite.com,US ophthalmic lens manufacturer,
Shamir Optical,Alpine partner,"Luxury, Fashion & Beauty",2,Nikon Optical,nikonlenswear.com,Japanese precision ophthalmic lens manufacturer,
Shamir Optical,Alpine partner,"Luxury, Fashion & Beauty",3,SEIKO Optical Products,seiko-op.co.jp,Japanese premium ophthalmic lens manufacturer,
Shamir Optical,Alpine partner,"Luxury, Fashion & Beauty",4,BBGR,bbgr.com,French ophthalmic lens manufacturer (Essilor group),
Shamir Optical,Alpine partner,"Luxury, Fashion & Beauty",5,Optiswiss,optiswiss.com,Swiss independent ophthalmic lens manufacturer,
Shamir Optical,Alpine partner,"Luxury, Fashion & Beauty",6,Divel Italia,divel.it,Italian independent ophthalmic lens manufacturer,
Shamir Optical,Alpine partner,"Luxury, Fashion & Beauty",7,IOT (Independent Optical Technologies),iot-lenses.com,Italian independent ophthalmic lens manufacturer,
Shamir Optical,Alpine partner,"Luxury, Fashion & Beauty",8,Conant Optical,conant.com,US independent ophthalmic lens manufacturer,
Shamir Optical,Alpine partner,"Luxury, Fashion & Beauty",9,Vision Ease,visionease.com,US independent ophthalmic lens manufacturer,
Shamir Optical,Alpine partner,"Luxury, Fashion & Beauty",10,SOLA Optical,carlzeissmeditec.com,Ophthalmic lens manufacturer heritage brand,
Shamir Optical,Alpine partner,"Luxury, Fashion & Beauty",11,Transitions Optical,transitions.com,Global photochromic ophthalmic lens technology brand,
TAG Heuer (LVMH),F1 official timekeeper; Spanish GP (Madrid) title; Red Bull Racing partner; F1 Academy car sponsor,"Luxury, Fashion & Beauty",1,Norqain,norqain.com,Independent Swiss sports luxury watch challenger brand,
TAG Heuer (LVMH),F1 official timekeeper; Spanish GP (Madrid) title; Red Bull Racing partner; F1 Academy car sponsor,"Luxury, Fashion & Beauty",2,Bremont,bremont.com,British independent aviation/tool watch brand,
TAG Heuer (LVMH),F1 official timekeeper; Spanish GP (Madrid) title; Red Bull Racing partner; F1 Academy car sponsor,"Luxury, Fashion & Beauty",3,Formex,formex.com,Swiss independent D2C sports watch microbrand,
TAG Heuer (LVMH),F1 official timekeeper; Spanish GP (Madrid) title; Red Bull Racing partner; F1 Academy car sponsor,"Luxury, Fashion & Beauty",4,Baltic Watches,baltic-watches.com,French vintage-inspired independent microbrand,Breitling; Tudor (Rolex Group)
TAG Heuer (LVMH),F1 official timekeeper; Spanish GP (Madrid) title; Red Bull Racing partner; F1 Academy car sponsor,"Luxury, Fashion & Beauty",5,Farer,farer.com,British independent travel-inspired watch brand,Breitling; Tudor (Rolex Group)
TAG Heuer (LVMH),F1 official timekeeper; Spanish GP (Madrid) title; Red Bull Racing partner; F1 Academy car sponsor,"Luxury, Fashion & Beauty",6,Autodromo,autodromo.com,US motorsport-inspired independent watch brand,Breitling; Tudor (Rolex Group)
TAG Heuer (LVMH),F1 official timekeeper; Spanish GP (Madrid) title; Red Bull Racing partner; F1 Academy car sponsor,"Luxury, Fashion & Beauty",7,Momentum Watches,momentumwatch.com,Independent tool watch microbrand,Breitling; Tudor (Rolex Group)
TAG Heuer (LVMH),F1 official timekeeper; Spanish GP (Madrid) title; Red Bull Racing partner; F1 Academy car sponsor,"Luxury, Fashion & Beauty",8,Straton Watch Co,stratonwatch.com,Independent racing-inspired microbrand,Breitling; Tudor (Rolex Group)
TAG Heuer (LVMH),F1 official timekeeper; Spanish GP (Madrid) title; Red Bull Racing partner; F1 Academy car sponsor,"Luxury, Fashion & Beauty",9,Zelos Watches,zeloswatches.com,Singapore-based independent microbrand,Breitling; Tudor (Rolex Group)
TAG Heuer (LVMH),F1 official timekeeper; Spanish GP (Madrid) title; Red Bull Racing partner; F1 Academy car sponsor,"Luxury, Fashion & Beauty",10,Monta Watch Company,montawatch.com,US independent tool watch microbrand,Invicta Watch Group; Tudor (Rolex Group)
TAG Heuer (LVMH),F1 official timekeeper; Spanish GP (Madrid) title; Red Bull Racing partner; F1 Academy car sponsor,"Luxury, Fashion & Beauty",11,Serica Watch Co,sericawatches.com,French independent vintage-inspired microbrand,Invicta Watch Group; Tudor (Rolex Group)
TAG Heuer (LVMH),F1 official timekeeper; Spanish GP (Madrid) title; Red Bull Racing partner; F1 Academy car sponsor,"Luxury, Fashion & Beauty",12,Nivada Grenchen,nivadagrenchen.com,Revived independent Swiss heritage microbrand,Invicta Watch Group; Tudor (Rolex Group)
TAG Heuer (LVMH),F1 official timekeeper; Spanish GP (Madrid) title; Red Bull Racing partner; F1 Academy car sponsor,"Luxury, Fashion & Beauty",13,Ollech & Wajs,ow-og.com,Swiss independent tool watch heritage brand,Tudor (Rolex Group)
TAG Heuer (LVMH),F1 official timekeeper; Spanish GP (Madrid) title; Red Bull Racing partner; F1 Academy car sponsor,"Luxury, Fashion & Beauty",14,Vaer Watches,vaer.com,US independent field/dive watch D2C brand,Invicta Watch Group; Tudor (Rolex Group)
TAG Heuer (LVMH),F1 official timekeeper; Spanish GP (Madrid) title; Red Bull Racing partner; F1 Academy car sponsor,"Luxury, Fashion & Beauty",15,Undone Watches,undone.com,Customizable independent D2C watch brand,Invicta Watch Group; Tudor (Rolex Group)
TAG Heuer (LVMH),F1 official timekeeper; Spanish GP (Madrid) title; Red Bull Racing partner; F1 Academy car sponsor,"Luxury, Fashion & Beauty",16,Nodus Watches,nodus-watches.com,US independent tool watch D2C microbrand,Invicta Watch Group; Tudor (Rolex Group)
TAG Heuer (LVMH),F1 official timekeeper; Spanish GP (Madrid) title; Red Bull Racing partner; F1 Academy car sponsor,"Luxury, Fashion & Beauty",17,Traska,traska.com,US independent field watch microbrand,Invicta Watch Group; Tudor (Rolex Group)
TAG Heuer (LVMH),F1 official timekeeper; Spanish GP (Madrid) title; Red Bull Racing partner; F1 Academy car sponsor,"Luxury, Fashion & Beauty",18,Boldr Supply Co,boldrsupply.co,US independent adventure watch microbrand,Invicta Watch Group
The James Brand,Alpine partner,"Luxury, Fashion & Beauty",1,Victorinox (knives),victorinox.com,Swiss heritage knife and multitool manufacturer,
The James Brand,Alpine partner,"Luxury, Fashion & Beauty",2,Off-Grid Knives,offgridknives.com,US independent fast-growing D2C knife brand,
The James Brand,Alpine partner,"Luxury, Fashion & Beauty",3,CIVIVI (WE Knife Co),civivi.com,Fast-growing independent premium knife brand,
The James Brand,Alpine partner,"Luxury, Fashion & Beauty",4,Boker,boker.de,German heritage premium knife manufacturer,
The James Brand,Alpine partner,"Luxury, Fashion & Beauty",5,We Knife Co,weknife.com,Fast-growing independent premium knife brand,
The James Brand,Alpine partner,"Luxury, Fashion & Beauty",6,Kizer Cutlery,kizercutlery.com,Fast-growing independent premium knife brand,
The James Brand,Alpine partner,"Luxury, Fashion & Beauty",7,Case Knives,wrcase.com,US heritage traditional pocketknife manufacturer,
The James Brand,Alpine partner,"Luxury, Fashion & Beauty",8,Cold Steel,coldsteel.com,US independent premium knife and tool manufacturer,
The James Brand,Alpine partner,"Luxury, Fashion & Beauty",9,SOG Knives,sogknives.com,US independent premium knife and tool manufacturer,
The James Brand,Alpine partner,"Luxury, Fashion & Beauty",10,ESEE Knives,eseeknives.com,US independent survival/outdoor knife manufacturer,
The James Brand,Alpine partner,"Luxury, Fashion & Beauty",11,QSP Knife,qsp-knife.com,Fast-growing independent premium pocketknife brand,
The James Brand,Alpine partner,"Luxury, Fashion & Beauty",12,Bestech Knives,bestechknives.com,Fast-growing independent premium pocketknife brand,
The James Brand,Alpine partner,"Luxury, Fashion & Beauty",13,Artisan Cutlery,artisancutlery.net,Fast-growing independent premium pocketknife brand,
The James Brand,Alpine partner,"Luxury, Fashion & Beauty",14,Zero Tolerance Knives,zerotoleranceknives.com,US independent premium tactical knife manufacturer,
The James Brand,Alpine partner,"Luxury, Fashion & Beauty",15,Ontario Knife Company,ontarioknife.com,US heritage independent knife manufacturer,
The James Brand,Alpine partner,"Luxury, Fashion & Beauty",16,TOPS Knives,topsknives.com,US independent premium tactical/outdoor knife manufacturer,
The James Brand,Alpine partner,"Luxury, Fashion & Beauty",17,Emerson Knives,emersonknives.com,US independent premium tactical folding knife manufacturer,
Tommy Hilfiger (PVH Corp),Cadillac partner (first official partner),"Luxury, Fashion & Beauty",1,American Eagle Outfitters,ae.com,US casual lifestyle apparel retailer,
Tommy Hilfiger (PVH Corp),Cadillac partner (first official partner),"Luxury, Fashion & Beauty",2,Jack Wills,jackwills.com,British heritage-inspired casual apparel brand,
Tommy Hilfiger (PVH Corp),Cadillac partner (first official partner),"Luxury, Fashion & Beauty",3,Fred Perry,fredperry.com,British heritage tennis-inspired lifestyle brand,
Tommy Hilfiger (PVH Corp),Cadillac partner (first official partner),"Luxury, Fashion & Beauty",4,Pull&Bear,pullandbear.com,Inditex-owned casual youth apparel brand,
Tommy Hilfiger (PVH Corp),Cadillac partner (first official partner),"Luxury, Fashion & Beauty",5,Aeropostale,aeropostale.com,US mall-based casual apparel brand,
Tommy Hilfiger (PVH Corp),Cadillac partner (first official partner),"Luxury, Fashion & Beauty",6,Everlane,everlane.com,US independent transparent-pricing D2C fashion brand,
Tommy Hilfiger (PVH Corp),Cadillac partner (first official partner),"Luxury, Fashion & Beauty",7,Quince,onquince.com,US fast-growing D2C affordable luxury basics brand,
Tommy Hilfiger (PVH Corp),Cadillac partner (first official partner),"Luxury, Fashion & Beauty",8,Naadam,naadam.co,US independent sustainable cashmere D2C brand,
Tommy Hilfiger (PVH Corp),Cadillac partner (first official partner),"Luxury, Fashion & Beauty",9,Mack Weldon,mackweldon.com,US independent premium D2C menswear basics brand,
Tommy Hilfiger (PVH Corp),Cadillac partner (first official partner),"Luxury, Fashion & Beauty",10,Public Rec,publicrec.com,US fast-growing D2C comfort-performance menswear brand,
Tommy Hilfiger (PVH Corp),Cadillac partner (first official partner),"Luxury, Fashion & Beauty",11,Madewell,madewell.com,US contemporary denim and lifestyle brand (J.Crew Group),
Tommy Hilfiger (PVH Corp),Cadillac partner (first official partner),"Luxury, Fashion & Beauty",12,Aritzia,aritzia.com,Canadian fast-growing contemporary fashion retailer/brand,
Tommy Hilfiger (PVH Corp),Cadillac partner (first official partner),"Luxury, Fashion & Beauty",13,Uniqlo,uniqlo.com,Japanese global casual apparel retailer (Fast Retailing),
Tommy Hilfiger (PVH Corp),Cadillac partner (first official partner),"Luxury, Fashion & Beauty",14,Officine Generale,officine-generale.com,French independent contemporary menswear label,Reiss
TravisMathew (Topgolf Callaway Brands),Haas partner,"Luxury, Fashion & Beauty",1,Bogey Boys,bogeyboysgolf.com,Fast-growing celebrity-founded golf lifestyle apparel brand,
TravisMathew (Topgolf Callaway Brands),Haas partner,"Luxury, Fashion & Beauty",2,Devereux,devereuxgolf.com,Independent premium golf lifestyle apparel brand,
TravisMathew (Topgolf Callaway Brands),Haas partner,"Luxury, Fashion & Beauty",3,FootJoy Apparel,footjoy.com,Premium golf apparel and footwear brand,
TravisMathew (Topgolf Callaway Brands),Haas partner,"Luxury, Fashion & Beauty",4,Rhoback,rhoback.com,US fast-growing D2C golf-athleisure apparel brand,
TravisMathew (Topgolf Callaway Brands),Haas partner,"Luxury, Fashion & Beauty",5,Radmor,radmorapparel.com,US independent premium golf lifestyle apparel brand,
TravisMathew (Topgolf Callaway Brands),Haas partner,"Luxury, Fashion & Beauty",6,Eastside Golf,eastsidegolf.com,US independent fast-growing golf lifestyle apparel brand,OGIO (Topgolf Callaway Brands)
TravisMathew (Topgolf Callaway Brands),Haas partner,"Luxury, Fashion & Beauty",7,Manors Golf,manorsgolf.com,British independent fast-growing golf lifestyle apparel brand,OGIO (Topgolf Callaway Brands)
TravisMathew (Topgolf Callaway Brands),Haas partner,"Luxury, Fashion & Beauty",8,Cuts Clothing,cutsclothing.com,US fast-growing D2C premium athletic-fit apparel brand,OGIO (Topgolf Callaway Brands)
TravisMathew (Topgolf Callaway Brands),Haas partner,"Luxury, Fashion & Beauty",9,True Linkswear,truelinkswear.com,US independent golf footwear brand,OGIO (Topgolf Callaway Brands)
TravisMathew (Topgolf Callaway Brands),Haas partner,"Luxury, Fashion & Beauty",10,Payntr Golf,payntr.com,US independent fast-growing golf footwear brand,OGIO (Topgolf Callaway Brands)
TravisMathew (Topgolf Callaway Brands),Haas partner,"Luxury, Fashion & Beauty",11,Fairway & Greene,fairwaygreene.com,US heritage premium golf apparel brand,
TravisMathew (Topgolf Callaway Brands),Haas partner,"Luxury, Fashion & Beauty",12,Linksoul,linksoul.com,US independent laid-back premium golf apparel brand,
TravisMathew (Topgolf Callaway Brands),Haas partner,"Luxury, Fashion & Beauty",13,Criquet Shirts,criquetshirts.com,US independent fast-growing golf/lifestyle shirt brand,
TravisMathew (Topgolf Callaway Brands),Haas partner,"Luxury, Fashion & Beauty",14,Holderness & Bourne,holdernessandbourne.com,US premium golf apparel brand,
TravisMathew (Topgolf Callaway Brands),Haas partner,"Luxury, Fashion & Beauty",15,Dunning Golf,dunninggolf.com,Canadian premium golf apparel brand,
TravisMathew (Topgolf Callaway Brands),Haas partner,"Luxury, Fashion & Beauty",16,Kjus,kjus.com,Swiss premium golf and ski performance apparel brand,
Tudor (Rolex Group),Racing Bulls partner,"Luxury, Fashion & Beauty",1,Damasko,damasko-uhren.de,Independent German tool watch manufacture,IWC Schaffhausen (Richemont)
Tudor (Rolex Group),Racing Bulls partner,"Luxury, Fashion & Beauty",2,Squale,squale.ch,Independent Swiss dive watch heritage brand,
Tudor (Rolex Group),Racing Bulls partner,"Luxury, Fashion & Beauty",3,Rado,rado.com,Swatch Group-owned design-forward Swiss watchmaker,
Tudor (Rolex Group),Racing Bulls partner,"Luxury, Fashion & Beauty",4,Raymond Weil,raymond-weil.com,Independent family-owned Swiss watchmaker,
Tudor (Rolex Group),Racing Bulls partner,"Luxury, Fashion & Beauty",5,Citizen Watch,citizenwatch.com,Japanese heritage watchmaker with Eco-Drive tech,
Tudor (Rolex Group),Racing Bulls partner,"Luxury, Fashion & Beauty",6,Steinhart Watches,steinhartwatches.com,German independent D2C tool watch brand,
Tudor (Rolex Group),Racing Bulls partner,"Luxury, Fashion & Beauty",7,Halios Watches,halioswatches.com,Canadian independent dive watch microbrand,
Tudor (Rolex Group),Racing Bulls partner,"Luxury, Fashion & Beauty",8,Yema,yema.com,French independent heritage tool watch brand,Invicta Watch Group; TAG Heuer (LVMH)
Tudor (Rolex Group),Racing Bulls partner,"Luxury, Fashion & Beauty",9,Marathon Watch Company,marathonwatch.com,Independent military-spec tool watchmaker,
Tudor (Rolex Group),Racing Bulls partner,"Luxury, Fashion & Beauty",10,Lorier Watches,lorierwatches.com,US independent vintage-inspired D2C microbrand,
TUMI (Samsonite),McLaren partner,"Luxury, Fashion & Beauty",1,Samsonite (parent brand),samsonite.com,Global heritage travel luggage brand,
TUMI (Samsonite),McLaren partner,"Luxury, Fashion & Beauty",2,Monos,monos.com,Canadian fast-growing D2C premium luggage brand,
TUMI (Samsonite),McLaren partner,"Luxury, Fashion & Beauty",3,July,july.com,Australian fast-growing D2C premium luggage brand,
TUMI (Samsonite),McLaren partner,"Luxury, Fashion & Beauty",4,Paravel,paravel.com,US fast-growing D2C sustainable premium luggage brand,
TUMI (Samsonite),McLaren partner,"Luxury, Fashion & Beauty",5,Beis,beistravel.com,US fast-growing celebrity-founded travel accessories brand,
TUMI (Samsonite),McLaren partner,"Luxury, Fashion & Beauty",6,Roam Luggage,roamluggage.com,US fast-growing D2C customizable luggage brand,
TUMI (Samsonite),McLaren partner,"Luxury, Fashion & Beauty",7,Delsey Paris,delsey.com,French heritage premium luggage brand,
TUMI (Samsonite),McLaren partner,"Luxury, Fashion & Beauty",8,Aer,aersf.com,US fast-growing D2C premium travel/tech bag brand,OGIO (Topgolf Callaway Brands); Piquadro
TUMI (Samsonite),McLaren partner,"Luxury, Fashion & Beauty",9,Baboon to the Moon,baboontothemoon.com,US fast-growing D2C colorful travel bag brand,
TUMI (Samsonite),McLaren partner,"Luxury, Fashion & Beauty",10,Solgaard,solgaard.co,US fast-growing D2C sustainable travel bag brand,
TUMI (Samsonite),McLaren partner,"Luxury, Fashion & Beauty",11,Arlo Skye,arloskye.com,US fast-growing D2C premium luggage brand,
Yeti,Red Bull Racing partner,"Luxury, Fashion & Beauty",1,RTIC Outdoors,rticoutdoors.com,US fast-growing D2C cooler and drinkware challenger brand,
Yeti,Red Bull Racing partner,"Luxury, Fashion & Beauty",2,Igloo Coolers,igloocoolers.com,US heritage cooler manufacturer,
Yeti,Red Bull Racing partner,"Luxury, Fashion & Beauty",3,Pelican Products (coolers),pelican.com,US premium protective cases and coolers brand,mophie (ZAGG)
Yeti,Red Bull Racing partner,"Luxury, Fashion & Beauty",4,Owala,owala.com,US fast-growing D2C insulated drinkware brand,
Yeti,Red Bull Racing partner,"Luxury, Fashion & Beauty",5,Pelican Coolers,pelican.com,US premium protective cases and coolers brand,
Yeti,Red Bull Racing partner,"Luxury, Fashion & Beauty",6,Miir,miir.com,US independent sustainable insulated drinkware brand,
Yeti,Red Bull Racing partner,"Luxury, Fashion & Beauty",7,Chilly's Bottles,chillys.com,British fast-growing D2C insulated drinkware brand,
Yeti,Red Bull Racing partner,"Luxury, Fashion & Beauty",8,LARQ,livelarq.com,US fast-growing self-cleaning D2C insulated bottle brand,
Yeti,Red Bull Racing partner,"Luxury, Fashion & Beauty",9,BruMate,bruprotect.com,US fast-growing D2C insulated drinkware brand,
Yeti,Red Bull Racing partner,"Luxury, Fashion & Beauty",10,Zojirushi,zojirushi.com,Japanese heritage premium insulated drinkware manufacturer,
Yeti,Red Bull Racing partner,"Luxury, Fashion & Beauty",11,Iron Flask,ironflask.com,US fast-growing D2C insulated drinkware brand,
Yeti,Red Bull Racing partner,"Luxury, Fashion & Beauty",12,Thermos LLC,thermos.com,US heritage insulated drinkware manufacturer,
Yeti,Red Bull Racing partner,"Luxury, Fashion & Beauty",13,24Bottles,24bottles.com,Italian independent design-forward insulated drinkware brand,
Yeti,Red Bull Racing partner,"Luxury, Fashion & Beauty",14,S'well,swell.com,US independent fast-growing D2C insulated drinkware brand,
Yeti,Red Bull Racing partner,"Luxury, Fashion & Beauty",15,Nalgene,nalgene.com,US heritage outdoor drinkware manufacturer,
Yeti,Red Bull Racing partner,"Luxury, Fashion & Beauty",16,Takeya,takeyausa.com,US independent insulated drinkware brand,
Yeti,Red Bull Racing partner,"Luxury, Fashion & Beauty",17,ThermoFlask,thermoflask.com,US insulated drinkware brand,
Allianz,Global insurance and asset management group,"Payments, Banking & Insurance",1,MetLife,metlife.com,Global life insurance and employee benefits provider,
Allianz,Global insurance and asset management group,"Payments, Banking & Insurance",2,Manulife Financial,manulife.com,Canadian multinational insurance and wealth group,
Allianz,Global insurance and asset management group,"Payments, Banking & Insurance",3,CNA Financial,cna.com,US commercial property and casualty insurer,
Allianz,Global insurance and asset management group,"Payments, Banking & Insurance",4,Hartford Financial Services Group,thehartford.com,"US property, casualty and group benefits insurer",
Allianz,Global insurance and asset management group,"Payments, Banking & Insurance",5,Talanx AG,talanx.com,German multi-line insurance group (HDI),
Allianz,Global insurance and asset management group,"Payments, Banking & Insurance",6,Mapfre,mapfre.com,Spanish multinational insurance group,
Allianz,Global insurance and asset management group,"Payments, Banking & Insurance",7,Grupo Catalana Occidente,grupocatalanaoccidente.com,Spanish multinational insurance group,
Allianz,Global insurance and asset management group,"Payments, Banking & Insurance",8,Baloise Group,baloise.com,Swiss multinational insurance group,
Allianz,Global insurance and asset management group,"Payments, Banking & Insurance",9,Helvetia Insurance,helvetia.com,Swiss multinational insurance group,
Allianz,Global insurance and asset management group,"Payments, Banking & Insurance",10,Vaudoise Assurances,vaudoise.ch,Swiss regional insurance group,
Allianz,Global insurance and asset management group,"Payments, Banking & Insurance",11,Uniqa Insurance Group,uniqagroup.com,Austrian/CEE multinational insurance group,
Allianz,Global insurance and asset management group,"Payments, Banking & Insurance",12,Wiener Staedtische Versicherung,wienerstaedtische.at,Austrian insurance group (Vienna Insurance Group),
Allianz,Global insurance and asset management group,"Payments, Banking & Insurance",13,Gjensidige Forsikring,gjensidige.com,Norwegian multinational insurance group,
Allianz,Global insurance and asset management group,"Payments, Banking & Insurance",14,Tryg A/S,tryg.com,Nordic multinational insurance group,
Allianz,Global insurance and asset management group,"Payments, Banking & Insurance",15,If P&C Insurance,if-insurance.com,Nordic property and casualty insurance group,
Allianz,Global insurance and asset management group,"Payments, Banking & Insurance",16,Topdanmark,topdanmark.com,Danish multinational insurance group,
Allianz,Global insurance and asset management group,"Payments, Banking & Insurance",17,Sampo Group,sampo.com,Nordic multinational insurance group,
Allianz,Global insurance and asset management group,"Payments, Banking & Insurance",18,AIA Group,aia.com,Pan-Asian multinational life insurance group,
Allianz,Global insurance and asset management group,"Payments, Banking & Insurance",19,FWD Group,fwd.com,Pan-Asian multinational life insurance group,
Allianz,Global insurance and asset management group,"Payments, Banking & Insurance",20,Great Eastern Holdings,greateasternlife.com,Singapore/Malaysia-based life insurance group,
Allianz,Global insurance and asset management group,"Payments, Banking & Insurance",21,China Pacific Insurance,cpic.com.cn,Major Chinese multinational insurance group,
Allianz,Global insurance and asset management group,"Payments, Banking & Insurance",22,Samsung Fire & Marine Insurance,samsungfire.com,South Korea's largest property and casualty insurer,
American Express,F1 official partner; F1 Academy partner,"Payments, Banking & Insurance",1,Brex,brex.com,Corporate charge cards and spend management for startups,
American Express,F1 official partner; F1 Academy partner,"Payments, Banking & Insurance",2,Ramp,ramp.com,Fast-growing corporate card and expense platform,SAP
American Express,F1 official partner; F1 Academy partner,"Payments, Banking & Insurance",3,Bill.com (Divvy),bill.com,Corporate card and spend management challenger,
American Express,F1 official partner; F1 Academy partner,"Payments, Banking & Insurance",4,Airbase,airbase.com,Spend management and corporate card platform,SAP
American Express,F1 official partner; F1 Academy partner,"Payments, Banking & Insurance",5,Emburse,emburse.com,Corporate travel and expense/card platform,
American Express,F1 official partner; F1 Academy partner,"Payments, Banking & Insurance",6,Navan (TripActions),navan.com,Corporate travel and card spend platform,SAP
American Express,F1 official partner; F1 Academy partner,"Payments, Banking & Insurance",7,Mesh Payments,meshpayments.com,Corporate card and payments management platform,
American Express,F1 official partner; F1 Academy partner,"Payments, Banking & Insurance",8,Extend,paywithextend.com,Virtual card issuing platform for businesses,
American Express,F1 official partner; F1 Academy partner,"Payments, Banking & Insurance",9,Petal Card,petalcard.com,Cash-flow-underwritten consumer credit card,
American Express,F1 official partner; F1 Academy partner,"Payments, Banking & Insurance",10,Deserve,deserve.com,Digital-first credit card issuing platform,
American Express,F1 official partner; F1 Academy partner,"Payments, Banking & Insurance",11,X1 Card (Ex1press),x1.com,Income-based premium rewards credit card challenger,
American Express,F1 official partner; F1 Academy partner,"Payments, Banking & Insurance",12,Bilt Rewards,biltrewards.com,Rent-linked rewards credit card and loyalty network,
American Express,F1 official partner; F1 Academy partner,"Payments, Banking & Insurance",13,TomoCredit,tomocredit.com,Credit-building charge card for thin-file consumers,
American Express,F1 official partner; F1 Academy partner,"Payments, Banking & Insurance",14,"Upgrade, Inc.",upgrade.com,Fintech offering credit cards and personal loans,
American Express,F1 official partner; F1 Academy partner,"Payments, Banking & Insurance",15,Zolve,zolve.com,Cross-border credit card for immigrants/newcomers,
American Express,F1 official partner; F1 Academy partner,"Payments, Banking & Insurance",16,Imprint,imprint.co,Co-branded and private-label credit card platform,
American Express,F1 official partner; F1 Academy partner,"Payments, Banking & Insurance",17,Yonder,yondercard.com,UK lifestyle rewards charge card challenger,
American Express,F1 official partner; F1 Academy partner,"Payments, Banking & Insurance",18,Coast (fleet card fintech),hicoast.com,Modern fleet and fuel card platform for commercial vehicles,
American Express,F1 official partner; F1 Academy partner,"Payments, Banking & Insurance",19,AvidXchange,avidxchange.com,AP automation and B2B virtual card payments platform,
American Express,F1 official partner; F1 Academy partner,"Payments, Banking & Insurance",20,Center (spend management),getcenter.com,Corporate card and expense management platform,
American Express,F1 official partner; F1 Academy partner,"Payments, Banking & Insurance",21,Teampay,teampay.co,Proactive spend management and virtual card platform,
American Express,F1 official partner; F1 Academy partner,"Payments, Banking & Insurance",22,Fyle,fylehq.com,Real-time expense management and corporate card platform,
American Express,F1 official partner; F1 Academy partner,"Payments, Banking & Insurance",23,Volopay,volopay.com,APAC-focused corporate card and spend management platform,
American Express,F1 official partner; F1 Academy partner,"Payments, Banking & Insurance",24,Point Card,point.app,Rewards-focused debit/credit hybrid card for everyday spending,
Aon,Ferrari partner,"Payments, Banking & Insurance",1,Baldwin Insurance Group,baldwininsurancegroup.com,US insurance distribution holding company,Marsh (Marsh McLennan)
Aon,Ferrari partner,"Payments, Banking & Insurance",2,Truist Insurance Holdings,truistinsuranceholdings.com,Insurance brokerage arm of Truist Financial,Marsh (Marsh McLennan)
Aon,Ferrari partner,"Payments, Banking & Insurance",3,Foundation Risk Partners,frpins.com,US insurance brokerage and consulting firm,Marsh (Marsh McLennan)
Aon,Ferrari partner,"Payments, Banking & Insurance",4,Crum & Forster,cfins.com,US specialty property and casualty insurer,Marsh (Marsh McLennan)
Aon,Ferrari partner,"Payments, Banking & Insurance",5,Beecher Carlson (Truist),beechercarlson.com,Specialty risk management and insurance brokerage,Marsh (Marsh McLennan)
Aon,Ferrari partner,"Payments, Banking & Insurance",6,Patriot Growth Insurance Services,patriotgis.com,US insurance brokerage aggregator,Marsh (Marsh McLennan)
Aon,Ferrari partner,"Payments, Banking & Insurance",7,Heffernan Insurance Brokers,heffgroup.com,Independent US commercial insurance brokerage,Marsh (Marsh McLennan)
Aon,Ferrari partner,"Payments, Banking & Insurance",8,Leavitt Group,leavitt.com,US independent insurance brokerage network,Marsh (Marsh McLennan)
Aon,Ferrari partner,"Payments, Banking & Insurance",9,INSURICA,insurica.com,US regional independent insurance brokerage,Marsh (Marsh McLennan)
Aon,Ferrari partner,"Payments, Banking & Insurance",10,Hilb Group,hilbgroup.com,US middle-market insurance brokerage acquirer,Marsh (Marsh McLennan)
Aon,Ferrari partner,"Payments, Banking & Insurance",11,Cottingham & Butler,cottinghambutler.com,US independent insurance brokerage and risk management firm,Marsh (Marsh McLennan)
Aon,Ferrari partner,"Payments, Banking & Insurance",12,Marshberry Advisors,marshberry.com,Insurance industry M&A advisory and consulting firm,Marsh (Marsh McLennan)
Aon,Ferrari partner,"Payments, Banking & Insurance",13,Program Brokerage Corporation,programbrokerage.com,US specialty program insurance brokerage,Marsh (Marsh McLennan)
Aon,Ferrari partner,"Payments, Banking & Insurance",14,Frenkel & Company,frenkel.com,US independent insurance brokerage firm,Marsh (Marsh McLennan)
Aon,Ferrari partner,"Payments, Banking & Insurance",15,Sterling Seacrest Partners,sterlingseacrest.com,US independent insurance brokerage firm,Marsh (Marsh McLennan)
Aon,Ferrari partner,"Payments, Banking & Insurance",16,Cross Insurance,crossagency.com,US independent regional insurance brokerage,Marsh (Marsh McLennan)
Aon,Ferrari partner,"Payments, Banking & Insurance",17,Gallagher Bassett Services,gallagherbassett.com,Global third-party claims administration provider,
Barclays,Williams partner (joined Feb 2026),"Payments, Banking & Insurance",1,Handelsbanken UK,handelsbanken.co.uk,UK arm of Swedish decentralized bank,
Barclays,Williams partner (joined Feb 2026),"Payments, Banking & Insurance",2,The Co-operative Bank,co-operativebank.co.uk,UK ethical retail bank,
Barclays,Williams partner (joined Feb 2026),"Payments, Banking & Insurance",3,Aldermore Bank,aldermore.co.uk,UK specialist SME and mortgage lender,
Barclays,Williams partner (joined Feb 2026),"Payments, Banking & Insurance",4,Shawbrook Bank,shawbrook.co.uk,UK specialist savings and lending bank,
Barclays,Williams partner (joined Feb 2026),"Payments, Banking & Insurance",5,Allica Bank,allica.bank,UK digital bank for established SMEs,
Barclays,Williams partner (joined Feb 2026),"Payments, Banking & Insurance",6,Redwood Bank,redwoodbank.co.uk,UK digital SME/commercial bank,
Barclays,Williams partner (joined Feb 2026),"Payments, Banking & Insurance",7,Cynergy Bank,cynergybank.co.uk,UK challenger bank for entrepreneurs,
Barclays,Williams partner (joined Feb 2026),"Payments, Banking & Insurance",8,Paragon Bank,paragonbank.co.uk,UK specialist savings and buy-to-let lender,
Barclays,Williams partner (joined Feb 2026),"Payments, Banking & Insurance",9,Secure Trust Bank,securetrustbank.com,UK specialist retail and commercial bank,
Barclays,Williams partner (joined Feb 2026),"Payments, Banking & Insurance",10,Tandem Bank,tandem.co.uk,UK digital green-focused bank,
Barclays,Williams partner (joined Feb 2026),"Payments, Banking & Insurance",11,Chetwood Financial,chetwood.co.uk,UK digital specialist lending bank,
Barclays,Williams partner (joined Feb 2026),"Payments, Banking & Insurance",12,Monument Bank,monument.co,UK digital bank for mass-affluent clients,
Barclays,Williams partner (joined Feb 2026),"Payments, Banking & Insurance",13,Recognise Bank,recognisebank.co.uk,UK SME-focused digital bank,
Barclays,Williams partner (joined Feb 2026),"Payments, Banking & Insurance",14,Kroo Bank,kroo.com,UK app-based current account challenger bank,
Barclays,Williams partner (joined Feb 2026),"Payments, Banking & Insurance",15,Zempler Bank (formerly Cashplus),zempler.bank,UK digital bank for small business and consumers,
Barclays,Williams partner (joined Feb 2026),"Payments, Banking & Insurance",16,ClearScore-linked lender Updraft,updraft.com,UK credit-building and debt consolidation fintech,
Barclays,Williams partner (joined Feb 2026),"Payments, Banking & Insurance",17,Fair4All Finance backed Salad Money,saladmoney.co.uk,UK affordable credit fintech for underserved workers,
Barclays,Williams partner (joined Feb 2026),"Payments, Banking & Insurance",18,Newday Ltd,newday.co.uk,UK consumer credit card issuer and fintech,
Barclays,Williams partner (joined Feb 2026),"Payments, Banking & Insurance",19,Vanquis Banking Group,vanquisbankinggroup.com,UK specialist banking group for underserved consumers,
Barclays,Williams partner (joined Feb 2026),"Payments, Banking & Insurance",20,Amigo Loans,amigoloans.co.uk,UK guarantor and unsecured consumer lender,
Barclays,Williams partner (joined Feb 2026),"Payments, Banking & Insurance",21,Oplo (Together Group),oplo.co.uk,UK specialist secured lending brand (Together Group),
Barclays,Williams partner (joined Feb 2026),"Payments, Banking & Insurance",22,Together Financial Services,togethermoney.com,UK specialist mortgage and secured lending group,
Barclays,Williams partner (joined Feb 2026),"Payments, Banking & Insurance",23,MotoNovo Finance (Aldermore),motonovofinance.com,UK motor finance lender (Aldermore Bank),
Barclays,Williams partner (joined Feb 2026),"Payments, Banking & Insurance",24,Hodge Bank,hodgebank.co.uk,UK specialist later-life and savings bank,
Barclays,Williams partner (joined Feb 2026),"Payments, Banking & Insurance",25,Charter Court Financial Services,chartercourtfs.co.uk,UK specialist mortgage lending group (OSB Group),
BNY,Williams partner,"Payments, Banking & Insurance",1,Citco Group,citco.com,Global hedge fund administration and custody group,
BNY,Williams partner,"Payments, Banking & Insurance",2,SEI Investments Company,seic.com,Asset management and fund servicing provider,
BNY,Williams partner,"Payments, Banking & Insurance",3,Societe Generale Securities Services,securities-services.societegenerale.com,Custody and asset servicing arm of SG,
BNY,Williams partner,"Payments, Banking & Insurance",4,BNP Paribas Securities Services,securities.cib.bnpparibas,Global custody and fund administration bank,
BNY,Williams partner,"Payments, Banking & Insurance",5,HSBC Securities Services,hsbc.com,Global custody and fund services arm of HSBC,
BNY,Williams partner,"Payments, Banking & Insurance",6,Broadridge Financial Solutions,broadridge.com,Investor communications and fintech infrastructure provider,
BNY,Williams partner,"Payments, Banking & Insurance",7,Wilmington Trust (M&T Bank),wilmingtontrust.com,Corporate and institutional trust services provider,
BNY,Williams partner,"Payments, Banking & Insurance",8,U.S. Bank Global Fund Services,usbank.com,Fund administration arm of U.S. Bancorp,
BNY,Williams partner,"Payments, Banking & Insurance",9,Mitsubishi UFJ Fund Services,mufg-investorservices.com,Fund administration arm of MUFG,
BNY,Williams partner,"Payments, Banking & Insurance",10,Ultimus Fund Solutions,ultimusfundsolutions.com,US fund administration provider,
BNY,Williams partner,"Payments, Banking & Insurance",11,Ocorian,ocorian.com,"Global fund, corporate and fiduciary services provider",
BNY,Williams partner,"Payments, Banking & Insurance",12,Maples Group,maples.com,Global fund services and offshore legal/corporate services group,
BNY,Williams partner,"Payments, Banking & Insurance",13,Waystone Group,waystone.com,Global fund governance and administration services group,
BNY,Williams partner,"Payments, Banking & Insurance",14,Aztec Group,aztecgroup.co.uk,European private capital fund administration group,
BNY,Williams partner,"Payments, Banking & Insurance",15,JTC Group,jtcgroup.com,"Global fund, corporate and private client services group",
BNY,Williams partner,"Payments, Banking & Insurance",16,Trident Trust,tridenttrust.com,Global corporate and fund administration services group,
BNY,Williams partner,"Payments, Banking & Insurance",17,Circle Investment Support Services,circlepartners.com,Independent fund administration services provider,
BNY,Williams partner,"Payments, Banking & Insurance",18,Standish Management,standishmgmt.com,US-based fund administration services provider,
BNY,Williams partner,"Payments, Banking & Insurance",19,NAV Consulting,navconsulting.net,US-based hedge fund administration provider,
BNY,Williams partner,"Payments, Banking & Insurance",20,Gen II Fund Services,gen2fund.com,Private equity fund administration services provider,
BNY,Williams partner,"Payments, Banking & Insurance",21,Deutsche Bank Alternative Fund Services,db.com,Deutsche Bank's fund administration arm for alternatives,
BNY,Williams partner,"Payments, Banking & Insurance",22,PNC Fund Services,pnc.com,Fund administration and custody arm of PNC Financial,
BNY,Williams partner,"Payments, Banking & Insurance",23,Comerica Fund Services,comerica.com,Fund banking and administration arm of Comerica,
BNY,Williams partner,"Payments, Banking & Insurance",24,Trustmoore,trustmoore.com,Luxembourg-based fund and corporate services provider,
Businessolver,Alpine partner,"Payments, Banking & Insurance",1,Ease (EaseCentral),ease.com,HR and benefits administration platform for SMBs,
Businessolver,Alpine partner,"Payments, Banking & Insurance",2,Zenefits (TriNet),trinet.com,"HR, benefits and payroll platform for SMBs",
Businessolver,Alpine partner,"Payments, Banking & Insurance",3,isolved,isolvedhcm.com,HCM and benefits administration platform,UKG
Businessolver,Alpine partner,"Payments, Banking & Insurance",4,Sequoia One,sequoia.com,Benefits and HR services PEO,
Businessolver,Alpine partner,"Payments, Banking & Insurance",5,WEX Benefits,wexinc.com,Benefits administration and payments platform,
Businessolver,Alpine partner,"Payments, Banking & Insurance",6,WageWorks (HealthEquity),healthequity.com,Consumer-directed benefits administration platform,
Businessolver,Alpine partner,"Payments, Banking & Insurance",7,Corestream,corestream.com,Voluntary benefits marketplace platform,
Businessolver,Alpine partner,"Payments, Banking & Insurance",8,Wellhub (Gympass),wellhub.com,Corporate wellness benefits platform,
Businessolver,Alpine partner,"Payments, Banking & Insurance",9,Sun Life Benefits Enrollment,sunlife.com,Benefits enrollment technology arm of Sun Life Financial,
Businessolver,Alpine partner,"Payments, Banking & Insurance",10,MediKeeper,medikeeper.com,Employee wellness and benefits engagement platform,
Businessolver,Alpine partner,"Payments, Banking & Insurance",11,Flock Benefits Administration,flockbenefits.com,Cloud-based benefits administration platform,
Businessolver,Alpine partner,"Payments, Banking & Insurance",12,Noyo (benefits data infrastructure),noyo.com,Benefits data connectivity and API infrastructure platform,
Businessolver,Alpine partner,"Payments, Banking & Insurance",13,Ideon (benefits API),ideonapi.com,Benefits enrollment and data connectivity API platform,
Businessolver,Alpine partner,"Payments, Banking & Insurance",14,Vestwell (retirement benefits),vestwell.com,Digital retirement plan recordkeeping platform,
Businessolver,Alpine partner,"Payments, Banking & Insurance",15,Human Interest (401k),humaninterest.com,Small-business focused 401(k) retirement platform,
Businessolver,Alpine partner,"Payments, Banking & Insurance",16,Guideline (401k),guideline.com,Small-business focused 401(k) retirement platform,
Businessolver,Alpine partner,"Payments, Banking & Insurance",17,PensionBee,pensionbee.com,UK online pension consolidation and management platform,
Businessolver,Alpine partner,"Payments, Banking & Insurance",18,Origin Financial (benefits wellbeing),useorigin.com,Employer-sponsored financial wellness benefits platform,
Businessolver,Alpine partner,"Payments, Banking & Insurance",19,Northstar (financial wellness benefits),gonorthstar.com,Employer financial wellness benefits platform,
Businessolver,Alpine partner,"Payments, Banking & Insurance",20,Brightside Benefits,brightside.com,Financial health and wellbeing benefits platform,
Businessolver,Alpine partner,"Payments, Banking & Insurance",21,Salary Finance,salaryfinance.com,Employer-sponsored financial wellness and lending benefits platform,
Businessolver,Alpine partner,"Payments, Banking & Insurance",22,Even Financial workplace benefits,even.com,Financial wellness and earned-wage-access benefits platform,
Businessolver,Alpine partner,"Payments, Banking & Insurance",23,Fringe (lifestyle benefits platform),fringe.us,Customizable lifestyle benefits and perks platform,
Businessolver,Alpine partner,"Payments, Banking & Insurance",24,G&A Partners,gnapartners.com,US PEO and HR/benefits outsourcing provider,
Carlyle,Red Bull Racing partner,"Payments, Banking & Insurance",1,Cinven,cinven.com,European private equity firm,
Carlyle,Red Bull Racing partner,"Payments, Banking & Insurance",2,Bridgepoint Group,bridgepoint.eu,UK-listed European private equity firm,
Carlyle,Red Bull Racing partner,"Payments, Banking & Insurance",3,Onex Corporation,onex.com,Canadian private equity and asset management firm,
Carlyle,Red Bull Racing partner,"Payments, Banking & Insurance",4,American Securities,american-securities.com,US middle-market private equity firm,
Carlyle,Red Bull Racing partner,"Payments, Banking & Insurance",5,Charlesbank Capital Partners,charlesbank.com,US middle-market private equity firm,
Carlyle,Red Bull Racing partner,"Payments, Banking & Insurance",6,Court Square Capital Partners,courtsquare.com,US middle-market private equity firm,
Carlyle,Red Bull Racing partner,"Payments, Banking & Insurance",7,Genstar Capital,genstarcapital.com,US middle-market private equity firm,
Carlyle,Red Bull Racing partner,"Payments, Banking & Insurance",8,GTCR,gtcr.com,US private equity firm focused on growth buyouts,
Carlyle,Red Bull Racing partner,"Payments, Banking & Insurance",9,Harvest Partners,harvestpartners.com,US middle-market private equity firm,
Carlyle,Red Bull Racing partner,"Payments, Banking & Insurance",10,Kelso & Company,kelso.com,US private equity firm,
Carlyle,Red Bull Racing partner,"Payments, Banking & Insurance",11,Lindsay Goldberg,lindsaygoldberg.com,US private equity firm,
Carlyle,Red Bull Racing partner,"Payments, Banking & Insurance",12,Madison Dearborn Partners,mdcp.com,US private equity firm,
Carlyle,Red Bull Racing partner,"Payments, Banking & Insurance",13,New Mountain Capital,newmountaincapital.com,US growth-oriented private equity firm,
Carlyle,Red Bull Racing partner,"Payments, Banking & Insurance",14,Providence Equity Partners,provequity.com,Media/telecom/tech-focused private equity firm,
Carlyle,Red Bull Racing partner,"Payments, Banking & Insurance",15,Trilantic Capital Partners,trilantic.com,US/European middle-market private equity firm,
Carlyle,Red Bull Racing partner,"Payments, Banking & Insurance",16,"Welsh, Carson, Anderson & Stowe",welshcarson.com,US healthcare/tech-focused private equity firm,
Carlyle,Red Bull Racing partner,"Payments, Banking & Insurance",17,Wind Point Partners,windpointpartners.com,US middle-market private equity firm,
Carlyle,Red Bull Racing partner,"Payments, Banking & Insurance",18,Apax Partners,apax.com,Global private equity firm,
Carlyle,Red Bull Racing partner,"Payments, Banking & Insurance",19,BC Partners,bcpartners.com,European/US private equity and credit firm,
Carlyle,Red Bull Racing partner,"Payments, Banking & Insurance",20,Coller Capital,collercapital.com,Global private equity secondaries specialist,
Carlyle,Red Bull Racing partner,"Payments, Banking & Insurance",21,HarbourVest Partners,harbourvest.com,Global private markets fund-of-funds manager,
Carlyle,Red Bull Racing partner,"Payments, Banking & Insurance",22,StepStone Group,stepstonegroup.com,Global private markets investment firm,
Carlyle,Red Bull Racing partner,"Payments, Banking & Insurance",23,Hamilton Lane,hamiltonlane.com,Global private markets investment management firm,
Carlyle,Red Bull Racing partner,"Payments, Banking & Insurance",24,Adams Street Partners,adamsstreetpartners.com,Global private markets investment firm,
"Cash App (Block, Inc.)",Racing Bulls title partner (Visa Cash App Racing Bulls),"Payments, Banking & Insurance",1,Chime,chime.com,US neobank and P2P-enabled debit card app,American Express; Revolut
"Cash App (Block, Inc.)",Racing Bulls title partner (Visa Cash App Racing Bulls),"Payments, Banking & Insurance",2,Nequi (Bancolombia),nequi.com.co,Colombian digital wallet and mobile banking app,Nu (Nubank)
"Cash App (Block, Inc.)",Racing Bulls title partner (Visa Cash App Racing Bulls),"Payments, Banking & Insurance",3,GCash (Globe Fintech Innovations),gcash.com,Philippines' leading mobile wallet,
"Cash App (Block, Inc.)",Racing Bulls title partner (Visa Cash App Racing Bulls),"Payments, Banking & Insurance",4,Maya (PayMaya),maya.ph,Philippines digital wallet and banking app,
"Cash App (Block, Inc.)",Racing Bulls title partner (Visa Cash App Racing Bulls),"Payments, Banking & Insurance",5,OPay,opayweb.com,Nigerian mobile money and payments super-app,
"Cash App (Block, Inc.)",Racing Bulls title partner (Visa Cash App Racing Bulls),"Payments, Banking & Insurance",6,Chipper Cash,chippercash.com,Pan-African P2P mobile money app,Endstate; Mastercard; Public.com
"Cash App (Block, Inc.)",Racing Bulls title partner (Visa Cash App Racing Bulls),"Payments, Banking & Insurance",7,Toss (Viva Republica),toss.im,South Korean P2P payments and fintech super-app,Revolut
"Cash App (Block, Inc.)",Racing Bulls title partner (Visa Cash App Racing Bulls),"Payments, Banking & Insurance",8,KakaoPay,kakaopay.com,South Korean messaging-linked mobile payments app,Mastercard
"Cash App (Block, Inc.)",Racing Bulls title partner (Visa Cash App Racing Bulls),"Payments, Banking & Insurance",9,NAVER Pay,pay.naver.com,South Korean e-commerce payments and wallet app,Mastercard
"Cash App (Block, Inc.)",Racing Bulls title partner (Visa Cash App Racing Bulls),"Payments, Banking & Insurance",10,Grab Financial Group (GrabPay),grab.com,Southeast Asian super-app digital wallet,Mastercard
"Cash App (Block, Inc.)",Racing Bulls title partner (Visa Cash App Racing Bulls),"Payments, Banking & Insurance",11,Moniepoint,moniepoint.com,Nigerian fintech and card-acceptance infrastructure provider,Mastercard
"Cash App (Block, Inc.)",Racing Bulls title partner (Visa Cash App Racing Bulls),"Payments, Banking & Insurance",12,PalmPay,palmpay.com,Nigerian mobile money and digital payments platform,Mastercard
"Cash App (Block, Inc.)",Racing Bulls title partner (Visa Cash App Racing Bulls),"Payments, Banking & Insurance",13,Kuda Bank,kuda.com,Nigerian digital-only bank for consumers and SMEs,
"Cash App (Block, Inc.)",Racing Bulls title partner (Visa Cash App Racing Bulls),"Payments, Banking & Insurance",14,Tigo Pesa,tigo.co.tz,Tanzania mobile money service (Millicom),
"Cash App (Block, Inc.)",Racing Bulls title partner (Visa Cash App Racing Bulls),"Payments, Banking & Insurance",15,Airtel Money,airtel.africa,Pan-African mobile money service (Airtel Africa),
"Cash App (Block, Inc.)",Racing Bulls title partner (Visa Cash App Racing Bulls),"Payments, Banking & Insurance",16,Paga Group,paga.com,Nigerian mobile money and digital payments network,Visa
"Cash App (Block, Inc.)",Racing Bulls title partner (Visa Cash App Racing Bulls),"Payments, Banking & Insurance",17,Wizall Money,wizall.com,Senegal-based mobile money and digital wallet service,
"Cash App (Block, Inc.)",Racing Bulls title partner (Visa Cash App Racing Bulls),"Payments, Banking & Insurance",18,MTN Mobile Money (MoMo),mtn.com,Pan-African mobile money service operated by MTN Group,
Goldman Sachs,McLaren partner,"Payments, Banking & Insurance",1,Greenhill & Co.,greenhill.com,Independent investment bank (Mizuho-owned),
Goldman Sachs,McLaren partner,"Payments, Banking & Insurance",2,Financial Technology Partners (FT Partners),ftpartners.com,Boutique investment bank focused on fintech M&A,
Goldman Sachs,McLaren partner,"Payments, Banking & Insurance",3,Qatalyst Partners,qatalyst.com,Boutique technology-focused M&A advisory firm,
Goldman Sachs,McLaren partner,"Payments, Banking & Insurance",4,LionTree Advisors,liontree.com,Boutique media/telecom/tech advisory investment bank,
Goldman Sachs,McLaren partner,"Payments, Banking & Insurance",5,Allen & Company,allenco.com,Private media and technology-focused investment bank,
Goldman Sachs,McLaren partner,"Payments, Banking & Insurance",6,Union Square Advisors,unionsquareadvisors.com,Technology-focused boutique investment bank,
Goldman Sachs,McLaren partner,"Payments, Banking & Insurance",7,Solomon Partners,solomonpartners.com,Independent advisory-focused investment bank,
Goldman Sachs,McLaren partner,"Payments, Banking & Insurance",8,Ducera Partners,ducerapartners.com,Boutique restructuring and advisory investment bank,
Goldman Sachs,McLaren partner,"Payments, Banking & Insurance",9,Sagent Advisors,sagentadvisors.com,Boutique M&A advisory firm for industrial/consumer sectors,
Goldman Sachs,McLaren partner,"Payments, Banking & Insurance",10,Drexel Hamilton,drexelhamilton.com,Veteran-owned full-service investment bank,
Goldman Sachs,McLaren partner,"Payments, Banking & Insurance",11,Loop Capital Markets,loopcapital.com,Minority-owned full-service investment bank,Stephens
Goldman Sachs,McLaren partner,"Payments, Banking & Insurance",12,Academy Securities,academysecurities.com,Veteran-owned institutional broker-dealer and investment bank,Stephens
Goldman Sachs,McLaren partner,"Payments, Banking & Insurance",13,Siebert Williams Shank,siebertwilliamsshank.com,Woman/minority-owned full-service investment bank,Stephens
Goldman Sachs,McLaren partner,"Payments, Banking & Insurance",14,CastleOak Securities,castleoak.com,Minority-owned fixed income broker-dealer,
Goldman Sachs,McLaren partner,"Payments, Banking & Insurance",15,Ramirez & Co.,ramirezco.com,Hispanic-owned investment bank and municipal finance advisor,Stephens
Goldman Sachs,McLaren partner,"Payments, Banking & Insurance",16,"KBW (Keefe, Bruyette & Woods)",kbw.com,Specialty investment bank for financial institutions (Stifel),
Marsh (Marsh McLennan),F1 official partner (insurance),"Payments, Banking & Insurance",1,Amwins Group,amwins.com,Wholesale specialty insurance distributor,Aon
Marsh (Marsh McLennan),F1 official partner (insurance),"Payments, Banking & Insurance",2,CRC Insurance Services (Truist),crcinsurance.com,Wholesale specialty insurance broker,Aon
Marsh (Marsh McLennan),F1 official partner (insurance),"Payments, Banking & Insurance",3,Higginbotham,higginbotham.com,US independent insurance brokerage firm,Aon
Marsh (Marsh McLennan),F1 official partner (insurance),"Payments, Banking & Insurance",4,Assured Partners,assuredpartners.com,US middle-market insurance brokerage firm,Aon
Marsh (Marsh McLennan),F1 official partner (insurance),"Payments, Banking & Insurance",5,Integrity Marketing Group,integritymarketing.com,US insurance distribution and marketing platform,Aon
Marsh (Marsh McLennan),F1 official partner (insurance),"Payments, Banking & Insurance",6,Alera Group,aleragroup.com,US independent insurance and financial services firm,Aon
Marsh (Marsh McLennan),F1 official partner (insurance),"Payments, Banking & Insurance",7,Relation Insurance Services,relationinsurance.com,US insurance brokerage holding company,Aon
Marsh (Marsh McLennan),F1 official partner (insurance),"Payments, Banking & Insurance",8,Confie Insurance Group,confie.com,US personal lines insurance distribution group,Aon
Marsh (Marsh McLennan),F1 official partner (insurance),"Payments, Banking & Insurance",9,OneDigital,onedigital.com,US employee benefits and insurance brokerage firm,
Mastercard,McLaren title partner,"Payments, Banking & Insurance",1,China UnionPay,unionpay.com,World's largest card network by transaction volume,
Mastercard,McLaren title partner,"Payments, Banking & Insurance",2,Elo (Brazil),cartaoelo.com.br,Brazilian bank-owned card network,
Mastercard,McLaren title partner,"Payments, Banking & Insurance",3,Verve (Interswitch),interswitchgroup.com,Nigeria/Africa domestic card scheme,
Mastercard,McLaren title partner,"Payments, Banking & Insurance",4,girocard,girocard.eu,Germany's national debit card scheme,
Mastercard,McLaren title partner,"Payments, Banking & Insurance",5,Bancontact Payconiq Company,bancontact.com,Belgium's national payment network,
Mastercard,McLaren title partner,"Payments, Banking & Insurance",6,iDEAL (Currence),ideal.nl,Netherlands' dominant online bank-payment scheme,
Mastercard,McLaren title partner,"Payments, Banking & Insurance",7,Swish (Bankgirot),swish.nu,Sweden's national mobile payments network,
Mastercard,McLaren title partner,"Payments, Banking & Insurance",8,BLIK (Polski Standard Platnosci),blik.com,Poland's national mobile payment scheme,
Mastercard,McLaren title partner,"Payments, Banking & Insurance",9,TWINT,twint.ch,Switzerland's national mobile payments app,
Mastercard,McLaren title partner,"Payments, Banking & Insurance",10,Vipps MobilePay,vipps.no,Nordic mobile payments network (Norway/Denmark/Finland),
Mastercard,McLaren title partner,"Payments, Banking & Insurance",11,Yoco,yoco.com,South African card-acceptance fintech for SMBs,Visa
Mastercard,McLaren title partner,"Payments, Banking & Insurance",12,PayPay Corporation,paypay.ne.jp,Japan's leading QR-code mobile payments app,
Mastercard,McLaren title partner,"Payments, Banking & Insurance",13,Toss Payments (Viva Republica),tosspayments.com,South Korean payments and fintech super-app,
Mobilize Financial Services (Renault Group),Alpine partner,"Payments, Banking & Insurance",1,Ally Financial,ally.com,Independent US auto finance and digital bank,
Mobilize Financial Services (Renault Group),Alpine partner,"Payments, Banking & Insurance",2,Mercedes-Benz Financial Services,mercedes-benz-financialservices.com,Captive auto finance arm of Mercedes-Benz,
Mobilize Financial Services (Renault Group),Alpine partner,"Payments, Banking & Insurance",3,Hyundai Capital America,hyundaicapitalamerica.com,Captive auto finance arm of Hyundai/Kia,
Mobilize Financial Services (Renault Group),Alpine partner,"Payments, Banking & Insurance",4,Kia Finance America,kiafinance.com,Captive auto finance arm of Kia,
Mobilize Financial Services (Renault Group),Alpine partner,"Payments, Banking & Insurance",5,Mazda Financial Services,mazdausa.com,Captive auto finance arm of Mazda,
Mobilize Financial Services (Renault Group),Alpine partner,"Payments, Banking & Insurance",6,Porsche Financial Services,porschefinancialservices.com,Captive auto finance arm of Porsche,
Mobilize Financial Services (Renault Group),Alpine partner,"Payments, Banking & Insurance",7,FCA Bank,fcabankgroup.com,Auto finance JV between Stellantis and Credit Agricole,
Mobilize Financial Services (Renault Group),Alpine partner,"Payments, Banking & Insurance",8,Westlake Financial Services,westlakefinancial.com,Independent US auto finance company,
Mobilize Financial Services (Renault Group),Alpine partner,"Payments, Banking & Insurance",9,Credit Acceptance Corporation,creditacceptance.com,US subprime auto finance company,
Mobilize Financial Services (Renault Group),Alpine partner,"Payments, Banking & Insurance",10,Chrysler Capital (Santander Consumer USA),chryslercapital.com,Auto finance JV between Santander and Stellantis,
Mobilize Financial Services (Renault Group),Alpine partner,"Payments, Banking & Insurance",11,DriveTime,drivetime.com,Vertically integrated used-car and auto finance company,
Mobilize Financial Services (Renault Group),Alpine partner,"Payments, Banking & Insurance",12,AmeriCredit (GM Financial),gmfinancial.com,Legacy independent auto finance brand under GM Financial,
Mobilize Financial Services (Renault Group),Alpine partner,"Payments, Banking & Insurance",13,Exeter Finance,exeterfinance.com,US independent non-prime auto finance company,
Mobilize Financial Services (Renault Group),Alpine partner,"Payments, Banking & Insurance",14,PSA Finance UK,psafinance.co.uk,UK captive auto finance arm of Stellantis brands,
Mobilize Financial Services (Renault Group),Alpine partner,"Payments, Banking & Insurance",15,Alphabet International (BMW fleet leasing),alphabet.com,BMW Group's international fleet management and leasing arm,
Mobilize Financial Services (Renault Group),Alpine partner,"Payments, Banking & Insurance",16,Ayvens,ayvens.com,Global fleet management and leasing group (ALD/LeasePlan),
Mobilize Financial Services (Renault Group),Alpine partner,"Payments, Banking & Insurance",17,Athlon Car Lease (Daimler Truck Financial),athlon.com,European fleet leasing arm of Daimler Truck Financial Services,
Mobilize Financial Services (Renault Group),Alpine partner,"Payments, Banking & Insurance",18,Wheels Inc.,wheels.com,US fleet management and leasing company,
Mobilize Financial Services (Renault Group),Alpine partner,"Payments, Banking & Insurance",19,Enterprise Fleet Management,efleets.com,US commercial fleet management and leasing provider,
Mobilize Financial Services (Renault Group),Alpine partner,"Payments, Banking & Insurance",20,Holman Automotive Fleet,holman.com,US fleet leasing and management company,
Mobilize Financial Services (Renault Group),Alpine partner,"Payments, Banking & Insurance",21,Merchants Fleet,merchantsfleet.com,US fleet management and leasing provider,
Mobilize Financial Services (Renault Group),Alpine partner,"Payments, Banking & Insurance",22,Mitsubishi Motors Credit of America,mitsubishicars.com,Captive auto finance arm of Mitsubishi Motors,
Mobilize Financial Services (Renault Group),Alpine partner,"Payments, Banking & Insurance",23,Isuzu Finance of America,isuzucv.com,Captive commercial vehicle finance arm of Isuzu,
Mobilize Financial Services (Renault Group),Alpine partner,"Payments, Banking & Insurance",24,Yamaha Motor Finance,yamahamotorfinanceusa.com,Captive powersports finance arm of Yamaha,
Mobilize Financial Services (Renault Group),Alpine partner,"Payments, Banking & Insurance",25,Polaris Acceptance,polaris.com,Captive powersports finance arm of Polaris Industries,
MoneyGram,Haas title partner,"Payments, Banking & Insurance",1,Zepz (WorldRemit),zepz.com,Digital remittance group,"Cash App (Block, Inc.)"
MoneyGram,Haas title partner,"Payments, Banking & Insurance",2,Nium,nium.com,Global cross-border payments infrastructure,
MoneyGram,Haas title partner,"Payments, Banking & Insurance",3,Paysend,paysend.com,Global card-to-card money transfer app,
MoneyGram,Haas title partner,"Payments, Banking & Insurance",4,Sendwave,sendwave.com,Mobile remittance app for Africa/Asia corridors,
MoneyGram,Haas title partner,"Payments, Banking & Insurance",5,Currencies Direct,currenciesdirect.com,International payments and FX specialist,
MoneyGram,Haas title partner,"Payments, Banking & Insurance",6,TerraPay,terrapay.com,Global cross-border payments infrastructure network,
MoneyGram,Haas title partner,"Payments, Banking & Insurance",7,Thunes,thunes.com,Cross-border payments network for emerging markets,Circle; CoinPayments
MoneyGram,Haas title partner,"Payments, Banking & Insurance",8,Flywire,flywire.com,Global payments platform for education/healthcare/travel,
MoneyGram,Haas title partner,"Payments, Banking & Insurance",9,CurrencyFair,currencyfair.com,International money transfer marketplace,
MoneyGram,Haas title partner,"Payments, Banking & Insurance",10,Panda Remit,pandaremit.com,Digital remittance app for Asia-Pacific corridors,
MoneyGram,Haas title partner,"Payments, Banking & Insurance",11,Taptap Send,taptapsend.com,Mobile remittance app for Africa/Asia diaspora,
MoneyGram,Haas title partner,"Payments, Banking & Insurance",12,LianLian Global,lianlianglobal.com,Cross-border payments for Chinese exporters,
MoneyGram,Haas title partner,"Payments, Banking & Insurance",13,Western Union Business Solutions,westernunion.com,Business-focused cross-border payments arm,
MoneyGram,Haas title partner,"Payments, Banking & Insurance",14,instaReM Business,instarem.com,Cross-border business payments arm of Nium,
MoneyGram,Haas title partner,"Payments, Banking & Insurance",15,Wamo,wamo.io,European fintech business account and card platform,
MoneyGram,Haas title partner,"Payments, Banking & Insurance",16,Xendpay,xendpay.com,UK-based international money transfer service,
MoneyGram,Haas title partner,"Payments, Banking & Insurance",17,OrbitRemit,orbitremit.com,New Zealand/Australia digital international remittance service,
MoneyGram,Haas title partner,"Payments, Banking & Insurance",18,Instant Cash (Al Fardan Exchange),alfardanexchange.com,UAE-based money exchange and remittance house,
MoneyGram,Haas title partner,"Payments, Banking & Insurance",19,UAE Exchange (Finablr/Wall Street Exchange),uaeexchange.com,Major UAE-based global remittance and exchange house,
MoneyGram,Haas title partner,"Payments, Banking & Insurance",20,Lulu Exchange,luluexchange.com,UAE/Gulf-based money exchange and remittance network,
MoneyGram,Haas title partner,"Payments, Banking & Insurance",21,Al Ansari Exchange,alansariexchange.com,Largest UAE-based currency exchange and remittance provider,
MoneyGram,Haas title partner,"Payments, Banking & Insurance",22,Wall Street Exchange Centre,wallstreetexchange.ae,UAE-based currency exchange and remittance house,
MoneyGram,Haas title partner,"Payments, Banking & Insurance",23,Placid Express,placidexpress.com,US-based digital remittance service to South Asia,
MoneyGram,Haas title partner,"Payments, Banking & Insurance",24,IME Group,imenepal.com,Nepal's largest domestic and international remittance company,
MoneyGram,Haas title partner,"Payments, Banking & Insurance",25,Nepal Investment Mega Bank (remittance),nimb.com.np,Major Nepali commercial bank with wide remittance network,
Nu (Nubank),Mercedes partner,"Payments, Banking & Insurance",1,PagBank (PagSeguro),pagbank.com.br,Brazilian digital bank and payments platform,
Nu (Nubank),Mercedes partner,"Payments, Banking & Insurance",2,RappiPay,rappipay.mx,Latin American super-app's fintech arm,
Nu (Nubank),Mercedes partner,"Payments, Banking & Insurance",3,Klar,klar.mx,Mexican digital bank and credit card challenger,
Nu (Nubank),Mercedes partner,"Payments, Banking & Insurance",4,Albo,albo.mx,Mexican digital banking app,
Nu (Nubank),Mercedes partner,"Payments, Banking & Insurance",5,Lulo Bank,lulobank.com,Colombian 100% digital bank,
Nu (Nubank),Mercedes partner,"Payments, Banking & Insurance",6,Movii,movii.com.co,Colombian digital wallet,
Nu (Nubank),Mercedes partner,"Payments, Banking & Insurance",7,DaviPlata (Davivienda),daviplata.com,Colombian mobile banking wallet,
Nu (Nubank),Mercedes partner,"Payments, Banking & Insurance",8,iti (Itau Unibanco),iti.itau.com.br,Brazilian digital wallet by Itau,
Nu (Nubank),Mercedes partner,"Payments, Banking & Insurance",9,Superdigital (Santander),superdigital.com,Santander's Latin America digital wallet,
Nu (Nubank),Mercedes partner,"Payments, Banking & Insurance",10,Openbank (Santander),openbank.es,Santander's pan-European digital bank,
Nu (Nubank),Mercedes partner,"Payments, Banking & Insurance",11,Bnext,bnext.es,Spanish neobank platform,
Nu (Nubank),Mercedes partner,"Payments, Banking & Insurance",12,Naranja X,naranjax.com,Argentine digital financial services app,
Nu (Nubank),Mercedes partner,"Payments, Banking & Insurance",13,Ank,ank.com.ar,Argentine digital bank challenger,
Nu (Nubank),Mercedes partner,"Payments, Banking & Insurance",14,Rebanking,rebanking.com,Argentine digital neobank,
Nu (Nubank),Mercedes partner,"Payments, Banking & Insurance",15,Cuenca,cuenca.com,Mexican digital banking app,
Nu (Nubank),Mercedes partner,"Payments, Banking & Insurance",16,Hey Banco (Grupo Financiero Banorte),heybanco.com,Banorte's 100% digital banking brand in Mexico,
Nu (Nubank),Mercedes partner,"Payments, Banking & Insurance",17,Fondeadora,fondeadora.mx,Mexican digital banking and savings app,
Nu (Nubank),Mercedes partner,"Payments, Banking & Insurance",18,Vexi,vexi.mx,Mexican digital credit card fintech for the unbanked,
Nu (Nubank),Mercedes partner,"Payments, Banking & Insurance",19,Aspiria Financiera,aspiria.com.mx,Mexican consumer lending fintech,
Nu (Nubank),Mercedes partner,"Payments, Banking & Insurance",20,Baubap,baubap.com,Mexican app-based short-term consumer lending fintech,
Nu (Nubank),Mercedes partner,"Payments, Banking & Insurance",21,Kubo Financiero,kubofinanciero.com,Mexican peer-to-peer lending fintech platform,
Nu (Nubank),Mercedes partner,"Payments, Banking & Insurance",22,Tpaga,tpaga.co,Colombian mobile payments and digital wallet app,
Nu (Nubank),Mercedes partner,"Payments, Banking & Insurance",23,Kueski,kueski.com,Mexican buy-now-pay-later and consumer lending fintech,
Nu (Nubank),Mercedes partner,"Payments, Banking & Insurance",24,Conekta,conekta.com,Mexican online payments gateway and processing fintech,
Nuveen (TIAA),Williams partner,"Payments, Banking & Insurance",1,M&G plc,mandg.com,UK savings and investment manager,
Nuveen (TIAA),Williams partner,"Payments, Banking & Insurance",2,Federated Hermes,federatedhermes.com,US-based global asset manager,
Nuveen (TIAA),Williams partner,"Payments, Banking & Insurance",3,Cohen & Steers,cohenandsteers.com,Specialist in real assets and alternative income,
Nuveen (TIAA),Williams partner,"Payments, Banking & Insurance",4,WisdomTree Investments,wisdomtree.com,ETF and index-based asset manager,
Nuveen (TIAA),Williams partner,"Payments, Banking & Insurance",5,Artisan Partners,artisanpartners.com,Boutique high-value-added investment management firm,
Nuveen (TIAA),Williams partner,"Payments, Banking & Insurance",6,Victory Capital,vcm.com,US multi-boutique asset management firm,
Nuveen (TIAA),Williams partner,"Payments, Banking & Insurance",7,Calamos Investments,calamos.com,US alternative and convertible-focused asset manager,
Nuveen (TIAA),Williams partner,"Payments, Banking & Insurance",8,Diamond Hill Investment Group,diamond-hill.com,US active value-oriented asset manager,
Nuveen (TIAA),Williams partner,"Payments, Banking & Insurance",9,Virtus Investment Partners,virtus.com,US multi-manager asset management firm,
Nuveen (TIAA),Williams partner,"Payments, Banking & Insurance",10,GQG Partners,gqgpartners.com,Global emerging-markets-focused active manager,
Nuveen (TIAA),Williams partner,"Payments, Banking & Insurance",11,Manning & Napier,manning-napier.com,US independent active asset management firm,
Nuveen (TIAA),Williams partner,"Payments, Banking & Insurance",12,Gabelli Funds (GAMCO Investors),gabelli.com,US value-focused active asset management firm,
Nuveen (TIAA),Williams partner,"Payments, Banking & Insurance",13,Royce Investment Partners,roycefunds.com,US small-cap focused active asset manager,
Nuveen (TIAA),Williams partner,"Payments, Banking & Insurance",14,Third Avenue Management,thirdave.com,US value-oriented active asset manager,
Nuveen (TIAA),Williams partner,"Payments, Banking & Insurance",15,Osterweis Capital Management,osterweis.com,San Francisco-based independent asset manager,
Nuveen (TIAA),Williams partner,"Payments, Banking & Insurance",16,Baron Capital,baronfunds.com,US growth-focused active asset management firm,
Nuveen (TIAA),Williams partner,"Payments, Banking & Insurance",17,AMG Funds (Affiliated Managers Group),amgfunds.com,Multi-boutique asset management holding group,
Nuveen (TIAA),Williams partner,"Payments, Banking & Insurance",18,Harding Loevner,hardingloevner.com,US global/international equity-focused asset manager,
Nuveen (TIAA),Williams partner,"Payments, Banking & Insurance",19,Brandes Investment Partners,brandes.com,US value-oriented global asset manager,
Nuveen (TIAA),Williams partner,"Payments, Banking & Insurance",20,Causeway Capital Management,causewaycap.com,US international/global value equity asset manager,
Nuveen (TIAA),Williams partner,"Payments, Banking & Insurance",21,First Eagle Investment Management,firsteagle.com,US value-oriented global asset management firm,
Nuveen (TIAA),Williams partner,"Payments, Banking & Insurance",22,Polen Capital,polencapital.com,US concentrated growth equity asset manager,
Nuveen (TIAA),Williams partner,"Payments, Banking & Insurance",23,PineBridge Investments,pinebridge.com,Global emerging-markets-focused asset manager,
Nuveen (TIAA),Williams partner,"Payments, Banking & Insurance",24,Fisher Investments,fisherinvestments.com,US independent fee-only investment management firm,
Orion180,Haas partner,"Payments, Banking & Insurance",1,Root Insurance,joinroot.com,Telematics-based auto insurtech,
Orion180,Haas partner,"Payments, Banking & Insurance",2,Cypress Property & Casualty Insurance,cypressinsurancecompany.com,Florida homeowners insurance carrier,
Orion180,Haas partner,"Payments, Banking & Insurance",3,Neptune Flood,neptuneflood.com,Digital flood insurance insurtech,
Orion180,Haas partner,"Payments, Banking & Insurance",4,Branch Insurance,ourbranch.com,Bundled home and auto insurtech,
Orion180,Haas partner,"Payments, Banking & Insurance",5,Openly,openly.com,Agent-distributed homeowners insurtech,
Orion180,Haas partner,"Payments, Banking & Insurance",6,Mercury Insurance Group,mercuryinsurance.com,US regional auto and home insurer,
Orion180,Haas partner,"Payments, Banking & Insurance",7,Palomar Holdings,palomarspecialty.com,Specialty catastrophe and property insurer,
Orion180,Haas partner,"Payments, Banking & Insurance",8,Edison Insurance Company,edisoninsurance.com,Florida-based property insurance carrier,
Orion180,Haas partner,"Payments, Banking & Insurance",9,St. Johns Insurance Company,stjohnsinsurance.com,Florida homeowners insurance carrier,
Orion180,Haas partner,"Payments, Banking & Insurance",10,Federated National Holding Company,fedins.com,Florida-focused property and casualty insurance holding company,
Orion180,Haas partner,"Payments, Banking & Insurance",11,Weston Property and Casualty Insurance,westonpandc.com,Florida homeowners insurance carrier,
Orion180,Haas partner,"Payments, Banking & Insurance",12,Southern Oak Insurance Company,southernoakinsurance.com,Florida property insurance carrier,
Orion180,Haas partner,"Payments, Banking & Insurance",13,Elements Financial Property Insurance,elementsfinancial.com,Credit-union-linked property insurance provider,
Orion180,Haas partner,"Payments, Banking & Insurance",14,Prepared Insurance Company,preparedinsurance.com,Florida-based technology-driven homeowners insurer,
Orion180,Haas partner,"Payments, Banking & Insurance",15,Manatee Insurance Exchange,manateeinsurance.com,Florida reciprocal homeowners insurance exchange,
Orion180,Haas partner,"Payments, Banking & Insurance",16,SafePoint Insurance,safepointins.com,Gulf Coast property insurance carrier,
Orion180,Haas partner,"Payments, Banking & Insurance",17,Gulfstream Property and Casualty Insurance,gulfstreampc.com,Florida homeowners insurance carrier,
Orion180,Haas partner,"Payments, Banking & Insurance",18,Vault Insurance,vaultinsurance.com,Specialty commercial and excess/surplus lines insurtech,
Orion180,Haas partner,"Payments, Banking & Insurance",19,ClearCover,clearcover.com,Tech-driven auto insurance insurtech,
Orion180,Haas partner,"Payments, Banking & Insurance",20,Bamboo Insurance,bambooinsure.com,California wildfire-risk homeowners insurtech,
Revolut,Audi F1 title partner,"Payments, Banking & Insurance",1,Qonto,qonto.com,French neobank focused on SMEs and freelancers,"Cash App (Block, Inc.)"
Revolut,Audi F1 title partner,"Payments, Banking & Insurance",2,Vivid Money,vivid.money,Berlin-based neobank and investing app,"Cash App (Block, Inc.)"
Revolut,Audi F1 title partner,"Payments, Banking & Insurance",3,Tomorrow,tomorrow.one,German sustainable-banking neobank,"Cash App (Block, Inc.)"
Revolut,Audi F1 title partner,"Payments, Banking & Insurance",4,Mercury,mercury.com,US banking platform for startups,"Cash App (Block, Inc.)"
Revolut,Audi F1 title partner,"Payments, Banking & Insurance",5,Novo,novo.co,US digital banking platform for small business,"Cash App (Block, Inc.)"
Revolut,Audi F1 title partner,"Payments, Banking & Insurance",6,Lili,lili.co,US banking app for freelancers/small business,"Cash App (Block, Inc.)"
Revolut,Audi F1 title partner,"Payments, Banking & Insurance",7,Klarna Bank,klarna.com,Swedish fintech with full banking license,
Revolut,Audi F1 title partner,"Payments, Banking & Insurance",8,Klar Mexico,klar.mx,Mexican digital bank and credit card challenger,
Revolut,Audi F1 title partner,"Payments, Banking & Insurance",9,Wio Bank (UAE),wio.io,UAE digital-first business and personal banking platform,
Revolut,Audi F1 title partner,"Payments, Banking & Insurance",10,YAP (UAE digital bank),yapapp.me,MENA region mobile-first digital banking app,
Revolut,Audi F1 title partner,"Payments, Banking & Insurance",11,Liv. (Emirates NBD),liv.me,Emirates NBD's lifestyle-focused digital bank for millennials,
Revolut,Audi F1 title partner,"Payments, Banking & Insurance",12,Neo Financial (Canada),neofinancial.com,Canadian digital banking and rewards card challenger,
Revolut,Audi F1 title partner,"Payments, Banking & Insurance",13,KOHO (Canada),koho.ca,Canadian prepaid spending and saving app,
Revolut,Audi F1 title partner,"Payments, Banking & Insurance",14,Wealthsimple Cash,wealthsimple.com,Canadian fintech's cash and hybrid banking product,
Revolut,Audi F1 title partner,"Payments, Banking & Insurance",15,EQ Bank (Canada),eqbank.ca,Canadian digital bank arm of Equitable Bank,
Revolut,Audi F1 title partner,"Payments, Banking & Insurance",16,Judo Bank (Australia),judo.bank,Australian challenger bank focused on SME lending,
Revolut,Audi F1 title partner,"Payments, Banking & Insurance",17,Up (Australia neobank),up.com.au,Australian app-based digital bank,
Revolut,Audi F1 title partner,"Payments, Banking & Insurance",18,Raisin,raisin.com,European savings and deposit marketplace platform,
Revolut,Audi F1 title partner,"Payments, Banking & Insurance",19,Alior Bank,aliorbank.pl,Polish digitally-forward commercial bank,
Revolut,Audi F1 title partner,"Payments, Banking & Insurance",20,Bud Financial,bud.co,UK open-banking data and financial insights platform,
Revolut,Audi F1 title partner,"Payments, Banking & Insurance",21,Cleo AI,meetcleo.com,AI-powered budgeting and banking assistant app,
Revolut,Audi F1 title partner,"Payments, Banking & Insurance",22,Tyro Payments,tyro.com,Australian fintech providing merchant payments and banking,
Santander,F1 official partner,"Payments, Banking & Insurance",1,Erste Group,erstegroup.com,Austrian/Central European retail bank,UniCredit
Santander,F1 official partner,"Payments, Banking & Insurance",2,KeyCorp (KeyBank),key.com,US regional bank holding company,
Santander,F1 official partner,"Payments, Banking & Insurance",3,Regions Financial Corporation,regions.com,US Southeast regional bank,
Santander,F1 official partner,"Payments, Banking & Insurance",4,Fifth Third Bank,53.com,US Midwest regional bank,
Santander,F1 official partner,"Payments, Banking & Insurance",5,Truist Financial,truist.com,US super-regional bank,
Santander,F1 official partner,"Payments, Banking & Insurance",6,Huntington Bancshares,huntington.com,US Midwest regional bank,
Santander,F1 official partner,"Payments, Banking & Insurance",7,M&T Bank,mtb.com,US Northeast regional bank,
Santander,F1 official partner,"Payments, Banking & Insurance",8,Citizens Financial Group,citizensbank.com,US Northeast regional bank,
Santander,F1 official partner,"Payments, Banking & Insurance",9,Comerica,comerica.com,US regional bank focused on business banking,
Santander,F1 official partner,"Payments, Banking & Insurance",10,Zions Bancorporation,zionsbancorporation.com,US Western regional bank,
Santander,F1 official partner,"Payments, Banking & Insurance",11,BOK Financial,bokfinancial.com,US regional bank holding company,
Santander,F1 official partner,"Payments, Banking & Insurance",12,Svenska Handelsbanken,handelsbanken.com,Swedish decentralized retail bank,
Santander,F1 official partner,"Payments, Banking & Insurance",13,Grupo Financiero Banorte,banorte.com,Mexico's largest domestic financial group,
Santander,F1 official partner,"Payments, Banking & Insurance",14,Bancolombia,bancolombia.com,Colombia's largest banking group,
Santander,F1 official partner,"Payments, Banking & Insurance",15,Grupo Financiero Inbursa,inbursa.com,Mexican diversified financial services group,
Santander,F1 official partner,"Payments, Banking & Insurance",16,Banco Azteca,bancoazteca.com.mx,Mexican retail-focused consumer bank,
Santander,F1 official partner,"Payments, Banking & Insurance",17,Banco del Bajio,bb.com.mx,Mexican regional commercial bank,
Santander,F1 official partner,"Payments, Banking & Insurance",18,Banco de Chile,bancochile.cl,Chile's leading commercial banking group,
Santander,F1 official partner,"Payments, Banking & Insurance",19,Banco de Credito e Inversiones (BCI),bci.cl,Major Chilean commercial banking group,
Santander,F1 official partner,"Payments, Banking & Insurance",20,Itau CorpBanca,itau.cl,Chilean arm of Brazil's Itau Unibanco banking group,
Santander,F1 official partner,"Payments, Banking & Insurance",21,Banco Falabella,bancofalabella.cl,Chilean retail-linked consumer bank,
Santander,F1 official partner,"Payments, Banking & Insurance",22,Banco Estado,bancoestado.cl,Chile's state-owned universal bank,
Santander,F1 official partner,"Payments, Banking & Insurance",23,Banco Santander Rio,santanderrio.com.ar,Santander's Argentine retail banking subsidiary,
Santander,F1 official partner,"Payments, Banking & Insurance",24,Banco Galicia (Grupo Financiero Galicia),bancogalicia.com,Leading Argentine private commercial bank,
Santander,F1 official partner,"Payments, Banking & Insurance",25,Banco Macro,macro.com.ar,Major Argentine regional commercial bank,
Standard Chartered,F1 official partner; F1 Academy partner,"Payments, Banking & Insurance",1,Bank Mandiri,bankmandiri.co.id,Indonesia's largest bank by assets,
Standard Chartered,F1 official partner; F1 Academy partner,"Payments, Banking & Insurance",2,Bank Central Asia,bca.co.id,Indonesia's largest private bank,
Standard Chartered,F1 official partner; F1 Academy partner,"Payments, Banking & Insurance",3,Kasikornbank,kasikornbank.com,Major Thai commercial bank,
Standard Chartered,F1 official partner; F1 Academy partner,"Payments, Banking & Insurance",4,Siam Commercial Bank,scb.co.th,Thailand's oldest bank,
Standard Chartered,F1 official partner; F1 Academy partner,"Payments, Banking & Insurance",5,Bangkok Bank,bangkokbank.com,Thailand's largest bank by assets,
Standard Chartered,F1 official partner; F1 Academy partner,"Payments, Banking & Insurance",6,BDO Unibank,bdo.com.ph,Philippines' largest bank,
Standard Chartered,F1 official partner; F1 Academy partner,"Payments, Banking & Insurance",7,Bank of the Philippine Islands,bpi.com.ph,Major Philippine universal bank,
Standard Chartered,F1 official partner; F1 Academy partner,"Payments, Banking & Insurance",8,Vietcombank,vietcombank.com.vn,Vietnam's leading state-owned bank,
Standard Chartered,F1 official partner; F1 Academy partner,"Payments, Banking & Insurance",9,Techcombank,techcombank.com.vn,Leading Vietnamese private commercial bank,
Standard Chartered,F1 official partner; F1 Academy partner,"Payments, Banking & Insurance",10,ICICI Bank,icicibank.com,India's largest private-sector bank,
Standard Chartered,F1 official partner; F1 Academy partner,"Payments, Banking & Insurance",11,HDFC Bank,hdfcbank.com,India's largest bank by market cap,
Standard Chartered,F1 official partner; F1 Academy partner,"Payments, Banking & Insurance",12,Axis Bank,axisbank.com,Major Indian private-sector bank,
Standard Chartered,F1 official partner; F1 Academy partner,"Payments, Banking & Insurance",13,Ecobank Transnational,ecobank.com,Pan-African banking group across 30+ countries,
Standard Chartered,F1 official partner; F1 Academy partner,"Payments, Banking & Insurance",14,Access Bank Group,accessbankplc.com,Pan-African commercial banking group,
Standard Chartered,F1 official partner; F1 Academy partner,"Payments, Banking & Insurance",15,Zenith Bank,zenithbank.com,Leading Nigerian commercial bank,
Standard Chartered,F1 official partner; F1 Academy partner,"Payments, Banking & Insurance",16,Guaranty Trust Holding Company (GTCO),gtcoplc.com,Leading Nigerian pan-African banking group,
Standard Chartered,F1 official partner; F1 Academy partner,"Payments, Banking & Insurance",17,United Bank for Africa,ubagroup.com,Pan-African banking group across 20+ countries,
Standard Chartered,F1 official partner; F1 Academy partner,"Payments, Banking & Insurance",18,First Bank of Nigeria,firstbanknigeria.com,Nigeria's oldest and largest commercial bank,
Standard Chartered,F1 official partner; F1 Academy partner,"Payments, Banking & Insurance",19,Fidelity Bank Nigeria,fidelitybank.ng,Major Nigerian commercial bank,
Standard Chartered,F1 official partner; F1 Academy partner,"Payments, Banking & Insurance",20,Kenya Commercial Bank Group,kcbgroup.com,Leading East African banking group,
Standard Chartered,F1 official partner; F1 Academy partner,"Payments, Banking & Insurance",21,Equity Bank Kenya,equitygroupholdings.com,Leading East African banking and financial services group,
Standard Chartered,F1 official partner; F1 Academy partner,"Payments, Banking & Insurance",22,Co-operative Bank of Kenya,co-opbank.co.ke,Major Kenyan commercial bank,
Standard Chartered,F1 official partner; F1 Academy partner,"Payments, Banking & Insurance",23,I&M Bank Group,imbankgroup.com,East African regional banking group,
Standard Chartered,F1 official partner; F1 Academy partner,"Payments, Banking & Insurance",24,NCBA Group,ncbagroup.com,Kenyan/East African banking and financial services group,
Standard Chartered,F1 official partner; F1 Academy partner,"Payments, Banking & Insurance",25,Absa Bank Kenya,absabank.co.ke,Kenyan subsidiary of pan-African Absa Group,
Stephens,Williams partner,"Payments, Banking & Insurance",1,Lincoln International,lincolninternational.com,Global mid-market investment bank,Goldman Sachs
Stephens,Williams partner,"Payments, Banking & Insurance",2,Duff & Phelps (Kroll),kroll.com,Valuation and financial advisory firm,Goldman Sachs
Stephens,Williams partner,"Payments, Banking & Insurance",3,BMO Capital Markets,bmocm.com,North American investment banking arm of BMO,Goldman Sachs
Stephens,Williams partner,"Payments, Banking & Insurance",4,Cascadia Capital,cascadiacapital.com,Independent mid-market investment bank,Goldman Sachs
Stephens,Williams partner,"Payments, Banking & Insurance",5,Lazard Middle Market,lazardmiddlemarket.com,Middle-market advisory arm of Lazard,
Stephens,Williams partner,"Payments, Banking & Insurance",6,Wells Fargo Securities,wellsfargo.com,Investment banking arm of Wells Fargo,
Stephens,Williams partner,"Payments, Banking & Insurance",7,Baird Capital,bairdcapital.com,Private capital arm of Robert W. Baird,
Stephens,Williams partner,"Payments, Banking & Insurance",8,William Hood & Co.,williamhood.com,Boutique real estate-focused investment bank,Goldman Sachs
Stephens,Williams partner,"Payments, Banking & Insurance",9,North Point Advisors,northpointadvisors.com,Boutique consumer/retail-focused investment bank,Goldman Sachs
Stephens,Williams partner,"Payments, Banking & Insurance",10,Capstone Partners,capstonepartners.com,Middle-market investment bank and advisory firm,Goldman Sachs
Stephens,Williams partner,"Payments, Banking & Insurance",11,Founders Advisors,wearefounders.com,Southeast US middle-market investment bank,Goldman Sachs
Stephens,Williams partner,"Payments, Banking & Insurance",12,Chaffe & Associates,chaffe-associates.com,Boutique M&A and business valuation advisory firm,
Stephens,Williams partner,"Payments, Banking & Insurance",13,Vaquero Capital,vaquerocap.com,Boutique middle-market investment bank,
Stephens,Williams partner,"Payments, Banking & Insurance",14,"Sperry, Mitchell & Company",sperry-mitchell.com,Boutique middle-market M&A advisory firm,
Stephens,Williams partner,"Payments, Banking & Insurance",15,McColl Partners,mccollpartners.com,Boutique middle-market investment bank,
Stephens,Williams partner,"Payments, Banking & Insurance",16,Sawtooth Advisors,sawtoothadvisors.com,Boutique corporate finance advisory firm,
Stephens,Williams partner,"Payments, Banking & Insurance",17,Boenning & Scattergood,boenningco.com,Regional full-service investment bank and brokerage,
Stephens,Williams partner,"Payments, Banking & Insurance",18,Mesirow Financial,mesirow.com,Independent diversified investment bank and financial services firm,
Stephens,Williams partner,"Payments, Banking & Insurance",19,Cassel Salpeter & Co.,casselsalpeter.com,Boutique middle-market investment bank based in Miami,
UBS,Mercedes partner,"Payments, Banking & Insurance",1,Lombard Odier,lombardodier.com,Swiss private bank,
UBS,Mercedes partner,"Payments, Banking & Insurance",2,Union Bancaire Privee,ubp.com,Swiss private bank,
UBS,Mercedes partner,"Payments, Banking & Insurance",3,DBS Private Bank,dbs.com,Singapore-based Asian private wealth bank,
UBS,Mercedes partner,"Payments, Banking & Insurance",4,St. James's Place,sjp.co.uk,UK wealth management group,
UBS,Mercedes partner,"Payments, Banking & Insurance",5,Rathbones Group,rathbones.com,UK wealth management and investment firm,
UBS,Mercedes partner,"Payments, Banking & Insurance",6,Societe Generale Private Banking,privatebanking.societegenerale.com,French bank's private wealth arm,
UBS,Mercedes partner,"Payments, Banking & Insurance",7,Deutsche Bank Wealth Management,deutschewealth.com,German bank's global wealth management arm,
UBS,Mercedes partner,"Payments, Banking & Insurance",8,HSBC Private Banking,privatebanking.hsbc.com,HSBC's global private wealth arm,
UBS,Mercedes partner,"Payments, Banking & Insurance",9,Brown Shipley,brownshipley.com,UK private bank (Quintet-owned),
UBS,Mercedes partner,"Payments, Banking & Insurance",10,Quintet Private Bank,quintet.com,European private banking group,
UBS,Mercedes partner,"Payments, Banking & Insurance",11,Mirabaud Group,mirabaud.com,Swiss private bank and asset manager,
UBS,Mercedes partner,"Payments, Banking & Insurance",12,Kleinwort Hambros,kleinworthambros.com,UK private bank (SG-owned),
UBS,Mercedes partner,"Payments, Banking & Insurance",13,Arbuthnot Latham,arbuthnotlatham.co.uk,UK private and merchant bank,
UBS,Mercedes partner,"Payments, Banking & Insurance",14,C. Hoare & Co.,hoaresbank.co.uk,UK's oldest private bank,
UBS,Mercedes partner,"Payments, Banking & Insurance",15,Berenberg Bank,berenberg.com,German private bank and merchant bank,
UBS,Mercedes partner,"Payments, Banking & Insurance",16,Bordier & Cie,bordier.com,Swiss family-owned private bank,
UBS,Mercedes partner,"Payments, Banking & Insurance",17,Banque Heritage,heritage.ch,Swiss independent private bank,
UBS,Mercedes partner,"Payments, Banking & Insurance",18,Reyl & Cie,reyl.com,Swiss independent private banking group,
UBS,Mercedes partner,"Payments, Banking & Insurance",19,Notenstein La Roche Private Bank,notenstein-laroche.ch,Swiss private bank (Raiffeisen Group heritage),
UBS,Mercedes partner,"Payments, Banking & Insurance",20,Falcon Private Bank,falconpb.com,Swiss private banking group,
UBS,Mercedes partner,"Payments, Banking & Insurance",21,PKB Privatbank,pkb.ch,Swiss/Lugano-based private bank,
UBS,Mercedes partner,"Payments, Banking & Insurance",22,CBH Compagnie Bancaire Helvetique,cbhbank.com,Swiss independent private bank,
UBS,Mercedes partner,"Payments, Banking & Insurance",23,Edmond de Rothschild Group,edmond-de-rothschild.com,Swiss/French family-owned private bank and asset manager,
UBS,Mercedes partner,"Payments, Banking & Insurance",24,Banque Cantonale Vaudoise,bcv.ch,Swiss cantonal bank with private banking arm,
UniCredit,Ferrari partner,"Payments, Banking & Insurance",1,BPER Banca,bper.it,Italian regional commercial bank,
UniCredit,Ferrari partner,"Payments, Banking & Insurance",2,Credito Emiliano (Credem),credem.it,Italian regional banking group,
UniCredit,Ferrari partner,"Payments, Banking & Insurance",3,Banca Monte dei Paschi di Siena,mps.it,Italian retail and commercial bank,
UniCredit,Ferrari partner,"Payments, Banking & Insurance",4,OTP Bank,otpbank.hu,Hungary's largest banking group,
UniCredit,Ferrari partner,"Payments, Banking & Insurance",5,Komercni Banka,kb.cz,Czech commercial bank (Societe Generale Group),
UniCredit,Ferrari partner,"Payments, Banking & Insurance",6,PKO Bank Polski,pkobp.pl,Poland's largest bank,
UniCredit,Ferrari partner,"Payments, Banking & Insurance",7,Bank Pekao,pekao.com.pl,Major Polish universal bank,
UniCredit,Ferrari partner,"Payments, Banking & Insurance",8,mBank,mbank.pl,Polish digital-forward commercial bank,
UniCredit,Ferrari partner,"Payments, Banking & Insurance",9,CIB Bank,cib.hu,Hungarian commercial bank (Intesa Sanpaolo Group),
UniCredit,Ferrari partner,"Payments, Banking & Insurance",10,Addiko Bank,addiko.com,Central/Southeast European specialist bank,
UniCredit,Ferrari partner,"Payments, Banking & Insurance",11,Alpha Bank,alpha.gr,Greek commercial banking group,
UniCredit,Ferrari partner,"Payments, Banking & Insurance",12,Eurobank,eurobank.gr,Greek commercial banking group,
UniCredit,Ferrari partner,"Payments, Banking & Insurance",13,National Bank of Greece,nbg.gr,Greece's oldest banking group,
UniCredit,Ferrari partner,"Payments, Banking & Insurance",14,Piraeus Bank,piraeusholdings.gr,Greek commercial banking group,
UniCredit,Ferrari partner,"Payments, Banking & Insurance",15,BAWAG Group,bawaggroup.com,Austrian retail and commercial banking group,
UniCredit,Ferrari partner,"Payments, Banking & Insurance",16,Banca Transilvania,bancatransilvania.ro,Romania's largest domestic bank,
UniCredit,Ferrari partner,"Payments, Banking & Insurance",17,Garanti BBVA,garantibbvainvestorrelations.com,Turkish banking group (BBVA-controlled),
UniCredit,Ferrari partner,"Payments, Banking & Insurance",18,Akbank,akbank.com,Major Turkish private bank,
UniCredit,Ferrari partner,"Payments, Banking & Insurance",19,Turkiye Is Bankasi (Isbank),isbank.com.tr,Turkey's largest private bank,
UniCredit,Ferrari partner,"Payments, Banking & Insurance",20,Yapi Kredi,yapikredi.com.tr,Major Turkish commercial bank,
UniCredit,Ferrari partner,"Payments, Banking & Insurance",21,Banca Popolare di Sondrio,popso.it,Italian regional cooperative bank,
UniCredit,Ferrari partner,"Payments, Banking & Insurance",22,Banca Sella,bancasella.it,Italian family-owned regional banking group,
UniCredit,Ferrari partner,"Payments, Banking & Insurance",23,Banca Ifis,bancaifis.it,Italian specialty finance and factoring bank,
UniCredit,Ferrari partner,"Payments, Banking & Insurance",24,Illimity Bank,illimitybank.com,Italian digital-first challenger bank for SMEs,
Velocity Black (Capital One),Aston Martin partner,"Payments, Banking & Insurance",1,Priority Pass (Collinson Group),prioritypass.com,Airport lounge access membership network,
Velocity Black (Capital One),Aston Martin partner,"Payments, Banking & Insurance",2,Global Rescue,globalrescue.com,Travel risk and medical evacuation membership service,
Velocity Black (Capital One),Aston Martin partner,"Payments, Banking & Insurance",3,International SOS,internationalsos.com,Global travel health and security assistance provider,
Velocity Black (Capital One),Aston Martin partner,"Payments, Banking & Insurance",4,Blacklane,blacklane.com,Global premium chauffeur booking service,
Velocity Black (Capital One),Aston Martin partner,"Payments, Banking & Insurance",5,Circles,circles.co,Concierge services outsourcing platform for premium brands,
Velocity Black (Capital One),Aston Martin partner,"Payments, Banking & Insurance",6,Virtuoso,virtuoso.com,Luxury travel advisor and concierge network,
Velocity Black (Capital One),Aston Martin partner,"Payments, Banking & Insurance",7,DragonPass,dragonpass.com,Airport lounge and travel benefits membership platform,
Velocity Black (Capital One),Aston Martin partner,"Payments, Banking & Insurance",8,No1 Lounges,no1lounges.com,Premium airport lounge operator and access network,
Velocity Black (Capital One),Aston Martin partner,"Payments, Banking & Insurance",9,BCD Travel,bcdtravel.com,Global corporate travel and concierge management firm,
Velocity Black (Capital One),Aston Martin partner,"Payments, Banking & Insurance",10,CWT (Carlson Wagonlit Travel),mycwt.com,Global corporate travel and event management firm,
Velocity Black (Capital One),Aston Martin partner,"Payments, Banking & Insurance",11,Reed & Mackay,reedmackay.com,Luxury corporate travel management company,
Velocity Black (Capital One),Aston Martin partner,"Payments, Banking & Insurance",12,Fora Travel,fora.travel,Modern luxury travel advisory network,
Velocity Black (Capital One),Aston Martin partner,"Payments, Banking & Insurance",13,Departure Lounge,departurelounge.com,Boutique luxury travel concierge agency,
Velocity Black (Capital One),Aston Martin partner,"Payments, Banking & Insurance",14,Cove Concierge,coveconcierge.com,Boutique lifestyle concierge service,
Velocity Black (Capital One),Aston Martin partner,"Payments, Banking & Insurance",15,GetGoing,getgoing.com,Corporate travel booking and concierge platform,
Velocity Black (Capital One),Aston Martin partner,"Payments, Banking & Insurance",16,Airstream Chauffeured Services,airstreamchauffeured.com,Premium chauffeur and ground transportation service,
Velocity Black (Capital One),Aston Martin partner,"Payments, Banking & Insurance",17,Concierge Auctions,conciergeauctions.com,Luxury real estate auction and concierge marketplace,
Velocity Black (Capital One),Aston Martin partner,"Payments, Banking & Insurance",18,By Appointment Only (BAO),baoconcierge.com,Luxury lifestyle and event concierge service,
Velocity Black (Capital One),Aston Martin partner,"Payments, Banking & Insurance",19,Original Vacation Concierge,originaltravel.co.uk,Bespoke luxury travel concierge agency,
Velocity Black (Capital One),Aston Martin partner,"Payments, Banking & Insurance",20,Cirque Lifestyle Group,cirquelifestyle.com,Luxury nightlife and event concierge service,
Velocity Black (Capital One),Aston Martin partner,"Payments, Banking & Insurance",21,SilverDoor Apartments,silverdoorapartments.com,Global serviced-apartment booking concierge platform,
Velocity Black (Capital One),Aston Martin partner,"Payments, Banking & Insurance",22,Nota Bene Global,notabeneglobal.com,Luxury restaurant and lifestyle concierge platform,
Velocity Black (Capital One),Aston Martin partner,"Payments, Banking & Insurance",23,Sinclair Global Concierge,sinclairglobal.com,Corporate and personal lifestyle concierge service,
Velocity Black (Capital One),Aston Martin partner,"Payments, Banking & Insurance",24,Elite Concierge International,eliteconciergeinternational.com,Luxury personal concierge and lifestyle management firm,
Velocity Black (Capital One),Aston Martin partner,"Payments, Banking & Insurance",25,Frequent Business Travel Concierge FBTC,fbtc.travel,Corporate travel management and concierge service,
Visa,Racing Bulls title partner; Red Bull Racing partner,"Payments, Banking & Insurance",1,UnionPay International,unionpayintl.com,"China-based global card network, largest by cards issued",
Visa,Racing Bulls title partner; Red Bull Racing partner,"Payments, Banking & Insurance",2,Discover Global Network,discover.com,US card network expanding international acceptance,Mastercard
Visa,Racing Bulls title partner; Red Bull Racing partner,"Payments, Banking & Insurance",3,Nuvei Corporation,nuvei.com,Global payment technology and processing provider,
Visa,Racing Bulls title partner; Red Bull Racing partner,"Payments, Banking & Insurance",4,Papara,papara.com,Turkish digital wallet and payments platform,
Visa,Racing Bulls title partner; Red Bull Racing partner,"Payments, Banking & Insurance",5,Trustly,trustly.com,Open banking-based payments network,
Visa,Racing Bulls title partner; Red Bull Racing partner,"Payments, Banking & Insurance",6,Network International,network.global,Middle East and Africa payments processor,Mastercard
Visa,Racing Bulls title partner; Red Bull Racing partner,"Payments, Banking & Insurance",7,Fawry,fawry.com,Egypt's leading e-payments network,
Visa,Racing Bulls title partner; Red Bull Racing partner,"Payments, Banking & Insurance",8,PayU,payu.com,Prosus-owned emerging markets payments provider,
Visa,Racing Bulls title partner; Red Bull Racing partner,"Payments, Banking & Insurance",9,Razorpay,razorpay.com,India's leading full-stack payments platform,
Visa,Racing Bulls title partner; Red Bull Racing partner,"Payments, Banking & Insurance",10,Thredd,thredd.com,Global card processing and program management platform,
Visa,Racing Bulls title partner; Red Bull Racing partner,"Payments, Banking & Insurance",11,EFTPOS Payments Australia,eftposaustralia.com.au,Australia's national low-cost domestic debit network,
Visa,Racing Bulls title partner; Red Bull Racing partner,"Payments, Banking & Insurance",12,Verifone,verifone.com,Global point-of-sale payment terminal and acceptance technology provider,
Visa,Racing Bulls title partner; Red Bull Racing partner,"Payments, Banking & Insurance",13,Ingenico,ingenico.com,Global card payment terminal and in-store acceptance technology provider,
Visa,Racing Bulls title partner; Red Bull Racing partner,"Payments, Banking & Insurance",14,PPRO,ppro.com,Local payment methods infrastructure and acquiring platform,
Visa,Racing Bulls title partner; Red Bull Racing partner,"Payments, Banking & Insurance",15,DPO Group,dpogroup.com,Pan-African online and offline payment processing group,Mastercard
Visa,Racing Bulls title partner; Red Bull Racing partner,"Payments, Banking & Insurance",16,Ozow,ozow.com,South African instant EFT payments network,
Visa,Racing Bulls title partner; Red Bull Racing partner,"Payments, Banking & Insurance",17,Peach Payments,peachpayments.com,African payment gateway and acquiring platform,
Visa,Racing Bulls title partner; Red Bull Racing partner,"Payments, Banking & Insurance",18,Boku Inc.,boku.com,Mobile carrier billing and identity-based payments network,
ZCG,Ferrari partner,"Payments, Banking & Insurance",1,Monroe Capital,monroecap.com,Private credit asset management firm,
ZCG,Ferrari partner,"Payments, Banking & Insurance",2,Audax Group,audaxgroup.com,Middle-market private equity and credit firm,
ZCG,Ferrari partner,"Payments, Banking & Insurance",3,PGIM Private Capital,pgimprivatecapital.com,Private credit arm of Prudential Financial,
ZCG,Ferrari partner,"Payments, Banking & Insurance",4,Crescent Capital Group,crescentcap.com,Global credit-focused alternative investment manager,
ZCG,Ferrari partner,"Payments, Banking & Insurance",5,Barings LLC,barings.com,Global asset management firm (MassMutual-owned),
ZCG,Ferrari partner,"Payments, Banking & Insurance",6,Churchill Asset Management,churchillam.com,Middle-market private credit manager (Nuveen-owned),
ZCG,Ferrari partner,"Payments, Banking & Insurance",7,Twin Brook Capital Partners,twincp.com,Middle-market direct lending firm,
ZCG,Ferrari partner,"Payments, Banking & Insurance",8,Varagon Capital Partners,varagoncapital.com,Middle-market direct lending firm,
ZCG,Ferrari partner,"Payments, Banking & Insurance",9,Bain Capital Credit,baincapitalcredit.com,Credit-focused arm of Bain Capital,
ZCG,Ferrari partner,"Payments, Banking & Insurance",10,Ares Capital Corporation,arescapitalcorp.com,Publicly traded business development company,
ZCG,Ferrari partner,"Payments, Banking & Insurance",11,Prospect Capital Corporation,prospectstreet.com,Publicly traded business development company,
ZCG,Ferrari partner,"Payments, Banking & Insurance",12,FS Investments,fsinvestments.com,Alternative credit-focused asset manager,
ZCG,Ferrari partner,"Payments, Banking & Insurance",13,TCW Group,tcw.com,Global fixed-income and alternative asset manager,
ZCG,Ferrari partner,"Payments, Banking & Insurance",14,MidCap Financial,midcapfinancial.com,Specialty finance and direct lending firm,
ZCG,Ferrari partner,"Payments, Banking & Insurance",15,Great Elm Capital Corp.,greatelmcc.com,Publicly traded business development company,
ZCG,Ferrari partner,"Payments, Banking & Insurance",16,Runway Growth Capital,runwaygrowth.com,Growth-stage venture debt firm,
ZCG,Ferrari partner,"Payments, Banking & Insurance",17,Owl Rock Capital (Blue Owl),blueowl.com,Direct lending division of Blue Owl Capital,
ZCG,Ferrari partner,"Payments, Banking & Insurance",18,NMS Capital,nmscap.com,Middle-market private credit firm,
ZCG,Ferrari partner,"Payments, Banking & Insurance",19,Kayne Anderson Capital Advisors,kaynecapital.com,US alternative asset manager across credit and energy,
ZCG,Ferrari partner,"Payments, Banking & Insurance",20,Guggenheim Credit Income Fund,guggenheiminvestments.com,Guggenheim-managed private credit BDC,
ZCG,Ferrari partner,"Payments, Banking & Insurance",21,First Eagle Alternative Credit,firsteagle.com,Middle-market direct lending arm of First Eagle,
ZCG,Ferrari partner,"Payments, Banking & Insurance",22,Golub Capital BDC,golubcapitalbdc.com,Publicly traded business development company managed by Golub Capital,
ZCG,Ferrari partner,"Payments, Banking & Insurance",23,PennantPark Floating Rate Capital,pennantpark.com,Publicly traded middle-market credit BDC,
ZCG,Ferrari partner,"Payments, Banking & Insurance",24,Blackstone Secured Lending Fund,bcred.com,Blackstone-managed private credit business development company,
ZCG,Ferrari partner,"Payments, Banking & Insurance",25,Oaktree Specialty Lending Corporation,oaktreespecialtylending.com,Publicly traded business development company managed by Oaktree,
AT&T,Red Bull Racing partner,"Telecom, Media, Electronics & Gaming",1,Verizon,verizon.com,Major carrier,T-Mobile (Deutsche Telekom)
AT&T,Red Bull Racing partner,"Telecom, Media, Electronics & Gaming",2,US Cellular,uscellular.com,Major carrier,T-Mobile (Deutsche Telekom)
AT&T,Red Bull Racing partner,"Telecom, Media, Electronics & Gaming",3,Visible,visible.com,Growing MVNO/eSIM challenger,T-Mobile (Deutsche Telekom)
AT&T,Red Bull Racing partner,"Telecom, Media, Electronics & Gaming",4,Xfinity Mobile,xfinitymobile.com,Major carrier,T-Mobile (Deutsche Telekom)
AT&T,Red Bull Racing partner,"Telecom, Media, Electronics & Gaming",5,Spectrum Mobile,spectrum.com,Major carrier,T-Mobile (Deutsche Telekom)
AT&T,Red Bull Racing partner,"Telecom, Media, Electronics & Gaming",6,Tello Mobile,tello.com,Growing MVNO/eSIM challenger,T-Mobile (Deutsche Telekom)
AT&T,Red Bull Racing partner,"Telecom, Media, Electronics & Gaming",7,Ultra Mobile,ultramobile.com,Growing MVNO/eSIM challenger,T-Mobile (Deutsche Telekom)
AT&T,Red Bull Racing partner,"Telecom, Media, Electronics & Gaming",8,Twigby,twigby.com,Growing MVNO/eSIM challenger,T-Mobile (Deutsche Telekom)
AT&T,Red Bull Racing partner,"Telecom, Media, Electronics & Gaming",9,Airalo,airalo.com,Growing MVNO/eSIM challenger,T-Mobile (Deutsche Telekom)
AT&T,Red Bull Racing partner,"Telecom, Media, Electronics & Gaming",10,Holafly,holafly.com,Growing MVNO/eSIM challenger,T-Mobile (Deutsche Telekom)
AT&T,Red Bull Racing partner,"Telecom, Media, Electronics & Gaming",11,Nomad eSIM,getnomad.app,Growing MVNO/eSIM challenger,
AT&T,Red Bull Racing partner,"Telecom, Media, Electronics & Gaming",12,Saily,saily.com,Growing MVNO/eSIM challenger,T-Mobile (Deutsche Telekom)
AT&T,Red Bull Racing partner,"Telecom, Media, Electronics & Gaming",13,aloSIM,alosim.com,Growing MVNO/eSIM challenger,T-Mobile (Deutsche Telekom)
AT&T,Red Bull Racing partner,"Telecom, Media, Electronics & Gaming",14,GigSky,gigsky.com,Growing MVNO/eSIM challenger,T-Mobile (Deutsche Telekom)
AT&T,Red Bull Racing partner,"Telecom, Media, Electronics & Gaming",15,Flexiroam,flexiroam.com,Growing MVNO/eSIM challenger,T-Mobile (Deutsche Telekom)
AT&T,Red Bull Racing partner,"Telecom, Media, Electronics & Gaming",16,Lycamobile,lycamobile.com,Growing MVNO/eSIM challenger,T-Mobile (Deutsche Telekom)
AT&T,Red Bull Racing partner,"Telecom, Media, Electronics & Gaming",17,US Mobile,usmobile.com,Growing MVNO/eSIM challenger,T-Mobile (Deutsche Telekom)
AT&T,Red Bull Racing partner,"Telecom, Media, Electronics & Gaming",18,PureTalk,puretalkusa.com,Growing MVNO/eSIM challenger,T-Mobile (Deutsche Telekom)
Claro / Telcel (America Movil),Cadillac partner; Alpine partner (Claro),"Telecom, Media, Electronics & Gaming",1,Movistar,movistar.com,Latin America regional telecom,
Claro / Telcel (America Movil),Cadillac partner; Alpine partner (Claro),"Telecom, Media, Electronics & Gaming",2,Personal,personal.com.ar,Latin America regional telecom,
Claro / Telcel (America Movil),Cadillac partner; Alpine partner (Claro),"Telecom, Media, Electronics & Gaming",3,Nextel,nextel.com,Latin America regional telecom,
Claro / Telcel (America Movil),Cadillac partner; Alpine partner (Claro),"Telecom, Media, Electronics & Gaming",4,VTR,vtr.com,Latin America regional telecom,
Claro / Telcel (America Movil),Cadillac partner; Alpine partner (Claro),"Telecom, Media, Electronics & Gaming",5,Bitel,bitel.com.pe,Latin America regional telecom,
Claro / Telcel (America Movil),Cadillac partner; Alpine partner (Claro),"Telecom, Media, Electronics & Gaming",6,Telecentro,telecentro.com.ar,Latin America regional telecom,
Claro / Telcel (America Movil),Cadillac partner; Alpine partner (Claro),"Telecom, Media, Electronics & Gaming",7,Antel,antel.com.uy,Latin America regional telecom,
Claro / Telcel (America Movil),Cadillac partner; Alpine partner (Claro),"Telecom, Media, Electronics & Gaming",8,Avantel,avantel.co,Latin America regional telecom,
Claro / Telcel (America Movil),Cadillac partner; Alpine partner (Claro),"Telecom, Media, Electronics & Gaming",9,Virgin Mobile Colombia,virginmobile.com.co,Latin America regional telecom,
Claro / Telcel (America Movil),Cadillac partner; Alpine partner (Claro),"Telecom, Media, Electronics & Gaming",10,Movistar Mexico,movistar.com.mx,Latin America regional telecom,
Claro / Telcel (America Movil),Cadillac partner; Alpine partner (Claro),"Telecom, Media, Electronics & Gaming",11,UNE EPM Telecomunicaciones,une.com.co,Latin America regional telecom,
Claro / Telcel (America Movil),Cadillac partner; Alpine partner (Claro),"Telecom, Media, Electronics & Gaming",12,Izzi Telecom,izzi.mx,Latin America regional telecom,
Claro / Telcel (America Movil),Cadillac partner; Alpine partner (Claro),"Telecom, Media, Electronics & Gaming",13,Totalplay,totalplay.com.mx,Latin America regional telecom,
Claro / Telcel (America Movil),Cadillac partner; Alpine partner (Claro),"Telecom, Media, Electronics & Gaming",14,Megacable,megacable.com.mx,Latin America regional telecom,
Claro / Telcel (America Movil),Cadillac partner; Alpine partner (Claro),"Telecom, Media, Electronics & Gaming",15,Telebras,telebras.com.br,Latin America regional telecom,
Claro / Telcel (America Movil),Cadillac partner; Alpine partner (Claro),"Telecom, Media, Electronics & Gaming",16,Algar Telecom,algartelecom.com.br,Latin America regional telecom,
Claro / Telcel (America Movil),Cadillac partner; Alpine partner (Claro),"Telecom, Media, Electronics & Gaming",17,CNT Ecuador,cnt.gob.ec,Latin America regional telecom,
Claro / Telcel (America Movil),Cadillac partner; Alpine partner (Claro),"Telecom, Media, Electronics & Gaming",18,Netlife,netlife.ec,Latin America regional telecom,
Claro / Telcel (America Movil),Cadillac partner; Alpine partner (Claro),"Telecom, Media, Electronics & Gaming",19,Sercomtel,sercomtel.com.br,Latin America regional telecom,
Claro / Telcel (America Movil),Cadillac partner; Alpine partner (Claro),"Telecom, Media, Electronics & Gaming",20,COMTECO,comteco.com.bo,Latin America regional telecom,
Claro / Telcel (America Movil),Cadillac partner; Alpine partner (Claro),"Telecom, Media, Electronics & Gaming",21,Cotas,cotas.com.bo,Latin America regional telecom,
Claro / Telcel (America Movil),Cadillac partner; Alpine partner (Claro),"Telecom, Media, Electronics & Gaming",22,Sky Mexico,sky.com.mx,Latin America regional telecom,
Claro / Telcel (America Movil),Cadillac partner; Alpine partner (Claro),"Telecom, Media, Electronics & Gaming",23,Bmobile (Trinidad),bmobile.co.tt,Latin America regional telecom,
CNBC (Comcast/NBCUniversal),McLaren partner,"Telecom, Media, Electronics & Gaming",1,Bloomberg Television,bloomberg.com,Business/financial media,
CNBC (Comcast/NBCUniversal),McLaren partner,"Telecom, Media, Electronics & Gaming",2,Fox Business,foxbusiness.com,Business/financial media,
CNBC (Comcast/NBCUniversal),McLaren partner,"Telecom, Media, Electronics & Gaming",3,The Motley Fool,fool.com,Business/financial media,
CNBC (Comcast/NBCUniversal),McLaren partner,"Telecom, Media, Electronics & Gaming",4,Sky News,skynews.com,Business/financial media,
CNBC (Comcast/NBCUniversal),McLaren partner,"Telecom, Media, Electronics & Gaming",5,Al Jazeera,aljazeera.com,Business/financial media,
CNBC (Comcast/NBCUniversal),McLaren partner,"Telecom, Media, Electronics & Gaming",6,Quartz,qz.com,Business/financial media,
CNBC (Comcast/NBCUniversal),McLaren partner,"Telecom, Media, Electronics & Gaming",7,Zacks Investment Research,zacks.com,Business/financial media,
CNBC (Comcast/NBCUniversal),McLaren partner,"Telecom, Media, Electronics & Gaming",8,Morningstar,morningstar.com,Business/financial media,
CNBC (Comcast/NBCUniversal),McLaren partner,"Telecom, Media, Electronics & Gaming",9,TipRanks,tipranks.com,Business/financial media,
CNBC (Comcast/NBCUniversal),McLaren partner,"Telecom, Media, Electronics & Gaming",10,Simply Wall St,simplywall.st,Business/financial media,
CNBC (Comcast/NBCUniversal),McLaren partner,"Telecom, Media, Electronics & Gaming",11,Stocktwits,stocktwits.com,Business/financial media,
CNBC (Comcast/NBCUniversal),McLaren partner,"Telecom, Media, Electronics & Gaming",12,Finimize,finimize.com,Business/financial media,
CNBC (Comcast/NBCUniversal),McLaren partner,"Telecom, Media, Electronics & Gaming",13,Money magazine,money.com,Business/financial media,
CNBC (Comcast/NBCUniversal),McLaren partner,"Telecom, Media, Electronics & Gaming",14,Kiplinger,kiplinger.com,Business/financial media,
CNBC (Comcast/NBCUniversal),McLaren partner,"Telecom, Media, Electronics & Gaming",15,Morning Brew,morningbrew.com,Business/financial media,
CNBC (Comcast/NBCUniversal),McLaren partner,"Telecom, Media, Electronics & Gaming",16,The Hustle,thehustle.co,Business/financial media,
CNBC (Comcast/NBCUniversal),McLaren partner,"Telecom, Media, Electronics & Gaming",17,Insider Intelligence (eMarketer),emarketer.com,Business/financial media,
CNBC (Comcast/NBCUniversal),McLaren partner,"Telecom, Media, Electronics & Gaming",18,Trading Economics,tradingeconomics.com,Business/financial media,
CNBC (Comcast/NBCUniversal),McLaren partner,"Telecom, Media, Electronics & Gaming",19,Investopedia,investopedia.com,Business/financial media,
CNBC (Comcast/NBCUniversal),McLaren partner,"Telecom, Media, Electronics & Gaming",20,Kitco News,kitco.com,Business/financial media,
CNBC (Comcast/NBCUniversal),McLaren partner,"Telecom, Media, Electronics & Gaming",21,Real Vision,realvision.com,Business/financial media,
CNBC (Comcast/NBCUniversal),McLaren partner,"Telecom, Media, Electronics & Gaming",22,The Daily Upside,thedailyupside.com,Business/financial media,
Duracell (Berkshire Hathaway),Williams partner,"Telecom, Media, Electronics & Gaming",1,Camelion,camelion-batteries.com,Battery brand,
Duracell (Berkshire Hathaway),Williams partner,"Telecom, Media, Electronics & Gaming",2,Ansmann,ansmann.de,Battery brand,
Duracell (Berkshire Hathaway),Williams partner,"Telecom, Media, Electronics & Gaming",3,Toshiba Batteries,toshiba.com,Battery brand,
Duracell (Berkshire Hathaway),Williams partner,"Telecom, Media, Electronics & Gaming",4,FDK Corporation,fdk.com,Battery brand,
Duracell (Berkshire Hathaway),Williams partner,"Telecom, Media, Electronics & Gaming",5,Xtar,xtar.cc,Battery brand,
Duracell (Berkshire Hathaway),Williams partner,"Telecom, Media, Electronics & Gaming",6,Nitecore,nitecore.com,Battery brand,
Duracell (Berkshire Hathaway),Williams partner,"Telecom, Media, Electronics & Gaming",7,Powerex (MAHA Energy),mahaenergy.com,Battery brand,
Duracell (Berkshire Hathaway),Williams partner,"Telecom, Media, Electronics & Gaming",8,Kodak (batteries),kodak.com,Battery brand,
Duracell (Berkshire Hathaway),Williams partner,"Telecom, Media, Electronics & Gaming",9,Tenergy,tenergy.com,Battery brand,
Duracell (Berkshire Hathaway),Williams partner,"Telecom, Media, Electronics & Gaming",10,Renata (Swatch Group),renata.com,Battery brand,
Duracell (Berkshire Hathaway),Williams partner,"Telecom, Media, Electronics & Gaming",11,Yuasa Battery,yuasa-battery.co.jp,Battery brand,
Duracell (Berkshire Hathaway),Williams partner,"Telecom, Media, Electronics & Gaming",12,Saft,saftbatteries.com,Battery brand,
Duracell (Berkshire Hathaway),Williams partner,"Telecom, Media, Electronics & Gaming",13,EnerSys,enersys.com,Battery brand,
Duracell (Berkshire Hathaway),Williams partner,"Telecom, Media, Electronics & Gaming",14,Interstate Batteries,interstatebatteries.com,Battery brand,
Duracell (Berkshire Hathaway),Williams partner,"Telecom, Media, Electronics & Gaming",15,Optima Batteries,optimabatteries.com,Battery brand,
Duracell (Berkshire Hathaway),Williams partner,"Telecom, Media, Electronics & Gaming",16,Duralast,duralastbattery.com,Battery brand,
Duracell (Berkshire Hathaway),Williams partner,"Telecom, Media, Electronics & Gaming",17,Exide Technologies,exide.com,Battery brand,
Duracell (Berkshire Hathaway),Williams partner,"Telecom, Media, Electronics & Gaming",18,Delkor Batteries,delkorbattery.com,Battery brand,
Duracell (Berkshire Hathaway),Williams partner,"Telecom, Media, Electronics & Gaming",19,East Penn Manufacturing (Deka),dekabatteries.com,Battery brand,
Duracell (Berkshire Hathaway),Williams partner,"Telecom, Media, Electronics & Gaming",20,Clarios,clarios.com,Battery brand,
Duracell (Berkshire Hathaway),Williams partner,"Telecom, Media, Electronics & Gaming",21,Amaron (Amara Raja),amaronbatteries.com,Battery brand,
Duracell (Berkshire Hathaway),Williams partner,"Telecom, Media, Electronics & Gaming",22,Kirkland Signature (Costco),costco.com,Battery brand,
Duracell (Berkshire Hathaway),Williams partner,"Telecom, Media, Electronics & Gaming",23,GS Yuasa Corporation,gs-yuasa.com,Battery brand,
EA Sports (Electronic Arts),Official F1 video game publisher (F1 the game series),"Telecom, Media, Electronics & Gaming",1,2K Games (Take-Two Interactive),2k.com,Racing/sports game publisher or studio,
EA Sports (Electronic Arts),Official F1 video game publisher (F1 the game series),"Telecom, Media, Electronics & Gaming",2,Bandai Namco Entertainment,bandainamcoent.com,Racing/sports game publisher or studio,
EA Sports (Electronic Arts),Official F1 video game publisher (F1 the game series),"Telecom, Media, Electronics & Gaming",3,Slightly Mad Studios,slightlymadstudios.com,Racing/sports game publisher or studio,
EA Sports (Electronic Arts),Official F1 video game publisher (F1 the game series),"Telecom, Media, Electronics & Gaming",4,Studio 397,studio-397.com,Racing/sports game publisher or studio,
EA Sports (Electronic Arts),Official F1 video game publisher (F1 the game series),"Telecom, Media, Electronics & Gaming",5,Polyphony Digital (Sony),gran-turismo.com,Racing/sports game publisher or studio,
EA Sports (Electronic Arts),Official F1 video game publisher (F1 the game series),"Telecom, Media, Electronics & Gaming",6,Turn 10 Studios (Microsoft),forza.net,Racing/sports game publisher or studio,
EA Sports (Electronic Arts),Official F1 video game publisher (F1 the game series),"Telecom, Media, Electronics & Gaming",7,KT Racing,kt-racing.fr,Racing/sports game publisher or studio,
EA Sports (Electronic Arts),Official F1 video game publisher (F1 the game series),"Telecom, Media, Electronics & Gaming",8,Big Ant Studios,bigant.com,Racing/sports game publisher or studio,
EA Sports (Electronic Arts),Official F1 video game publisher (F1 the game series),"Telecom, Media, Electronics & Gaming",9,HB Studios,hb-studios.com,Racing/sports game publisher or studio,
EA Sports (Electronic Arts),Official F1 video game publisher (F1 the game series),"Telecom, Media, Electronics & Gaming",10,Saber Interactive,saber3d.com,Racing/sports game publisher or studio,
EA Sports (Electronic Arts),Official F1 video game publisher (F1 the game series),"Telecom, Media, Electronics & Gaming",11,Reiza Studios,reizastudios.com,Racing/sports game publisher or studio,
EA Sports (Electronic Arts),Official F1 video game publisher (F1 the game series),"Telecom, Media, Electronics & Gaming",12,Playground Games (Microsoft),playground-games.com,Racing/sports game publisher or studio,
EA Sports (Electronic Arts),Official F1 video game publisher (F1 the game series),"Telecom, Media, Electronics & Gaming",13,Nacon,nacon.com,Racing/sports game publisher or studio,
EA Sports (Electronic Arts),Official F1 video game publisher (F1 the game series),"Telecom, Media, Electronics & Gaming",14,Kylotonn,kylotonn.com,Racing/sports game publisher or studio,
EA Sports (Electronic Arts),Official F1 video game publisher (F1 the game series),"Telecom, Media, Electronics & Gaming",15,Dovetail Games,dovetailgames.com,Racing/sports game publisher or studio,
EA Sports (Electronic Arts),Official F1 video game publisher (F1 the game series),"Telecom, Media, Electronics & Gaming",16,Deep Silver (Plaion),deepsilver.com,Racing/sports game publisher or studio,
EA Sports (Electronic Arts),Official F1 video game publisher (F1 the game series),"Telecom, Media, Electronics & Gaming",17,Torque Sim,torquesim.com,Racing/sports game publisher or studio,
EA Sports (Electronic Arts),Official F1 video game publisher (F1 the game series),"Telecom, Media, Electronics & Gaming",18,Team17,team17.com,Racing/sports game publisher or studio,
EA Sports (Electronic Arts),Official F1 video game publisher (F1 the game series),"Telecom, Media, Electronics & Gaming",19,Focus Entertainment,focus-entmt.com,Racing/sports game publisher or studio,
Fanatec (Corsair),F1 Sim Racing official sponsor,"Telecom, Media, Electronics & Gaming",1,Cammus,cammus-racing.com,Sim racing hardware maker,Trak Racer
Fanatec (Corsair),F1 Sim Racing official sponsor,"Telecom, Media, Electronics & Gaming",2,Pagnian Advanced Simulation,pagnianadvancedsimulation.com,Sim racing hardware maker,Trak Racer
Fanatec (Corsair),F1 Sim Racing official sponsor,"Telecom, Media, Electronics & Gaming",3,SimXperience,simxperience.com,Sim racing hardware maker,Trak Racer
Fanatec (Corsair),F1 Sim Racing official sponsor,"Telecom, Media, Electronics & Gaming",4,Ascher Racing,ascherracing.com,Sim racing hardware maker,Trak Racer
Fanatec (Corsair),F1 Sim Racing official sponsor,"Telecom, Media, Electronics & Gaming",5,Turtle Beach,turtlebeach.com,Sim racing hardware maker,Trak Racer
Fanatec (Corsair),F1 Sim Racing official sponsor,"Telecom, Media, Electronics & Gaming",6,PXN,pxngaming.com,Sim racing hardware maker,Trak Racer
Fanatec (Corsair),F1 Sim Racing official sponsor,"Telecom, Media, Electronics & Gaming",7,Thermaltake,thermaltake.com,Sim racing hardware maker,Trak Racer
Fanatec (Corsair),F1 Sim Racing official sponsor,"Telecom, Media, Electronics & Gaming",8,Frex,frex-hpsim.com,Sim racing hardware maker,Trak Racer
Fanatec (Corsair),F1 Sim Racing official sponsor,"Telecom, Media, Electronics & Gaming",9,SimHub,simhubdash.com,Sim racing hardware maker,Trak Racer
Fanatec (Corsair),F1 Sim Racing official sponsor,"Telecom, Media, Electronics & Gaming",10,VRS DirectForce (Virtual Racing School),vrsimulations.com,Sim racing hardware maker,Trak Racer
Fanatec (Corsair),F1 Sim Racing official sponsor,"Telecom, Media, Electronics & Gaming",11,Simworx,simworx.co.uk,Sim racing hardware maker,Trak Racer
Fanatec (Corsair),F1 Sim Racing official sponsor,"Telecom, Media, Electronics & Gaming",12,3DRAP,3drap.it,Sim racing hardware maker,Trak Racer
Fanatec (Corsair),F1 Sim Racing official sponsor,"Telecom, Media, Electronics & Gaming",13,Simetics,simetics.no,Sim racing hardware maker,Trak Racer
Fanatec (Corsair),F1 Sim Racing official sponsor,"Telecom, Media, Electronics & Gaming",14,Ricmotech,ricmotech.com,Sim racing hardware maker,Trak Racer
Fanatec (Corsair),F1 Sim Racing official sponsor,"Telecom, Media, Electronics & Gaming",15,AIM Sportline,aim-sportline.com,Sim racing hardware maker,Trak Racer
Fanatec (Corsair),F1 Sim Racing official sponsor,"Telecom, Media, Electronics & Gaming",16,GT2i,gt2i.com,Sim racing hardware maker,Trak Racer
Fanatec (Corsair),F1 Sim Racing official sponsor,"Telecom, Media, Electronics & Gaming",17,HORI,hori.jp,Sim racing hardware maker,
Fever,F1 official provider (F1 Exhibition),"Telecom, Media, Electronics & Gaming",1,Tiqets,tiqets.com,Live experience/events discovery platform,
Fever,F1 official provider (F1 Exhibition),"Telecom, Media, Electronics & Gaming",2,Headout,headout.com,Live experience/events discovery platform,
Fever,F1 official provider (F1 Exhibition),"Telecom, Media, Electronics & Gaming",3,Peek.com,peek.com,Live experience/events discovery platform,
Fever,F1 official provider (F1 Exhibition),"Telecom, Media, Electronics & Gaming",4,Posh,posh.vip,Live experience/events discovery platform,
Fever,F1 official provider (F1 Exhibition),"Telecom, Media, Electronics & Gaming",5,Culture Trip,theculturetrip.com,Live experience/events discovery platform,
Fever,F1 official provider (F1 Exhibition),"Telecom, Media, Electronics & Gaming",6,Immersive Gamebox,immersivegamebox.com,Live experience/events discovery platform,
Fever,F1 official provider (F1 Exhibition),"Telecom, Media, Electronics & Gaming",7,Sofar Sounds,sofarsounds.com,Live experience/events discovery platform,
Fever,F1 official provider (F1 Exhibition),"Telecom, Media, Electronics & Gaming",8,Airbnb Experiences,airbnb.com,Live experience/events discovery platform,
Fever,F1 official provider (F1 Exhibition),"Telecom, Media, Electronics & Gaming",9,Withlocals,withlocals.com,Live experience/events discovery platform,
Fever,F1 official provider (F1 Exhibition),"Telecom, Media, Electronics & Gaming",10,Musement (TUI),musement.com,Live experience/events discovery platform,
Fever,F1 official provider (F1 Exhibition),"Telecom, Media, Electronics & Gaming",11,Peerspace,peerspace.com,Live experience/events discovery platform,
Fever,F1 official provider (F1 Exhibition),"Telecom, Media, Electronics & Gaming",12,Splash,splashthat.com,Live experience/events discovery platform,
Fever,F1 official provider (F1 Exhibition),"Telecom, Media, Electronics & Gaming",13,Hopin,hopin.com,Live experience/events discovery platform,
Fever,F1 official provider (F1 Exhibition),"Telecom, Media, Electronics & Gaming",14,Bizzabo,bizzabo.com,Live experience/events discovery platform,
Fever,F1 official provider (F1 Exhibition),"Telecom, Media, Electronics & Gaming",15,Cvent,cvent.com,Live experience/events discovery platform,
Fever,F1 official provider (F1 Exhibition),"Telecom, Media, Electronics & Gaming",16,Luma,lu.ma,Live experience/events discovery platform,
Fever,F1 official provider (F1 Exhibition),"Telecom, Media, Electronics & Gaming",17,PartySlate,partyslate.com,Live experience/events discovery platform,
Fever,F1 official provider (F1 Exhibition),"Telecom, Media, Electronics & Gaming",18,10Times,10times.com,Live experience/events discovery platform,
Fever,F1 official provider (F1 Exhibition),"Telecom, Media, Electronics & Gaming",19,Boiler Room,boilerroom.tv,Live experience/events discovery platform,
Fever,F1 official provider (F1 Exhibition),"Telecom, Media, Electronics & Gaming",20,Ticket Tailor,tickettailor.com,Live experience/events discovery platform,viagogo (StubHub Holdings)
Fever,F1 official provider (F1 Exhibition),"Telecom, Media, Electronics & Gaming",21,Xceed,xceed.me,Live experience/events discovery platform,
Fever,F1 official provider (F1 Exhibition),"Telecom, Media, Electronics & Gaming",22,Eventix,eventix.io,Live experience/events discovery platform,
Fever,F1 official provider (F1 Exhibition),"Telecom, Media, Electronics & Gaming",23,Ticketleap,ticketleap.com,Live experience/events discovery platform,
Fever,F1 official provider (F1 Exhibition),"Telecom, Media, Electronics & Gaming",24,Brown Paper Tickets,brownpapertickets.com,Live experience/events discovery platform,
Financial Times (Nikkei),Aston Martin partner,"Telecom, Media, Electronics & Gaming",1,The Guardian,theguardian.com,Business/financial newspaper,
Financial Times (Nikkei),Aston Martin partner,"Telecom, Media, Electronics & Gaming",2,The Telegraph,telegraph.co.uk,Business/financial newspaper,
Financial Times (Nikkei),Aston Martin partner,"Telecom, Media, Electronics & Gaming",3,Handelszeitung,handelszeitung.ch,Business/financial newspaper,
Financial Times (Nikkei),Aston Martin partner,"Telecom, Media, Electronics & Gaming",4,Il Sole 24 Ore,ilsole24ore.com,Business/financial newspaper,
Financial Times (Nikkei),Aston Martin partner,"Telecom, Media, Electronics & Gaming",5,Expansion,expansion.com,Business/financial newspaper,
Financial Times (Nikkei),Aston Martin partner,"Telecom, Media, Electronics & Gaming",6,Cinco Dias,cincodias.elpais.com,Business/financial newspaper,
Financial Times (Nikkei),Aston Martin partner,"Telecom, Media, Electronics & Gaming",7,Caixin,caixin.com,Business/financial newspaper,
Financial Times (Nikkei),Aston Martin partner,"Telecom, Media, Electronics & Gaming",8,Business Standard,business-standard.com,Business/financial newspaper,
Financial Times (Nikkei),Aston Martin partner,"Telecom, Media, Electronics & Gaming",9,The Economic Times,economictimes.indiatimes.com,Business/financial newspaper,
Financial Times (Nikkei),Aston Martin partner,"Telecom, Media, Electronics & Gaming",10,Australian Financial Review,afr.com,Business/financial newspaper,
Financial Times (Nikkei),Aston Martin partner,"Telecom, Media, Electronics & Gaming",11,Semafor,semafor.com,Business/financial newspaper,CNBC (Comcast/NBCUniversal)
Financial Times (Nikkei),Aston Martin partner,"Telecom, Media, Electronics & Gaming",12,The Information,theinformation.com,Business/financial newspaper,CNBC (Comcast/NBCUniversal)
Financial Times (Nikkei),Aston Martin partner,"Telecom, Media, Electronics & Gaming",13,Rest of World,restofworld.org,Business/financial newspaper,
Financial Times (Nikkei),Aston Martin partner,"Telecom, Media, Electronics & Gaming",14,Tortoise Media,tortoisemedia.com,Business/financial newspaper,
Financial Times (Nikkei),Aston Martin partner,"Telecom, Media, Electronics & Gaming",15,The Bell,thebell.io,Business/financial newspaper,
Financial Times (Nikkei),Aston Martin partner,"Telecom, Media, Electronics & Gaming",16,Mint (Livemint),livemint.com,Business/financial newspaper,
Financial Times (Nikkei),Aston Martin partner,"Telecom, Media, Electronics & Gaming",17,Boersen-Zeitung,boersen-zeitung.de,Business/financial newspaper,
Financial Times (Nikkei),Aston Martin partner,"Telecom, Media, Electronics & Gaming",18,La Tribune,latribune.fr,Business/financial newspaper,
Financial Times (Nikkei),Aston Martin partner,"Telecom, Media, Electronics & Gaming",19,Diario Financiero,df.cl,Business/financial newspaper,
Financial Times (Nikkei),Aston Martin partner,"Telecom, Media, Electronics & Gaming",20,Valor Economico,valor.globo.com,Business/financial newspaper,
Financial Times (Nikkei),Aston Martin partner,"Telecom, Media, Electronics & Gaming",21,El Economista,eleconomista.es,Business/financial newspaper,
Financial Times (Nikkei),Aston Martin partner,"Telecom, Media, Electronics & Gaming",22,African Business Magazine,african.business,Business/financial newspaper,
Financial Times (Nikkei),Aston Martin partner,"Telecom, Media, Electronics & Gaming",23,Straits Times,straitstimes.com,Business/financial newspaper,
Financial Times (Nikkei),Aston Martin partner,"Telecom, Media, Electronics & Gaming",24,The National (UAE),thenationalnews.com,Business/financial newspaper,
Infobip,Haas partner,"Telecom, Media, Electronics & Gaming",1,Karix Mobile,karix.io,CPaaS/messaging platform,
Infobip,Haas partner,"Telecom, Media, Electronics & Gaming",2,WebEngage,webengage.com,CPaaS/messaging platform,
Infobip,Haas partner,"Telecom, Media, Electronics & Gaming",3,MoEngage,moengage.com,CPaaS/messaging platform,
Infobip,Haas partner,"Telecom, Media, Electronics & Gaming",4,Textlocal,textlocal.com,CPaaS/messaging platform,
Infobip,Haas partner,"Telecom, Media, Electronics & Gaming",5,Tyntec,tyntec.com,CPaaS/messaging platform,
Infobip,Haas partner,"Telecom, Media, Electronics & Gaming",6,Podium,podium.com,CPaaS/messaging platform,
Infobip,Haas partner,"Telecom, Media, Electronics & Gaming",7,Ada,ada.cx,CPaaS/messaging platform,Genesys
Infobip,Haas partner,"Telecom, Media, Electronics & Gaming",8,Yellow.ai,yellow.ai,CPaaS/messaging platform,Genesys
Infobip,Haas partner,"Telecom, Media, Electronics & Gaming",9,Esendex,esendex.com,CPaaS/messaging platform,
Infobip,Haas partner,"Telecom, Media, Electronics & Gaming",10,MessageMedia,messagemedia.com,CPaaS/messaging platform,
Infobip,Haas partner,"Telecom, Media, Electronics & Gaming",11,Ozonetel,ozonetel.com,CPaaS/messaging platform,
Infobip,Haas partner,"Telecom, Media, Electronics & Gaming",12,ValueFirst,valuefirst.com,CPaaS/messaging platform,
Infobip,Haas partner,"Telecom, Media, Electronics & Gaming",13,Waybeo,waybeo.com,CPaaS/messaging platform,
Infobip,Haas partner,"Telecom, Media, Electronics & Gaming",14,SMSGlobal,smsglobal.com,CPaaS/messaging platform,
Infobip,Haas partner,"Telecom, Media, Electronics & Gaming",15,BurstSMS,burstsms.com,CPaaS/messaging platform,
Infobip,Haas partner,"Telecom, Media, Electronics & Gaming",16,Textmagic,textmagic.com,CPaaS/messaging platform,
Infobip,Haas partner,"Telecom, Media, Electronics & Gaming",17,Sakari,sakari.io,CPaaS/messaging platform,
JigSpace,Audi F1 partner,"Telecom, Media, Electronics & Gaming",1,Shapr3D,shapr3d.com,AR/3D visualization platform,
JigSpace,Audi F1 partner,"Telecom, Media, Electronics & Gaming",2,Adobe Aero,adobe.com,AR/3D visualization platform,
JigSpace,Audi F1 partner,"Telecom, Media, Electronics & Gaming",3,Vuforia (PTC),ptc.com,AR/3D visualization platform,
JigSpace,Audi F1 partner,"Telecom, Media, Electronics & Gaming",4,Wikitude,wikitude.com,AR/3D visualization platform,
JigSpace,Audi F1 partner,"Telecom, Media, Electronics & Gaming",5,Vntana,vntana.com,AR/3D visualization platform,
JigSpace,Audi F1 partner,"Telecom, Media, Electronics & Gaming",6,Threekit,threekit.com,AR/3D visualization platform,
JigSpace,Audi F1 partner,"Telecom, Media, Electronics & Gaming",7,Marxent,marxentlabs.com,AR/3D visualization platform,
JigSpace,Audi F1 partner,"Telecom, Media, Electronics & Gaming",8,Diota,diota.com,AR/3D visualization platform,
JigSpace,Audi F1 partner,"Telecom, Media, Electronics & Gaming",9,Scope AR,scopear.com,AR/3D visualization platform,
JigSpace,Audi F1 partner,"Telecom, Media, Electronics & Gaming",10,Holo-Light,holo-light.com,AR/3D visualization platform,
JigSpace,Audi F1 partner,"Telecom, Media, Electronics & Gaming",11,RealWear,realwear.com,AR/3D visualization platform,
JigSpace,Audi F1 partner,"Telecom, Media, Electronics & Gaming",12,Blippar,blippar.com,AR/3D visualization platform,
JigSpace,Audi F1 partner,"Telecom, Media, Electronics & Gaming",13,Trimble SketchUp,sketchup.com,AR/3D visualization platform,
JigSpace,Audi F1 partner,"Telecom, Media, Electronics & Gaming",14,Roomvo,roomvo.com,AR/3D visualization platform,
JigSpace,Audi F1 partner,"Telecom, Media, Electronics & Gaming",15,IKEA Place,ikea.com,AR/3D visualization platform,
JigSpace,Audi F1 partner,"Telecom, Media, Electronics & Gaming",16,Houzz AR,houzz.com,AR/3D visualization platform,
JigSpace,Audi F1 partner,"Telecom, Media, Electronics & Gaming",17,Wayfair View in Room,wayfair.com,AR/3D visualization platform,
JigSpace,Audi F1 partner,"Telecom, Media, Electronics & Gaming",18,Onirix,onirix.com,AR/3D visualization platform,
JigSpace,Audi F1 partner,"Telecom, Media, Electronics & Gaming",19,Plattar,plattar.com,AR/3D visualization platform,
JigSpace,Audi F1 partner,"Telecom, Media, Electronics & Gaming",20,Cappasity,cappasity.com,AR/3D visualization platform,
JigSpace,Audi F1 partner,"Telecom, Media, Electronics & Gaming",21,Emperia,emperia.live,AR/3D visualization platform,
JigSpace,Audi F1 partner,"Telecom, Media, Electronics & Gaming",22,Obsess,obsessvr.com,AR/3D visualization platform,
JigSpace,Audi F1 partner,"Telecom, Media, Electronics & Gaming",23,Kaon Interactive,kaon.com,AR/3D visualization platform,
JigSpace,Audi F1 partner,"Telecom, Media, Electronics & Gaming",24,Vuframe,vuframe.com,AR/3D visualization platform,
LEGO Group,McLaren partner; F1 Academy partner,"Telecom, Media, Electronics & Gaming",1,Nanoblock (Kawada),kawada-toys.com,Toy/construction brand,
LEGO Group,McLaren partner; F1 Academy partner,"Telecom, Media, Electronics & Gaming",2,Little Tikes (MGA Entertainment),littletikes.com,Toy/construction brand,
LEGO Group,McLaren partner; F1 Academy partner,"Telecom, Media, Electronics & Gaming",3,Jazwares,jazwares.com,Toy/construction brand,
LEGO Group,McLaren partner; F1 Academy partner,"Telecom, Media, Electronics & Gaming",4,Melissa & Doug,melissaanddoug.com,Toy/construction brand,
LEGO Group,McLaren partner; F1 Academy partner,"Telecom, Media, Electronics & Gaming",5,Crayola,crayola.com,Toy/construction brand,
LEGO Group,McLaren partner; F1 Academy partner,"Telecom, Media, Electronics & Gaming",6,Schleich,schleich-s.com,Toy/construction brand,
LEGO Group,McLaren partner; F1 Academy partner,"Telecom, Media, Electronics & Gaming",7,Zuru,zuru.com,Toy/construction brand,
LEGO Group,McLaren partner; F1 Academy partner,"Telecom, Media, Electronics & Gaming",8,Hape,hapetoys.com,Toy/construction brand,
LEGO Group,McLaren partner; F1 Academy partner,"Telecom, Media, Electronics & Gaming",9,Green Toys,greentoys.com,Toy/construction brand,
LEGO Group,McLaren partner; F1 Academy partner,"Telecom, Media, Electronics & Gaming",10,Learning Resources,learningresources.com,Toy/construction brand,
LEGO Group,McLaren partner; F1 Academy partner,"Telecom, Media, Electronics & Gaming",11,Playmates Toys,playmatestoys.com,Toy/construction brand,
LEGO Group,McLaren partner; F1 Academy partner,"Telecom, Media, Electronics & Gaming",12,Mould King,mouldking.com,Toy/construction brand,
LEGO Group,McLaren partner; F1 Academy partner,"Telecom, Media, Electronics & Gaming",13,BlueBrixx,bluebrixx.com,Toy/construction brand,
LEGO Group,McLaren partner; F1 Academy partner,"Telecom, Media, Electronics & Gaming",14,Clementoni,clementoni.com,Toy/construction brand,
LEGO Group,McLaren partner; F1 Academy partner,"Telecom, Media, Electronics & Gaming",15,BIG-Bloxx,big-spielwarenfabrik.de,Toy/construction brand,
LEGO Group,McLaren partner; F1 Academy partner,"Telecom, Media, Electronics & Gaming",16,Fischertechnik,fischertechnik.de,Toy/construction brand,
LEGO Group,McLaren partner; F1 Academy partner,"Telecom, Media, Electronics & Gaming",17,Geomag,geomagworld.com,Toy/construction brand,
LEGO Group,McLaren partner; F1 Academy partner,"Telecom, Media, Electronics & Gaming",18,Magna-Tiles,magnatiles.com,Toy/construction brand,
LEGO Group,McLaren partner; F1 Academy partner,"Telecom, Media, Electronics & Gaming",19,Tegu,tegu.com,Toy/construction brand,
LEGO Group,McLaren partner; F1 Academy partner,"Telecom, Media, Electronics & Gaming",20,PicassoTiles,picassotiles.com,Toy/construction brand,
LEGO Group,McLaren partner; F1 Academy partner,"Telecom, Media, Electronics & Gaming",21,Kapla,kaplablocks.com,Toy/construction brand,
LEGO Group,McLaren partner; F1 Academy partner,"Telecom, Media, Electronics & Gaming",22,Plus-Plus,plusplus.com,Toy/construction brand,
LEGO Group,McLaren partner; F1 Academy partner,"Telecom, Media, Electronics & Gaming",23,Robotime,robotime.com,Toy/construction brand,
Matrix Fitness (Johnson Health Tech),Alpine partner,"Telecom, Media, Electronics & Gaming",1,eGym,egym.com,Fitness equipment maker,Technogym
Matrix Fitness (Johnson Health Tech),Alpine partner,"Telecom, Media, Electronics & Gaming",2,Wattbike,wattbike.com,Fitness equipment maker,Technogym
Matrix Fitness (Johnson Health Tech),Alpine partner,"Telecom, Media, Electronics & Gaming",3,Panatta,panatta.com,Fitness equipment maker,Technogym
Matrix Fitness (Johnson Health Tech),Alpine partner,"Telecom, Media, Electronics & Gaming",4,Gym80,gym80.com,Fitness equipment maker,Technogym
Matrix Fitness (Johnson Health Tech),Alpine partner,"Telecom, Media, Electronics & Gaming",5,Sole Fitness,solefitness.com,Fitness equipment maker,Technogym
Matrix Fitness (Johnson Health Tech),Alpine partner,"Telecom, Media, Electronics & Gaming",6,Octane Fitness,octanefitness.com,Fitness equipment maker,Technogym
Matrix Fitness (Johnson Health Tech),Alpine partner,"Telecom, Media, Electronics & Gaming",7,SportsArt,sportsartfitness.com,Fitness equipment maker,
Matrix Fitness (Johnson Health Tech),Alpine partner,"Telecom, Media, Electronics & Gaming",8,BH Fitness,bhfitness.com,Fitness equipment maker,
Matrix Fitness (Johnson Health Tech),Alpine partner,"Telecom, Media, Electronics & Gaming",9,Impulse Fitness,impulsefitness.com,Fitness equipment maker,
Matrix Fitness (Johnson Health Tech),Alpine partner,"Telecom, Media, Electronics & Gaming",10,Physical Company,physicalcompany.co.uk,Fitness equipment maker,
Matrix Fitness (Johnson Health Tech),Alpine partner,"Telecom, Media, Electronics & Gaming",11,Hoist Fitness,hoistfitness.com,Fitness equipment maker,
Matrix Fitness (Johnson Health Tech),Alpine partner,"Telecom, Media, Electronics & Gaming",12,Core Health & Fitness,corehandf.com,Fitness equipment maker,
mophie (ZAGG),Red Bull Racing partner,"Telecom, Media, Electronics & Gaming",1,Nomad Goods,nomadgoods.com,Phone accessories/power brand,Mous
mophie (ZAGG),Red Bull Racing partner,"Telecom, Media, Electronics & Gaming",2,Incipio,incipio.com,Phone accessories/power brand,Mous
mophie (ZAGG),Red Bull Racing partner,"Telecom, Media, Electronics & Gaming",3,PopSockets,popsockets.com,Phone accessories/power brand,Mous
mophie (ZAGG),Red Bull Racing partner,"Telecom, Media, Electronics & Gaming",4,Zens,zens.tech,Phone accessories/power brand,
mophie (ZAGG),Red Bull Racing partner,"Telecom, Media, Electronics & Gaming",5,Torras,torras.com,Phone accessories/power brand,Mous
mophie (ZAGG),Red Bull Racing partner,"Telecom, Media, Electronics & Gaming",6,iOttie,iottie.com,Phone accessories/power brand,
mophie (ZAGG),Red Bull Racing partner,"Telecom, Media, Electronics & Gaming",7,Scosche,scosche.com,Phone accessories/power brand,WHOOP
mophie (ZAGG),Red Bull Racing partner,"Telecom, Media, Electronics & Gaming",8,Satechi,satechi.net,Phone accessories/power brand,
mophie (ZAGG),Red Bull Racing partner,"Telecom, Media, Electronics & Gaming",9,Catalyst,catalystcase.com,Phone accessories/power brand,
mophie (ZAGG),Red Bull Racing partner,"Telecom, Media, Electronics & Gaming",10,Elago,elago.com,Phone accessories/power brand,
mophie (ZAGG),Red Bull Racing partner,"Telecom, Media, Electronics & Gaming",11,Tech21,tech21.com,Phone accessories/power brand,
mophie (ZAGG),Red Bull Racing partner,"Telecom, Media, Electronics & Gaming",12,Moshi,moshi.com,Phone accessories/power brand,
mophie (ZAGG),Red Bull Racing partner,"Telecom, Media, Electronics & Gaming",13,Vaja,vajacases.com,Phone accessories/power brand,
mophie (ZAGG),Red Bull Racing partner,"Telecom, Media, Electronics & Gaming",14,Nudient,nudient.com,Phone accessories/power brand,
mophie (ZAGG),Red Bull Racing partner,"Telecom, Media, Electronics & Gaming",15,Adonit,adonit.net,Phone accessories/power brand,
mophie (ZAGG),Red Bull Racing partner,"Telecom, Media, Electronics & Gaming",16,Xtorm,xtorm.com,Phone accessories/power brand,
mophie (ZAGG),Red Bull Racing partner,"Telecom, Media, Electronics & Gaming",17,Courant,shopcourant.com,Phone accessories/power brand,
mophie (ZAGG),Red Bull Racing partner,"Telecom, Media, Electronics & Gaming",18,Momax,momax.com,Phone accessories/power brand,
mophie (ZAGG),Red Bull Racing partner,"Telecom, Media, Electronics & Gaming",19,Powerology,powerology.me,Phone accessories/power brand,
mophie (ZAGG),Red Bull Racing partner,"Telecom, Media, Electronics & Gaming",20,Trianium,trianium.com,Phone accessories/power brand,
mophie (ZAGG),Red Bull Racing partner,"Telecom, Media, Electronics & Gaming",21,Smartish,smartish.co,Phone accessories/power brand,
Paramount+ (Paramount Skydance),F1 official partner,"Telecom, Media, Electronics & Gaming",1,MGM+,mgmplus.com,Streaming service,
Paramount+ (Paramount Skydance),F1 official partner,"Telecom, Media, Electronics & Gaming",2,Fubo,fubo.tv,Streaming service,
Paramount+ (Paramount Skydance),F1 official partner,"Telecom, Media, Electronics & Gaming",3,DAZN,dazn.com,Streaming service,
Paramount+ (Paramount Skydance),F1 official partner,"Telecom, Media, Electronics & Gaming",4,beIN Sports,beinsports.com,Streaming service,
Paramount+ (Paramount Skydance),F1 official partner,"Telecom, Media, Electronics & Gaming",5,Viaplay,viaplay.com,Streaming service,
Paramount+ (Paramount Skydance),F1 official partner,"Telecom, Media, Electronics & Gaming",6,Rakuten TV,rakuten.tv,Streaming service,
Paramount+ (Paramount Skydance),F1 official partner,"Telecom, Media, Electronics & Gaming",7,Stan,stan.com.au,Streaming service,
Paramount+ (Paramount Skydance),F1 official partner,"Telecom, Media, Electronics & Gaming",8,Binge,binge.com.au,Streaming service,
Paramount+ (Paramount Skydance),F1 official partner,"Telecom, Media, Electronics & Gaming",9,Canal+,canalplus.com,Streaming service,
Paramount+ (Paramount Skydance),F1 official partner,"Telecom, Media, Electronics & Gaming",10,JioHotstar,hotstar.com,Streaming service,
Paramount+ (Paramount Skydance),F1 official partner,"Telecom, Media, Electronics & Gaming",11,Philo,philo.com,Streaming service,
Paramount+ (Paramount Skydance),F1 official partner,"Telecom, Media, Electronics & Gaming",12,Kayo Sports,kayosports.com.au,Streaming service,
Paramount+ (Paramount Skydance),F1 official partner,"Telecom, Media, Electronics & Gaming",13,Crave (Bell Media),crave.ca,Streaming service,
Paramount+ (Paramount Skydance),F1 official partner,"Telecom, Media, Electronics & Gaming",14,NOW TV (Sky),nowtv.com,Streaming service,
Paramount+ (Paramount Skydance),F1 official partner,"Telecom, Media, Electronics & Gaming",15,SkyShowtime,skyshowtime.com,Streaming service,
Paramount+ (Paramount Skydance),F1 official partner,"Telecom, Media, Electronics & Gaming",16,MUBI,mubi.com,Streaming service,
Paramount+ (Paramount Skydance),F1 official partner,"Telecom, Media, Electronics & Gaming",17,Curiosity Stream,curiositystream.com,Streaming service,
Paramount+ (Paramount Skydance),F1 official partner,"Telecom, Media, Electronics & Gaming",18,BroadwayHD,broadwayhd.com,Streaming service,
Paramount+ (Paramount Skydance),F1 official partner,"Telecom, Media, Electronics & Gaming",19,Plex,plex.tv,Streaming service,
Paramount+ (Paramount Skydance),F1 official partner,"Telecom, Media, Electronics & Gaming",20,OSN+,osn.com,Streaming service,
Play & Go,Haas partner,"Telecom, Media, Electronics & Gaming",1,NetEnt (Evolution),netent.com,iGaming/slot content studio,
Play & Go,Haas partner,"Telecom, Media, Electronics & Gaming",2,Microgaming,microgaming.co.uk,iGaming/slot content studio,
Play & Go,Haas partner,"Telecom, Media, Electronics & Gaming",3,Pragmatic Play,pragmaticplay.com,iGaming/slot content studio,
Play & Go,Haas partner,"Telecom, Media, Electronics & Gaming",4,Evolution Gaming,evolution.com,iGaming/slot content studio,
Play & Go,Haas partner,"Telecom, Media, Electronics & Gaming",5,Yggdrasil Gaming,yggdrasilgaming.com,iGaming/slot content studio,
Play & Go,Haas partner,"Telecom, Media, Electronics & Gaming",6,Big Time Gaming,bigtimegaming.com,iGaming/slot content studio,
Play & Go,Haas partner,"Telecom, Media, Electronics & Gaming",7,Push Gaming,pushgaming.com,iGaming/slot content studio,
Play & Go,Haas partner,"Telecom, Media, Electronics & Gaming",8,Nolimit City,nolimitcity.com,iGaming/slot content studio,
Play & Go,Haas partner,"Telecom, Media, Electronics & Gaming",9,Hacksaw Gaming,hacksawgaming.com,iGaming/slot content studio,
Play & Go,Haas partner,"Telecom, Media, Electronics & Gaming",10,Relax Gaming,relax-gaming.com,iGaming/slot content studio,
Play & Go,Haas partner,"Telecom, Media, Electronics & Gaming",11,Red Tiger Gaming,redtiger.com,iGaming/slot content studio,
Play & Go,Haas partner,"Telecom, Media, Electronics & Gaming",12,Quickspin,quickspin.com,iGaming/slot content studio,
Play & Go,Haas partner,"Telecom, Media, Electronics & Gaming",13,ELK Studios,elk-studios.com,iGaming/slot content studio,
Play & Go,Haas partner,"Telecom, Media, Electronics & Gaming",14,Thunderkick,thunderkick.com,iGaming/slot content studio,
Play & Go,Haas partner,"Telecom, Media, Electronics & Gaming",15,Blueprint Gaming,blueprintgaming.com,iGaming/slot content studio,
Play & Go,Haas partner,"Telecom, Media, Electronics & Gaming",16,Aristocrat Leisure,aristocrat.com,iGaming/slot content studio,
Play & Go,Haas partner,"Telecom, Media, Electronics & Gaming",17,Playtech,playtech.com,iGaming/slot content studio,
Play & Go,Haas partner,"Telecom, Media, Electronics & Gaming",18,Betsoft Gaming,betsoft.com,iGaming/slot content studio,
Play & Go,Haas partner,"Telecom, Media, Electronics & Gaming",19,Wazdan,wazdan.com,iGaming/slot content studio,
Play & Go,Haas partner,"Telecom, Media, Electronics & Gaming",20,Booongo,booongo.com,iGaming/slot content studio,
Play & Go,Haas partner,"Telecom, Media, Electronics & Gaming",21,Habanero Systems,habanerosystems.com,iGaming/slot content studio,
Play & Go,Haas partner,"Telecom, Media, Electronics & Gaming",22,Spinomenal,spinomenal.com,iGaming/slot content studio,
Play & Go,Haas partner,"Telecom, Media, Electronics & Gaming",23,Gamomat,gamomat.com,iGaming/slot content studio,
Play & Go,Haas partner,"Telecom, Media, Electronics & Gaming",24,EveryMatrix,everymatrix.com,iGaming/slot content studio,
PUBG Mobile (Krafton),Ferrari partner,"Telecom, Media, Electronics & Gaming",1,Fortnite (Epic Games),epicgames.com,Mobile/battle-royale game,
PUBG Mobile (Krafton),Ferrari partner,"Telecom, Media, Electronics & Gaming",2,Garena Free Fire,garena.com,Mobile/battle-royale game,
PUBG Mobile (Krafton),Ferrari partner,"Telecom, Media, Electronics & Gaming",3,Apex Legends (EA),ea.com,Mobile/battle-royale game,
PUBG Mobile (Krafton),Ferrari partner,"Telecom, Media, Electronics & Gaming",4,Honor of Kings (Tencent Games),tencentgames.com,Mobile/battle-royale game,
PUBG Mobile (Krafton),Ferrari partner,"Telecom, Media, Electronics & Gaming",5,Clash Royale (Supercell),supercell.com,Mobile/battle-royale game,
PUBG Mobile (Krafton),Ferrari partner,"Telecom, Media, Electronics & Gaming",6,Knives Out (NetEase Games),neteasegames.com,Mobile/battle-royale game,
PUBG Mobile (Krafton),Ferrari partner,"Telecom, Media, Electronics & Gaming",7,Among Us (Innersloth),innersloth.com,Mobile/battle-royale game,
PUBG Mobile (Krafton),Ferrari partner,"Telecom, Media, Electronics & Gaming",8,World of Tanks Blitz (Wargaming),wargaming.net,Mobile/battle-royale game,
PUBG Mobile (Krafton),Ferrari partner,"Telecom, Media, Electronics & Gaming",9,Standoff 2 (Axlebolt),axlebolt.com,Mobile/battle-royale game,
PUBG Mobile (Krafton),Ferrari partner,"Telecom, Media, Electronics & Gaming",10,Diablo Immortal (Blizzard),blizzard.com,Mobile/battle-royale game,
PUBG Mobile (Krafton),Ferrari partner,"Telecom, Media, Electronics & Gaming",11,Eve Echoes (CCP Games),ccpgames.com,Mobile/battle-royale game,
PUBG Mobile (Krafton),Ferrari partner,"Telecom, Media, Electronics & Gaming",12,Asphalt Legends Unite (Gameloft),gameloft.com,Mobile/battle-royale game,
PUBG Mobile (Krafton),Ferrari partner,"Telecom, Media, Electronics & Gaming",13,Candy Crush Saga (King),king.com,Mobile/battle-royale game,
PUBG Mobile (Krafton),Ferrari partner,"Telecom, Media, Electronics & Gaming",14,Subway Surfers (SYBO Games),sybogames.com,Mobile/battle-royale game,
PUBG Mobile (Krafton),Ferrari partner,"Telecom, Media, Electronics & Gaming",15,Marvel Snap (Second Dinner),marvelsnap.com,Mobile/battle-royale game,
PUBG Mobile (Krafton),Ferrari partner,"Telecom, Media, Electronics & Gaming",16,Pokemon GO (Niantic),nianticlabs.com,Mobile/battle-royale game,
PUBG Mobile (Krafton),Ferrari partner,"Telecom, Media, Electronics & Gaming",17,Rise of Kingdoms (Lilith Games),lilithgames.com,Mobile/battle-royale game,
PUBG Mobile (Krafton),Ferrari partner,"Telecom, Media, Electronics & Gaming",18,State of Survival (FunPlus),funplus.com,Mobile/battle-royale game,
PUBG Mobile (Krafton),Ferrari partner,"Telecom, Media, Electronics & Gaming",19,Whiteout Survival (Century Games),centurygames.com,Mobile/battle-royale game,
PUBG Mobile (Krafton),Ferrari partner,"Telecom, Media, Electronics & Gaming",20,Naraka: Bladepoint (NetEase Games),narakathegame.com,Mobile/battle-royale game,
PUBG Mobile (Krafton),Ferrari partner,"Telecom, Media, Electronics & Gaming",21,Arena Breakout (Tencent),arenabreakout.com,Mobile/battle-royale game,
Riedel (Riedel Communications),Ferrari partner; Racing Bulls partner (comms),"Telecom, Media, Electronics & Gaming",1,RTS Intercoms (HME),rtsintercoms.com,Broadcast comms/intercom vendor,
Riedel (Riedel Communications),Ferrari partner; Racing Bulls partner (comms),"Telecom, Media, Electronics & Gaming",2,Vislink,vislink.com,Broadcast comms/intercom vendor,
Riedel (Riedel Communications),Ferrari partner; Racing Bulls partner (comms),"Telecom, Media, Electronics & Gaming",3,Vizrt,vizrt.com,Broadcast comms/intercom vendor,
Riedel (Riedel Communications),Ferrari partner; Racing Bulls partner (comms),"Telecom, Media, Electronics & Gaming",4,Blackmagic Design,blackmagicdesign.com,Broadcast comms/intercom vendor,
Riedel (Riedel Communications),Ferrari partner; Racing Bulls partner (comms),"Telecom, Media, Electronics & Gaming",5,Sony Professional Solutions,pro.sony,Broadcast comms/intercom vendor,
Riedel (Riedel Communications),Ferrari partner; Racing Bulls partner (comms),"Telecom, Media, Electronics & Gaming",6,Panasonic Connect,connect.panasonic.com,Broadcast comms/intercom vendor,
Riedel (Riedel Communications),Ferrari partner; Racing Bulls partner (comms),"Telecom, Media, Electronics & Gaming",7,Lawo,lawo.com,Broadcast comms/intercom vendor,
Riedel (Riedel Communications),Ferrari partner; Racing Bulls partner (comms),"Telecom, Media, Electronics & Gaming",8,Calrec Audio,calrec.com,Broadcast comms/intercom vendor,
Riedel (Riedel Communications),Ferrari partner; Racing Bulls partner (comms),"Telecom, Media, Electronics & Gaming",9,Nevion (Sony),nevion.com,Broadcast comms/intercom vendor,
Riedel (Riedel Communications),Ferrari partner; Racing Bulls partner (comms),"Telecom, Media, Electronics & Gaming",10,Net Insight,netinsight.net,Broadcast comms/intercom vendor,
Riedel (Riedel Communications),Ferrari partner; Racing Bulls partner (comms),"Telecom, Media, Electronics & Gaming",11,Dejero,dejero.com,Broadcast comms/intercom vendor,
Riedel (Riedel Communications),Ferrari partner; Racing Bulls partner (comms),"Telecom, Media, Electronics & Gaming",12,LiveU,liveu.tv,Broadcast comms/intercom vendor,
Riedel (Riedel Communications),Ferrari partner; Racing Bulls partner (comms),"Telecom, Media, Electronics & Gaming",13,Haivision,haivision.com,Broadcast comms/intercom vendor,
Riedel (Riedel Communications),Ferrari partner; Racing Bulls partner (comms),"Telecom, Media, Electronics & Gaming",14,Aviwest,aviwest.com,Broadcast comms/intercom vendor,
Riedel (Riedel Communications),Ferrari partner; Racing Bulls partner (comms),"Telecom, Media, Electronics & Gaming",15,Mobile Viewpoint,mobile-viewpoint.com,Broadcast comms/intercom vendor,
Riedel (Riedel Communications),Ferrari partner; Racing Bulls partner (comms),"Telecom, Media, Electronics & Gaming",16,Chyron,chyron.com,Broadcast comms/intercom vendor,
Riedel (Riedel Communications),Ferrari partner; Racing Bulls partner (comms),"Telecom, Media, Electronics & Gaming",17,Imagine Communications,imaginecommunications.com,Broadcast comms/intercom vendor,
Riedel (Riedel Communications),Ferrari partner; Racing Bulls partner (comms),"Telecom, Media, Electronics & Gaming",18,Telestream,telestream.net,Broadcast comms/intercom vendor,
Riedel (Riedel Communications),Ferrari partner; Racing Bulls partner (comms),"Telecom, Media, Electronics & Gaming",19,AEQ,aeq.eu,Broadcast comms/intercom vendor,
Riedel (Riedel Communications),Ferrari partner; Racing Bulls partner (comms),"Telecom, Media, Electronics & Gaming",20,Pliant Technologies,pliantech.com,Broadcast comms/intercom vendor,
Riedel (Riedel Communications),Ferrari partner; Racing Bulls partner (comms),"Telecom, Media, Electronics & Gaming",21,Green-GO Digital,green-go.com,Broadcast comms/intercom vendor,
Riedel (Riedel Communications),Ferrari partner; Racing Bulls partner (comms),"Telecom, Media, Electronics & Gaming",22,Wohler Technologies,wohler.com,Broadcast comms/intercom vendor,
Riedel (Riedel Communications),Ferrari partner; Racing Bulls partner (comms),"Telecom, Media, Electronics & Gaming",23,Qtake,qtake.com,Broadcast comms/intercom vendor,
Riedel (Riedel Communications),Ferrari partner; Racing Bulls partner (comms),"Telecom, Media, Electronics & Gaming",24,Tieline,tieline.com,Broadcast comms/intercom vendor,
Riedel (Riedel Communications),Ferrari partner; Racing Bulls partner (comms),"Telecom, Media, Electronics & Gaming",25,ARRI,arri.com,Broadcast comms/intercom vendor,
Rokt,Red Bull Racing partner,"Telecom, Media, Electronics & Gaming",1,Cordial,cordial.com,Ecommerce marketing/checkout tech,
Rokt,Red Bull Racing partner,"Telecom, Media, Electronics & Gaming",2,Segment (Twilio),segment.com,Ecommerce marketing/checkout tech,
Rokt,Red Bull Racing partner,"Telecom, Media, Electronics & Gaming",3,Optimizely,optimizely.com,Ecommerce marketing/checkout tech,
Rokt,Red Bull Racing partner,"Telecom, Media, Electronics & Gaming",4,Cheetah Digital (Marigold),marigoldhq.com,Ecommerce marketing/checkout tech,
Rokt,Red Bull Racing partner,"Telecom, Media, Electronics & Gaming",5,Bazaarvoice,bazaarvoice.com,Ecommerce marketing/checkout tech,
Rokt,Red Bull Racing partner,"Telecom, Media, Electronics & Gaming",6,Nosto,nosto.com,Ecommerce marketing/checkout tech,
Rokt,Red Bull Racing partner,"Telecom, Media, Electronics & Gaming",7,Bloomreach,bloomreach.com,Ecommerce marketing/checkout tech,
Rokt,Red Bull Racing partner,"Telecom, Media, Electronics & Gaming",8,Insider,useinsider.com,Ecommerce marketing/checkout tech,
Rokt,Red Bull Racing partner,"Telecom, Media, Electronics & Gaming",9,Movable Ink,movableink.com,Ecommerce marketing/checkout tech,
Rokt,Red Bull Racing partner,"Telecom, Media, Electronics & Gaming",10,CommerceIQ,commerceiq.ai,Ecommerce marketing/checkout tech,
Rokt,Red Bull Racing partner,"Telecom, Media, Electronics & Gaming",11,Persado,persado.com,Ecommerce marketing/checkout tech,
Rokt,Red Bull Racing partner,"Telecom, Media, Electronics & Gaming",12,Dotdigital,dotdigital.com,Ecommerce marketing/checkout tech,
Rokt,Red Bull Racing partner,"Telecom, Media, Electronics & Gaming",13,Listrak,listrak.com,Ecommerce marketing/checkout tech,
Rokt,Red Bull Racing partner,"Telecom, Media, Electronics & Gaming",14,Ometria,ometria.com,Ecommerce marketing/checkout tech,
Rokt,Red Bull Racing partner,"Telecom, Media, Electronics & Gaming",15,Fresh Relevance (Marigold),freshrelevance.com,Ecommerce marketing/checkout tech,
Rokt,Red Bull Racing partner,"Telecom, Media, Electronics & Gaming",16,Justuno,justuno.com,Ecommerce marketing/checkout tech,
Rokt,Red Bull Racing partner,"Telecom, Media, Electronics & Gaming",17,Privy,privy.com,Ecommerce marketing/checkout tech,
Rokt,Red Bull Racing partner,"Telecom, Media, Electronics & Gaming",18,OptiMonk,optimonk.com,Ecommerce marketing/checkout tech,
Rokt,Red Bull Racing partner,"Telecom, Media, Electronics & Gaming",19,Postscript,postscript.io,Ecommerce marketing/checkout tech,
Rokt,Red Bull Racing partner,"Telecom, Media, Electronics & Gaming",20,Emotive,emotive.io,Ecommerce marketing/checkout tech,
Rokt,Red Bull Racing partner,"Telecom, Media, Electronics & Gaming",21,Recart,recart.com,Ecommerce marketing/checkout tech,
Rokt,Red Bull Racing partner,"Telecom, Media, Electronics & Gaming",22,CartStack,cartstack.com,Ecommerce marketing/checkout tech,
Rokt,Red Bull Racing partner,"Telecom, Media, Electronics & Gaming",23,Rejoiner,rejoiner.com,Ecommerce marketing/checkout tech,
Specialized,Audi F1 partner,"Telecom, Media, Electronics & Gaming",1,Merida Bikes,merida-bikes.com,Bicycle/e-bike brand,
Specialized,Audi F1 partner,"Telecom, Media, Electronics & Gaming",2,Rad Power Bikes,radpowerbikes.com,Bicycle/e-bike brand,
Specialized,Audi F1 partner,"Telecom, Media, Electronics & Gaming",3,VanMoof,vanmoof.com,Bicycle/e-bike brand,
Specialized,Audi F1 partner,"Telecom, Media, Electronics & Gaming",4,Cowboy,cowboy.com,Bicycle/e-bike brand,
Specialized,Audi F1 partner,"Telecom, Media, Electronics & Gaming",5,Gazelle,gazelle.nl,Bicycle/e-bike brand,
Specialized,Audi F1 partner,"Telecom, Media, Electronics & Gaming",6,Yamaha Bicycles,yamaha-motor.com,Bicycle/e-bike brand,
Specialized,Audi F1 partner,"Telecom, Media, Electronics & Gaming",7,Bosch eBike Systems,bosch-ebike.com,Bicycle/e-bike brand,
Specialized,Audi F1 partner,"Telecom, Media, Electronics & Gaming",8,Aventon,aventon.com,Bicycle/e-bike brand,
Specialized,Audi F1 partner,"Telecom, Media, Electronics & Gaming",9,Ride1Up,ride1up.com,Bicycle/e-bike brand,
Specialized,Audi F1 partner,"Telecom, Media, Electronics & Gaming",10,Lectric eBikes,lectricebikes.com,Bicycle/e-bike brand,
Specialized,Audi F1 partner,"Telecom, Media, Electronics & Gaming",11,Gocycle,gocycle.com,Bicycle/e-bike brand,
Specialized,Audi F1 partner,"Telecom, Media, Electronics & Gaming",12,Brompton Bicycle,brompton.com,Bicycle/e-bike brand,
Specialized,Audi F1 partner,"Telecom, Media, Electronics & Gaming",13,Tern Bicycles,ternbicycles.com,Bicycle/e-bike brand,
Specialized,Audi F1 partner,"Telecom, Media, Electronics & Gaming",14,Priority Bicycles,priority-bicycles.com,Bicycle/e-bike brand,
Specialized,Audi F1 partner,"Telecom, Media, Electronics & Gaming",15,Ribble Cycles,ribblecycles.co.uk,Bicycle/e-bike brand,
Specialized,Audi F1 partner,"Telecom, Media, Electronics & Gaming",16,Whyte Bikes,whytebikes.com,Bicycle/e-bike brand,
Specialized,Audi F1 partner,"Telecom, Media, Electronics & Gaming",17,Yeti Cycles,yeticycles.com,Bicycle/e-bike brand,
Specialized,Audi F1 partner,"Telecom, Media, Electronics & Gaming",18,Ibis Cycles,ibiscycles.com,Bicycle/e-bike brand,
Specialized,Audi F1 partner,"Telecom, Media, Electronics & Gaming",19,Pivot Cycles,pivotcycles.com,Bicycle/e-bike brand,
Specialized,Audi F1 partner,"Telecom, Media, Electronics & Gaming",20,Kona Bicycle,konaworld.com,Bicycle/e-bike brand,
Specialized,Audi F1 partner,"Telecom, Media, Electronics & Gaming",21,Marin Bikes,marinbikes.com,Bicycle/e-bike brand,
Specialized,Audi F1 partner,"Telecom, Media, Electronics & Gaming",22,Norco Bicycles,norco.com,Bicycle/e-bike brand,
Specialized,Audi F1 partner,"Telecom, Media, Electronics & Gaming",23,Riese & Muller,r-m.de,Bicycle/e-bike brand,
Specialized,Audi F1 partner,"Telecom, Media, Electronics & Gaming",24,Look Cycle,lookcycle.com,Bicycle/e-bike brand,
STC (Saudi Telecom Company),Saudi Arabian GP title sponsor,"Telecom, Media, Electronics & Gaming",1,Jawwal,jawwal.ps,Regional telecom incumbent,
STC (Saudi Telecom Company),Saudi Arabian GP title sponsor,"Telecom, Media, Electronics & Gaming",2,Lebara,lebara.com,Regional telecom incumbent,
STC (Saudi Telecom Company),Saudi Arabian GP title sponsor,"Telecom, Media, Electronics & Gaming",3,Airtel Africa,airtel.africa,Regional telecom incumbent,
STC (Saudi Telecom Company),Saudi Arabian GP title sponsor,"Telecom, Media, Electronics & Gaming",4,Zong (China Mobile Pakistan),zong.com.pk,Regional telecom incumbent,
STC (Saudi Telecom Company),Saudi Arabian GP title sponsor,"Telecom, Media, Electronics & Gaming",5,KT Corporation,kt.com,Regional telecom incumbent,
STC (Saudi Telecom Company),Saudi Arabian GP title sponsor,"Telecom, Media, Electronics & Gaming",6,SK Telecom,sktelecom.com,Regional telecom incumbent,
STC (Saudi Telecom Company),Saudi Arabian GP title sponsor,"Telecom, Media, Electronics & Gaming",7,Virgin Mobile Saudi,virginmobile.sa,Regional telecom incumbent,
STC (Saudi Telecom Company),Saudi Arabian GP title sponsor,"Telecom, Media, Electronics & Gaming",8,inwi,inwi.ma,Regional telecom incumbent,
STC (Saudi Telecom Company),Saudi Arabian GP title sponsor,"Telecom, Media, Electronics & Gaming",9,Tunisie Telecom,tunisietelecom.tn,Regional telecom incumbent,
STC (Saudi Telecom Company),Saudi Arabian GP title sponsor,"Telecom, Media, Electronics & Gaming",10,Orange Tunisie,orange.tn,Regional telecom incumbent,
STC (Saudi Telecom Company),Saudi Arabian GP title sponsor,"Telecom, Media, Electronics & Gaming",11,Orange Egypt,orange.eg,Regional telecom incumbent,
STC (Saudi Telecom Company),Saudi Arabian GP title sponsor,"Telecom, Media, Electronics & Gaming",12,Yemen Mobile,yemenmobile.com.ye,Regional telecom incumbent,
STC (Saudi Telecom Company),Saudi Arabian GP title sponsor,"Telecom, Media, Electronics & Gaming",13,Sabafon,sabafon.com,Regional telecom incumbent,
STC (Saudi Telecom Company),Saudi Arabian GP title sponsor,"Telecom, Media, Electronics & Gaming",14,Asiacell,asiacell.com,Regional telecom incumbent,
STC (Saudi Telecom Company),Saudi Arabian GP title sponsor,"Telecom, Media, Electronics & Gaming",15,Korek Telecom,korektel.com,Regional telecom incumbent,
STC (Saudi Telecom Company),Saudi Arabian GP title sponsor,"Telecom, Media, Electronics & Gaming",16,Hormuud Telecom,hormuud.com,Regional telecom incumbent,
STC (Saudi Telecom Company),Saudi Arabian GP title sponsor,"Telecom, Media, Electronics & Gaming",17,Djezzy,djezzy.dz,Regional telecom incumbent,
STC (Saudi Telecom Company),Saudi Arabian GP title sponsor,"Telecom, Media, Electronics & Gaming",18,Mobilis,mobilis.dz,Regional telecom incumbent,
STC (Saudi Telecom Company),Saudi Arabian GP title sponsor,"Telecom, Media, Electronics & Gaming",19,Cellcom Israel,cellcom.co.il,Regional telecom incumbent,
STC (Saudi Telecom Company),Saudi Arabian GP title sponsor,"Telecom, Media, Electronics & Gaming",20,Partner Communications,partner.co.il,Regional telecom incumbent,
STC (Saudi Telecom Company),Saudi Arabian GP title sponsor,"Telecom, Media, Electronics & Gaming",21,Pelephone (Israel),pelephone.co.il,Regional telecom incumbent,
T-Mobile (Deutsche Telekom),F1 regional partner; McLaren partner,"Telecom, Media, Electronics & Gaming",1,Cricket Wireless,cricketwireless.com,Major carrier,
T-Mobile (Deutsche Telekom),F1 regional partner; McLaren partner,"Telecom, Media, Electronics & Gaming",2,Boost Mobile,boostmobile.com,Growing MVNO/eSIM challenger,AT&T
T-Mobile (Deutsche Telekom),F1 regional partner; McLaren partner,"Telecom, Media, Electronics & Gaming",3,Ting Mobile,ting.com,Growing MVNO/eSIM challenger,AT&T
T-Mobile (Deutsche Telekom),F1 regional partner; McLaren partner,"Telecom, Media, Electronics & Gaming",4,Republic Wireless,republicwireless.com,Growing MVNO/eSIM challenger,AT&T
T-Mobile (Deutsche Telekom),F1 regional partner; McLaren partner,"Telecom, Media, Electronics & Gaming",5,Straight Talk,straighttalk.com,Growing MVNO/eSIM challenger,AT&T
T-Mobile (Deutsche Telekom),F1 regional partner; McLaren partner,"Telecom, Media, Electronics & Gaming",6,TracFone,tracfone.com,Growing MVNO/eSIM challenger,AT&T
T-Mobile (Deutsche Telekom),F1 regional partner; McLaren partner,"Telecom, Media, Electronics & Gaming",7,C Spire,cspire.com,Major carrier,AT&T
Tata Communications,F1 official provider (connectivity),"Telecom, Media, Electronics & Gaming",1,Colt Technology Group,colt.net,Global enterprise connectivity/network provider,
Tata Communications,F1 official provider (connectivity),"Telecom, Media, Electronics & Gaming",2,NTT Ltd,global.ntt,Global enterprise connectivity/network provider,
Tata Communications,F1 official provider (connectivity),"Telecom, Media, Electronics & Gaming",3,BT Global Services,bt.com,Global enterprise connectivity/network provider,
Tata Communications,F1 official provider (connectivity),"Telecom, Media, Electronics & Gaming",4,Telxius,telxius.com,Global enterprise connectivity/network provider,
Tata Communications,F1 official provider (connectivity),"Telecom, Media, Electronics & Gaming",5,Airtel Business,airtel.in,Global enterprise connectivity/network provider,
Tata Communications,F1 official provider (connectivity),"Telecom, Media, Electronics & Gaming",6,Cinia,cinia.fi,Global enterprise connectivity/network provider,
Tata Communications,F1 official provider (connectivity),"Telecom, Media, Electronics & Gaming",7,Aryaka Networks,aryaka.com,Global enterprise connectivity/network provider,
Tata Communications,F1 official provider (connectivity),"Telecom, Media, Electronics & Gaming",8,HGC Global Communications,hgc.com.hk,Global enterprise connectivity/network provider,
Tata Communications,F1 official provider (connectivity),"Telecom, Media, Electronics & Gaming",9,IX Reach,ixreach.com,Global enterprise connectivity/network provider,
Tata Communications,F1 official provider (connectivity),"Telecom, Media, Electronics & Gaming",10,Vodafone Business,vodafone.com,Global enterprise connectivity/network provider,
Tata Communications,F1 official provider (connectivity),"Telecom, Media, Electronics & Gaming",11,China Unicom Global,chinaunicomglobal.com,Global enterprise connectivity/network provider,
Tata Communications,F1 official provider (connectivity),"Telecom, Media, Electronics & Gaming",12,Turk Telekom International,turktelekominternational.com,Global enterprise connectivity/network provider,
Tata Communications,F1 official provider (connectivity),"Telecom, Media, Electronics & Gaming",13,Sohonet,sohonet.com,Global enterprise connectivity/network provider,
Tata Communications,F1 official provider (connectivity),"Telecom, Media, Electronics & Gaming",14,Cirion Technologies,ciriontechnologies.com,Global enterprise connectivity/network provider,
Tata Communications,F1 official provider (connectivity),"Telecom, Media, Electronics & Gaming",15,Retelit,retelit.it,Global enterprise connectivity/network provider,
Tata Communications,F1 official provider (connectivity),"Telecom, Media, Electronics & Gaming",16,Liquid Intelligent Technologies,liquid.tech,Global enterprise connectivity/network provider,
Tata Communications,F1 official provider (connectivity),"Telecom, Media, Electronics & Gaming",17,Seacom,seacom.com,Global enterprise connectivity/network provider,
Tata Communications,F1 official provider (connectivity),"Telecom, Media, Electronics & Gaming",18,WIOCC,wiocc.net,Global enterprise connectivity/network provider,
Tata Communications,F1 official provider (connectivity),"Telecom, Media, Electronics & Gaming",19,Angola Cables,angolacables.co.ao,Global enterprise connectivity/network provider,
Tata Communications,F1 official provider (connectivity),"Telecom, Media, Electronics & Gaming",20,Hurricane Electric,he.net,Global enterprise connectivity/network provider,
Tata Communications,F1 official provider (connectivity),"Telecom, Media, Electronics & Gaming",21,Arelion (Telia Carrier),arelion.com,Global enterprise connectivity/network provider,
Tata Communications,F1 official provider (connectivity),"Telecom, Media, Electronics & Gaming",22,GlobalConnect,globalconnect.com,Global enterprise connectivity/network provider,
Tata Communications,F1 official provider (connectivity),"Telecom, Media, Electronics & Gaming",23,euNetworks,eunetworks.com,Global enterprise connectivity/network provider,
Technogym,Ferrari partner,"Telecom, Media, Electronics & Gaming",1,Peloton Interactive,onepeloton.com,Fitness equipment maker,Matrix Fitness (Johnson Health Tech)
Technogym,Ferrari partner,"Telecom, Media, Electronics & Gaming",2,Assault Fitness,assaultfitness.com,Fitness equipment maker,
Technogym,Ferrari partner,"Telecom, Media, Electronics & Gaming",3,Tonal,tonal.com,Fitness equipment maker,
Technogym,Ferrari partner,"Telecom, Media, Electronics & Gaming",4,Hydrow,hydrow.com,Fitness equipment maker,
Technogym,Ferrari partner,"Telecom, Media, Electronics & Gaming",5,Tempo,tempo.fit,Fitness equipment maker,
Technogym,Ferrari partner,"Telecom, Media, Electronics & Gaming",6,Mirror (lululemon),mirror.co,Fitness equipment maker,
Technogym,Ferrari partner,"Telecom, Media, Electronics & Gaming",7,Ergatta,ergatta.com,Fitness equipment maker,Matrix Fitness (Johnson Health Tech)
Technogym,Ferrari partner,"Telecom, Media, Electronics & Gaming",8,CityRow,cityrow.com,Fitness equipment maker,Matrix Fitness (Johnson Health Tech)
Technogym,Ferrari partner,"Telecom, Media, Electronics & Gaming",9,FightCamp,fightcamp.com,Fitness equipment maker,Matrix Fitness (Johnson Health Tech)
Technogym,Ferrari partner,"Telecom, Media, Electronics & Gaming",10,Speediance,speediance.com,Fitness equipment maker,Matrix Fitness (Johnson Health Tech)
Technogym,Ferrari partner,"Telecom, Media, Electronics & Gaming",11,Vitruvian,vitruvian.com,Fitness equipment maker,Matrix Fitness (Johnson Health Tech)
Technogym,Ferrari partner,"Telecom, Media, Electronics & Gaming",12,Forme Life,formelife.com,Fitness equipment maker,Matrix Fitness (Johnson Health Tech)
Technogym,Ferrari partner,"Telecom, Media, Electronics & Gaming",13,Aviron,aviron.fit,Fitness equipment maker,Matrix Fitness (Johnson Health Tech)
Technogym,Ferrari partner,"Telecom, Media, Electronics & Gaming",14,JAXJOX,jaxjox.com,Fitness equipment maker,Matrix Fitness (Johnson Health Tech)
Technogym,Ferrari partner,"Telecom, Media, Electronics & Gaming",15,Freebeat,onefreebeat.com,Fitness equipment maker,Matrix Fitness (Johnson Health Tech)
Technogym,Ferrari partner,"Telecom, Media, Electronics & Gaming",16,Echelon Fitness,echelonfit.com,Fitness equipment maker,Matrix Fitness (Johnson Health Tech)
Technogym,Ferrari partner,"Telecom, Media, Electronics & Gaming",17,REP Fitness,repfitness.com,Fitness equipment maker,
TikTok (ByteDance),Aston Martin partner,"Telecom, Media, Electronics & Gaming",1,Kwai (Kuaishou),kwai.com,Social/short-video platform,
TikTok (ByteDance),Aston Martin partner,"Telecom, Media, Electronics & Gaming",2,Likee (BIGO),likee.video,Social/short-video platform,
TikTok (ByteDance),Aston Martin partner,"Telecom, Media, Electronics & Gaming",3,BeReal,bere.al,Social/short-video platform,
TikTok (ByteDance),Aston Martin partner,"Telecom, Media, Electronics & Gaming",4,Threads (Meta),threads.net,Social/short-video platform,
TikTok (ByteDance),Aston Martin partner,"Telecom, Media, Electronics & Gaming",5,Rumble,rumble.com,Social/short-video platform,
TikTok (ByteDance),Aston Martin partner,"Telecom, Media, Electronics & Gaming",6,Vero,vero.co,Social/short-video platform,
TikTok (ByteDance),Aston Martin partner,"Telecom, Media, Electronics & Gaming",7,Weibo,weibo.com,Social/short-video platform,
TikTok (ByteDance),Aston Martin partner,"Telecom, Media, Electronics & Gaming",8,Bilibili,bilibili.com,Social/short-video platform,
TikTok (ByteDance),Aston Martin partner,"Telecom, Media, Electronics & Gaming",9,VK (VKontakte),vk.com,Social/short-video platform,
TikTok (ByteDance),Aston Martin partner,"Telecom, Media, Electronics & Gaming",10,Chingari,chingari.io,Social/short-video platform,
TikTok (ByteDance),Aston Martin partner,"Telecom, Media, Electronics & Gaming",11,Moj (ShareChat),moj.co,Social/short-video platform,
TikTok (ByteDance),Aston Martin partner,"Telecom, Media, Electronics & Gaming",12,Firework,firework.com,Social/short-video platform,
TikTok (ByteDance),Aston Martin partner,"Telecom, Media, Electronics & Gaming",13,Dubsmash,dubsmash.com,Social/short-video platform,
TikTok (ByteDance),Aston Martin partner,"Telecom, Media, Electronics & Gaming",14,Josh (VerSe Innovation),myjosh.in,Social/short-video platform,
TikTok (ByteDance),Aston Martin partner,"Telecom, Media, Electronics & Gaming",15,Roposo (Glance),roposo.com,Social/short-video platform,
TikTok (ByteDance),Aston Martin partner,"Telecom, Media, Electronics & Gaming",16,Fanbase,fanbase.app,Social/short-video platform,
TikTok (ByteDance),Aston Martin partner,"Telecom, Media, Electronics & Gaming",17,YY Live (JOYY),yy.com,Social/short-video platform,
TikTok (ByteDance),Aston Martin partner,"Telecom, Media, Electronics & Gaming",18,Bigo Live (JOYY),bigo.tv,Social/short-video platform,
TikTok (ByteDance),Aston Martin partner,"Telecom, Media, Electronics & Gaming",19,Locket,locket.cam,Social/short-video platform,
TikTok (ByteDance),Aston Martin partner,"Telecom, Media, Electronics & Gaming",20,NGL,ngl.link,Social/short-video platform,
TikTok (ByteDance),Aston Martin partner,"Telecom, Media, Electronics & Gaming",21,Poparazzi,poparazzi.com,Social/short-video platform,
Trak Racer,Alpine partner,"Telecom, Media, Electronics & Gaming",1,Vesaro,vesaro.com,Sim racing rig/cockpit maker,Fanatec (Corsair)
Trak Racer,Alpine partner,"Telecom, Media, Electronics & Gaming",2,WheelStandPro,wheelstandpro.com,Sim racing rig/cockpit maker,Fanatec (Corsair)
Trak Racer,Alpine partner,"Telecom, Media, Electronics & Gaming",3,SimCraft,simcraft.com,Sim racing rig/cockpit maker,Fanatec (Corsair)
Trak Racer,Alpine partner,"Telecom, Media, Electronics & Gaming",4,Motion Systems,motionsystems.eu,Sim racing rig/cockpit maker,Fanatec (Corsair)
Trak Racer,Alpine partner,"Telecom, Media, Electronics & Gaming",5,D-BOX Technologies,d-box.com,Sim racing rig/cockpit maker,Fanatec (Corsair)
Trak Racer,Alpine partner,"Telecom, Media, Electronics & Gaming",6,VRX Simulations,vrxsimulations.com,Sim racing rig/cockpit maker,Fanatec (Corsair)
Trak Racer,Alpine partner,"Telecom, Media, Electronics & Gaming",7,GTR Simulator,gtrsimulator.com,Sim racing rig/cockpit maker,Fanatec (Corsair)
Trak Racer,Alpine partner,"Telecom, Media, Electronics & Gaming",8,Conspit,conspit.com,Sim racing rig/cockpit maker,Fanatec (Corsair)
Trak Racer,Alpine partner,"Telecom, Media, Electronics & Gaming",9,Buttkicker,thebuttkicker.com,Sim racing rig/cockpit maker,
viagogo (StubHub Holdings),Alpine partner,"Telecom, Media, Electronics & Gaming",1,Ticketek,ticketek.com,Secondary ticketing marketplace,
viagogo (StubHub Holdings),Alpine partner,"Telecom, Media, Electronics & Gaming",2,Eventim (CTS Eventim),eventim.de,Secondary ticketing marketplace,
viagogo (StubHub Holdings),Alpine partner,"Telecom, Media, Electronics & Gaming",3,See Tickets,seetickets.com,Secondary ticketing marketplace,
viagogo (StubHub Holdings),Alpine partner,"Telecom, Media, Electronics & Gaming",4,Lyte,lyte.com,Secondary ticketing marketplace,
viagogo (StubHub Holdings),Alpine partner,"Telecom, Media, Electronics & Gaming",5,RazorGator,razorgator.com,Secondary ticketing marketplace,
viagogo (StubHub Holdings),Alpine partner,"Telecom, Media, Electronics & Gaming",6,Coast to Coast Tickets,coasttocoasttickets.com,Secondary ticketing marketplace,
viagogo (StubHub Holdings),Alpine partner,"Telecom, Media, Electronics & Gaming",7,Tixr,tixr.com,Secondary ticketing marketplace,
viagogo (StubHub Holdings),Alpine partner,"Telecom, Media, Electronics & Gaming",8,TicketCity,ticketcity.com,Secondary ticketing marketplace,
viagogo (StubHub Holdings),Alpine partner,"Telecom, Media, Electronics & Gaming",9,Ticketbud,ticketbud.com,Secondary ticketing marketplace,
viagogo (StubHub Holdings),Alpine partner,"Telecom, Media, Electronics & Gaming",10,Barry's Tickets,barrystickets.com,Secondary ticketing marketplace,
viagogo (StubHub Holdings),Alpine partner,"Telecom, Media, Electronics & Gaming",11,Ticket Liquidator,ticketliquidator.com,Secondary ticketing marketplace,
viagogo (StubHub Holdings),Alpine partner,"Telecom, Media, Electronics & Gaming",12,MegaSeats,megaseats.com,Secondary ticketing marketplace,
viagogo (StubHub Holdings),Alpine partner,"Telecom, Media, Electronics & Gaming",13,GoTickets.com,gotickets.com,Secondary ticketing marketplace,
viagogo (StubHub Holdings),Alpine partner,"Telecom, Media, Electronics & Gaming",14,Ace Ticket,aceticket.com,Secondary ticketing marketplace,
viagogo (StubHub Holdings),Alpine partner,"Telecom, Media, Electronics & Gaming",15,ScoreBig,scorebig.com,Secondary ticketing marketplace,
viagogo (StubHub Holdings),Alpine partner,"Telecom, Media, Electronics & Gaming",16,TicketNetwork,ticketnetwork.com,Secondary ticketing marketplace,
viagogo (StubHub Holdings),Alpine partner,"Telecom, Media, Electronics & Gaming",17,Fansale (CTS Eventim),fansale.de,Secondary ticketing marketplace,
viagogo (StubHub Holdings),Alpine partner,"Telecom, Media, Electronics & Gaming",18,Ticket Squeeze,ticketsqueeze.com,Secondary ticketing marketplace,
viagogo (StubHub Holdings),Alpine partner,"Telecom, Media, Electronics & Gaming",19,CashorTrade,cashortrade.org,Secondary ticketing marketplace,
viagogo (StubHub Holdings),Alpine partner,"Telecom, Media, Electronics & Gaming",20,Lysted (SeatUnique),lysted.com,Secondary ticketing marketplace,
viagogo (StubHub Holdings),Alpine partner,"Telecom, Media, Electronics & Gaming",21,Ticombo,ticombo.net,Secondary ticketing marketplace,
viagogo (StubHub Holdings),Alpine partner,"Telecom, Media, Electronics & Gaming",22,Gigantic Tickets,gigantic.com,Secondary ticketing marketplace,
viagogo (StubHub Holdings),Alpine partner,"Telecom, Media, Electronics & Gaming",23,Ticketsource,ticketsource.co.uk,Secondary ticketing marketplace,
viagogo (StubHub Holdings),Alpine partner,"Telecom, Media, Electronics & Gaming",24,Skiddle,skiddle.com,Secondary ticketing marketplace,
WhatsApp (Meta),Mercedes partner,"Telecom, Media, Electronics & Gaming",1,IMO,imo.im,Messaging app,
WhatsApp (Meta),Mercedes partner,"Telecom, Media, Electronics & Gaming",2,Wickr,wickr.com,Messaging app,
WhatsApp (Meta),Mercedes partner,"Telecom, Media, Electronics & Gaming",3,Session (Oxen),getsession.org,Messaging app,
WhatsApp (Meta),Mercedes partner,"Telecom, Media, Electronics & Gaming",4,Element (Matrix),element.io,Messaging app,
WhatsApp (Meta),Mercedes partner,"Telecom, Media, Electronics & Gaming",5,Kik Messenger,kik.com,Messaging app,
WhatsApp (Meta),Mercedes partner,"Telecom, Media, Electronics & Gaming",6,Confide,getconfide.com,Messaging app,
WhatsApp (Meta),Mercedes partner,"Telecom, Media, Electronics & Gaming",7,Wire,wire.com,Messaging app,
WhatsApp (Meta),Mercedes partner,"Telecom, Media, Electronics & Gaming",8,BOTIM,botim.me,Messaging app,
WhatsApp (Meta),Mercedes partner,"Telecom, Media, Electronics & Gaming",9,Rocket.Chat,rocket.chat,Messaging app,
WhatsApp (Meta),Mercedes partner,"Telecom, Media, Electronics & Gaming",10,Chatwork,chatwork.com,Messaging app,
WhatsApp (Meta),Mercedes partner,"Telecom, Media, Electronics & Gaming",11,Tox,tox.chat,Messaging app,
WhatsApp (Meta),Mercedes partner,"Telecom, Media, Electronics & Gaming",12,BBM (BlackBerry Messenger),bbm.com,Messaging app,
WhatsApp (Meta),Mercedes partner,"Telecom, Media, Electronics & Gaming",13,Tencent QQ,qq.com,Messaging app,
WhatsApp (Meta),Mercedes partner,"Telecom, Media, Electronics & Gaming",14,Jio Chat,jiochat.com,Messaging app,
WhatsApp (Meta),Mercedes partner,"Telecom, Media, Electronics & Gaming",15,Hike Messenger,hike.in,Messaging app,
WhatsApp (Meta),Mercedes partner,"Telecom, Media, Electronics & Gaming",16,Nimbuzz,nimbuzz.com,Messaging app,
WhatsApp (Meta),Mercedes partner,"Telecom, Media, Electronics & Gaming",17,Zoho Cliq,zoho.com,Messaging app,
WhatsApp (Meta),Mercedes partner,"Telecom, Media, Electronics & Gaming",18,Truecaller,truecaller.com,Messaging app,
WhatsApp (Meta),Mercedes partner,"Telecom, Media, Electronics & Gaming",19,Status,status.im,Messaging app,
WhatsApp (Meta),Mercedes partner,"Telecom, Media, Electronics & Gaming",20,Briar,briarproject.org,Messaging app,
WhatsApp (Meta),Mercedes partner,"Telecom, Media, Electronics & Gaming",21,SimpleX Chat,simplex.chat,Messaging app,
WhatsApp (Meta),Mercedes partner,"Telecom, Media, Electronics & Gaming",22,Olvid,olvid.io,Messaging app,
WhatsApp (Meta),Mercedes partner,"Telecom, Media, Electronics & Gaming",23,Jami,jami.net,Messaging app,
Atlas Air,Aston Martin partner,"Travel, Logistics & Property",1,Western Global Airlines,westernglobalairlines.com,US widebody cargo/ACMI charter operator,
Atlas Air,Aston Martin partner,"Travel, Logistics & Property",2,Silk Way West Airlines,silkwaywest.com,Fast-growing Azerbaijani cargo carrier,
Atlas Air,Aston Martin partner,"Travel, Logistics & Property",3,Cargojet,cargojet.com,Leading Canadian cargo/ACMI carrier,
Atlas Air,Aston Martin partner,"Travel, Logistics & Property",4,National Airlines (National Air Cargo),nationalaircargo.com,US cargo and charter carrier,
Atlas Air,Aston Martin partner,"Travel, Logistics & Property",5,ABX Air,abxair.com,US cargo ACMI carrier,
Atlas Air,Aston Martin partner,"Travel, Logistics & Property",6,Southern Air,southernair.com,US cargo and charter airline,
Atlas Air,Aston Martin partner,"Travel, Logistics & Property",7,China Cargo Airlines,chinacargo.com.cn,Major Chinese international cargo carrier,
Atlas Air,Aston Martin partner,"Travel, Logistics & Property",8,Suparna Airlines,suparnaair.com,Growing Chinese all-cargo carrier (formerly Yangtze River Express),
Atlas Air,Aston Martin partner,"Travel, Logistics & Property",9,SF Airlines,sf-airlines.com,SF Express's fast-scaling Chinese cargo airline,
Atlas Air,Aston Martin partner,"Travel, Logistics & Property",10,Air China Cargo,airchinacargo.com,Chinese flag carrier's dedicated cargo arm,
Atlas Air,Aston Martin partner,"Travel, Logistics & Property",11,ASL Airlines,aslairlines.com,European cargo and charter airline group,
Atlas Air,Aston Martin partner,"Travel, Logistics & Property",12,CAL Cargo Air Lines,cal-cargo.com,Israeli international cargo carrier,
Atlas Air,Aston Martin partner,"Travel, Logistics & Property",13,Challenge Airlines,challenge-group.com,European ACMI and cargo airline group,
Atlas Air,Aston Martin partner,"Travel, Logistics & Property",14,Titan Airways,titanairways.com,UK ACMI and charter airline,
Atlas Air,Aston Martin partner,"Travel, Logistics & Property",15,SmartLynx Airlines,smartlynx.aero,Fast-growing European ACMI wet-lease operator,
Atlas Air,Aston Martin partner,"Travel, Logistics & Property",16,Hi Fly,hifly.aero,Portuguese ACMI wet-lease airline,
Atlas Air,Aston Martin partner,"Travel, Logistics & Property",17,AirExplore,airexplore.sk,Slovak ACMI charter operator,
Atlas Air,Aston Martin partner,"Travel, Logistics & Property",18,West Atlantic,westatlantic.eu,European regional cargo airline,
Atlas Air,Aston Martin partner,"Travel, Logistics & Property",19,Maximus Air,maximusair.com,UAE-based cargo and charter carrier,
Atlas Air,Aston Martin partner,"Travel, Logistics & Property",20,Astral Aviation,astral-aviation.com,Fast-growing African cargo airline,
Atlas Air,Aston Martin partner,"Travel, Logistics & Property",21,Raya Airways,raya-airways.com,Malaysian cargo airline,
Atlas Air,Aston Martin partner,"Travel, Logistics & Property",22,Saudia Cargo,saudiacargo.com,Saudi Arabia's dedicated air cargo carrier,
Atlas Air,Aston Martin partner,"Travel, Logistics & Property",23,Jett8 Airlines Cargo,jett8.com,Singapore-based cargo ACMI operator,
Atlas Air,Aston Martin partner,"Travel, Logistics & Property",24,K-Mile Air,k-mileair.com,Thai cargo charter airline,
CEVA Logistics (CMA CGM),Ferrari logistics partner,"Travel, Logistics & Property",1,Logwin AG,logwin-logistics.com,Luxembourg-based global freight forwarding and logistics group,
CEVA Logistics (CMA CGM),Ferrari logistics partner,"Travel, Logistics & Property",2,Kerry Logistics Network,kerrylogistics.com,Asia-based freight forwarding and contract logistics group,
CEVA Logistics (CMA CGM),Ferrari logistics partner,"Travel, Logistics & Property",3,Toll Group,tollgroup.com,Australian/Asian freight and logistics provider,
CEVA Logistics (CMA CGM),Ferrari logistics partner,"Travel, Logistics & Property",4,Mainfreight,mainfreight.com,Fast-growing global freight and logistics group,
CEVA Logistics (CMA CGM),Ferrari logistics partner,"Travel, Logistics & Property",5,Kintetsu World Express,kwe.com,Japanese global freight forwarding company,
CEVA Logistics (CMA CGM),Ferrari logistics partner,"Travel, Logistics & Property",6,Logisteed (Hitachi Transport System),logisteed.com,Japanese contract logistics and supply chain provider,
CEVA Logistics (CMA CGM),Ferrari logistics partner,"Travel, Logistics & Property",7,Wincanton,wincanton.co.uk,UK contract logistics and supply chain provider,
CEVA Logistics (CMA CGM),Ferrari logistics partner,"Travel, Logistics & Property",8,GEFCO,gefco.net,European automotive and industrial logistics provider,
CEVA Logistics (CMA CGM),Ferrari logistics partner,"Travel, Logistics & Property",9,Penske Logistics,penskelogistics.com,US contract logistics and supply chain provider,
CEVA Logistics (CMA CGM),Ferrari logistics partner,"Travel, Logistics & Property",10,ID Logistics,id-logistics.com,Fast-growing European contract logistics operator,
CEVA Logistics (CMA CGM),Ferrari logistics partner,"Travel, Logistics & Property",11,STEF Group,stef.com,European temperature-controlled logistics provider,
CEVA Logistics (CMA CGM),Ferrari logistics partner,"Travel, Logistics & Property",12,Neovia Logistics,neovialogistics.com,Global automotive/industrial contract logistics provider,
CEVA Logistics (CMA CGM),Ferrari logistics partner,"Travel, Logistics & Property",13,CJ Logistics,cjlogistics.com,Korean logistics group scaling globally,
CEVA Logistics (CMA CGM),Ferrari logistics partner,"Travel, Logistics & Property",14,Pilot Freight Services,pilotdelivers.com,US freight forwarding and final-mile logistics provider,
CEVA Logistics (CMA CGM),Ferrari logistics partner,"Travel, Logistics & Property",15,Odyssey Logistics,odysseylogistics.com,US multimodal logistics and freight management provider,
CEVA Logistics (CMA CGM),Ferrari logistics partner,"Travel, Logistics & Property",16,Averitt Express,averittexpress.com,US freight and supply chain logistics provider,
CEVA Logistics (CMA CGM),Ferrari logistics partner,"Travel, Logistics & Property",17,Kenco Group,kencogroup.com,US contract logistics and warehousing provider,
CEVA Logistics (CMA CGM),Ferrari logistics partner,"Travel, Logistics & Property",18,BDP International,bdpinternational.com,Global freight forwarding and supply chain provider,
CEVA Logistics (CMA CGM),Ferrari logistics partner,"Travel, Logistics & Property",19,Radiant Logistics,radiantdelivers.com,US freight forwarding and logistics network,
CEVA Logistics (CMA CGM),Ferrari logistics partner,"Travel, Logistics & Property",20,Circle Logistics,circledelivers.com,Fast-growing US freight brokerage,
CEVA Logistics (CMA CGM),Ferrari logistics partner,"Travel, Logistics & Property",21,ArcBest,arcb.com,US freight and integrated logistics provider,
CEVA Logistics (CMA CGM),Ferrari logistics partner,"Travel, Logistics & Property",22,Forto,forto.com,Digital freight forwarding challenger scaling in Europe,
CEVA Logistics (CMA CGM),Ferrari logistics partner,"Travel, Logistics & Property",23,Transporeon (Trimble),transporeon.com,Freight sourcing and visibility platform,
DAMAC Properties,Red Bull Racing partner,"Travel, Logistics & Property",1,Arada,arada.com,Fast-growing Sharjah master-developer,
DAMAC Properties,Red Bull Racing partner,"Travel, Logistics & Property",2,Eagle Hills,eagle-hills.com,Abu Dhabi-based regional giga-project developer,
DAMAC Properties,Red Bull Racing partner,"Travel, Logistics & Property",3,Tiger Properties,tigerproperties.ae,Scaling Dubai residential developer,
DAMAC Properties,Red Bull Racing partner,"Travel, Logistics & Property",4,MAG Lifestyle Development,mag.ae,Growing Dubai luxury developer,
DAMAC Properties,Red Bull Racing partner,"Travel, Logistics & Property",5,Object 1,object1.com,Boutique Dubai luxury developer,
DAMAC Properties,Red Bull Racing partner,"Travel, Logistics & Property",6,Union Properties,up.ae,Established Dubai developer diversifying portfolio,
DAMAC Properties,Red Bull Racing partner,"Travel, Logistics & Property",7,Reportage Properties,reportageuae.com,Fast-scaling Dubai residential developer,
DAMAC Properties,Red Bull Racing partner,"Travel, Logistics & Property",8,Al Habtoor Group (Real Estate),alhabtoorrealestate.com,Diversified Dubai developer,
DAMAC Properties,Red Bull Racing partner,"Travel, Logistics & Property",9,Sankari Properties,sankariproperties.com,Boutique luxury Dubai developer,
DAMAC Properties,Red Bull Racing partner,"Travel, Logistics & Property",10,Samana Developers,samana.ae,Rapidly scaling Dubai mid-market developer,
DAMAC Properties,Red Bull Racing partner,"Travel, Logistics & Property",11,Prescott Real Estate Development,prescottdevelopment.com,Growth-stage Dubai developer,
DAMAC Properties,Red Bull Racing partner,"Travel, Logistics & Property",12,Condor Group,condorgroup.ae,Dubai luxury villa/apartment developer,
DAMAC Properties,Red Bull Racing partner,"Travel, Logistics & Property",13,Dar Al Arkan,dai.com.sa,Saudi Arabia's largest listed real estate developer,
DAMAC Properties,Red Bull Racing partner,"Travel, Logistics & Property",14,Roshn Group,roshn.sa,Saudi PIF-backed giga-project residential developer,
DAMAC Properties,Red Bull Racing partner,"Travel, Logistics & Property",15,Diriyah Company,diriyah.sa,Saudi giga-project heritage/luxury developer,
DAMAC Properties,Red Bull Racing partner,"Travel, Logistics & Property",16,Majid Al Futtaim (Communities),majidalfuttaim.com,Diversified Gulf mixed-use developer,
DAMAC Properties,Red Bull Racing partner,"Travel, Logistics & Property",17,Talaat Moustafa Group,tmg.com.eg,Leading Egyptian mega-developer,
DAMAC Properties,Red Bull Racing partner,"Travel, Logistics & Property",18,SODIC,sodic.com,Fast-growing Egyptian developer,
DAMAC Properties,Red Bull Racing partner,"Travel, Logistics & Property",19,Palm Hills Developments,palmhillsdevelopments.com,Egyptian residential developer,
DAMAC Properties,Red Bull Racing partner,"Travel, Logistics & Property",20,Ora Developers,oradevelopers.com,Regional luxury developer expanding across Egypt/Gulf,
DAMAC Properties,Red Bull Racing partner,"Travel, Logistics & Property",21,United Development Company (Qatar),udcqatar.com,Pearl-Qatar master developer,
DAMAC Properties,Red Bull Racing partner,"Travel, Logistics & Property",22,Barwa Real Estate,barwa.com.qa,Qatari real estate developer,
DAMAC Properties,Red Bull Racing partner,"Travel, Logistics & Property",23,Msheireb Properties,msheireb.com,Doha downtown regeneration developer,
DAMAC Properties,Red Bull Racing partner,"Travel, Logistics & Property",24,Diyar Al Muharraq,diyaralmuharraq.com,Bahraini master-planned island developer,
DHL,F1 global partner (official logistics),"Travel, Logistics & Property",1,Rohlig Logistics,rohlig.com,German family-owned global freight forwarder,
DHL,F1 global partner (official logistics),"Travel, Logistics & Property",2,Dachser,dachser.com,European logistics and freight forwarding network,CEVA Logistics (CMA CGM)
DHL,F1 global partner (official logistics),"Travel, Logistics & Property",3,Rhenus Logistics,rhenus.com,European contract logistics and freight forwarder,CEVA Logistics (CMA CGM)
DHL,F1 global partner (official logistics),"Travel, Logistics & Property",4,Schneider National,schneider.com,US truckload and logistics carrier,
DHL,F1 global partner (official logistics),"Travel, Logistics & Property",5,Saia Inc.,saia.com,US less-than-truckload carrier,
DHL,F1 global partner (official logistics),"Travel, Logistics & Property",6,Forward Air,forwardair.com,US expedited freight and logistics provider,
DHL,F1 global partner (official logistics),"Travel, Logistics & Property",7,Estes Express Lines,estes-express.com,US LTL freight carrier,
DHL,F1 global partner (official logistics),"Travel, Logistics & Property",8,Hub Group,hubgroup.com,US intermodal and logistics provider,
DHL,F1 global partner (official logistics),"Travel, Logistics & Property",9,Werner Enterprises,werner.com,US trucking and logistics company,
DHL,F1 global partner (official logistics),"Travel, Logistics & Property",10,Landstar System,landstar.com,Asset-light freight transportation network,
DHL,F1 global partner (official logistics),"Travel, Logistics & Property",11,Knight-Swift Transportation,knightswift.com,Largest US truckload carrier,
DHL,F1 global partner (official logistics),"Travel, Logistics & Property",12,NFI Industries,nfiindustries.com,US supply chain and logistics provider,
DHL,F1 global partner (official logistics),"Travel, Logistics & Property",13,Purolator,purolator.com,Canadian parcel and freight carrier,
DHL,F1 global partner (official logistics),"Travel, Logistics & Property",14,ZTO Express,zto.com,Fast-growing Chinese parcel delivery giant,
DHL,F1 global partner (official logistics),"Travel, Logistics & Property",15,JD Logistics,jdl.com,China ecommerce logistics arm scaling globally,
DHL,F1 global partner (official logistics),"Travel, Logistics & Property",16,YTO Express,yto.net.cn,Chinese express delivery network,
DHL,F1 global partner (official logistics),"Travel, Logistics & Property",17,Best Inc,best-inc.com,Chinese smart logistics and delivery provider,
DHL,F1 global partner (official logistics),"Travel, Logistics & Property",18,Ninja Van,ninjavan.co,Fast-growing Southeast Asian last-mile logistics startup,
DHL,F1 global partner (official logistics),"Travel, Logistics & Property",19,J&T Express,jtexpress.sg,Rapidly scaling Southeast Asian/global parcel delivery,
DHL,F1 global partner (official logistics),"Travel, Logistics & Property",20,Flexport,flexport.com,Digital freight forwarding and supply chain platform,
DHL,F1 global partner (official logistics),"Travel, Logistics & Property",21,Freightos,freightos.com,Digital freight booking marketplace,
DHL,F1 global partner (official logistics),"Travel, Logistics & Property",22,Uber Freight,uberfreight.com,Digital freight brokerage platform,
DHL,F1 global partner (official logistics),"Travel, Logistics & Property",23,project44,project44.com,Supply chain visibility and logistics tech platform,
DHL,F1 global partner (official logistics),"Travel, Logistics & Property",24,FourKites,fourkites.com,Real-time supply chain visibility platform,
DHL,F1 global partner (official logistics),"Travel, Logistics & Property",25,Purolator International,purolatorinternational.com,Cross-border parcel and freight specialist,
DP World,McLaren logistics partner,"Travel, Logistics & Property",1,HHLA (Hamburg Hafen und Logistik),hhla.de,German port and logistics terminal operator,
DP World,McLaren logistics partner,"Travel, Logistics & Property",2,Yilport Holding,yilport.com,Fast-expanding Turkish global port terminal operator,
DP World,McLaren logistics partner,"Travel, Logistics & Property",3,Gulftainer,gulftainer.com,Independent Gulf-based port terminal operator,
DP World,McLaren logistics partner,"Travel, Logistics & Property",4,Terminal Investment Limited (TIL),til.com,MSC-affiliated global terminal operator,
DP World,McLaren logistics partner,"Travel, Logistics & Property",5,Qingdao Port International,qdport.com,Major Chinese port operator,
DP World,McLaren logistics partner,"Travel, Logistics & Property",6,Shanghai International Port Group,portshanghai.com.cn,World's busiest container port operator,
DP World,McLaren logistics partner,"Travel, Logistics & Property",7,DCT Gdansk,dctgdansk.pl,Fast-growing Baltic deep-water container terminal,
DP World,McLaren logistics partner,"Travel, Logistics & Property",8,Contship Italia,contshipitalia.com,Italian port terminal and logistics operator,
DP World,McLaren logistics partner,"Travel, Logistics & Property",9,King Abdullah Port,kaports.com.sa,Fast-growing Saudi private port operator,
DP World,McLaren logistics partner,"Travel, Logistics & Property",10,Sohar Port and Freezone,soharportandfreezone.com,Omani port and free zone operator,
DP World,McLaren logistics partner,"Travel, Logistics & Property",11,Port of Salalah,portofsalalah.com,Omani container transshipment hub,
DP World,McLaren logistics partner,"Travel, Logistics & Property",12,Tanger Med Port Authority,tangermedport.com,Fast-growing Moroccan mega-port and free zone,
DP World,McLaren logistics partner,"Travel, Logistics & Property",13,Hamriyah Free Zone Authority,hfza.gov.ae,UAE port-linked free zone operator,
DP World,McLaren logistics partner,"Travel, Logistics & Property",14,RAKEZ (Ras Al Khaimah Economic Zone),rakez.com,Growing UAE free zone and logistics hub operator,
DP World,McLaren logistics partner,"Travel, Logistics & Property",15,South Asia Gateway Terminals,sagt.com.lk,Sri Lankan container terminal operator,
DP World,McLaren logistics partner,"Travel, Logistics & Property",16,Krishnapatnam Port Company,krishnapatnamport.com,Fast-growing Indian private port operator,
DP World,McLaren logistics partner,"Travel, Logistics & Property",17,Karachi Port Trust,kpt.gov.pk,Pakistani port authority,
DP World,McLaren logistics partner,"Travel, Logistics & Property",18,Lekki Port,lekkiport.com,New deep-water port and logistics hub in Nigeria,
DP World,McLaren logistics partner,"Travel, Logistics & Property",19,Bahri,bahri.sa,Saudi state shipping and logistics operator,
DP World,McLaren logistics partner,"Travel, Logistics & Property",20,NYK Line,nyk.com,Japanese shipping and terminal operator,
DP World,McLaren logistics partner,"Travel, Logistics & Property",21,OOCL,oocl.com,Global container shipping and terminal operator,
DP World,McLaren logistics partner,"Travel, Logistics & Property",22,Duqm Port,duqm.gov.om,Omani special economic zone port,
DP World,McLaren logistics partner,"Travel, Logistics & Property",23,Fujairah Port,fujairahport.ae,UAE east-coast port and logistics hub,
DP World,McLaren logistics partner,"Travel, Logistics & Property",24,Colombo International Container Terminals,cict.lk,Sri Lankan deep-water container terminal,
Etihad Airways,Abu Dhabi GP title sponsor; McLaren official airline partner (from 2026),"Travel, Logistics & Property",1,Wizz Air Abu Dhabi,wizzair.com,"Abu Dhabi-based budget JV, direct home-market rival",Gulf Air
Etihad Airways,Abu Dhabi GP title sponsor; McLaren official airline partner (from 2026),"Travel, Logistics & Property",2,IndiGo,goindigo.in,"India's largest carrier, major feeder/competitor on Gulf routes",Singapore Airlines
Etihad Airways,Abu Dhabi GP title sponsor; McLaren official airline partner (from 2026),"Travel, Logistics & Property",3,Akasa Air,akasaair.com,Fast-growing Indian challenger airline,Singapore Airlines
Etihad Airways,Abu Dhabi GP title sponsor; McLaren official airline partner (from 2026),"Travel, Logistics & Property",4,SpiceJet,spicejet.com,Indian carrier competing on India-Gulf corridor,
Etihad Airways,Abu Dhabi GP title sponsor; McLaren official airline partner (from 2026),"Travel, Logistics & Property",5,Air India Express,airindiaexpress.in,Low-cost long-haul arm competing on Gulf routes,Singapore Airlines
Eurodatacar,Alpine partner,"Travel, Logistics & Property",1,IDnow,idnow.io,European identity verification and KYC platform,
Eurodatacar,Alpine partner,"Travel, Logistics & Property",2,Trulioo,trulioo.com,Global identity verification and KYC platform,CLEAR
Eurodatacar,Alpine partner,"Travel, Logistics & Property",3,GBG (GB Group),gbgplc.com,Global identity verification and fraud prevention provider,CLEAR
Eurodatacar,Alpine partner,"Travel, Logistics & Property",4,Veriff,veriff.com,Fast-growing identity verification platform,CLEAR
Eurodatacar,Alpine partner,"Travel, Logistics & Property",5,Regula Forensics,regulaforensics.com,Document and ID verification technology provider,CLEAR
Eurodatacar,Alpine partner,"Travel, Logistics & Property",6,Mitek Systems,miteksystems.com,Identity verification and document capture technology,CLEAR
Eurodatacar,Alpine partner,"Travel, Logistics & Property",7,AU10TIX,au10tix.com,Identity verification and fraud prevention platform,CLEAR
Eurodatacar,Alpine partner,"Travel, Logistics & Property",8,Sumsub,sumsub.com,Fast-growing identity verification and KYC platform,CLEAR
Eurodatacar,Alpine partner,"Travel, Logistics & Property",9,Shufti Pro,shuftipro.com,Global identity verification and KYC provider,CLEAR
Eurodatacar,Alpine partner,"Travel, Logistics & Property",10,Ondato,ondato.com,European identity verification and compliance platform,CLEAR
Eurodatacar,Alpine partner,"Travel, Logistics & Property",11,Signicat,signicat.com,European digital identity and e-signing platform,
Eurodatacar,Alpine partner,"Travel, Logistics & Property",12,Authenticate.com,authenticate.com,US identity verification platform,
Eurodatacar,Alpine partner,"Travel, Logistics & Property",13,ComplyCube,complycube.com,UK identity verification and KYC platform,
Eurodatacar,Alpine partner,"Travel, Logistics & Property",14,IDVerse,idverse.com,AI-driven document and identity verification provider,
Eurodatacar,Alpine partner,"Travel, Logistics & Property",15,Prove Identity,prove.com,US phone-based identity verification platform,CLEAR
Eurodatacar,Alpine partner,"Travel, Logistics & Property",16,Facephi,facephi.com,Spanish biometric identity verification provider,
Eurodatacar,Alpine partner,"Travel, Logistics & Property",17,Truora,truora.com,Latin American identity verification platform,
Eurodatacar,Alpine partner,"Travel, Logistics & Property",18,Metamap,metamap.com,Emerging markets identity verification platform,
Eurodatacar,Alpine partner,"Travel, Logistics & Property",19,Instnt,instnt.org,Identity verification and onboarding risk platform,
Eurodatacar,Alpine partner,"Travel, Logistics & Property",20,Alloy,alloy.com,Identity risk and fraud decisioning platform,
Eurodatacar,Alpine partner,"Travel, Logistics & Property",21,Intellicheck,intellicheck.com,US ID verification and age/fraud detection provider,
Eurodatacar,Alpine partner,"Travel, Logistics & Property",22,Klippa,klippa.com,Document scanning and data extraction API provider,
Eurodatacar,Alpine partner,"Travel, Logistics & Property",23,Mobbeel,mobbeel.com,Spanish biometric identity verification provider,
Fix Network,Haas partner,"Travel, Logistics & Property",1,Safelite AutoGlass,safelite.com,US auto glass repair and replacement network,
Fix Network,Haas partner,"Travel, Logistics & Property",2,Belron,belron.com,Global auto glass repair franchise group,
Fix Network,Haas partner,"Travel, Logistics & Property",3,Joe Hudson's Collision Center,joehudsons.com,US collision repair franchise network,
Fix Network,Haas partner,"Travel, Logistics & Property",4,Cook's Collision,cookscollisioncenters.com,US regional collision repair network,
Fix Network,Haas partner,"Travel, Logistics & Property",5,CSN Collision Centres,csninc.ca,Canadian collision repair franchise network,
Fix Network,Haas partner,"Travel, Logistics & Property",6,Assured Automotive,assuredauto.ca,Canadian collision repair network,
Fix Network,Haas partner,"Travel, Logistics & Property",7,Boyd Group Services,boydgroup.com,North American collision repair group,
Fix Network,Haas partner,"Travel, Logistics & Property",8,1-800-Radiator & A/C,1800radiator.com,US auto parts and repair franchise network,
Fix Network,Haas partner,"Travel, Logistics & Property",9,AutoNation Collision Centers,autonation.com,US collision repair center network,
Fix Network,Haas partner,"Travel, Logistics & Property",10,Kwik Fit,kwik-fit.com,UK tyre and auto repair franchise network,
Fix Network,Haas partner,"Travel, Logistics & Property",11,Halfords Autocentres,halfordsautocentres.com,UK auto repair franchise network,
Fix Network,Haas partner,"Travel, Logistics & Property",12,National Tyres and Autocare,national.co.uk,UK tyre and auto repair network,
Fix Network,Haas partner,"Travel, Logistics & Property",13,ATS Euromaster,euromaster.co.uk,European tyre and auto service network,
Fix Network,Haas partner,"Travel, Logistics & Property",14,Feu Vert,feuvert.fr,French auto repair and parts franchise network,
Fix Network,Haas partner,"Travel, Logistics & Property",15,Norauto,norauto.fr,French auto repair and parts franchise network,
Fix Network,Haas partner,"Travel, Logistics & Property",16,Pep Boys,pepboys.com,US auto repair and parts retail network,
Fix Network,Haas partner,"Travel, Logistics & Property",17,Monro Inc.,monro.com,US auto repair franchise network,
Fix Network,Haas partner,"Travel, Logistics & Property",18,Firestone Complete Auto Care,firestonecompleteautocare.com,US auto repair franchise network,
Fix Network,Haas partner,"Travel, Logistics & Property",19,Les Schwab Tire Centers,lesschwab.com,US tyre and auto service network,
Fix Network,Haas partner,"Travel, Logistics & Property",20,AAMCO Transmissions,aamco.com,US transmission and auto repair franchise,
Fix Network,Haas partner,"Travel, Logistics & Property",21,Tuffy Auto Service Centers,tuffy.com,US auto repair franchise network,
Fix Network,Haas partner,"Travel, Logistics & Property",22,Cottman Transmission and Total Auto Care,cottman.com,US auto repair franchise network,
Fix Network,Haas partner,"Travel, Logistics & Property",23,Big O Tires,bigotires.com,US tyre and auto repair franchise network,
Fix Network,Haas partner,"Travel, Logistics & Property",24,Just Tires,justtires.com,US tyre and auto repair retail network,
Fix Network,Haas partner,"Travel, Logistics & Property",25,Tire Kingdom,tirekingdom.com,US tyre and auto repair retail network,
Flexjet,F1 official provider (private aviation),"Travel, Logistics & Property",1,Volato,volato.com,Emerging US fractional/jet card challenger,ONEflight
Flexjet,F1 official provider (private aviation),"Travel, Logistics & Property",2,Set Jet,setjet.com,Membership-based light jet operator,ONEflight
Flexjet,F1 official provider (private aviation),"Travel, Logistics & Property",3,Executive AirShare,execairshare.com,US fractional and charter operator,ONEflight
Flexjet,F1 official provider (private aviation),"Travel, Logistics & Property",4,Delta Private Jets,deltaprivatejets.com,US on-demand and jet card operator,ONEflight
Flexjet,F1 official provider (private aviation),"Travel, Logistics & Property",5,Priester Aviation,priesteraviation.com,US private aviation management operator,
Flexjet,F1 official provider (private aviation),"Travel, Logistics & Property",6,Gama Aviation,gamaaviation.com,UK/global business aviation services provider,ONEflight
Gulf Air,Bahrain GP title sponsor (2026 race cancelled but partnership active),"Travel, Logistics & Property",1,Royal Air Maroc,royalairmaroc.com,Moroccan flag carrier expanding network,
Gulf Air,Bahrain GP title sponsor (2026 race cancelled but partnership active),"Travel, Logistics & Property",2,Air Astana,airastana.com,Kazakh regional carrier scaling internationally,
Gulf Air,Bahrain GP title sponsor (2026 race cancelled but partnership active),"Travel, Logistics & Property",3,Azerbaijan Airlines (AZAL),azal.az,Azerbaijani flag carrier expanding routes,
Gulf Air,Bahrain GP title sponsor (2026 race cancelled but partnership active),"Travel, Logistics & Property",4,Uzbekistan Airways,uzairways.com,Central Asian flag carrier scaling network,
Gulf Air,Bahrain GP title sponsor (2026 race cancelled but partnership active),"Travel, Logistics & Property",5,Air Serbia,airserbia.com,Balkan regional network carrier,
Gulf Air,Bahrain GP title sponsor (2026 race cancelled but partnership active),"Travel, Logistics & Property",6,TAROM,tarom.ro,Romanian flag carrier,
Gulf Air,Bahrain GP title sponsor (2026 race cancelled but partnership active),"Travel, Logistics & Property",7,Croatia Airlines,croatiaairlines.com,Croatian regional flag carrier,
Gulf Air,Bahrain GP title sponsor (2026 race cancelled but partnership active),"Travel, Logistics & Property",8,KM Malta Airlines,kmmaltairlines.com,Rebranded Maltese flag carrier,
Gulf Air,Bahrain GP title sponsor (2026 race cancelled but partnership active),"Travel, Logistics & Property",9,Cyprus Airways,cyprusairways.com,Cypriot regional carrier,
Gulf Air,Bahrain GP title sponsor (2026 race cancelled but partnership active),"Travel, Logistics & Property",10,Bulgaria Air,air.bg,Bulgarian flag carrier,
Gulf Air,Bahrain GP title sponsor (2026 race cancelled but partnership active),"Travel, Logistics & Property",11,Air Montenegro,air-montenegro.com,New Montenegrin flag carrier,
Hahnair,Racing Bulls partner,"Travel, Logistics & Property",1,Duffel,duffel.com,NDC-native flight booking API challenger,
Hahnair,Racing Bulls partner,"Travel, Logistics & Property",2,Verteil Technologies,verteiltech.com,NDC content aggregation and distribution platform,
Hahnair,Racing Bulls partner,"Travel, Logistics & Property",3,Mystifly,mystifly.com,Virtual interlining and ticket consolidation platform,
Hahnair,Racing Bulls partner,"Travel, Logistics & Property",4,Farelogix (Accelya),accelya.com,Airline retailing and NDC distribution technology,
Hahnair,Racing Bulls partner,"Travel, Logistics & Property",5,Accelya,accelya.com,Airline financial and distribution technology incl. BSP settlement,
Hahnair,Racing Bulls partner,"Travel, Logistics & Property",6,OpenJaw Technologies,openjawtech.com,Airline retail commerce platform,
Hahnair,Racing Bulls partner,"Travel, Logistics & Property",7,Radixx International,radixx.com,Reservation system provider for low-cost/regional carriers,
Hahnair,Racing Bulls partner,"Travel, Logistics & Property",8,Hitit Computer Services,hitit.com,Airline passenger service system provider,
Hahnair,Racing Bulls partner,"Travel, Logistics & Property",9,IBS Software,ibsplc.com,Aviation and travel SaaS platform,
Hahnair,Racing Bulls partner,"Travel, Logistics & Property",10,Travelfusion,travelfusion.com,Low-cost carrier content aggregation platform,
Hahnair,Racing Bulls partner,"Travel, Logistics & Property",11,WorldTicket,worldticket.net,Interline e-ticketing and distribution technology,
Hahnair,Racing Bulls partner,"Travel, Logistics & Property",12,Datalex,datalex.com,Airline digital retailing technology,
Hahnair,Racing Bulls partner,"Travel, Logistics & Property",13,PROS Holdings,pros.com,Travel pricing and revenue management technology,
Hahnair,Racing Bulls partner,"Travel, Logistics & Property",14,Cellpoint Digital,cellpointdigital.com,Travel payment orchestration platform,
Hahnair,Racing Bulls partner,"Travel, Logistics & Property",15,TravelSky Technology,travelsky.net,Chinese aviation IT and distribution provider,
Hahnair,Racing Bulls partner,"Travel, Logistics & Property",16,Infini Travel Information,infini-des.com,Japan-based GDS/distribution provider,
Hahnair,Racing Bulls partner,"Travel, Logistics & Property",17,Axess International Network,axess-ibe.com,Turkish Airlines-affiliated GDS/distribution provider,
Hahnair,Racing Bulls partner,"Travel, Logistics & Property",18,Videcom International,videcom.com,Airline reservation and distribution systems provider,
Hahnair,Racing Bulls partner,"Travel, Logistics & Property",19,Trawex Technologies,trawex.com,Travel booking technology provider,
Hahnair,Racing Bulls partner,"Travel, Logistics & Property",20,Mercator (Emirates Group),mercator.com,Airline IT and distribution solutions provider,
Hard Rock International,Red Bull Racing partner,"Travel, Logistics & Property",1,SJM Holdings,sjmholdings.com,Macau casino resort operator scaling new developments,The Venetian Resort (Apollo)
Hard Rock International,Red Bull Racing partner,"Travel, Logistics & Property",2,Studio City International,studiocity-macau.com,"Melco-Sun affiliated Macau integrated resort, growing high-end segment",The Venetian Resort (Apollo)
Hard Rock International,Red Bull Racing partner,"Travel, Logistics & Property",3,Bally's Corporation,ballys.com,Fast-expanding US regional casino operator,The Venetian Resort (Apollo)
Hard Rock International,Red Bull Racing partner,"Travel, Logistics & Property",4,Golden Entertainment,goldenent.com,Growing US regional casino and distributed gaming operator,MGM Rewards; The Venetian Resort (Apollo)
Hard Rock International,Red Bull Racing partner,"Travel, Logistics & Property",5,Red Rock Resorts,redrockresorts.com,Las Vegas locals-market casino operator expanding,MGM Rewards; The Venetian Resort (Apollo)
Hard Rock International,Red Bull Racing partner,"Travel, Logistics & Property",6,Churchill Downs Incorporated,churchilldownsincorporated.com,Diversified US gaming and racing entertainment operator,MGM Rewards; The Venetian Resort (Apollo)
Hard Rock International,Red Bull Racing partner,"Travel, Logistics & Property",7,Monarch Casino & Resort,monarchcasino.com,Growth-stage US regional casino resort operator,The Venetian Resort (Apollo)
Hard Rock International,Red Bull Racing partner,"Travel, Logistics & Property",8,Wind Creek Hospitality,windcreekhospitality.com,Expanding tribal casino resort operator,The Venetian Resort (Apollo)
Hard Rock International,Red Bull Racing partner,"Travel, Logistics & Property",9,Mohegan Gaming & Entertainment,mohegangaming.com,Native American-owned casino resort operator scaling internationally,The Venetian Resort (Apollo)
Hard Rock International,Red Bull Racing partner,"Travel, Logistics & Property",10,Treasure Island Las Vegas,treasureisland.com,Independent Las Vegas Strip resort-casino,The Venetian Resort (Apollo)
Hilton,McLaren partner,"Travel, Logistics & Property",1,Jumeirah Group,jumeirah.com,Dubai-based luxury hotel group expanding internationally,World of Hyatt (Hyatt Hotels)
Hilton,McLaren partner,"Travel, Logistics & Property",2,Peninsula Hotels,peninsula.com,Independent luxury hotel group,World of Hyatt (Hyatt Hotels)
Hilton,McLaren partner,"Travel, Logistics & Property",3,Melia Hotels International,melia.com,Spanish global hotel group,
Hilton,McLaren partner,"Travel, Logistics & Property",4,NH Hotel Group,nh-hotels.com,European hotel group,
Hilton,McLaren partner,"Travel, Logistics & Property",5,Barcelo Hotel Group,barcelo.com,Spanish global hotel group,
Hilton,McLaren partner,"Travel, Logistics & Property",6,RIU Hotels & Resorts,riu.com,Fast-scaling global resort hotel group,
Hilton,McLaren partner,"Travel, Logistics & Property",7,Iberostar Hotels & Resorts,iberostar.com,Global beach resort hotel group,
Hilton,McLaren partner,"Travel, Logistics & Property",8,Palace Resorts,palaceresorts.com,All-inclusive luxury resort group,
Hilton,McLaren partner,"Travel, Logistics & Property",9,Sandals Resorts,sandals.com,Caribbean all-inclusive luxury resort brand,
Hilton,McLaren partner,"Travel, Logistics & Property",10,Karisma Hotels & Resorts,karismahotels.com,Growing luxury all-inclusive resort group,
Hilton,McLaren partner,"Travel, Logistics & Property",11,Club Med,clubmed.com,Global all-inclusive resort operator,
Hilton,McLaren partner,"Travel, Logistics & Property",12,Kempinski Hotels,kempinski.com,European luxury hotel group,World of Hyatt (Hyatt Hotels)
Hilton,McLaren partner,"Travel, Logistics & Property",13,Dusit International,dusit.com,Thai luxury hotel group expanding internationally,World of Hyatt (Hyatt Hotels)
Hilton,McLaren partner,"Travel, Logistics & Property",14,Great Wolf Resorts,greatwolf.com,US indoor waterpark resort operator,
Hilton,McLaren partner,"Travel, Logistics & Property",15,Ryman Hospitality Properties,rymanhp.com,US large-format convention resort operator,
Hilton,McLaren partner,"Travel, Logistics & Property",16,Virgin Hotels,virginhotels.com,Growing lifestyle hotel brand,
Iron Mountain,McLaren partner,"Travel, Logistics & Property",1,Restore plc,restoreplc.com,UK-listed records and information management provider,
Iron Mountain,McLaren partner,"Travel, Logistics & Property",2,DataSpace Records Management,dataspace.ie,Irish records management provider,
Iron Mountain,McLaren partner,"Travel, Logistics & Property",3,Zasio Records Management,zasio.com,US records and information governance provider,
Iron Mountain,McLaren partner,"Travel, Logistics & Property",4,Proshred Security,proshred.com,North American secure document shredding network,
Iron Mountain,McLaren partner,"Travel, Logistics & Property",5,Corodata,corodata.com,US records management and secure destruction provider,
Iron Mountain,McLaren partner,"Travel, Logistics & Property",6,PHS Data Solutions,phs.co.uk,UK records management and secure shredding provider,
Iron Mountain,McLaren partner,"Travel, Logistics & Property",7,TAB Records Management,tab.ca,Canadian records management provider,
Iron Mountain,McLaren partner,"Travel, Logistics & Property",8,Metrofile,metrofile.com,Fast-growing South African/African records management provider,
Iron Mountain,McLaren partner,"Travel, Logistics & Property",9,NTT Global Data Centers,global.ntt,Global data center operator,
Iron Mountain,McLaren partner,"Travel, Logistics & Property",10,CyrusOne,cyrusone.com,Global data center operator,
Iron Mountain,McLaren partner,"Travel, Logistics & Property",11,Global Switch,globalswitch.com,London-based global data center operator,
Iron Mountain,McLaren partner,"Travel, Logistics & Property",12,STACK Infrastructure,stackinfra.com,Fast-growing global data center developer,
Iron Mountain,McLaren partner,"Travel, Logistics & Property",13,Yondr Group,yondr.com,Fast-growing global data center developer,
Iron Mountain,McLaren partner,"Travel, Logistics & Property",14,EdgeConneX,edgeconnex.com,Global edge data center operator,
Iron Mountain,McLaren partner,"Travel, Logistics & Property",15,Docufree,docufree.com,US document management and digitization provider,
Iron Mountain,McLaren partner,"Travel, Logistics & Property",16,FileBank,filebank.com,US records management and digitization provider,
Iron Mountain,McLaren partner,"Travel, Logistics & Property",17,Global Data Vault,globaldatavault.com,US data backup and disaster recovery provider,
LVCVA (Las Vegas Convention and Visitors Authority),F1 official partner,"Travel, Logistics & Property",1,Meet Puerto Rico,meetpuertorico.com,Caribbean convention/leisure destination marketing org,
LVCVA (Las Vegas Convention and Visitors Authority),F1 official partner,"Travel, Logistics & Property",2,Visit Anaheim,visitanaheim.org,US theme-park-anchored destination marketing org,
LVCVA (Las Vegas Convention and Visitors Authority),F1 official partner,"Travel, Logistics & Property",3,Greater Miami Convention & Visitors Bureau,miamiandbeaches.com,US convention/leisure destination marketing org,
LVCVA (Las Vegas Convention and Visitors Authority),F1 official partner,"Travel, Logistics & Property",4,San Diego Tourism Authority,sandiego.org,US convention/leisure destination marketing org,
LVCVA (Las Vegas Convention and Visitors Authority),F1 official partner,"Travel, Logistics & Property",5,Visit Baltimore,baltimore.org,US convention destination marketing org,
LVCVA (Las Vegas Convention and Visitors Authority),F1 official partner,"Travel, Logistics & Property",6,Atlanta Convention & Visitors Bureau,atlanta.net,US convention destination marketing org,
LVCVA (Las Vegas Convention and Visitors Authority),F1 official partner,"Travel, Logistics & Property",7,Visit Seattle,visitseattle.org,US convention/leisure destination marketing org,
LVCVA (Las Vegas Convention and Visitors Authority),F1 official partner,"Travel, Logistics & Property",8,Destination Toronto,destinationtoronto.com,Canadian convention/leisure destination marketing org,
LVCVA (Las Vegas Convention and Visitors Authority),F1 official partner,"Travel, Logistics & Property",9,Brand USA,thebrandusa.com,US national tourism marketing organization,
LVCVA (Las Vegas Convention and Visitors Authority),F1 official partner,"Travel, Logistics & Property",10,Los Cabos Tourism Board,visitloscabos.travel,Fast-growing Mexican resort destination marketing org,
LVCVA (Las Vegas Convention and Visitors Authority),F1 official partner,"Travel, Logistics & Property",11,Cancun Convention & Visitors Bureau,cancun.travel,Mexican resort destination marketing org,
LVCVA (Las Vegas Convention and Visitors Authority),F1 official partner,"Travel, Logistics & Property",12,Riviera Maya Destination Marketing Organization,rivieramaya.com,Growing Mexican resort destination marketing org,
LVCVA (Las Vegas Convention and Visitors Authority),F1 official partner,"Travel, Logistics & Property",13,Jamaica Tourist Board,visitjamaica.com,Caribbean destination marketing org,
LVCVA (Las Vegas Convention and Visitors Authority),F1 official partner,"Travel, Logistics & Property",14,Barbados Tourism Marketing Inc.,visitbarbados.org,Caribbean destination marketing org,
LVCVA (Las Vegas Convention and Visitors Authority),F1 official partner,"Travel, Logistics & Property",15,Bahamas Ministry of Tourism,bahamas.com,Caribbean destination marketing org,
LVCVA (Las Vegas Convention and Visitors Authority),F1 official partner,"Travel, Logistics & Property",16,Aruba Tourism Authority,aruba.com,Caribbean destination marketing org,
LVCVA (Las Vegas Convention and Visitors Authority),F1 official partner,"Travel, Logistics & Property",17,Puerto Rico Tourism Company,discoverpuertorico.com,Caribbean destination marketing org,
LVCVA (Las Vegas Convention and Visitors Authority),F1 official partner,"Travel, Logistics & Property",18,Destination NSW,destinationnsw.com.au,Sydney/NSW destination marketing org,Visit Qatar (Qatar Tourism)
LVCVA (Las Vegas Convention and Visitors Authority),F1 official partner,"Travel, Logistics & Property",19,Visit Victoria,visitvictoria.com,Melbourne/Victoria destination marketing org,
LVCVA (Las Vegas Convention and Visitors Authority),F1 official partner,"Travel, Logistics & Property",20,Tourism New Zealand,tourismnewzealand.com,National destination marketing org,
LVCVA (Las Vegas Convention and Visitors Authority),F1 official partner,"Travel, Logistics & Property",21,Tourism Ireland,tourismireland.com,National destination marketing org,
LVCVA (Las Vegas Convention and Visitors Authority),F1 official partner,"Travel, Logistics & Property",22,VisitScotland,visitscotland.com,National destination marketing org,
LVCVA (Las Vegas Convention and Visitors Authority),F1 official partner,"Travel, Logistics & Property",23,Austrian National Tourist Office,austria.info,National destination marketing org,
LVCVA (Las Vegas Convention and Visitors Authority),F1 official partner,"Travel, Logistics & Property",24,Switzerland Tourism,myswitzerland.com,National destination marketing org,
LVCVA (Las Vegas Convention and Visitors Authority),F1 official partner,"Travel, Logistics & Property",25,German National Tourist Board,germany.travel,National destination marketing org,
Marriott Bonvoy (Marriott International),Mercedes partner,"Travel, Logistics & Property",1,Oetker Collection,oetkercollection.com,Independent ultra-luxury hotel collection,World of Hyatt (Hyatt Hotels)
Marriott Bonvoy (Marriott International),Mercedes partner,"Travel, Logistics & Property",2,Banyan Tree Hotels & Resorts,banyantree.com,Asia-based luxury resort group scaling globally,World of Hyatt (Hyatt Hotels)
Marriott Bonvoy (Marriott International),Mercedes partner,"Travel, Logistics & Property",3,Aman Resorts,aman.com,Ultra-luxury independent resort brand,World of Hyatt (Hyatt Hotels)
Marriott Bonvoy (Marriott International),Mercedes partner,"Travel, Logistics & Property",4,Nobu Hospitality,nobuhotels.com,Fast-scaling lifestyle luxury hotel brand,
Marriott Bonvoy (Marriott International),Mercedes partner,"Travel, Logistics & Property",5,NoMad Hotels,thenomadhotel.com,Boutique luxury lifestyle hotel brand,World of Hyatt (Hyatt Hotels)
Marriott Bonvoy (Marriott International),Mercedes partner,"Travel, Logistics & Property",6,Populus Hotels,populushotel.com,New sustainability-led US hotel brand,
Marriott Bonvoy (Marriott International),Mercedes partner,"Travel, Logistics & Property",7,Habitas,ourhabitas.com,Fast-growing boutique wellness hospitality brand,World of Hyatt (Hyatt Hotels)
Marriott Bonvoy (Marriott International),Mercedes partner,"Travel, Logistics & Property",8,Locke Aparthotels (edyn),lockeliving.com,Growing European aparthotel brand,
Marriott Bonvoy (Marriott International),Mercedes partner,"Travel, Logistics & Property",9,One&Only Resorts (Kerzner International),oneandonlyresorts.com,Ultra-luxury independent resort brand,
Marriott Bonvoy (Marriott International),Mercedes partner,"Travel, Logistics & Property",10,Atlantis Resorts (Kerzner),atlantis.com,Large-scale destination resort brand,
Marriott Bonvoy (Marriott International),Mercedes partner,"Travel, Logistics & Property",11,Capella Hotels and Resorts,capellahotels.com,Independent ultra-luxury hotel group,World of Hyatt (Hyatt Hotels)
Marriott Bonvoy (Marriott International),Mercedes partner,"Travel, Logistics & Property",12,Rocco Forte Hotels,roccofortehotels.com,Independent luxury European hotel group,World of Hyatt (Hyatt Hotels)
Marriott Bonvoy (Marriott International),Mercedes partner,"Travel, Logistics & Property",13,Oberoi Hotels & Resorts,oberoihotels.com,Indian luxury hotel group,World of Hyatt (Hyatt Hotels)
Marriott Bonvoy (Marriott International),Mercedes partner,"Travel, Logistics & Property",14,ITC Hotels,itchotels.com,Fast-growing Indian luxury hotel group,
Marriott Bonvoy (Marriott International),Mercedes partner,"Travel, Logistics & Property",15,"Leela Palaces, Hotels and Resorts",theleela.com,Indian luxury hotel group,
Marriott Bonvoy (Marriott International),Mercedes partner,"Travel, Logistics & Property",16,Anantara Hotels (Minor Hotels),anantara.com,Asia-based luxury resort brand scaling globally,World of Hyatt (Hyatt Hotels)
Marriott Bonvoy (Marriott International),Mercedes partner,"Travel, Logistics & Property",17,Minor Hotels,minorhotels.com,Diversified global hotel group,
Marriott Bonvoy (Marriott International),Mercedes partner,"Travel, Logistics & Property",18,Avani Hotels & Resorts,avanihotels.com,Growing upscale lifestyle hotel brand,
Marriott Bonvoy (Marriott International),Mercedes partner,"Travel, Logistics & Property",19,Elewana Collection,elewanacollection.com,Boutique African safari lodge group,
Marriott Bonvoy (Marriott International),Mercedes partner,"Travel, Logistics & Property",20,andBeyond,andbeyond.com,Luxury African safari and lodge operator,
Marriott Bonvoy (Marriott International),Mercedes partner,"Travel, Logistics & Property",21,Singita,singita.com,Ultra-luxury African conservation lodge brand,
Marriott Bonvoy (Marriott International),Mercedes partner,"Travel, Logistics & Property",22,The Student Hotel,thestudenthotel.com,Hybrid hotel/co-living urban brand,
Marriott Bonvoy (Marriott International),Mercedes partner,"Travel, Logistics & Property",23,Zoku,livezoku.com,Fast-growing hybrid live-work-stay hotel brand,
MSC Cruises,F1 global partner; US GP and Sao Paulo GP title; Alpine partner,"Travel, Logistics & Property",1,Virgin Voyages,virginvoyages.com,Adult-only lifestyle cruise challenger brand,Regent Seven Seas Cruises (Norwegian Cruise Line Holdings)
MSC Cruises,F1 global partner; US GP and Sao Paulo GP title; Alpine partner,"Travel, Logistics & Property",2,Celestyal Cruises,celestyal.com,Fast-growing Eastern Mediterranean boutique cruise line,Regent Seven Seas Cruises (Norwegian Cruise Line Holdings)
MSC Cruises,F1 global partner; US GP and Sao Paulo GP title; Alpine partner,"Travel, Logistics & Property",3,Scenic Eclipse (Scenic Group),scenic.com,Luxury expedition yacht challenger,Regent Seven Seas Cruises (Norwegian Cruise Line Holdings)
MSC Cruises,F1 global partner; US GP and Sao Paulo GP title; Alpine partner,"Travel, Logistics & Property",4,Hurtigruten Expeditions,hurtigruten.com,Norwegian coastal and expedition cruise operator,Regent Seven Seas Cruises (Norwegian Cruise Line Holdings)
MSC Cruises,F1 global partner; US GP and Sao Paulo GP title; Alpine partner,"Travel, Logistics & Property",5,American Cruise Lines,americancruiselines.com,Fast-growing US small-ship cruise line,Regent Seven Seas Cruises (Norwegian Cruise Line Holdings)
MSC Cruises,F1 global partner; US GP and Sao Paulo GP title; Alpine partner,"Travel, Logistics & Property",6,Uniworld Boutique River Cruise Collection,uniworld.com,Boutique river cruise operator,Regent Seven Seas Cruises (Norwegian Cruise Line Holdings)
MSC Cruises,F1 global partner; US GP and Sao Paulo GP title; Alpine partner,"Travel, Logistics & Property",7,Avalon Waterways,avalonwaterways.com,Growing river cruise line,
MSC Cruises,F1 global partner; US GP and Sao Paulo GP title; Alpine partner,"Travel, Logistics & Property",8,Marella Cruises,tui.co.uk,UK mid-market cruise brand,
MSC Cruises,F1 global partner; US GP and Sao Paulo GP title; Alpine partner,"Travel, Logistics & Property",9,Fred. Olsen Cruise Lines,fredolsencruises.com,UK heritage boutique cruise line,
MSC Cruises,F1 global partner; US GP and Sao Paulo GP title; Alpine partner,"Travel, Logistics & Property",10,Saga Cruises,saga.co.uk,UK over-50s boutique cruise line,
MSC Cruises,F1 global partner; US GP and Sao Paulo GP title; Alpine partner,"Travel, Logistics & Property",11,Resorts World Cruises,resortsworldcruises.com,Fast-growing Asia-Pacific cruise brand,
ONEflight,McLaren partner,"Travel, Logistics & Property",1,Surf Air,surfair.com,US regional private aviation membership operator,
ONEflight,McLaren partner,"Travel, Logistics & Property",2,Blade Air Mobility,blade.com,Urban air mobility and charter helicopter/jet operator,
ONEflight,McLaren partner,"Travel, Logistics & Property",3,Tradewind Aviation,flytradewind.com,US semi-private scheduled charter operator,
ONEflight,McLaren partner,"Travel, Logistics & Property",4,Aero,aero.inc,Fast-growing semi-private scheduled jet operator,
ONEflight,McLaren partner,"Travel, Logistics & Property",5,JSX,jsx.com,Fast-growing US semi-private hop-on jet service,
ONEflight,McLaren partner,"Travel, Logistics & Property",6,Flyest,flyest.co,US private jet booking and membership platform,
ONEflight,McLaren partner,"Travel, Logistics & Property",7,London Executive Aviation,lea.aero,UK business jet charter and management operator,
ONEflight,McLaren partner,"Travel, Logistics & Property",8,Centreline Air Charter,centreline.co.uk,UK executive jet charter broker,
Qatar Airways,F1 global partner; Australian/Azerbaijan/Qatar GP title; Alpine partner,"Travel, Logistics & Property",1,Riyadh Air,riyadhair.com,"New Saudi flag carrier, direct Gulf hub rival launching 2025",Etihad Airways; Gulf Air
Qatar Airways,F1 global partner; Australian/Azerbaijan/Qatar GP title; Alpine partner,"Travel, Logistics & Property",2,flynas,flynas.com,Fast-growing Saudi low-cost carrier scaling long-haul,Etihad Airways; Gulf Air
Qatar Airways,F1 global partner; Australian/Azerbaijan/Qatar GP title; Alpine partner,"Travel, Logistics & Property",3,flyadeal,flyadeal.com,Saudia's budget arm expanding regional network,Etihad Airways; Gulf Air
Qatar Airways,F1 global partner; Australian/Azerbaijan/Qatar GP title; Alpine partner,"Travel, Logistics & Property",4,Jazeera Airways,jazeeraairways.com,Kuwait-based growth carrier expanding regional routes,Etihad Airways; Gulf Air
Qatar Airways,F1 global partner; Australian/Azerbaijan/Qatar GP title; Alpine partner,"Travel, Logistics & Property",5,SalamAir,salamair.com,Omani low-cost carrier scaling international network,Etihad Airways; Gulf Air
Qatar Airways,F1 global partner; Australian/Azerbaijan/Qatar GP title; Alpine partner,"Travel, Logistics & Property",6,Nesma Airlines,nesmaairlines.com,Saudi charter/scheduled carrier,Gulf Air
Qatar Airways,F1 global partner; Australian/Azerbaijan/Qatar GP title; Alpine partner,"Travel, Logistics & Property",7,Ethiopian Airlines,ethiopianairlines.com,Africa's largest long-haul hub carrier,Etihad Airways; Gulf Air
Qatar Airways,F1 global partner; Australian/Azerbaijan/Qatar GP title; Alpine partner,"Travel, Logistics & Property",8,Kenya Airways,kenya-airways.com,African long-haul network competitor,Etihad Airways; Gulf Air
Qatar Airways,F1 global partner; Australian/Azerbaijan/Qatar GP title; Alpine partner,"Travel, Logistics & Property",9,RwandAir,rwandair.com,Fast-growing African hub challenger,Etihad Airways; Gulf Air
Qatar Airways,F1 global partner; Australian/Azerbaijan/Qatar GP title; Alpine partner,"Travel, Logistics & Property",10,LATAM Airlines,latamairlines.com,Leading Latin American full-service carrier,Etihad Airways
Qatar Airways,F1 global partner; Australian/Azerbaijan/Qatar GP title; Alpine partner,"Travel, Logistics & Property",11,Avianca,avianca.com,Major Latin American network carrier,Etihad Airways
Qatar Airways,F1 global partner; Australian/Azerbaijan/Qatar GP title; Alpine partner,"Travel, Logistics & Property",12,Copa Airlines,copaair.com,Panama-hub long-haul connecting carrier,Etihad Airways
Qatar Airways,F1 global partner; Australian/Azerbaijan/Qatar GP title; Alpine partner,"Travel, Logistics & Property",13,Aeromexico,aeromexico.com,"Mexican flag carrier, global alliance member",Etihad Airways
Qatar Airways,F1 global partner; Australian/Azerbaijan/Qatar GP title; Alpine partner,"Travel, Logistics & Property",14,Austrian Airlines,austrian.com,European full-service long-haul carrier,Etihad Airways; Gulf Air
Qatar Airways,F1 global partner; Australian/Azerbaijan/Qatar GP title; Alpine partner,"Travel, Logistics & Property",15,LOT Polish Airlines,lot.com,Central European long-haul hub carrier,Etihad Airways; Gulf Air
Qatar Airways,F1 global partner; Australian/Azerbaijan/Qatar GP title; Alpine partner,"Travel, Logistics & Property",16,TAP Air Portugal,flytap.com,Europe-Americas long-haul bridge carrier,Etihad Airways; Gulf Air
Qatar Airways,F1 global partner; Australian/Azerbaijan/Qatar GP title; Alpine partner,"Travel, Logistics & Property",17,SAS Scandinavian Airlines,flysas.com,Nordic full-service network carrier,Etihad Airways
Qatar Airways,F1 global partner; Australian/Azerbaijan/Qatar GP title; Alpine partner,"Travel, Logistics & Property",18,Aer Lingus,aerlingus.com,Transatlantic full-service carrier,Etihad Airways; Gulf Air
Qatar Airways,F1 global partner; Australian/Azerbaijan/Qatar GP title; Alpine partner,"Travel, Logistics & Property",19,Norse Atlantic Airways,flynorse.com,Fast-growing long-haul low-cost challenger,Etihad Airways
Qatar Airways,F1 global partner; Australian/Azerbaijan/Qatar GP title; Alpine partner,"Travel, Logistics & Property",20,PLAY Airlines,flyplay.com,Icelandic transatlantic low-cost entrant,Etihad Airways
Qatar Airways,F1 global partner; Australian/Azerbaijan/Qatar GP title; Alpine partner,"Travel, Logistics & Property",21,Virgin Australia,virginaustralia.com,Full-service long-haul competitor,Etihad Airways; Singapore Airlines
Qatar Airways,F1 global partner; Australian/Azerbaijan/Qatar GP title; Alpine partner,"Travel, Logistics & Property",22,Fiji Airways,fijiairways.com,Pacific long-haul network carrier,Singapore Airlines
Regent Seven Seas Cruises (Norwegian Cruise Line Holdings),Aston Martin partner,"Travel, Logistics & Property",1,Ritz-Carlton Yacht Collection,ritzcarltonyachtcollection.com,Ultra-luxury yacht cruise direct competitor,MSC Cruises
Regent Seven Seas Cruises (Norwegian Cruise Line Holdings),Aston Martin partner,"Travel, Logistics & Property",2,Four Seasons Yacht Collection,fourseasons.com,Announced ultra-luxury yacht cruise newcomer,MSC Cruises
Regent Seven Seas Cruises (Norwegian Cruise Line Holdings),Aston Martin partner,"Travel, Logistics & Property",3,Atlas Ocean Voyages,atlasoceanvoyages.com,New-build luxury expedition cruise challenger,MSC Cruises
Regent Seven Seas Cruises (Norwegian Cruise Line Holdings),Aston Martin partner,"Travel, Logistics & Property",4,Swan Hellenic,swanhellenic.com,Boutique polar and expedition luxury cruise line,MSC Cruises
Regent Seven Seas Cruises (Norwegian Cruise Line Holdings),Aston Martin partner,"Travel, Logistics & Property",5,Paul Gauguin Cruises,pgcruises.com,Boutique South Pacific luxury cruise line,MSC Cruises
Regent Seven Seas Cruises (Norwegian Cruise Line Holdings),Aston Martin partner,"Travel, Logistics & Property",6,Tauck,tauck.com,Luxury small-group cruise and tour operator,MSC Cruises
Regent Seven Seas Cruises (Norwegian Cruise Line Holdings),Aston Martin partner,"Travel, Logistics & Property",7,AmaWaterways,amawaterways.com,Leading river cruise challenger,MSC Cruises
Regent Seven Seas Cruises (Norwegian Cruise Line Holdings),Aston Martin partner,"Travel, Logistics & Property",8,Emerald Cruises,emeraldcruises.com,Scaling river and ocean boutique cruise line,MSC Cruises
Regent Seven Seas Cruises (Norwegian Cruise Line Holdings),Aston Martin partner,"Travel, Logistics & Property",9,Quark Expeditions,quarkexpeditions.com,Polar expedition cruise specialist,MSC Cruises
Regent Seven Seas Cruises (Norwegian Cruise Line Holdings),Aston Martin partner,"Travel, Logistics & Property",10,Lindblad Expeditions,expeditions.com,Adventure/expedition cruise operator (Nat Geo partner),MSC Cruises
Regent Seven Seas Cruises (Norwegian Cruise Line Holdings),Aston Martin partner,"Travel, Logistics & Property",11,Heritage Expeditions,heritage-expeditions.com,Small-ship expedition cruise operator,MSC Cruises
Regent Seven Seas Cruises (Norwegian Cruise Line Holdings),Aston Martin partner,"Travel, Logistics & Property",12,Victory Cruise Lines,victorycruiselines.com,US Great Lakes/coastal small-ship cruise line,MSC Cruises
Regent Seven Seas Cruises (Norwegian Cruise Line Holdings),Aston Martin partner,"Travel, Logistics & Property",13,Pearl Seas Cruises,pearlseascruises.com,Small luxury coastal cruise line,MSC Cruises
Regent Seven Seas Cruises (Norwegian Cruise Line Holdings),Aston Martin partner,"Travel, Logistics & Property",14,UnCruise Adventures,uncruise.com,US small-ship adventure cruise line,MSC Cruises
Singapore Airlines,Singapore GP title sponsor,"Travel, Logistics & Property",1,VietJet Air,vietjetair.com,Fast-growing Vietnamese carrier expanding international network,Qatar Airways
Singapore Airlines,Singapore GP title sponsor,"Travel, Logistics & Property",2,AirAsia,airasia.com,Pan-Asian budget group scaling long-haul via AirAsia X,
Singapore Airlines,Singapore GP title sponsor,"Travel, Logistics & Property",3,Scoot,flyscoot.com,SIA's own low-cost long-haul arm; segment competitor,
Singapore Airlines,Singapore GP title sponsor,"Travel, Logistics & Property",4,Starlux Airlines,starlux-airlines.com,Premium Taiwanese boutique long-haul entrant,Qatar Airways
Singapore Airlines,Singapore GP title sponsor,"Travel, Logistics & Property",5,Zipair,zipair.net,JAL's low-cost long-haul challenger arm,
Singapore Airlines,Singapore GP title sponsor,"Travel, Logistics & Property",6,Air Premia,airpremia.com,Korean long-haul low-cost challenger,Qatar Airways
Singapore Airlines,Singapore GP title sponsor,"Travel, Logistics & Property",7,T'way Air,twayair.com,Korean carrier expanding into long-haul,
Singapore Airlines,Singapore GP title sponsor,"Travel, Logistics & Property",8,Jin Air,jinair.com,Korean Air's budget long-haul arm,
Singapore Airlines,Singapore GP title sponsor,"Travel, Logistics & Property",9,Cebu Pacific,cebupacificair.com,Philippine budget carrier scaling regional international routes,
Singapore Airlines,Singapore GP title sponsor,"Travel, Logistics & Property",10,Philippine Airlines,philippineairlines.com,Philippine flag carrier,
Singapore Airlines,Singapore GP title sponsor,"Travel, Logistics & Property",11,Bangkok Airways,bangkokair.com,Thai boutique regional carrier,
Singapore Airlines,Singapore GP title sponsor,"Travel, Logistics & Property",12,Batik Air,batikair.com,Lion Air Group's premium arm expanding regionally,
Singapore Airlines,Singapore GP title sponsor,"Travel, Logistics & Property",13,Lion Air,lionair.co.id,Indonesian budget group with growing regional scale,
Singapore Airlines,Singapore GP title sponsor,"Travel, Logistics & Property",14,Hong Kong Airlines,hkairlines.com,Hong Kong-based network competitor,
Singapore Airlines,Singapore GP title sponsor,"Travel, Logistics & Property",15,Greater Bay Airlines,greaterbay.aero,New Hong Kong challenger carrier,
Singapore Airlines,Singapore GP title sponsor,"Travel, Logistics & Property",16,HK Express,hkexpress.com,Hong Kong low-cost carrier,
Singapore Airlines,Singapore GP title sponsor,"Travel, Logistics & Property",17,Loong Air,601777.com.cn,Fast-growing Chinese regional carrier,
Singapore Airlines,Singapore GP title sponsor,"Travel, Logistics & Property",18,Juneyao Airlines,juneyaoair.com,Shanghai-based premium Chinese carrier,
Singapore Airlines,Singapore GP title sponsor,"Travel, Logistics & Property",19,Rex Airlines,rex.com.au,Australian regional challenger scaling domestic/int'l,
Singapore Airlines,Singapore GP title sponsor,"Travel, Logistics & Property",20,Vistara (Air India),airvistara.com,"Former premium Indian full-service carrier, merged into Air India",
Student.com,Racing Bulls partner,"Travel, Logistics & Property",1,Uninest Student Living,uninest.com,Global student accommodation operator,
Student.com,Racing Bulls partner,"Travel, Logistics & Property",2,HousingAnywhere,housinganywhere.com,European mid-term student housing marketplace,
Student.com,Racing Bulls partner,"Travel, Logistics & Property",3,Spotahome,spotahome.com,European mid-term rental/student housing marketplace,
Student.com,Racing Bulls partner,"Travel, Logistics & Property",4,StudentCrowd,studentcrowd.com,UK student accommodation review/booking platform,
Student.com,Racing Bulls partner,"Travel, Logistics & Property",5,Erasmus Play,erasmusplay.com,European student accommodation booking marketplace,
Student.com,Racing Bulls partner,"Travel, Logistics & Property",6,Global Student Living,globalstudentliving.com,International student housing operator,
Student.com,Racing Bulls partner,"Travel, Logistics & Property",7,Homestay.com,homestay.com,Global homestay accommodation marketplace,
Student.com,Racing Bulls partner,"Travel, Logistics & Property",8,Outpost Club,outpost-club.com,US co-living and student housing operator,
Student.com,Racing Bulls partner,"Travel, Logistics & Property",9,June Homes,junehomes.com,US flexible-living and student housing operator,
Student.com,Racing Bulls partner,"Travel, Logistics & Property",10,Casita,casita.com,Flexible mid-term rental platform,
Student.com,Racing Bulls partner,"Travel, Logistics & Property",11,Node Living,nodeliving.com,Fast-growing global co-living operator,Yugo
Student.com,Racing Bulls partner,"Travel, Logistics & Property",12,The Collective,thecollective.com,UK co-living and student housing operator,Yugo
Student.com,Racing Bulls partner,"Travel, Logistics & Property",13,Common,common.com,US co-living operator,Yugo
Student.com,Racing Bulls partner,"Travel, Logistics & Property",14,Ollie,ollie.co,US co-living operator,Yugo
Student.com,Racing Bulls partner,"Travel, Logistics & Property",15,Quarters,quarters.com,European co-living operator,Yugo
Student.com,Racing Bulls partner,"Travel, Logistics & Property",16,Hmlet,hmlet.com,Asia-Pacific co-living operator,Yugo
Student.com,Racing Bulls partner,"Travel, Logistics & Property",17,Habyt,habyt.com,Fast-growing European co-living scaleup,Yugo
Student.com,Racing Bulls partner,"Travel, Logistics & Property",18,Cohabs,cohabs.com,European co-living operator,Yugo
The Venetian Resort (Apollo),Alpine partner,"Travel, Logistics & Property",1,The Cosmopolitan of Las Vegas,cosmopolitanlasvegas.com,Independent Las Vegas Strip luxury resort-casino,Hard Rock International
The Venetian Resort (Apollo),Alpine partner,"Travel, Logistics & Property",2,Circa Resort & Casino,circalasvegas.com,New-build downtown Las Vegas resort-casino challenger,Hard Rock International
The Venetian Resort (Apollo),Alpine partner,"Travel, Logistics & Property",3,NagaCorp,nagacorp.com,"Cambodia's leading integrated casino resort operator, expanding",Hard Rock International; MGM Rewards
The Venetian Resort (Apollo),Alpine partner,"Travel, Logistics & Property",4,Okada Manila,okadamanila.com,Growth-stage Manila integrated casino resort,Hard Rock International
The Venetian Resort (Apollo),Alpine partner,"Travel, Logistics & Property",5,Bloomberry Resorts (Solaire),bloomberry.com,Fast-growing Philippine integrated resort operator,Hard Rock International
The Venetian Resort (Apollo),Alpine partner,"Travel, Logistics & Property",6,SkyCity Entertainment Group,skycityentertainmentgroup.com,New Zealand/Australia casino entertainment operator,Hard Rock International; MGM Rewards
The Venetian Resort (Apollo),Alpine partner,"Travel, Logistics & Property",7,Crown Resorts,crownresorts.com.au,Australian luxury casino resort operator,Hard Rock International; MGM Rewards
The Venetian Resort (Apollo),Alpine partner,"Travel, Logistics & Property",8,Star Entertainment Group,starentertainmentgroup.com.au,Leading Australian integrated resort operator,Hard Rock International
The Venetian Resort (Apollo),Alpine partner,"Travel, Logistics & Property",9,Tropicana Entertainment,tropicanaentertainment.com,US regional casino resort operator,Hard Rock International
The Venetian Resort (Apollo),Alpine partner,"Travel, Logistics & Property",10,Isle of Capri Casinos,isleofcapricasino.com,Regional US casino resort brand,Hard Rock International
The Venetian Resort (Apollo),Alpine partner,"Travel, Logistics & Property",11,Westgate Resorts,westgateresorts.com,Growing US resort and casino hospitality group,Hard Rock International
Visit Qatar (Qatar Tourism),Audi F1 partner,"Travel, Logistics & Property",1,Sharjah Convention Bureau,sharjahconventionbureau.ae,UAE emirate destination marketing org,
Visit Qatar (Qatar Tourism),Audi F1 partner,"Travel, Logistics & Property",2,Ras Al Khaimah Tourism Development Authority,rasalkhaimah.ae,Fast-growing UAE emirate destination marketing org,
Visit Qatar (Qatar Tourism),Audi F1 partner,"Travel, Logistics & Property",3,Kuwait Tourism,kuwaittourism.gov.kw,Gulf destination marketing org,
Visit Qatar (Qatar Tourism),Audi F1 partner,"Travel, Logistics & Property",4,Dubai Department of Economy and Tourism,visitdubai.com,Leading Gulf destination marketing org,
Visit Qatar (Qatar Tourism),Audi F1 partner,"Travel, Logistics & Property",5,Morocco National Tourist Office,visitmorocco.com,North African national destination marketing org,
Visit Qatar (Qatar Tourism),Audi F1 partner,"Travel, Logistics & Property",6,South Africa Tourism,southafrica.net,African national destination marketing org,
Visit Qatar (Qatar Tourism),Audi F1 partner,"Travel, Logistics & Property",7,Kenya Tourism Board,magicalkenya.com,East African national destination marketing org,
Visit Qatar (Qatar Tourism),Audi F1 partner,"Travel, Logistics & Property",8,Rwanda Development Board (Visit Rwanda),visitrwanda.com,Fast-growing East African destination marketing org,
Visit Qatar (Qatar Tourism),Audi F1 partner,"Travel, Logistics & Property",9,Seychelles Tourism Board,seychelles.travel,Indian Ocean luxury destination marketing org,
Visit Qatar (Qatar Tourism),Audi F1 partner,"Travel, Logistics & Property",10,Mauritius Tourism Promotion Authority,tourism-mauritius.mu,Indian Ocean destination marketing org,
Visit Qatar (Qatar Tourism),Audi F1 partner,"Travel, Logistics & Property",11,Maldives Marketing and PR Corporation,visitmaldives.com,Indian Ocean luxury destination marketing org,
Visit Qatar (Qatar Tourism),Audi F1 partner,"Travel, Logistics & Property",12,Sri Lanka Tourism Promotion Bureau,srilanka.travel,South Asian destination marketing org,
Visit Qatar (Qatar Tourism),Audi F1 partner,"Travel, Logistics & Property",13,Incredible India (Ministry of Tourism),incredibleindia.gov.in,National South Asian destination marketing org,
Visit Qatar (Qatar Tourism),Audi F1 partner,"Travel, Logistics & Property",14,Wonderful Indonesia,indonesia.travel,National Southeast Asian destination marketing org,
Visit Qatar (Qatar Tourism),Audi F1 partner,"Travel, Logistics & Property",15,Vietnam National Administration of Tourism,vietnam.travel,Fast-growing Southeast Asian destination marketing org,
Visit Qatar (Qatar Tourism),Audi F1 partner,"Travel, Logistics & Property",16,Tourism Malaysia,tourism.gov.my,Southeast Asian destination marketing org,
Visit Qatar (Qatar Tourism),Audi F1 partner,"Travel, Logistics & Property",17,Tourism Authority of Thailand,tourismthailand.org,Southeast Asian destination marketing org,
Visit Qatar (Qatar Tourism),Audi F1 partner,"Travel, Logistics & Property",18,Korea Tourism Organization,english.visitkorea.or.kr,East Asian destination marketing org,
Visit Qatar (Qatar Tourism),Audi F1 partner,"Travel, Logistics & Property",19,Japan National Tourism Organization,jnto.go.jp,East Asian destination marketing org,
Visit Qatar (Qatar Tourism),Audi F1 partner,"Travel, Logistics & Property",20,Tourism Australia,tourism.australia.com,National destination marketing org,
Visit Qatar (Qatar Tourism),Audi F1 partner,"Travel, Logistics & Property",21,PromPeru,peru.travel,South American national destination marketing org,
Visit Qatar (Qatar Tourism),Audi F1 partner,"Travel, Logistics & Property",22,Cyprus Deputy Ministry of Tourism,visitcyprus.com,Mediterranean destination marketing org,
Visit Qatar (Qatar Tourism),Audi F1 partner,"Travel, Logistics & Property",23,Explore Georgia (Georgian National Tourism Administration),georgia.travel,Fast-growing Caucasus national destination marketing org,
Visit Qatar (Qatar Tourism),Audi F1 partner,"Travel, Logistics & Property",24,Tourism Fiji,fiji.travel,Pacific destination marketing org,
VistaJet,Ferrari partner,"Travel, Logistics & Property",1,Jet Aviation (General Dynamics),jetaviation.com,Global business aviation services and charter operator,Flexjet
VistaJet,Ferrari partner,"Travel, Logistics & Property",2,TAG Aviation,tagaviation.com,Global aircraft management and charter operator,Flexjet
VistaJet,Ferrari partner,"Travel, Logistics & Property",3,Global Jet Luxembourg,globaljet.aero,European large-cabin charter and management operator,Flexjet
VistaJet,Ferrari partner,"Travel, Logistics & Property",4,Air Charter Service,aircharterservice.com,Global air charter broker,
VistaJet,Ferrari partner,"Travel, Logistics & Property",5,Victor,flyvictor.com,On-demand private jet charter booking platform,
VistaJet,Ferrari partner,"Travel, Logistics & Property",6,Villiers Jets,villiersjets.com,Global private jet charter broker,
VistaJet,Ferrari partner,"Travel, Logistics & Property",7,Paramount Business Jets,paramountbusinessjets.com,Global private jet charter broker,
VistaJet,Ferrari partner,"Travel, Logistics & Property",8,Stratos Jet Charters,stratosjets.com,US private jet charter broker,
VistaJet,Ferrari partner,"Travel, Logistics & Property",9,Magellan Jets,magellanjets.com,US jet card and charter membership operator,Flexjet
VistaJet,Ferrari partner,"Travel, Logistics & Property",10,Talon Air,talonair.com,US on-demand private jet charter operator,Flexjet
VistaJet,Ferrari partner,"Travel, Logistics & Property",11,Fly Aeolus,flyaeolus.com,European empty-leg private jet booking platform,
VistaJet,Ferrari partner,"Travel, Logistics & Property",12,Jetcraft,jetcraft.com,Global aircraft sales and charter brokerage,Flexjet
VistaJet,Ferrari partner,"Travel, Logistics & Property",13,Chapman Freeborn,chapmanfreeborn.aero,Global air charter broker for cargo and passenger,Atlas Air
World of Hyatt (Hyatt Hotels),Audi F1 partner,"Travel, Logistics & Property",1,1 Hotels (SH Hotels & Resorts),1hotels.com,Sustainability-led lifestyle hotel brand,
World of Hyatt (Hyatt Hotels),Audi F1 partner,"Travel, Logistics & Property",2,Ace Hotel Group,acehotel.com,Boutique lifestyle hotel brand,Hilton
World of Hyatt (Hyatt Hotels),Audi F1 partner,"Travel, Logistics & Property",3,Soho House,sohohouse.com,Members' club and boutique hotel group,Hilton
World of Hyatt (Hyatt Hotels),Audi F1 partner,"Travel, Logistics & Property",4,citizenM,citizenm.com,Fast-growing affordable-luxury hotel brand,Hilton
World of Hyatt (Hyatt Hotels),Audi F1 partner,"Travel, Logistics & Property",5,Yotel,yotel.com,Tech-forward compact-format hotel brand,Hilton
World of Hyatt (Hyatt Hotels),Audi F1 partner,"Travel, Logistics & Property",6,Standard International,standardhotels.com,Boutique lifestyle hotel group,Hilton
World of Hyatt (Hyatt Hotels),Audi F1 partner,"Travel, Logistics & Property",7,Selina,selina.com,Fast-growing experiential hospitality brand,Hilton
World of Hyatt (Hyatt Hotels),Audi F1 partner,"Travel, Logistics & Property",8,Sonder Holdings,sonder.com,Tech-enabled short-term rental/hotel challenger,Hilton
World of Hyatt (Hyatt Hotels),Audi F1 partner,"Travel, Logistics & Property",9,Ennismore,ennismore.com,"Fast-scaling lifestyle hotel group (Hoxton, Mama Shelter, 25hours)",Hilton
World of Hyatt (Hyatt Hotels),Audi F1 partner,"Travel, Logistics & Property",10,Six Senses,sixsenses.com,Wellness-focused luxury resort brand,Marriott Bonvoy (Marriott International)
World of Hyatt (Hyatt Hotels),Audi F1 partner,"Travel, Logistics & Property",11,COMO Hotels and Resorts,comohotels.com,Independent luxury wellness hotel group,Marriott Bonvoy (Marriott International)
World of Hyatt (Hyatt Hotels),Audi F1 partner,"Travel, Logistics & Property",12,Taj Hotels (IHCL),tajhotels.com,India's largest luxury hotel group expanding globally,Hilton
Yugo,Racing Bulls partner,"Travel, Logistics & Property",1,Nido Student,nidostudent.com,European purpose-built student accommodation operator,
Yugo,Racing Bulls partner,"Travel, Logistics & Property",2,Basecamp Student Living,basecampstudents.com,UK student accommodation operator,
Yugo,Racing Bulls partner,"Travel, Logistics & Property",3,Downing Students,downingstudents.com,UK student accommodation operator,
Yugo,Racing Bulls partner,"Travel, Logistics & Property",4,XIOR Student Housing,xior.be,Fast-growing European student housing REIT,Student.com
Yugo,Racing Bulls partner,"Travel, Logistics & Property",5,The Student Housing Company,thestudenthousingcompany.com,UK student accommodation operator,
Yugo,Racing Bulls partner,"Travel, Logistics & Property",6,Student Roost,studentroost.co.uk,UK student accommodation operator,
Yugo,Racing Bulls partner,"Travel, Logistics & Property",7,Fresh Student Living,freshstudentliving.co.uk,UK student accommodation operator,
Yugo,Racing Bulls partner,"Travel, Logistics & Property",8,Prime Student Living,primestudentliving.com,UK student accommodation operator,
Yugo,Racing Bulls partner,"Travel, Logistics & Property",9,Vita Student,vitastudent.com,UK premium student accommodation operator,Student.com
Yugo,Racing Bulls partner,"Travel, Logistics & Property",10,Chapter Living,chapter-living.com,UK premium student/co-living accommodation operator,Student.com
Yugo,Racing Bulls partner,"Travel, Logistics & Property",11,Scape Australia,scape.com.au,Fast-growing Australian student accommodation operator,Student.com
Yugo,Racing Bulls partner,"Travel, Logistics & Property",12,UPP (University Partnerships Programme),upp-ltd.com,UK on-campus student accommodation developer,
Yugo,Racing Bulls partner,"Travel, Logistics & Property",13,Capstone On-Campus Management,capstone-companies.com,US on-campus student housing manager,
Yugo,Racing Bulls partner,"Travel, Logistics & Property",14,Corvias,corvias.com,US public-private student/military housing developer,
Yugo,Racing Bulls partner,"Travel, Logistics & Property",15,Stanza Living,stanzaliving.com,Fast-growing Indian student housing/co-living operator,Student.com
Yugo,Racing Bulls partner,"Travel, Logistics & Property",16,Zolo Stays,zolostays.com,Fast-growing Indian co-living operator,Student.com
