f1_sponsor,sponsor_f1_relationship,category,rank,competitor,domain,competitor_already_in_f1,note
Barilla,F1 official partner,"Beverages, Food & CPG",1,De Cecco,dececco.com,,Italian premium pasta
Barilla,F1 official partner,"Beverages, Food & CPG",2,Rummo,rummo.com,,Italian premium pasta
Barilla,F1 official partner,"Beverages, Food & CPG",3,Buitoni,buitoni.com,YES,Nestle-owned Italian food brand; Nestle is F1 partner
Barilla,F1 official partner,"Beverages, Food & CPG",4,Garofalo,pasta-garofalo.com,,Gragnano IGP pasta maker
Barilla,F1 official partner,"Beverages, Food & CPG",5,Ronzoni,ronzoni.com,,Post Holdings US pasta brand
Barilla,F1 official partner,"Beverages, Food & CPG",6,San Remo,sanremo.com.au,,Leading Australian pasta brand
Barilla,F1 official partner,"Beverages, Food & CPG",7,Colavita,colavita.com,,Italian pasta/olive oil brand
Barilla,F1 official partner,"Beverages, Food & CPG",8,Divella,divella.it,,Italian pasta maker
Barilla,F1 official partner,"Beverages, Food & CPG",9,La Molisana,lamolisana.it,,Italian pasta maker
Barilla,F1 official partner,"Beverages, Food & CPG",10,Gia Russa,giarussa.com,,US Italian-style pasta/sauce brand
Barilla,F1 official partner,"Beverages, Food & CPG",11,American Beauty,riviana.com,,Riviana Foods pasta brand
Barilla,F1 official partner,"Beverages, Food & CPG",12,Prince Pasta,princepasta.com,,Riviana Foods pasta brand
Barilla,F1 official partner,"Beverages, Food & CPG",13,Mueller's Pasta,muellerspasta.com,,J.M. Smucker pasta brand
Barilla,F1 official partner,"Beverages, Food & CPG",14,Creamette,creamette.com,,Post Holdings pasta brand
Barilla,F1 official partner,"Beverages, Food & CPG",15,Racconto,racconto.com,,Italian import pasta brand
Barilla,F1 official partner,"Beverages, Food & CPG",16,Delverde,delverde.com,,Abruzzo bronze-die pasta maker
Barilla,F1 official partner,"Beverages, Food & CPG",17,Cipriani Food,ciprianifood.com,,Italian premium pasta/food brand
Barilla,F1 official partner,"Beverages, Food & CPG",18,Bertolli,bertolli.com,,Mizkan-owned pasta sauce brand
Barilla,F1 official partner,"Beverages, Food & CPG",19,Classico,classico.com,,Kraft Heinz pasta sauce brand
Barilla,F1 official partner,"Beverages, Food & CPG",20,Ragu,ragu.com,,Mizkan-owned pasta sauce brand
Barilla,F1 official partner,"Beverages, Food & CPG",21,Knorr,knorr.com,YES,Unilever brand; Unilever (Dirt is Good) is F1 sponsor
Barilla,F1 official partner,"Beverages, Food & CPG",22,Prego,prego.com,,Campbell's pasta sauce brand
Barilla,F1 official partner,"Beverages, Food & CPG",23,Newman's Own,newmansown.com,,Pasta sauce and food brand
Barilla,F1 official partner,"Beverages, Food & CPG",24,Panzani,panzani.fr,,French pasta market leader
Barilla,F1 official partner,"Beverages, Food & CPG",25,Agnesi,agnesi1824.it,,Historic Italian pasta brand
Beforeyouspeak Coffee,Alpine partner,"Beverages, Food & CPG",1,Bulletproof Coffee,bulletproof.com,,US functional/performance coffee brand
Beforeyouspeak Coffee,Alpine partner,"Beverages, Food & CPG",2,Kimera Koffee,kimerakoffee.com,,US nootropic-infused coffee brand
Beforeyouspeak Coffee,Alpine partner,"Beverages, Food & CPG",3,Four Sigmatic,foursigmatic.com,,US mushroom-infused functional coffee brand
Beforeyouspeak Coffee,Alpine partner,"Beverages, Food & CPG",4,Death Wish Coffee,deathwishcoffee.com,,US high-caffeine coffee brand
Beforeyouspeak Coffee,Alpine partner,"Beverages, Food & CPG",5,Black Rifle Coffee Company,blackriflecoffee.com,,US lifestyle coffee brand
Beforeyouspeak Coffee,Alpine partner,"Beverages, Food & CPG",6,RISE Brewing Co,risebrewingco.com,,US nitro cold brew coffee brand
Beforeyouspeak Coffee,Alpine partner,"Beverages, Food & CPG",7,Laird Superfood,lairdsuperfood.com,,US functional coffee/creamer brand
Beforeyouspeak Coffee,Alpine partner,"Beverages, Food & CPG",8,Neuro Coffee,drinkneuro.com,,Functional/nootropic coffee brand
Beforeyouspeak Coffee,Alpine partner,"Beverages, Food & CPG",9,Genius Coffee,geniuscoffeeco.com,,US nootropic coffee brand
Beforeyouspeak Coffee,Alpine partner,"Beverages, Food & CPG",10,High Brew Coffee,highbrewcoffee.com,,US ready-to-drink cold brew brand
Beforeyouspeak Coffee,Alpine partner,"Beverages, Food & CPG",11,Chameleon Cold-Brew,chameleoncoldbrew.com,,US cold brew coffee brand
Beforeyouspeak Coffee,Alpine partner,"Beverages, Food & CPG",12,Copper Cow Coffee,coppercowcoffee.com,,US pour-over/instant coffee brand
Beforeyouspeak Coffee,Alpine partner,"Beverages, Food & CPG",13,Grind,grind.co.uk,,UK performance/sustainable coffee brand
Beforeyouspeak Coffee,Alpine partner,"Beverages, Food & CPG",14,Woken Coffee,wokencoffee.com,,UK performance coffee brand
Beforeyouspeak Coffee,Alpine partner,"Beverages, Food & CPG",15,Vitals Coffee,vitalscoffee.com,,Functional/performance coffee brand
Celsius (Celsius Holdings),Aston Martin partner,"Beverages, Food & CPG",1,Red Bull,redbull.com,YES,Global energy drink leader; Red Bull Racing owner
Celsius (Celsius Holdings),Aston Martin partner,"Beverages, Food & CPG",2,Monster Energy,monsterenergy.com,YES,Global energy drink rival; McLaren partner
Celsius (Celsius Holdings),Aston Martin partner,"Beverages, Food & CPG",3,Bang Energy,bangenergy.com,,US high-caffeine energy brand
Celsius (Celsius Holdings),Aston Martin partner,"Beverages, Food & CPG",4,Alani Nu,alaninu.com,,US female-skewing fitness energy brand
Celsius (Celsius Holdings),Aston Martin partner,"Beverages, Food & CPG",5,Ghost Energy,ghostlifestyle.com,,US lifestyle fitness energy brand
Celsius (Celsius Holdings),Aston Martin partner,"Beverages, Food & CPG",6,C4 Energy,c4energy.com,,Nutrabolt performance energy drink
Celsius (Celsius Holdings),Aston Martin partner,"Beverages, Food & CPG",7,Rockstar Energy,rockstarenergy.com,YES,PepsiCo-owned energy rival; PepsiCo is F1 partner
Celsius (Celsius Holdings),Aston Martin partner,"Beverages, Food & CPG",8,Reign Total Body Fuel,reignbodyfuel.com,,Monster Beverage performance energy line
Celsius (Celsius Holdings),Aston Martin partner,"Beverages, Food & CPG",9,G Fuel,gfuel.com,,Gaming/esports energy drink
Celsius (Celsius Holdings),Aston Martin partner,"Beverages, Food & CPG",10,Prime Energy,drinkprime.com,,Logan Paul/KSI-backed energy drink
Celsius (Celsius Holdings),Aston Martin partner,"Beverages, Food & CPG",11,Zoa Energy,drinkzoa.com,,Dwayne Johnson-backed energy drink
Celsius (Celsius Holdings),Aston Martin partner,"Beverages, Food & CPG",12,NOCCO,nocco.com,,Swedish BCAA/functional energy drink
Celsius (Celsius Holdings),Aston Martin partner,"Beverages, Food & CPG",13,Bloom Nutrition,bloomnu.com,,US wellness/energy supplement brand
Celsius (Celsius Holdings),Aston Martin partner,"Beverages, Food & CPG",14,Kill Cliff,killcliff.com,,US recovery/performance energy drink
Celsius (Celsius Holdings),Aston Martin partner,"Beverages, Food & CPG",15,Xyience Energy,xyience.com,,Monster Beverage-owned energy brand
Celsius (Celsius Holdings),Aston Martin partner,"Beverages, Food & CPG",16,Rowdy Energy,rowdyenergy.com,,US celebrity-backed energy drink
Celsius (Celsius Holdings),Aston Martin partner,"Beverages, Food & CPG",17,Runa Energy,runa.com,,US clean-caffeine energy drink
Celsius (Celsius Holdings),Aston Martin partner,"Beverages, Food & CPG",18,Hiball Energy,hiballenergy.com,,US organic energy drink brand
Celsius (Celsius Holdings),Aston Martin partner,"Beverages, Food & CPG",19,Guru Energy,guruenergy.com,,Canadian organic energy drink brand
Celsius (Celsius Holdings),Aston Martin partner,"Beverages, Food & CPG",20,Steaz Energy,steaz.com,,US organic energy drink brand
Celsius (Celsius Holdings),Aston Martin partner,"Beverages, Food & CPG",21,5-hour Energy,5hourenergy.com,,US energy shot leader
Celsius (Celsius Holdings),Aston Martin partner,"Beverages, Food & CPG",22,Aspire Energy,drinkaspire.com,,US healthy energy drink brand
Chivas Regal (Pernod Ricard),Ferrari partner,"Beverages, Food & CPG",1,Johnnie Walker,johnniewalker.com,,Diageo blended Scotch leader
Chivas Regal (Pernod Ricard),Ferrari partner,"Beverages, Food & CPG",2,Glenfiddich,glenfiddich.com,YES,William Grant & Sons; Aston Martin partner
Chivas Regal (Pernod Ricard),Ferrari partner,"Beverages, Food & CPG",3,Macallan,themacallan.com,,Edrington single malt
Chivas Regal (Pernod Ricard),Ferrari partner,"Beverages, Food & CPG",4,Glenlivet,theglenlivet.com,,Pernod Ricard sibling single malt
Chivas Regal (Pernod Ricard),Ferrari partner,"Beverages, Food & CPG",5,Jack Daniel's,jackdaniels.com,YES,Brown-Forman whiskey; McLaren partner
Chivas Regal (Pernod Ricard),Ferrari partner,"Beverages, Food & CPG",6,Jim Beam,jimbeam.com,YES,Suntory bourbon; Cadillac partner
Chivas Regal (Pernod Ricard),Ferrari partner,"Beverages, Food & CPG",7,Dewar's,dewars.com,,Bacardi blended Scotch
Chivas Regal (Pernod Ricard),Ferrari partner,"Beverages, Food & CPG",8,Ballantine's,ballantines.com,,Pernod Ricard sibling blended Scotch
Chivas Regal (Pernod Ricard),Ferrari partner,"Beverages, Food & CPG",9,Grant's,grantswhisky.com,,William Grant & Sons blended Scotch
Chivas Regal (Pernod Ricard),Ferrari partner,"Beverages, Food & CPG",10,Famous Grouse,famousgrouse.com,,Edrington blended Scotch
Chivas Regal (Pernod Ricard),Ferrari partner,"Beverages, Food & CPG",11,J&B,jbwhisky.com,,Diageo blended Scotch
Chivas Regal (Pernod Ricard),Ferrari partner,"Beverages, Food & CPG",12,Bell's,bellswhisky.com,,Diageo blended Scotch
Chivas Regal (Pernod Ricard),Ferrari partner,"Beverages, Food & CPG",13,Teacher's,teacherswhisky.com,,Beam Suntory blended Scotch
Chivas Regal (Pernod Ricard),Ferrari partner,"Beverages, Food & CPG",14,Cutty Sark,cuttysark.com,,La Martiniquaise blended Scotch
Chivas Regal (Pernod Ricard),Ferrari partner,"Beverages, Food & CPG",15,William Lawson's,williamlawsons.com,,Bacardi blended Scotch
Chivas Regal (Pernod Ricard),Ferrari partner,"Beverages, Food & CPG",16,Whyte & Mackay,whyteandmackay.com,,Emperador-owned Scotch group
Chivas Regal (Pernod Ricard),Ferrari partner,"Beverages, Food & CPG",17,Highland Park,highlandparkwhisky.com,,Edrington single malt
Chivas Regal (Pernod Ricard),Ferrari partner,"Beverages, Food & CPG",18,Aberlour,aberlour.com,,Pernod Ricard sibling single malt
Chivas Regal (Pernod Ricard),Ferrari partner,"Beverages, Food & CPG",19,Hibiki,suntorywhisky.com,,Suntory Japanese whisky
Chivas Regal (Pernod Ricard),Ferrari partner,"Beverages, Food & CPG",20,Jameson,jamesonwhiskey.com,,Pernod Ricard sibling Irish whiskey
Chivas Regal (Pernod Ricard),Ferrari partner,"Beverages, Food & CPG",21,Crown Royal,crownroyal.com,,Diageo Canadian whisky
Chivas Regal (Pernod Ricard),Ferrari partner,"Beverages, Food & CPG",22,Buchanan's,buchananswhisky.com,,Diageo blended Scotch
Chivas Regal (Pernod Ricard),Ferrari partner,"Beverages, Food & CPG",23,Bushmills,bushmills.com,,Proximo Spirits Irish whiskey
Chivas Regal (Pernod Ricard),Ferrari partner,"Beverages, Food & CPG",24,Tullamore D.E.W.,tullamoredew.com,,William Grant & Sons Irish whiskey
Chivas Regal (Pernod Ricard),Ferrari partner,"Beverages, Food & CPG",25,Canadian Club,canadianclubwhisky.com,,Beam Suntory Canadian whisky
Dirt is Good / OMO (Unilever),F1 Academy partner,"Beverages, Food & CPG",1,Tide,tide.com,YES,P&G laundry leader; Gillette (P&G) is Audi F1 partner
Dirt is Good / OMO (Unilever),F1 Academy partner,"Beverages, Food & CPG",2,Persil,persil.com,,Henkel global laundry brand
Dirt is Good / OMO (Unilever),F1 Academy partner,"Beverages, Food & CPG",3,Ariel,ariel.com,YES,P&G global laundry brand; P&G is F1 (Audi) sponsor via Gillette
Dirt is Good / OMO (Unilever),F1 Academy partner,"Beverages, Food & CPG",4,Gain,gain.com,YES,P&G laundry brand; P&G is F1 (Audi) sponsor via Gillette
Dirt is Good / OMO (Unilever),F1 Academy partner,"Beverages, Food & CPG",5,Arm & Hammer Laundry,armandhammer.com,,Church & Dwight laundry brand
Dirt is Good / OMO (Unilever),F1 Academy partner,"Beverages, Food & CPG",6,Method,methodhome.com,,People Against Dirty eco laundry brand
Dirt is Good / OMO (Unilever),F1 Academy partner,"Beverages, Food & CPG",7,Ecover,ecover.com,,SC Johnson eco-friendly detergent brand
Dirt is Good / OMO (Unilever),F1 Academy partner,"Beverages, Food & CPG",8,Purex,purex.com,,Henkel value laundry brand
Dirt is Good / OMO (Unilever),F1 Academy partner,"Beverages, Food & CPG",9,Wisk,wisk.com,,Sun Products/Henkel laundry brand
Dirt is Good / OMO (Unilever),F1 Academy partner,"Beverages, Food & CPG",10,Fab,fablaundry.com,,Phoenix Brands laundry detergent
Dirt is Good / OMO (Unilever),F1 Academy partner,"Beverages, Food & CPG",11,Cheer,cheerlaundry.com,,Phoenix Brands laundry detergent
Dirt is Good / OMO (Unilever),F1 Academy partner,"Beverages, Food & CPG",12,Dreft,dreft.com,YES,P&G baby laundry brand; P&G is F1 (Audi) sponsor via Gillette
Dirt is Good / OMO (Unilever),F1 Academy partner,"Beverages, Food & CPG",13,Woolite,woolite.com,,Church & Dwight fabric care brand
Dirt is Good / OMO (Unilever),F1 Academy partner,"Beverages, Food & CPG",14,Bold,bold-uk.co.uk,,Henkel/P&G-licensed European laundry brand
Dirt is Good / OMO (Unilever),F1 Academy partner,"Beverages, Food & CPG",15,Vanish,vanish.com,,Reckitt stain remover/laundry additive brand
Dirt is Good / OMO (Unilever),F1 Academy partner,"Beverages, Food & CPG",16,Nellie's All-Natural,nelliesclean.com,,US eco-friendly laundry brand
Dirt is Good / OMO (Unilever),F1 Academy partner,"Beverages, Food & CPG",17,Attack,kao.com,,Kao Corporation Japanese laundry brand
Dirt is Good / OMO (Unilever),F1 Academy partner,"Beverages, Food & CPG",18,Biokleen,biokleenhome.com,,US eco-friendly laundry brand
Dirt is Good / OMO (Unilever),F1 Academy partner,"Beverages, Food & CPG",19,Ecos,ecos.com,,Earth Friendly Products laundry brand
"Estrella Galicia 0,0 (Hijos de Rivera)",Williams partner,"Beverages, Food & CPG",1,Heineken 0.0,heineken.com,YES,Non-alcoholic lager; F1 global partner
"Estrella Galicia 0,0 (Hijos de Rivera)",Williams partner,"Beverages, Food & CPG",2,Erdinger Alkoholfrei,erdinger.de,,German non-alcoholic wheat beer
"Estrella Galicia 0,0 (Hijos de Rivera)",Williams partner,"Beverages, Food & CPG",3,Bitburger Drive,bitburger.de,,German non-alcoholic lager
"Estrella Galicia 0,0 (Hijos de Rivera)",Williams partner,"Beverages, Food & CPG",4,Clausthaler,clausthaler.com,,German non-alcoholic beer pioneer
"Estrella Galicia 0,0 (Hijos de Rivera)",Williams partner,"Beverages, Food & CPG",5,Beck's Blue,becks.com,,AB InBev non-alcoholic lager
"Estrella Galicia 0,0 (Hijos de Rivera)",Williams partner,"Beverages, Food & CPG",6,Budweiser Zero,budweiser.com,,AB InBev non-alcoholic lager
"Estrella Galicia 0,0 (Hijos de Rivera)",Williams partner,"Beverages, Food & CPG",7,Corona Cero,corona.com,,AB InBev non-alcoholic lager
"Estrella Galicia 0,0 (Hijos de Rivera)",Williams partner,"Beverages, Food & CPG",8,Guinness 0.0,guinness.com,,Diageo non-alcoholic stout
"Estrella Galicia 0,0 (Hijos de Rivera)",Williams partner,"Beverages, Food & CPG",9,Paulaner Weissbier Alkoholfrei,paulaner.com,YES,German brewer non-alcoholic line; Audi F1 partner
"Estrella Galicia 0,0 (Hijos de Rivera)",Williams partner,"Beverages, Food & CPG",10,Peroni Libera,peroniitaly.com,YES,Asahi non-alcoholic lager; Ferrari partner
"Estrella Galicia 0,0 (Hijos de Rivera)",Williams partner,"Beverages, Food & CPG",11,"San Miguel 0,0",sanmiguel.com,,Spanish non-alcoholic lager
"Estrella Galicia 0,0 (Hijos de Rivera)",Williams partner,"Beverages, Food & CPG",12,Athletic Brewing Co,athleticbrewing.com,,US craft non-alcoholic beer specialist
"Estrella Galicia 0,0 (Hijos de Rivera)",Williams partner,"Beverages, Food & CPG",13,BrewDog Nanny State,brewdog.com,,UK craft non-alcoholic beer
"Estrella Galicia 0,0 (Hijos de Rivera)",Williams partner,"Beverages, Food & CPG",14,Big Drop Brewing Co,bigdropbrew.com,,UK non-alcoholic craft beer specialist
"Estrella Galicia 0,0 (Hijos de Rivera)",Williams partner,"Beverages, Food & CPG",15,Partake Brewing,partakebrewing.com,,Canadian non-alcoholic craft beer
"Estrella Galicia 0,0 (Hijos de Rivera)",Williams partner,"Beverages, Food & CPG",16,WellBeing Brewing,wellbeingbrewing.com,,US non-alcoholic craft beer
"Estrella Galicia 0,0 (Hijos de Rivera)",Williams partner,"Beverages, Food & CPG",17,Lucky Saint,luckysaint.com,,UK non-alcoholic lager specialist
"Estrella Galicia 0,0 (Hijos de Rivera)",Williams partner,"Beverages, Food & CPG",18,Nirvana Brewery,nirvanabrew.com,,UK non-alcoholic craft beer
"Estrella Galicia 0,0 (Hijos de Rivera)",Williams partner,"Beverages, Food & CPG",19,Free Damm,damm.com,,Spanish non-alcoholic lager
"Estrella Galicia 0,0 (Hijos de Rivera)",Williams partner,"Beverages, Food & CPG",20,"Cruzcampo 0,0",cruzcampo.es,YES,Heineken-owned non-alcoholic Spanish lager
G.H. Mumm (Pernod Ricard),Ferrari partner,"Beverages, Food & CPG",1,Moet & Chandon,moet.com,YES,LVMH champagne house; Belgian GP title sponsor
G.H. Mumm (Pernod Ricard),Ferrari partner,"Beverages, Food & CPG",2,Taittinger,taittinger.com,YES,Family-owned champagne house; Haas partner
G.H. Mumm (Pernod Ricard),Ferrari partner,"Beverages, Food & CPG",3,Veuve Clicquot,veuveclicquot.com,,LVMH sibling champagne house
G.H. Mumm (Pernod Ricard),Ferrari partner,"Beverages, Food & CPG",4,Laurent-Perrier,laurent-perrier.com,,Independent champagne house
G.H. Mumm (Pernod Ricard),Ferrari partner,"Beverages, Food & CPG",5,Piper-Heidsieck,piper-heidsieck.com,,EPC-owned champagne house
G.H. Mumm (Pernod Ricard),Ferrari partner,"Beverages, Food & CPG",6,Bollinger,champagne-bollinger.com,,Family-owned champagne house
G.H. Mumm (Pernod Ricard),Ferrari partner,"Beverages, Food & CPG",7,Pol Roger,polroger.com,,Family-owned champagne house
G.H. Mumm (Pernod Ricard),Ferrari partner,"Beverages, Food & CPG",8,Louis Roederer,louis-roederer.com,,Independent champagne house (Cristal)
G.H. Mumm (Pernod Ricard),Ferrari partner,"Beverages, Food & CPG",9,Krug,krug.com,,LVMH sibling prestige champagne house
G.H. Mumm (Pernod Ricard),Ferrari partner,"Beverages, Food & CPG",10,Ruinart,ruinart.com,,LVMH sibling; oldest champagne house
G.H. Mumm (Pernod Ricard),Ferrari partner,"Beverages, Food & CPG",11,Perrier-Jouet,perrier-jouet.com,,Pernod Ricard-owned champagne house
G.H. Mumm (Pernod Ricard),Ferrari partner,"Beverages, Food & CPG",12,Lanson,lanson.com,,Independent champagne house
G.H. Mumm (Pernod Ricard),Ferrari partner,"Beverages, Food & CPG",13,Nicolas Feuillatte,nicolas-feuillatte.com,,Cooperative champagne house
G.H. Mumm (Pernod Ricard),Ferrari partner,"Beverages, Food & CPG",14,Charles Heidsieck,charlesheidsieck.com,,EPC-owned champagne house
G.H. Mumm (Pernod Ricard),Ferrari partner,"Beverages, Food & CPG",15,Deutz,champagne-deutz.com,,Louis Roederer-owned champagne house
G.H. Mumm (Pernod Ricard),Ferrari partner,"Beverages, Food & CPG",16,Billecart-Salmon,champagne-billecart.fr,,Family-owned champagne house
G.H. Mumm (Pernod Ricard),Ferrari partner,"Beverages, Food & CPG",17,Ayala,champagne-ayala.fr,,Bollinger-owned champagne house
G.H. Mumm (Pernod Ricard),Ferrari partner,"Beverages, Food & CPG",18,Henriot,champagne-henriot.com,,Family-owned champagne house
G.H. Mumm (Pernod Ricard),Ferrari partner,"Beverages, Food & CPG",19,Jacquart,jacquart-champagne.com,,Cooperative champagne house
G.H. Mumm (Pernod Ricard),Ferrari partner,"Beverages, Food & CPG",20,Mercier,champagnemercier.fr,,LVMH sibling champagne house
G.H. Mumm (Pernod Ricard),Ferrari partner,"Beverages, Food & CPG",21,De Venoge,champagnedevenoge.com,,Independent champagne house
G.H. Mumm (Pernod Ricard),Ferrari partner,"Beverages, Food & CPG",22,Canard-Duchene,canard-duchene.fr,,Champagne house (Thienot group)
G.H. Mumm (Pernod Ricard),Ferrari partner,"Beverages, Food & CPG",23,Gosset,champagne-gosset.com,,Oldest wine house in Champagne
G.H. Mumm (Pernod Ricard),Ferrari partner,"Beverages, Food & CPG",24,Freixenet,freixenet.com,,Henkell-owned Cava/sparkling wine group
G.H. Mumm (Pernod Ricard),Ferrari partner,"Beverages, Food & CPG",25,Ferrari Trento,ferraritrento.com,,Italian premium sparkling wine (Metodo Classico)
Gatorade (PepsiCo),F1 Academy partner and car sponsor,"Beverages, Food & CPG",1,Powerade,powerade.com,,Coca-Cola sports drink leader rival
Gatorade (PepsiCo),F1 Academy partner and car sponsor,"Beverages, Food & CPG",2,BODYARMOR,drinkbodyarmor.com,,Coca-Cola-owned premium sports drink
Gatorade (PepsiCo),F1 Academy partner and car sponsor,"Beverages, Food & CPG",3,Propel,propelwater.com,YES,PepsiCo sibling fitness water brand
Gatorade (PepsiCo),F1 Academy partner and car sponsor,"Beverages, Food & CPG",4,Liquid I.V.,liquid-iv.com,YES,Unilever-owned hydration brand; F1 Academy sponsor
Gatorade (PepsiCo),F1 Academy partner and car sponsor,"Beverages, Food & CPG",5,LMNT,drinklmnt.com,,US electrolyte hydration brand
Gatorade (PepsiCo),F1 Academy partner and car sponsor,"Beverages, Food & CPG",6,Nuun,nuunlife.com,YES,Nestle-owned electrolyte tablet brand; Nestle is F1 partner
Gatorade (PepsiCo),F1 Academy partner and car sponsor,"Beverages, Food & CPG",7,Vitaminwater,vitaminwater.com,,Coca-Cola enhanced water brand
Gatorade (PepsiCo),F1 Academy partner and car sponsor,"Beverages, Food & CPG",8,Aquarius,aquarius.com,,Coca-Cola sports drink brand (Asia/Europe)
Gatorade (PepsiCo),F1 Academy partner and car sponsor,"Beverages, Food & CPG",9,Pedialyte,pedialyte.com,,Abbott electrolyte/rehydration brand
Gatorade (PepsiCo),F1 Academy partner and car sponsor,"Beverages, Food & CPG",10,DripDrop ORS,dripdrop.com,,US oral rehydration solution brand
Gatorade (PepsiCo),F1 Academy partner and car sponsor,"Beverages, Food & CPG",11,Skratch Labs,skratchlabs.com,,US endurance hydration brand
Gatorade (PepsiCo),F1 Academy partner and car sponsor,"Beverages, Food & CPG",12,Osmo Nutrition,osmonutrition.com,,US endurance hydration brand
Gatorade (PepsiCo),F1 Academy partner and car sponsor,"Beverages, Food & CPG",13,Ultima Replenisher,ultimareplenisher.com,,US electrolyte hydration brand
Gatorade (PepsiCo),F1 Academy partner and car sponsor,"Beverages, Food & CPG",14,Prime Hydration,drinkprime.com,,Logan Paul/KSI-backed sports drink
Gatorade (PepsiCo),F1 Academy partner and car sponsor,"Beverages, Food & CPG",15,Cure Hydration,curehydration.com,,US clean-label electrolyte brand
Gatorade (PepsiCo),F1 Academy partner and car sponsor,"Beverages, Food & CPG",16,Trioral,trioral.com,,Oral rehydration therapy brand
Gatorade (PepsiCo),F1 Academy partner and car sponsor,"Beverages, Food & CPG",17,Isostar,isostar.com,,European sports hydration brand
Gatorade (PepsiCo),F1 Academy partner and car sponsor,"Beverages, Food & CPG",18,High5 Sports Nutrition,highfive.co.uk,,UK endurance sports nutrition brand
Gillette (Procter & Gamble),Audi F1 partner,"Beverages, Food & CPG",1,Schick,schick.com,,Edgewell razor/shaving brand
Gillette (Procter & Gamble),Audi F1 partner,"Beverages, Food & CPG",2,Wilkinson Sword,wilkinsonsword.com,YES,Edgewell razor brand; Williams partner
Gillette (Procter & Gamble),Audi F1 partner,"Beverages, Food & CPG",3,Harry's,harrys.com,,US DTC razor/shaving brand
Gillette (Procter & Gamble),Audi F1 partner,"Beverages, Food & CPG",4,Dollar Shave Club,dollarshaveclub.com,YES,Unilever-owned DTC razor brand; F1 Academy sponsor
Gillette (Procter & Gamble),Audi F1 partner,"Beverages, Food & CPG",5,BIC,bicworld.com,,French disposable razor brand
Gillette (Procter & Gamble),Audi F1 partner,"Beverages, Food & CPG",6,Every Man Jack,everymanjack.com,,US men's grooming brand
Gillette (Procter & Gamble),Audi F1 partner,"Beverages, Food & CPG",7,Merkur,merkur-solingen.de,,German safety razor brand
Gillette (Procter & Gamble),Audi F1 partner,"Beverages, Food & CPG",8,Feather,feather.co.jp,,Japanese razor blade brand
Gillette (Procter & Gamble),Audi F1 partner,"Beverages, Food & CPG",9,Van Der Hagen,vandehagen.com,,US shaving brand
Gillette (Procter & Gamble),Audi F1 partner,"Beverages, Food & CPG",10,Cremo,cremocompany.com,,US men's grooming brand
Gillette (Procter & Gamble),Audi F1 partner,"Beverages, Food & CPG",11,Billie,billie.com,,Edgewell-owned DTC razor brand
Gillette (Procter & Gamble),Audi F1 partner,"Beverages, Food & CPG",12,Panasonic,panasonic.com,,Electric shaver manufacturer
Gillette (Procter & Gamble),Audi F1 partner,"Beverages, Food & CPG",13,Philips,philips.com,YES,Electric shaver maker (OneBlade); Red Bull Racing partner
Gillette (Procter & Gamble),Audi F1 partner,"Beverages, Food & CPG",14,Remington,remingtonproducts.com,,Electric shaver/grooming brand
Gillette (Procter & Gamble),Audi F1 partner,"Beverages, Food & CPG",15,Andis,andis.com,,Professional clipper/grooming brand
Gillette (Procter & Gamble),Audi F1 partner,"Beverages, Food & CPG",16,Bolin Webb,bolinwebb.com,,UK premium razor brand
Gillette (Procter & Gamble),Audi F1 partner,"Beverages, Food & CPG",17,Parker Safety Razor,parkersafetyrazor.com,,US safety razor brand
Gillette (Procter & Gamble),Audi F1 partner,"Beverages, Food & CPG",18,Muhle,muehle-shaving.com,,German premium shaving brand
Gillette (Procter & Gamble),Audi F1 partner,"Beverages, Food & CPG",19,Supply,supply.co,,US premium razor brand
Gillette (Procter & Gamble),Audi F1 partner,"Beverages, Food & CPG",20,Leaf Shave,leafshave.com,,US pivoting-head razor brand
Glenfiddich (William Grant & Sons),Aston Martin partner,"Beverages, Food & CPG",1,Macallan,themacallan.com,,Edrington single malt Scotch
Glenfiddich (William Grant & Sons),Aston Martin partner,"Beverages, Food & CPG",2,Glenlivet,theglenlivet.com,,Pernod Ricard single malt Scotch
Glenfiddich (William Grant & Sons),Aston Martin partner,"Beverages, Food & CPG",3,Glenmorangie,glenmorangie.com,YES,LVMH single malt Scotch; LVMH is F1 global partner
Glenfiddich (William Grant & Sons),Aston Martin partner,"Beverages, Food & CPG",4,Highland Park,highlandparkwhisky.com,,Edrington single malt Scotch
Glenfiddich (William Grant & Sons),Aston Martin partner,"Beverages, Food & CPG",5,Laphroaig,laphroaig.com,,Beam Suntory single malt Scotch
Glenfiddich (William Grant & Sons),Aston Martin partner,"Beverages, Food & CPG",6,Lagavulin,lagavulin.com,,Diageo single malt Scotch
Glenfiddich (William Grant & Sons),Aston Martin partner,"Beverages, Food & CPG",7,Talisker,malts.com,,Diageo single malt Scotch
Glenfiddich (William Grant & Sons),Aston Martin partner,"Beverages, Food & CPG",8,Ardbeg,ardbeg.com,YES,LVMH single malt Scotch; LVMH is F1 global partner
Glenfiddich (William Grant & Sons),Aston Martin partner,"Beverages, Food & CPG",9,Aberlour,aberlour.com,,Pernod Ricard single malt Scotch
Glenfiddich (William Grant & Sons),Aston Martin partner,"Beverages, Food & CPG",10,Bowmore,bowmore.com,,Beam Suntory single malt Scotch
Glenfiddich (William Grant & Sons),Aston Martin partner,"Beverages, Food & CPG",11,Dalmore,thedalmore.com,,Whyte & Mackay single malt Scotch
Glenfiddich (William Grant & Sons),Aston Martin partner,"Beverages, Food & CPG",12,Oban,malts.com,,Diageo single malt Scotch
Glenfiddich (William Grant & Sons),Aston Martin partner,"Beverages, Food & CPG",13,Cardhu,malts.com,,Diageo single malt Scotch
Glenfiddich (William Grant & Sons),Aston Martin partner,"Beverages, Food & CPG",14,Glenfarclas,glenfarclas.com,,Family-owned single malt Scotch
Glenfiddich (William Grant & Sons),Aston Martin partner,"Beverages, Food & CPG",15,Auchentoshan,auchentoshan.com,,Beam Suntory single malt Scotch
Glenfiddich (William Grant & Sons),Aston Martin partner,"Beverages, Food & CPG",16,Bunnahabhain,bunnahabhain.com,,Distell single malt Scotch
Glenfiddich (William Grant & Sons),Aston Martin partner,"Beverages, Food & CPG",17,Springbank,springbank.scot,,Independent single malt Scotch
Glenfiddich (William Grant & Sons),Aston Martin partner,"Beverages, Food & CPG",18,Tomatin,tomatin.com,,Independent single malt Scotch
Glenfiddich (William Grant & Sons),Aston Martin partner,"Beverages, Food & CPG",19,Deanston,deanstonmalt.com,,Distell single malt Scotch
Glenfiddich (William Grant & Sons),Aston Martin partner,"Beverages, Food & CPG",20,Speyburn,speyburn.com,,Inver House single malt Scotch
Glenfiddich (William Grant & Sons),Aston Martin partner,"Beverages, Food & CPG",21,Knockando,malts.com,,Diageo single malt Scotch
Glenfiddich (William Grant & Sons),Aston Martin partner,"Beverages, Food & CPG",22,Cragganmore,malts.com,,Diageo single malt Scotch
Glenfiddich (William Grant & Sons),Aston Martin partner,"Beverages, Food & CPG",23,Craigellachie,craigellachie.com,,Bacardi single malt Scotch
Glenfiddich (William Grant & Sons),Aston Martin partner,"Beverages, Food & CPG",24,Aultmore,aultmore.com,,Bacardi single malt Scotch
Heineken,F1 global partner; Chinese/Dutch/Las Vegas GP title,"Beverages, Food & CPG",1,Budweiser,budweiser.com,,AB InBev global lager flagship
Heineken,F1 global partner; Chinese/Dutch/Las Vegas GP title,"Beverages, Food & CPG",2,Stella Artois,stellaartois.com,,AB InBev premium lager
Heineken,F1 global partner; Chinese/Dutch/Las Vegas GP title,"Beverages, Food & CPG",3,Corona,corona.com,,AB InBev/Mexico premium lager
Heineken,F1 global partner; Chinese/Dutch/Las Vegas GP title,"Beverages, Food & CPG",4,Carlsberg,carlsberggroup.com,,Danish global brewer
Heineken,F1 global partner; Chinese/Dutch/Las Vegas GP title,"Beverages, Food & CPG",5,Peroni,peroniitaly.com,YES,Asahi brand; Ferrari partner
Heineken,F1 global partner; Chinese/Dutch/Las Vegas GP title,"Beverages, Food & CPG",6,Guinness,guinness.com,,Diageo stout brand
Heineken,F1 global partner; Chinese/Dutch/Las Vegas GP title,"Beverages, Food & CPG",7,Carling,carling.com,,Molson Coors UK lager
Heineken,F1 global partner; Chinese/Dutch/Las Vegas GP title,"Beverages, Food & CPG",8,Coors,coors.com,,Molson Coors flagship
Heineken,F1 global partner; Chinese/Dutch/Las Vegas GP title,"Beverages, Food & CPG",9,Miller,millerbrewing.com,,Molson Coors flagship
Heineken,F1 global partner; Chinese/Dutch/Las Vegas GP title,"Beverages, Food & CPG",10,Asahi Super Dry,asahibeer.com,,Asahi Group flagship lager
Heineken,F1 global partner; Chinese/Dutch/Las Vegas GP title,"Beverages, Food & CPG",11,Paulaner,paulaner.com,YES,Bavarian brewer; Audi F1 partner
Heineken,F1 global partner; Chinese/Dutch/Las Vegas GP title,"Beverages, Food & CPG",12,Beck's,becks.com,,AB InBev German lager
Heineken,F1 global partner; Chinese/Dutch/Las Vegas GP title,"Beverages, Food & CPG",13,Estrella Galicia,estrellagalicia.es,YES,"Hijos de Rivera; 0,0 variant is Williams partner"
Heineken,F1 global partner; Chinese/Dutch/Las Vegas GP title,"Beverages, Food & CPG",14,San Miguel,sanmiguel.com,,Spanish/Asian lager brand
Heineken,F1 global partner; Chinese/Dutch/Las Vegas GP title,"Beverages, Food & CPG",15,Tsingtao,tsingtao.com.cn,,Chinese lager leader
Heineken,F1 global partner; Chinese/Dutch/Las Vegas GP title,"Beverages, Food & CPG",16,Singha,singha.com,YES,Boon Rawd Brewery; Haas partner
Heineken,F1 global partner; Chinese/Dutch/Las Vegas GP title,"Beverages, Food & CPG",17,Modelo,modelousa.com,,Constellation Brands Mexican lager
Heineken,F1 global partner; Chinese/Dutch/Las Vegas GP title,"Beverages, Food & CPG",18,Kirin,kirinholdings.com,,Japanese brewer
Heineken,F1 global partner; Chinese/Dutch/Las Vegas GP title,"Beverages, Food & CPG",19,Sapporo,sapporobeer.com,,Japanese brewer
Heineken,F1 global partner; Chinese/Dutch/Las Vegas GP title,"Beverages, Food & CPG",20,Foster's,fostersbeer.com,,AB InBev/Carlton Australian lager
Heineken,F1 global partner; Chinese/Dutch/Las Vegas GP title,"Beverages, Food & CPG",21,Grolsch,grolsch.com,,Asahi Group Dutch lager
Heineken,F1 global partner; Chinese/Dutch/Las Vegas GP title,"Beverages, Food & CPG",22,Leffe,leffe.com,,AB InBev Belgian abbey beer
Heineken,F1 global partner; Chinese/Dutch/Las Vegas GP title,"Beverages, Food & CPG",23,Hoegaarden,hoegaarden.com,,AB InBev Belgian wheat beer
Heineken,F1 global partner; Chinese/Dutch/Las Vegas GP title,"Beverages, Food & CPG",24,Bitburger,bitburger.de,,German independent brewer
Heineken,F1 global partner; Chinese/Dutch/Las Vegas GP title,"Beverages, Food & CPG",25,Warsteiner,warsteiner.de,,German independent brewer
Heineken,F1 global partner; Chinese/Dutch/Las Vegas GP title,"Beverages, Food & CPG",26,Erdinger,erdinger.de,,German wheat beer specialist
Heineken,F1 global partner; Chinese/Dutch/Las Vegas GP title,"Beverages, Food & CPG",27,Yuengling,yuengling.com,,Oldest US brewery
Heineken,F1 global partner; Chinese/Dutch/Las Vegas GP title,"Beverages, Food & CPG",28,Anchor Brewing,anchorbrewing.com,,US craft lager pioneer
HMN24,Alpine partner,"Beverages, Food & CPG",1,Momentous,livemomentous.com,,US performance supplement brand
HMN24,Alpine partner,"Beverages, Food & CPG",2,Thorne,thorne.com,,US science-backed supplement brand
HMN24,Alpine partner,"Beverages, Food & CPG",3,AG1 (Athletic Greens),drinkag1.com,,US daily nutrition/greens supplement brand
HMN24,Alpine partner,"Beverages, Food & CPG",4,Onnit,onnit.com,,US nootropic/fitness supplement brand
HMN24,Alpine partner,"Beverages, Food & CPG",5,Neuriva,neuriva.com,,Reckitt-owned brain health supplement brand
HMN24,Alpine partner,"Beverages, Food & CPG",6,Mind Lab Pro,mindlabpro.com,,UK nootropic supplement brand
HMN24,Alpine partner,"Beverages, Food & CPG",7,HVMN,hvmn.com,,US performance/nootropic supplement brand
HMN24,Alpine partner,"Beverages, Food & CPG",8,Qualia Mind,neurohacker.com,,Neurohacker Collective nootropic brand
HMN24,Alpine partner,"Beverages, Food & CPG",9,Performance Lab,performancelab.com,,UK nootropic/performance supplement brand
HMN24,Alpine partner,"Beverages, Food & CPG",10,Genius Brand,thegeniusbrand.com,,US nootropic supplement brand
HMN24,Alpine partner,"Beverages, Food & CPG",11,Ritual,ritual.com,,US direct-to-consumer vitamin brand
HMN24,Alpine partner,"Beverages, Food & CPG",12,Care/of,careof.com,,Bayer-owned personalized supplement brand
HMN24,Alpine partner,"Beverages, Food & CPG",13,Seed Health,seed.com,,US probiotic/wellness supplement brand
HMN24,Alpine partner,"Beverages, Food & CPG",14,Levels,levels.com,,US metabolic health/wellness brand
HMN24,Alpine partner,"Beverages, Food & CPG",15,Elysium Health,elysiumhealth.com,,US longevity supplement brand
HMN24,Alpine partner,"Beverages, Food & CPG",16,Timeline Nutrition,timelinenutrition.com,,US cellular health supplement brand
Jack Daniel's (Brown-Forman),McLaren partner,"Beverages, Food & CPG",1,Jim Beam,jimbeam.com,YES,Suntory bourbon rival; Cadillac partner
Jack Daniel's (Brown-Forman),McLaren partner,"Beverages, Food & CPG",2,Maker's Mark,makersmark.com,,Beam Suntory bourbon
Jack Daniel's (Brown-Forman),McLaren partner,"Beverages, Food & CPG",3,Wild Turkey,wildturkeybourbon.com,,Campari Group bourbon
Jack Daniel's (Brown-Forman),McLaren partner,"Beverages, Food & CPG",4,Buffalo Trace,buffalotracedistillery.com,,Sazerac bourbon
Jack Daniel's (Brown-Forman),McLaren partner,"Beverages, Food & CPG",5,Knob Creek,knobcreek.com,,Beam Suntory bourbon
Jack Daniel's (Brown-Forman),McLaren partner,"Beverages, Food & CPG",6,Bulleit Bourbon,bulleit.com,,Diageo bourbon
Jack Daniel's (Brown-Forman),McLaren partner,"Beverages, Food & CPG",7,Four Roses,fourrosesbourbon.com,,Kirin-owned bourbon
Jack Daniel's (Brown-Forman),McLaren partner,"Beverages, Food & CPG",8,Evan Williams,evanwilliams.com,,Heaven Hill bourbon
Jack Daniel's (Brown-Forman),McLaren partner,"Beverages, Food & CPG",9,Elijah Craig,elijahcraig.com,,Heaven Hill bourbon
Jack Daniel's (Brown-Forman),McLaren partner,"Beverages, Food & CPG",10,Crown Royal,crownroyal.com,,Diageo Canadian whisky
Jack Daniel's (Brown-Forman),McLaren partner,"Beverages, Food & CPG",11,Jameson,jamesonwhiskey.com,,Pernod Ricard Irish whiskey
Jack Daniel's (Brown-Forman),McLaren partner,"Beverages, Food & CPG",12,Southern Comfort,southerncomfort.com,,Sazerac whiskey liqueur
Jack Daniel's (Brown-Forman),McLaren partner,"Beverages, Food & CPG",13,Michter's,michters.com,,Independent premium bourbon
Jack Daniel's (Brown-Forman),McLaren partner,"Beverages, Food & CPG",14,George Dickel,georgedickel.com,,Diageo Tennessee whiskey
Jack Daniel's (Brown-Forman),McLaren partner,"Beverages, Food & CPG",15,Rebel Yell,rebelyellbourbon.com,,Luxco/MGP bourbon
Jack Daniel's (Brown-Forman),McLaren partner,"Beverages, Food & CPG",16,Ezra Brooks,ezrabrooks.com,,Luxco bourbon
Jack Daniel's (Brown-Forman),McLaren partner,"Beverages, Food & CPG",17,1792 Bourbon,1792bourbon.com,,Sazerac bourbon
Jack Daniel's (Brown-Forman),McLaren partner,"Beverages, Food & CPG",18,Blanton's,blantonsbourbon.com,,Sazerac single-barrel bourbon
Jack Daniel's (Brown-Forman),McLaren partner,"Beverages, Food & CPG",19,Pappy Van Winkle,oldripvanwinkle.com,,Buffalo Trace/Sazerac cult bourbon
Jack Daniel's (Brown-Forman),McLaren partner,"Beverages, Food & CPG",20,Heaven Hill Bourbon,heavenhill.com,,Heaven Hill flagship bourbon
Jack Daniel's (Brown-Forman),McLaren partner,"Beverages, Food & CPG",21,Wilderness Trail,wildernesstraildistillery.com,,Independent Kentucky bourbon
Jack Daniel's (Brown-Forman),McLaren partner,"Beverages, Food & CPG",22,Woodford Reserve,woodfordreserve.com,YES,Brown-Forman sibling premium bourbon
Jack Daniel's (Brown-Forman),McLaren partner,"Beverages, Food & CPG",23,Old Forester,oldforester.com,YES,Brown-Forman sibling bourbon
Jack Daniel's (Brown-Forman),McLaren partner,"Beverages, Food & CPG",24,Larceny Bourbon,larcenybourbon.com,,Heaven Hill wheated bourbon
Jack Daniel's (Brown-Forman),McLaren partner,"Beverages, Food & CPG",25,Eagle Rare,eaglerarebourbon.com,,Sazerac single-barrel bourbon
Jim Beam (Suntory Global Spirits),Cadillac partner,"Beverages, Food & CPG",1,Jack Daniel's,jackdaniels.com,YES,Brown-Forman whiskey rival; McLaren partner
Jim Beam (Suntory Global Spirits),Cadillac partner,"Beverages, Food & CPG",2,Wild Turkey,wildturkeybourbon.com,,Campari Group bourbon
Jim Beam (Suntory Global Spirits),Cadillac partner,"Beverages, Food & CPG",3,Buffalo Trace,buffalotracedistillery.com,,Sazerac bourbon
Jim Beam (Suntory Global Spirits),Cadillac partner,"Beverages, Food & CPG",4,Bulleit Bourbon,bulleit.com,,Diageo bourbon
Jim Beam (Suntory Global Spirits),Cadillac partner,"Beverages, Food & CPG",5,Four Roses,fourrosesbourbon.com,,Kirin-owned bourbon
Jim Beam (Suntory Global Spirits),Cadillac partner,"Beverages, Food & CPG",6,Evan Williams,evanwilliams.com,,Heaven Hill bourbon
Jim Beam (Suntory Global Spirits),Cadillac partner,"Beverages, Food & CPG",7,Elijah Craig,elijahcraig.com,,Heaven Hill bourbon
Jim Beam (Suntory Global Spirits),Cadillac partner,"Beverages, Food & CPG",8,Crown Royal,crownroyal.com,,Diageo Canadian whisky
Jim Beam (Suntory Global Spirits),Cadillac partner,"Beverages, Food & CPG",9,Jameson,jamesonwhiskey.com,,Pernod Ricard Irish whiskey
Jim Beam (Suntory Global Spirits),Cadillac partner,"Beverages, Food & CPG",10,Southern Comfort,southerncomfort.com,,Sazerac whiskey liqueur
Jim Beam (Suntory Global Spirits),Cadillac partner,"Beverages, Food & CPG",11,Michter's,michters.com,,Independent premium bourbon
Jim Beam (Suntory Global Spirits),Cadillac partner,"Beverages, Food & CPG",12,George Dickel,georgedickel.com,,Diageo Tennessee whiskey
Jim Beam (Suntory Global Spirits),Cadillac partner,"Beverages, Food & CPG",13,Rebel Yell,rebelyellbourbon.com,,Luxco/MGP bourbon
Jim Beam (Suntory Global Spirits),Cadillac partner,"Beverages, Food & CPG",14,Ezra Brooks,ezrabrooks.com,,Luxco bourbon
Jim Beam (Suntory Global Spirits),Cadillac partner,"Beverages, Food & CPG",15,1792 Bourbon,1792bourbon.com,,Sazerac bourbon
Jim Beam (Suntory Global Spirits),Cadillac partner,"Beverages, Food & CPG",16,Blanton's,blantonsbourbon.com,,Sazerac single-barrel bourbon
Jim Beam (Suntory Global Spirits),Cadillac partner,"Beverages, Food & CPG",17,Pappy Van Winkle,oldripvanwinkle.com,,Buffalo Trace/Sazerac cult bourbon
Jim Beam (Suntory Global Spirits),Cadillac partner,"Beverages, Food & CPG",18,Heaven Hill Bourbon,heavenhill.com,,Heaven Hill flagship bourbon
Jim Beam (Suntory Global Spirits),Cadillac partner,"Beverages, Food & CPG",19,Wilderness Trail,wildernesstraildistillery.com,,Independent Kentucky bourbon
Jim Beam (Suntory Global Spirits),Cadillac partner,"Beverages, Food & CPG",20,Woodford Reserve,woodfordreserve.com,,Brown-Forman premium bourbon
Jim Beam (Suntory Global Spirits),Cadillac partner,"Beverages, Food & CPG",21,Old Forester,oldforester.com,,Brown-Forman bourbon
Jim Beam (Suntory Global Spirits),Cadillac partner,"Beverages, Food & CPG",22,Larceny Bourbon,larcenybourbon.com,,Heaven Hill wheated bourbon
Jim Beam (Suntory Global Spirits),Cadillac partner,"Beverages, Food & CPG",23,W.L. Weller,wellerbourbon.com,,Sazerac wheated bourbon
Jim Beam (Suntory Global Spirits),Cadillac partner,"Beverages, Food & CPG",24,Eagle Rare,eaglerarebourbon.com,,Sazerac single-barrel bourbon
Jim Beam (Suntory Global Spirits),Cadillac partner,"Beverages, Food & CPG",25,Angel's Envy,angelsenvy.com,,Bacardi-owned finished bourbon
McDonald's (Arcos Dorados),F1 regional partner (Latin America),"Beverages, Food & CPG",1,Burger King,bk.com,,Restaurant Brands International QSR rival
McDonald's (Arcos Dorados),F1 regional partner (Latin America),"Beverages, Food & CPG",2,KFC,kfc.com,,Yum! Brands QSR rival
McDonald's (Arcos Dorados),F1 regional partner (Latin America),"Beverages, Food & CPG",3,Pizza Hut,pizzahut.com,,Yum! Brands QSR rival
McDonald's (Arcos Dorados),F1 regional partner (Latin America),"Beverages, Food & CPG",4,Taco Bell,tacobell.com,,Yum! Brands QSR rival
McDonald's (Arcos Dorados),F1 regional partner (Latin America),"Beverages, Food & CPG",5,Subway,subway.com,,Global sandwich QSR chain
McDonald's (Arcos Dorados),F1 regional partner (Latin America),"Beverages, Food & CPG",6,Wendy's,wendys.com,,US burger QSR chain
McDonald's (Arcos Dorados),F1 regional partner (Latin America),"Beverages, Food & CPG",7,Starbucks,starbucks.com,,Global coffeehouse chain
McDonald's (Arcos Dorados),F1 regional partner (Latin America),"Beverages, Food & CPG",8,Domino's Pizza,dominos.com,,Global pizza delivery chain
McDonald's (Arcos Dorados),F1 regional partner (Latin America),"Beverages, Food & CPG",9,Popeyes,popeyes.com,,RBI fried chicken QSR chain
McDonald's (Arcos Dorados),F1 regional partner (Latin America),"Beverages, Food & CPG",10,Chick-fil-A,chick-fil-a.com,,US fried chicken QSR chain
McDonald's (Arcos Dorados),F1 regional partner (Latin America),"Beverages, Food & CPG",11,Dunkin',dunkindonuts.com,,Inspire Brands coffee/QSR chain
McDonald's (Arcos Dorados),F1 regional partner (Latin America),"Beverages, Food & CPG",12,Five Guys,fiveguys.com,,US better-burger chain
McDonald's (Arcos Dorados),F1 regional partner (Latin America),"Beverages, Food & CPG",13,Chipotle Mexican Grill,chipotle.com,,US fast-casual chain
McDonald's (Arcos Dorados),F1 regional partner (Latin America),"Beverages, Food & CPG",14,Papa John's,papajohns.com,,Global pizza delivery chain
McDonald's (Arcos Dorados),F1 regional partner (Latin America),"Beverages, Food & CPG",15,Arby's,arbys.com,,Inspire Brands sandwich QSR chain
McDonald's (Arcos Dorados),F1 regional partner (Latin America),"Beverages, Food & CPG",16,Sonic Drive-In,sonicdrivein.com,,Inspire Brands drive-in QSR chain
McDonald's (Arcos Dorados),F1 regional partner (Latin America),"Beverages, Food & CPG",17,Jack in the Box,jackinthebox.com,,US regional burger QSR chain
McDonald's (Arcos Dorados),F1 regional partner (Latin America),"Beverages, Food & CPG",18,Carl's Jr / Hardee's,carlsjr.com,,CKE Restaurants burger QSR chain
McDonald's (Arcos Dorados),F1 regional partner (Latin America),"Beverages, Food & CPG",19,Panda Express,pandaexpress.com,,US Asian fast-casual chain
McDonald's (Arcos Dorados),F1 regional partner (Latin America),"Beverages, Food & CPG",20,Panera Bread,panerabread.com,,US bakery-cafe fast-casual chain
McDonald's (Arcos Dorados),F1 regional partner (Latin America),"Beverages, Food & CPG",21,Whataburger,whataburger.com,,US regional burger QSR chain
McDonald's (Arcos Dorados),F1 regional partner (Latin America),"Beverages, Food & CPG",22,In-N-Out Burger,in-n-out.com,,US regional burger QSR chain
McDonald's (Arcos Dorados),F1 regional partner (Latin America),"Beverages, Food & CPG",23,Shake Shack,shakeshack.com,,US better-burger chain
McDonald's (Arcos Dorados),F1 regional partner (Latin America),"Beverages, Food & CPG",24,Little Caesars,littlecaesars.com,,US pizza QSR chain
McDonald's (Arcos Dorados),F1 regional partner (Latin America),"Beverages, Food & CPG",25,Bembos,bembos.com.pe,,Peruvian burger QSR chain
McDonald's (Arcos Dorados),F1 regional partner (Latin America),"Beverages, Food & CPG",26,Habib's,habibs.com.br,,Brazilian Middle-Eastern QSR chain
McDonald's (Arcos Dorados),F1 regional partner (Latin America),"Beverages, Food & CPG",27,Bob's,bobs.com.br,,Brazilian burger QSR chain
McDonald's (Arcos Dorados),F1 regional partner (Latin America),"Beverages, Food & CPG",28,El Pollo Loco,elpolloloco.com,,US grilled chicken QSR chain
McDonald's (Arcos Dorados),F1 regional partner (Latin America),"Beverages, Food & CPG",29,A&W Restaurants,awrestaurants.com,,North American burger QSR chain
McDonald's (Arcos Dorados),F1 regional partner (Latin America),"Beverages, Food & CPG",30,Church's Texas Chicken,churchs.com,,US fried chicken QSR chain
Moet & Chandon (LVMH),Belgian GP title sponsor; F1 official champagne,"Beverages, Food & CPG",1,G.H. Mumm,mumm.com,YES,Pernod Ricard champagne house; Ferrari partner
Moet & Chandon (LVMH),Belgian GP title sponsor; F1 official champagne,"Beverages, Food & CPG",2,Taittinger,taittinger.com,YES,Family-owned champagne house; Haas partner
Moet & Chandon (LVMH),Belgian GP title sponsor; F1 official champagne,"Beverages, Food & CPG",3,Veuve Clicquot,veuveclicquot.com,,LVMH sibling champagne house
Moet & Chandon (LVMH),Belgian GP title sponsor; F1 official champagne,"Beverages, Food & CPG",4,Laurent-Perrier,laurent-perrier.com,,Independent champagne house
Moet & Chandon (LVMH),Belgian GP title sponsor; F1 official champagne,"Beverages, Food & CPG",5,Piper-Heidsieck,piper-heidsieck.com,,EPC-owned champagne house
Moet & Chandon (LVMH),Belgian GP title sponsor; F1 official champagne,"Beverages, Food & CPG",6,Bollinger,champagne-bollinger.com,,Family-owned champagne house
Moet & Chandon (LVMH),Belgian GP title sponsor; F1 official champagne,"Beverages, Food & CPG",7,Pol Roger,polroger.com,,Family-owned champagne house
Moet & Chandon (LVMH),Belgian GP title sponsor; F1 official champagne,"Beverages, Food & CPG",8,Louis Roederer,louis-roederer.com,,Independent champagne house (Cristal)
Moet & Chandon (LVMH),Belgian GP title sponsor; F1 official champagne,"Beverages, Food & CPG",9,Krug,krug.com,,LVMH sibling prestige champagne house
Moet & Chandon (LVMH),Belgian GP title sponsor; F1 official champagne,"Beverages, Food & CPG",10,Ruinart,ruinart.com,,LVMH sibling; oldest champagne house
Moet & Chandon (LVMH),Belgian GP title sponsor; F1 official champagne,"Beverages, Food & CPG",11,Perrier-Jouet,perrier-jouet.com,,Pernod Ricard-owned champagne house
Moet & Chandon (LVMH),Belgian GP title sponsor; F1 official champagne,"Beverages, Food & CPG",12,Lanson,lanson.com,,Independent champagne house
Moet & Chandon (LVMH),Belgian GP title sponsor; F1 official champagne,"Beverages, Food & CPG",13,Nicolas Feuillatte,nicolas-feuillatte.com,,Cooperative champagne house
Moet & Chandon (LVMH),Belgian GP title sponsor; F1 official champagne,"Beverages, Food & CPG",14,Charles Heidsieck,charlesheidsieck.com,,EPC-owned champagne house
Moet & Chandon (LVMH),Belgian GP title sponsor; F1 official champagne,"Beverages, Food & CPG",15,Deutz,champagne-deutz.com,,Louis Roederer-owned champagne house
Moet & Chandon (LVMH),Belgian GP title sponsor; F1 official champagne,"Beverages, Food & CPG",16,Billecart-Salmon,champagne-billecart.fr,,Family-owned champagne house
Moet & Chandon (LVMH),Belgian GP title sponsor; F1 official champagne,"Beverages, Food & CPG",17,Ayala,champagne-ayala.fr,,Bollinger-owned champagne house
Moet & Chandon (LVMH),Belgian GP title sponsor; F1 official champagne,"Beverages, Food & CPG",18,Henriot,champagne-henriot.com,,Family-owned champagne house
Moet & Chandon (LVMH),Belgian GP title sponsor; F1 official champagne,"Beverages, Food & CPG",19,Jacquart,jacquart-champagne.com,,Cooperative champagne house
Moet & Chandon (LVMH),Belgian GP title sponsor; F1 official champagne,"Beverages, Food & CPG",20,Mercier,champagnemercier.fr,,LVMH sibling champagne house
Moet & Chandon (LVMH),Belgian GP title sponsor; F1 official champagne,"Beverages, Food & CPG",21,De Venoge,champagnedevenoge.com,,Independent champagne house
Moet & Chandon (LVMH),Belgian GP title sponsor; F1 official champagne,"Beverages, Food & CPG",22,Canard-Duchene,canard-duchene.fr,,Champagne house (Thienot group)
Moet & Chandon (LVMH),Belgian GP title sponsor; F1 official champagne,"Beverages, Food & CPG",23,Gosset,champagne-gosset.com,,Oldest wine house in Champagne
Moet & Chandon (LVMH),Belgian GP title sponsor; F1 official champagne,"Beverages, Food & CPG",24,Freixenet,freixenet.com,,Henkell-owned Cava/sparkling wine group
Moet & Chandon (LVMH),Belgian GP title sponsor; F1 official champagne,"Beverages, Food & CPG",25,Ferrari Trento,ferraritrento.com,,Italian premium sparkling wine (Metodo Classico)
Moet Hennessy (LVMH),F1 official partner; Moet & Chandon Belgian GP title,"Beverages, Food & CPG",1,Pernod Ricard,pernod-ricard.com,YES,Wine & spirits rival; Chivas/G.H. Mumm are Ferrari partners
Moet Hennessy (LVMH),F1 official partner; Moet & Chandon Belgian GP title,"Beverages, Food & CPG",2,Diageo,diageo.com,,"World's largest spirits company (J. Walker, Guinness)"
Moet Hennessy (LVMH),F1 official partner; Moet & Chandon Belgian GP title,"Beverages, Food & CPG",3,Bacardi Limited,bacardilimited.com,,Global family-owned spirits group
Moet Hennessy (LVMH),F1 official partner; Moet & Chandon Belgian GP title,"Beverages, Food & CPG",4,Brown-Forman,brown-forman.com,YES,Spirits group; Jack Daniel's is F1 (McLaren) sponsor
Moet Hennessy (LVMH),F1 official partner; Moet & Chandon Belgian GP title,"Beverages, Food & CPG",5,Constellation Brands,cbrands.com,,US beer/wine/spirits group
Moet Hennessy (LVMH),F1 official partner; Moet & Chandon Belgian GP title,"Beverages, Food & CPG",6,Suntory Global Spirits,suntoryglobalspirits.com,YES,Spirits group; Jim Beam is F1 (Cadillac) sponsor
Moet Hennessy (LVMH),F1 official partner; Moet & Chandon Belgian GP title,"Beverages, Food & CPG",7,Campari Group,camparigroup.com,,Italian spirits/aperitif group
Moet Hennessy (LVMH),F1 official partner; Moet & Chandon Belgian GP title,"Beverages, Food & CPG",8,William Grant & Sons,williamgrant.com,YES,Scotch group; Glenfiddich is F1 (Aston Martin) sponsor
Moet Hennessy (LVMH),F1 official partner; Moet & Chandon Belgian GP title,"Beverages, Food & CPG",9,Remy Cointreau,remy-cointreau.com,,French cognac/spirits group
Moet Hennessy (LVMH),F1 official partner; Moet & Chandon Belgian GP title,"Beverages, Food & CPG",10,Edrington Group,theedringtongroup.com,,Scotch whisky group (Macallan)
Moet Hennessy (LVMH),F1 official partner; Moet & Chandon Belgian GP title,"Beverages, Food & CPG",11,Freixenet-Henkell,henkell-freixenet.com,,Global sparkling wine group
Moet Hennessy (LVMH),F1 official partner; Moet & Chandon Belgian GP title,"Beverages, Food & CPG",12,Treasury Wine Estates,tweglobal.com,,Global premium wine group
Moet Hennessy (LVMH),F1 official partner; Moet & Chandon Belgian GP title,"Beverages, Food & CPG",13,E&J Gallo Winery,gallo.com,,World's largest family-owned winery
Moet Hennessy (LVMH),F1 official partner; Moet & Chandon Belgian GP title,"Beverages, Food & CPG",14,Accolade Wines,accoladewines.com,,Global wine group
Moet Hennessy (LVMH),F1 official partner; Moet & Chandon Belgian GP title,"Beverages, Food & CPG",15,Concha y Toro,conchaytoro.com,,Chilean wine group
Moet Hennessy (LVMH),F1 official partner; Moet & Chandon Belgian GP title,"Beverages, Food & CPG",16,Marchesi Antinori,antinori.it,,Historic Italian wine house
Moet Hennessy (LVMH),F1 official partner; Moet & Chandon Belgian GP title,"Beverages, Food & CPG",17,Emperador Inc.,emperadorinc.com,,Filipino brandy/whisky group (Whyte & Mackay)
Moet Hennessy (LVMH),F1 official partner; Moet & Chandon Belgian GP title,"Beverages, Food & CPG",18,Thai Beverage (ThaiBev),thaibev.com,YES,Beer/spirits group; Vellamo Water is F1 (Haas) sponsor
Moet Hennessy (LVMH),F1 official partner; Moet & Chandon Belgian GP title,"Beverages, Food & CPG",19,Distell Group,distell.co.za,,South African wine & spirits group
Moet Hennessy (LVMH),F1 official partner; Moet & Chandon Belgian GP title,"Beverages, Food & CPG",20,Stoli Group,stoligroup.com,,Global vodka/spirits group
Moet Hennessy (LVMH),F1 official partner; Moet & Chandon Belgian GP title,"Beverages, Food & CPG",21,La Martiniquaise,lamartiniquaise.fr,,French independent spirits group
Moet Hennessy (LVMH),F1 official partner; Moet & Chandon Belgian GP title,"Beverages, Food & CPG",22,Marie Brizard Wine & Spirits,mbws.com,,French wine & spirits group
Moet Hennessy (LVMH),F1 official partner; Moet & Chandon Belgian GP title,"Beverages, Food & CPG",23,Halewood Artisanal Spirits,halewood-int.com,,UK independent spirits group
Moet Hennessy (LVMH),F1 official partner; Moet & Chandon Belgian GP title,"Beverages, Food & CPG",24,Sazerac Company,sazerac.com,,US private spirits giant
Moet Hennessy (LVMH),F1 official partner; Moet & Chandon Belgian GP title,"Beverages, Food & CPG",25,Heaven Hill Brands,heavenhill.com,,US family-owned bourbon group
Moet Hennessy (LVMH),F1 official partner; Moet & Chandon Belgian GP title,"Beverages, Food & CPG",26,Kweichow Moutai,moutaichina.com,,Chinese baijiu spirits giant
Moet Hennessy (LVMH),F1 official partner; Moet & Chandon Belgian GP title,"Beverages, Food & CPG",27,Roust Corporation,roust.com,,Russian Standard vodka group
Monster Energy (Monster Beverage),McLaren partner,"Beverages, Food & CPG",1,Red Bull,redbull.com,YES,Global energy drink leader; Red Bull Racing owner
Monster Energy (Monster Beverage),McLaren partner,"Beverages, Food & CPG",2,Celsius,celsiusholdings.com,YES,Fitness-energy rival; Aston Martin partner
Monster Energy (Monster Beverage),McLaren partner,"Beverages, Food & CPG",3,Rockstar Energy,rockstarenergy.com,YES,PepsiCo-owned energy rival; PepsiCo is F1 partner
Monster Energy (Monster Beverage),McLaren partner,"Beverages, Food & CPG",4,Bang Energy,bangenergy.com,,US high-caffeine energy brand
Monster Energy (Monster Beverage),McLaren partner,"Beverages, Food & CPG",5,Full Throttle,fullthrottle.com,,Coca-Cola energy brand
Monster Energy (Monster Beverage),McLaren partner,"Beverages, Food & CPG",6,Amp Energy,amp-energy.com,YES,PepsiCo energy brand; PepsiCo is F1 partner
Monster Energy (Monster Beverage),McLaren partner,"Beverages, Food & CPG",7,5-hour Energy,5hourenergy.com,,US energy shot leader
Monster Energy (Monster Beverage),McLaren partner,"Beverages, Food & CPG",8,G Fuel,gfuel.com,,Gaming/esports energy drink
Monster Energy (Monster Beverage),McLaren partner,"Beverages, Food & CPG",9,Alani Nu,alaninu.com,,US female-skewing energy brand
Monster Energy (Monster Beverage),McLaren partner,"Beverages, Food & CPG",10,Ghost Energy,ghostlifestyle.com,,US lifestyle energy brand
Monster Energy (Monster Beverage),McLaren partner,"Beverages, Food & CPG",11,C4 Energy,c4energy.com,,Nutrabolt performance energy drink
Monster Energy (Monster Beverage),McLaren partner,"Beverages, Food & CPG",12,Prime Energy,drinkprime.com,,Logan Paul/KSI-backed energy drink
Monster Energy (Monster Beverage),McLaren partner,"Beverages, Food & CPG",13,Zoa Energy,drinkzoa.com,,Dwayne Johnson-backed energy drink
Monster Energy (Monster Beverage),McLaren partner,"Beverages, Food & CPG",14,Rip It Energy,ripitenergy.com,,US value energy drink
Monster Energy (Monster Beverage),McLaren partner,"Beverages, Food & CPG",15,Venom Energy,venomenergy.com,,Coca-Cola energy brand
Monster Energy (Monster Beverage),McLaren partner,"Beverages, Food & CPG",16,Relentless,relentlessenergy.com,,Coca-Cola energy brand (Europe)
Monster Energy (Monster Beverage),McLaren partner,"Beverages, Food & CPG",17,Burn Energy,burnenergydrink.com,,Coca-Cola energy brand (global)
Monster Energy (Monster Beverage),McLaren partner,"Beverages, Food & CPG",18,Mother Energy,motherenergy.com.au,,Coca-Cola energy brand (ANZ)
Monster Energy (Monster Beverage),McLaren partner,"Beverages, Food & CPG",19,V Energy Drink,drinkv.co.nz,,Frucor Suntory energy brand (ANZ)
Monster Energy (Monster Beverage),McLaren partner,"Beverages, Food & CPG",20,Lucozade Energy,lucozade.com,,Suntory-owned UK energy brand
Monster Energy (Monster Beverage),McLaren partner,"Beverages, Food & CPG",21,Battery Energy Drink,batteryenergydrink.com,YES,PepsiCo energy brand; PepsiCo is F1 partner
Monster Energy (Monster Beverage),McLaren partner,"Beverages, Food & CPG",22,Predator Energy,predatorenergy.com,,AB InBev energy drink
Monster Energy (Monster Beverage),McLaren partner,"Beverages, Food & CPG",23,Bomba Energy,bombaenergy.com,,US energy drink brand
Monster Energy (Monster Beverage),McLaren partner,"Beverages, Food & CPG",24,NOCCO,nocco.com,,Swedish BCAA/functional energy drink
Monster Energy (Monster Beverage),McLaren partner,"Beverages, Food & CPG",25,Adrenaline Shoc,adrenalineshoc.com,,US performance energy drink
Monster Energy (Monster Beverage),McLaren partner,"Beverages, Food & CPG",26,Hype Energy,hypeenergy.com,,UAE-founded global energy brand
Monster Energy (Monster Beverage),McLaren partner,"Beverages, Food & CPG",27,Emerge Energy,emergedrinks.com,,UK challenger energy brand
Monster Energy (Monster Beverage),McLaren partner,"Beverages, Food & CPG",28,Redline Energy,vpxsports.com,,VPX high-potency energy drink
Monster Energy (Monster Beverage),McLaren partner,"Beverages, Food & CPG",29,Bawls Guarana,bawls.com,,US guarana-based energy drink
Monster Energy (Monster Beverage),McLaren partner,"Beverages, Food & CPG",30,Xyience Energy,xyience.com,YES,Monster Beverage sibling energy brand
NEFT Vodka,Racing Bulls partner,"Beverages, Food & CPG",1,Grey Goose,greygoose.com,,Bacardi premium vodka
NEFT Vodka,Racing Bulls partner,"Beverages, Food & CPG",2,Absolut Vodka,absolut.com,,Pernod Ricard premium vodka
NEFT Vodka,Racing Bulls partner,"Beverages, Food & CPG",3,Belvedere,belvedere.com,YES,LVMH premium vodka; LVMH is F1 global partner
NEFT Vodka,Racing Bulls partner,"Beverages, Food & CPG",4,Ketel One,ketelone.com,,Diageo premium vodka
NEFT Vodka,Racing Bulls partner,"Beverages, Food & CPG",5,Smirnoff,smirnoff.com,,Diageo mainstream vodka leader
NEFT Vodka,Racing Bulls partner,"Beverages, Food & CPG",6,Tito's Handmade Vodka,titosvodka.com,,US independent premium vodka
NEFT Vodka,Racing Bulls partner,"Beverages, Food & CPG",7,Ciroc,ciroc.com,,Diageo ultra-premium vodka
NEFT Vodka,Racing Bulls partner,"Beverages, Food & CPG",8,Stolichnaya,stoli.com,,Stoli Group vodka
NEFT Vodka,Racing Bulls partner,"Beverages, Food & CPG",9,Chopin Vodka,chopinvodka.com,,Marie Brizard premium potato vodka
NEFT Vodka,Racing Bulls partner,"Beverages, Food & CPG",10,Reyka Vodka,reyka.com,,Diageo Icelandic vodka
NEFT Vodka,Racing Bulls partner,"Beverages, Food & CPG",11,Skyy Vodka,skyy.com,,Campari Group vodka
NEFT Vodka,Racing Bulls partner,"Beverages, Food & CPG",12,Effen Vodka,effenvodka.com,,Beam Suntory premium vodka
NEFT Vodka,Racing Bulls partner,"Beverages, Food & CPG",13,Finlandia,finlandia.com,YES,Brown-Forman vodka; Jack Daniel's owner is McLaren partner
NEFT Vodka,Racing Bulls partner,"Beverages, Food & CPG",14,Russian Standard,russianstandardvodka.com,,Roust Corporation vodka
NEFT Vodka,Racing Bulls partner,"Beverages, Food & CPG",15,Beluga Vodka,belugavodka.com,,Russian ultra-premium vodka
NEFT Vodka,Racing Bulls partner,"Beverages, Food & CPG",16,Crystal Head Vodka,crystalheadvodka.com,,Independent premium vodka
NEFT Vodka,Racing Bulls partner,"Beverages, Food & CPG",17,42 Below,42below.com,,Bacardi New Zealand vodka
NEFT Vodka,Racing Bulls partner,"Beverages, Food & CPG",18,Wyborowa,wyborowa.com,,Pernod Ricard Polish vodka
NEFT Vodka,Racing Bulls partner,"Beverages, Food & CPG",19,Danzka Vodka,danzka.com,,Danish aluminium-bottle vodka
NEFT Vodka,Racing Bulls partner,"Beverages, Food & CPG",20,Three Sixty Vodka,360vodka.com,,German eco-focused vodka
NEFT Vodka,Racing Bulls partner,"Beverages, Food & CPG",21,Svedka,svedka.com,,Constellation Brands Swedish vodka
NEFT Vodka,Racing Bulls partner,"Beverages, Food & CPG",22,Zubrowka,zubrowka.com,,Roust Polish bison-grass vodka
NEFT Vodka,Racing Bulls partner,"Beverages, Food & CPG",23,Level Vodka,absolut.com,,The Absolut Company premium vodka
NEFT Vodka,Racing Bulls partner,"Beverages, Food & CPG",24,Konik's Tail Vodka,konikstail.com,,Polish rye vodka
Nestle,F1 official partner (also S.Pellegrino at Ferrari),"Beverages, Food & CPG",1,Unilever,unilever.com,YES,Global CPG rival; Dirt is Good/OMO is F1 Academy partner
Nestle,F1 official partner (also S.Pellegrino at Ferrari),"Beverages, Food & CPG",2,PepsiCo,pepsico.com,YES,Global food & beverage rival; F1 official partner
Nestle,F1 official partner (also S.Pellegrino at Ferrari),"Beverages, Food & CPG",3,Mondelez International,mondelezinternational.com,,Global snacks giant
Nestle,F1 official partner (also S.Pellegrino at Ferrari),"Beverages, Food & CPG",4,Danone,danone.com,,Global dairy/water/nutrition group
Nestle,F1 official partner (also S.Pellegrino at Ferrari),"Beverages, Food & CPG",5,Kraft Heinz,kraftheinzcompany.com,,US packaged food giant
Nestle,F1 official partner (also S.Pellegrino at Ferrari),"Beverages, Food & CPG",6,General Mills,generalmills.com,,US packaged food giant
Nestle,F1 official partner (also S.Pellegrino at Ferrari),"Beverages, Food & CPG",7,Kellanova,kellanova.com,,Global snacks/cereal group
Nestle,F1 official partner (also S.Pellegrino at Ferrari),"Beverages, Food & CPG",8,"Mars, Incorporated",mars.com,,Global confectionery/pet food giant
Nestle,F1 official partner (also S.Pellegrino at Ferrari),"Beverages, Food & CPG",9,The Coca-Cola Company,coca-colacompany.com,,Global beverage giant
Nestle,F1 official partner (also S.Pellegrino at Ferrari),"Beverages, Food & CPG",10,Procter & Gamble,pg.com,YES,Global CPG rival; Gillette is F1 (Audi) sponsor
Nestle,F1 official partner (also S.Pellegrino at Ferrari),"Beverages, Food & CPG",11,Colgate-Palmolive,colgatepalmolive.com,,Global personal care/food group
Nestle,F1 official partner (also S.Pellegrino at Ferrari),"Beverages, Food & CPG",12,Reckitt,reckitt.com,,Global CPG/health group
Nestle,F1 official partner (also S.Pellegrino at Ferrari),"Beverages, Food & CPG",13,Ferrero Group,ferrero.com,,Global confectionery group
Nestle,F1 official partner (also S.Pellegrino at Ferrari),"Beverages, Food & CPG",14,Hershey,thehersheycompany.com,,US confectionery leader
Nestle,F1 official partner (also S.Pellegrino at Ferrari),"Beverages, Food & CPG",15,Campbell Soup Company,campbellsoupcompany.com,,US packaged food giant
Nestle,F1 official partner (also S.Pellegrino at Ferrari),"Beverages, Food & CPG",16,Conagra Brands,conagrabrands.com,,US packaged food giant
Nestle,F1 official partner (also S.Pellegrino at Ferrari),"Beverages, Food & CPG",17,Associated British Foods,abf.co.uk,,Diversified UK food group
Nestle,F1 official partner (also S.Pellegrino at Ferrari),"Beverages, Food & CPG",18,Suntory Global Spirits,suntoryglobalspirits.com,YES,Beverage conglomerate; Jim Beam is F1 (Cadillac) sponsor
Nestle,F1 official partner (also S.Pellegrino at Ferrari),"Beverages, Food & CPG",19,Ajinomoto,ajinomoto.com,,Japanese food & seasoning giant
Nestle,F1 official partner (also S.Pellegrino at Ferrari),"Beverages, Food & CPG",20,Meiji Holdings,meiji.com,,Japanese dairy/confectionery group
Nestle,F1 official partner (also S.Pellegrino at Ferrari),"Beverages, Food & CPG",21,Lactalis,lactalis.com,,French dairy giant
Nestle,F1 official partner (also S.Pellegrino at Ferrari),"Beverages, Food & CPG",22,Bel Group,groupe-bel.com,,French cheese/dairy group
Nestle,F1 official partner (also S.Pellegrino at Ferrari),"Beverages, Food & CPG",23,Arla Foods,arla.com,,European dairy cooperative
Nestle,F1 official partner (also S.Pellegrino at Ferrari),"Beverages, Food & CPG",24,Yili Group,yili.com,,Chinese dairy giant
Nestle,F1 official partner (also S.Pellegrino at Ferrari),"Beverages, Food & CPG",25,Grupo Bimbo,grupobimbo.com,,Global bakery giant
Nestle,F1 official partner (also S.Pellegrino at Ferrari),"Beverages, Food & CPG",26,JBS,jbs.com.br,,Global protein/food giant
Nestle,F1 official partner (also S.Pellegrino at Ferrari),"Beverages, Food & CPG",27,Tyson Foods,tysonfoods.com,,US protein giant
Nestle,F1 official partner (also S.Pellegrino at Ferrari),"Beverages, Food & CPG",28,McCormick & Company,mccormickcorporation.com,,Global spice/flavor giant
Nestle,F1 official partner (also S.Pellegrino at Ferrari),"Beverages, Food & CPG",29,Post Holdings,postholdings.com,,US packaged food group
Nestle,F1 official partner (also S.Pellegrino at Ferrari),"Beverages, Food & CPG",30,Nomad Foods,nomadfoods.com,,European frozen food leader
Oakberry,Alpine partner,"Beverages, Food & CPG",1,Rush Bowls,rushbowls.com,,US acai/smoothie bowl chain
Oakberry,Alpine partner,"Beverages, Food & CPG",2,Playa Bowls,playabowls.com,,US acai/smoothie bowl chain
Oakberry,Alpine partner,"Beverages, Food & CPG",3,Vitality Bowls,vitalitybowls.com,,US superfood cafe chain
Oakberry,Alpine partner,"Beverages, Food & CPG",4,Nekter Juice Bar,nekterjuicebar.com,,US juice/smoothie bowl chain
Oakberry,Alpine partner,"Beverages, Food & CPG",5,Jamba Juice,jamba.com,,US smoothie chain (Focus Brands)
Oakberry,Alpine partner,"Beverages, Food & CPG",6,Robeks,robeks.com,,US juice/smoothie chain
Oakberry,Alpine partner,"Beverages, Food & CPG",7,Freshii,freshii.com,,Canadian healthy fast-casual chain
Oakberry,Alpine partner,"Beverages, Food & CPG",8,Backyard Bowls,backyardbowls.com,,US acai bowl chain
Oakberry,Alpine partner,"Beverages, Food & CPG",9,Bali2Bowl,bali2bowl.com,,Indonesian-origin acai bowl chain
Oakberry,Alpine partner,"Beverages, Food & CPG",10,Frutta Bowls,fruttabowls.com,,US acai/smoothie bowl chain
Oakberry,Alpine partner,"Beverages, Food & CPG",11,Sambazon,sambazon.com,,Acai brand and cafe products
Oakberry,Alpine partner,"Beverages, Food & CPG",12,SoBol,sobolbowls.com,,US acai/smoothie bowl chain
Oakberry,Alpine partner,"Beverages, Food & CPG",13,Bare Bowls,barebowls.com,,US acai bowl chain
Oakberry,Alpine partner,"Beverages, Food & CPG",14,Clean Juice,cleanjuice.com,,US organic juice/smoothie bowl chain
Oakberry,Alpine partner,"Beverages, Food & CPG",15,Blendtopia,blendtopia.com,,US frozen smoothie/acai brand
Oakberry,Alpine partner,"Beverages, Food & CPG",16,Booster Juice,boosterjuice.com,,Canadian juice/smoothie chain
Oakberry,Alpine partner,"Beverages, Food & CPG",17,Amacai,amacai.com,,Acai bowl brand
Oakberry,Alpine partner,"Beverages, Food & CPG",18,Aloha Poke Co,alohapoke.com,,US healthy fast-casual bowl chain
Optimum Nutrition (Glanbia),McLaren partner,"Beverages, Food & CPG",1,MyProtein,myprotein.com,,THG-owned sports nutrition brand
Optimum Nutrition (Glanbia),McLaren partner,"Beverages, Food & CPG",2,Muscle Milk,musclemilk.com,YES,PepsiCo protein brand; PepsiCo is F1 partner
Optimum Nutrition (Glanbia),McLaren partner,"Beverages, Food & CPG",3,MuscleTech,muscletech.com,,Iovate performance nutrition brand
Optimum Nutrition (Glanbia),McLaren partner,"Beverages, Food & CPG",4,Dymatize,dymatize.com,YES,PepsiCo-owned sports nutrition brand
Optimum Nutrition (Glanbia),McLaren partner,"Beverages, Food & CPG",5,Cellucor,cellucor.com,,Nutrabolt performance nutrition brand
Optimum Nutrition (Glanbia),McLaren partner,"Beverages, Food & CPG",6,Garden of Life,gardenoflife.com,YES,Nestle Health Science-owned nutrition brand
Optimum Nutrition (Glanbia),McLaren partner,"Beverages, Food & CPG",7,Isopure,theisopurecompany.com,YES,Nestle Health Science protein brand
Optimum Nutrition (Glanbia),McLaren partner,"Beverages, Food & CPG",8,Ghost Lifestyle,ghostlifestyle.com,,US lifestyle sports nutrition brand
Optimum Nutrition (Glanbia),McLaren partner,"Beverages, Food & CPG",9,Ryse Supplements,rysesupps.com,,US sports nutrition brand
Optimum Nutrition (Glanbia),McLaren partner,"Beverages, Food & CPG",10,Legion Athletics,legionathletics.com,,US direct-to-consumer supplement brand
Optimum Nutrition (Glanbia),McLaren partner,"Beverages, Food & CPG",11,Bulk (Bulk Powders),bulk.com,,UK sports nutrition brand
Optimum Nutrition (Glanbia),McLaren partner,"Beverages, Food & CPG",12,Grenade,grenade.com,,UK sports nutrition/snack brand
Optimum Nutrition (Glanbia),McLaren partner,"Beverages, Food & CPG",13,PhD Nutrition,phd.com,,UK sports nutrition brand
Optimum Nutrition (Glanbia),McLaren partner,"Beverages, Food & CPG",14,USN,usn.co.za,,South African sports nutrition brand
Optimum Nutrition (Glanbia),McLaren partner,"Beverages, Food & CPG",15,Applied Nutrition,applied-nutrition.co.uk,,UK sports nutrition brand
Optimum Nutrition (Glanbia),McLaren partner,"Beverages, Food & CPG",16,Body Fortress,bodyfortress.com,,US value protein brand
Optimum Nutrition (Glanbia),McLaren partner,"Beverages, Food & CPG",17,EAS,eas.com,,Abbott-owned sports nutrition brand
Optimum Nutrition (Glanbia),McLaren partner,"Beverages, Food & CPG",18,Six Star Pro Nutrition,sixstarpro.com,,Iovate value sports nutrition brand
Optimum Nutrition (Glanbia),McLaren partner,"Beverages, Food & CPG",19,Kaged Muscle,kaged.com,,US premium sports nutrition brand
Optimum Nutrition (Glanbia),McLaren partner,"Beverages, Food & CPG",20,Transparent Labs,transparentlabs.com,,US clean-label supplement brand
Optimum Nutrition (Glanbia),McLaren partner,"Beverages, Food & CPG",21,Xtend,xtendlife.com,,Abbott-owned BCAA/nutrition brand
Optimum Nutrition (Glanbia),McLaren partner,"Beverages, Food & CPG",22,Vega,myvega.com,YES,PepsiCo-owned plant-based nutrition brand
Optimum Nutrition (Glanbia),McLaren partner,"Beverages, Food & CPG",23,Orgain,orgain.com,,US organic protein/nutrition brand
Optimum Nutrition (Glanbia),McLaren partner,"Beverages, Food & CPG",24,Naked Nutrition,nakednutrition.com,,US clean-label protein brand
Optimum Nutrition (Glanbia),McLaren partner,"Beverages, Food & CPG",25,NOW Sports,nowfoods.com,,NOW Foods sports nutrition line
Paulaner,Audi F1 partner,"Beverages, Food & CPG",1,Erdinger,erdinger.de,,German wheat beer specialist
Paulaner,Audi F1 partner,"Beverages, Food & CPG",2,Franziskaner,franziskaner.com,,AB InBev Bavarian wheat beer
Paulaner,Audi F1 partner,"Beverages, Food & CPG",3,Weihenstephaner,weihenstephaner.de,,"World's oldest brewery, Bavarian wheat beer"
Paulaner,Audi F1 partner,"Beverages, Food & CPG",4,Hofbrau Munchen,hofbraeu-muenchen.de,,Munich royal brewery
Paulaner,Audi F1 partner,"Beverages, Food & CPG",5,Augustiner Brau,augustiner-braeu.de,,Munich independent brewery
Paulaner,Audi F1 partner,"Beverages, Food & CPG",6,Schneider Weisse,schneider-weisse.de,,Bavarian wheat beer specialist
Paulaner,Audi F1 partner,"Beverages, Food & CPG",7,Warsteiner,warsteiner.de,,German independent brewer
Paulaner,Audi F1 partner,"Beverages, Food & CPG",8,Bitburger,bitburger.de,,German independent brewer
Paulaner,Audi F1 partner,"Beverages, Food & CPG",9,Krombacher,krombacher.de,,Germany's top-selling pilsner
Paulaner,Audi F1 partner,"Beverages, Food & CPG",10,Beck's,becks.com,,AB InBev German lager
Paulaner,Audi F1 partner,"Beverages, Food & CPG",11,Lowenbrau,loewenbraeu.de,,AB InBev Munich lager
Paulaner,Audi F1 partner,"Beverages, Food & CPG",12,Spaten,spaten.de,,AB InBev Munich brewery
Paulaner,Audi F1 partner,"Beverages, Food & CPG",13,Radeberger,radeberger.de,,German pilsner brand
Paulaner,Audi F1 partner,"Beverages, Food & CPG",14,Veltins,veltins.de,,German independent pilsner
Paulaner,Audi F1 partner,"Beverages, Food & CPG",15,Tucher,tucher.de,,Bavarian wheat beer brand
Paulaner,Audi F1 partner,"Beverages, Food & CPG",16,Maisel's Weisse,maisel.com,,Bavarian independent wheat beer
Paulaner,Audi F1 partner,"Beverages, Food & CPG",17,Konig Ludwig,kolud.de,,Bavarian royal brewery
Paulaner,Audi F1 partner,"Beverages, Food & CPG",18,Ayinger,ayinger.de,,Bavarian independent brewery
Paulaner,Audi F1 partner,"Beverages, Food & CPG",19,Rothaus,rothaus.de,,Black Forest state brewery
Paulaner,Audi F1 partner,"Beverages, Food & CPG",20,Flensburger,flens.de,,Northern German independent brewer
PepsiCo,F1 official partner; Mercedes partner; Gatorade in F1 Academy,"Beverages, Food & CPG",1,The Coca-Cola Company,coca-colacompany.com,,Direct global beverage rival
PepsiCo,F1 official partner; Mercedes partner; Gatorade in F1 Academy,"Beverages, Food & CPG",2,Nestle,nestle.com,YES,Global food/beverage rival; F1 official partner
PepsiCo,F1 official partner; Mercedes partner; Gatorade in F1 Academy,"Beverages, Food & CPG",3,Unilever,unilever.com,YES,Global CPG rival; Dirt is Good/OMO is F1 Academy partner
PepsiCo,F1 official partner; Mercedes partner; Gatorade in F1 Academy,"Beverages, Food & CPG",4,Mondelez International,mondelezinternational.com,,Global snacks rival
PepsiCo,F1 official partner; Mercedes partner; Gatorade in F1 Academy,"Beverages, Food & CPG",5,Kraft Heinz,kraftheinzcompany.com,,US packaged food/beverage rival
PepsiCo,F1 official partner; Mercedes partner; Gatorade in F1 Academy,"Beverages, Food & CPG",6,General Mills,generalmills.com,,US packaged food/snacks rival
PepsiCo,F1 official partner; Mercedes partner; Gatorade in F1 Academy,"Beverages, Food & CPG",7,Kellanova,kellanova.com,,Global snacks rival
PepsiCo,F1 official partner; Mercedes partner; Gatorade in F1 Academy,"Beverages, Food & CPG",8,"Mars, Incorporated",mars.com,,Global snacks/confectionery rival
PepsiCo,F1 official partner; Mercedes partner; Gatorade in F1 Academy,"Beverages, Food & CPG",9,Danone,danone.com,,Global beverage/dairy rival
PepsiCo,F1 official partner; Mercedes partner; Gatorade in F1 Academy,"Beverages, Food & CPG",10,Keurig Dr Pepper,keurigdrpepper.com,,US beverage giant
PepsiCo,F1 official partner; Mercedes partner; Gatorade in F1 Academy,"Beverages, Food & CPG",11,Monster Beverage Corporation,monsterbevcorp.com,YES,Energy drink rival; Monster Energy is McLaren partner
PepsiCo,F1 official partner; Mercedes partner; Gatorade in F1 Academy,"Beverages, Food & CPG",12,Suntory Global Spirits,suntoryglobalspirits.com,YES,Beverage group; Jim Beam is F1 (Cadillac) sponsor
PepsiCo,F1 official partner; Mercedes partner; Gatorade in F1 Academy,"Beverages, Food & CPG",13,Red Bull GmbH,redbull.com,YES,Energy drink rival; Red Bull Racing owner
PepsiCo,F1 official partner; Mercedes partner; Gatorade in F1 Academy,"Beverages, Food & CPG",14,Diageo,diageo.com,,Global beverage rival (spirits/beer)
PepsiCo,F1 official partner; Mercedes partner; Gatorade in F1 Academy,"Beverages, Food & CPG",15,Campbell Soup Company,campbellsoupcompany.com,,US packaged food rival
PepsiCo,F1 official partner; Mercedes partner; Gatorade in F1 Academy,"Beverages, Food & CPG",16,Conagra Brands,conagrabrands.com,,US packaged food/snacks rival
PepsiCo,F1 official partner; Mercedes partner; Gatorade in F1 Academy,"Beverages, Food & CPG",17,Hershey,thehersheycompany.com,,US snacks/confectionery rival
PepsiCo,F1 official partner; Mercedes partner; Gatorade in F1 Academy,"Beverages, Food & CPG",18,Ferrero Group,ferrero.com,,Global confectionery rival
PepsiCo,F1 official partner; Mercedes partner; Gatorade in F1 Academy,"Beverages, Food & CPG",19,Britvic,britvic.com,,UK soft drinks group (Carlsberg-owned)
PepsiCo,F1 official partner; Mercedes partner; Gatorade in F1 Academy,"Beverages, Food & CPG",20,National Beverage Corp,nationalbeverage.com,,"US soft drinks group (LaCroix, Shasta)"
PepsiCo,F1 official partner; Mercedes partner; Gatorade in F1 Academy,"Beverages, Food & CPG",21,Cott Corporation (Refresco),refresco.com,,Global private-label beverage bottler
PepsiCo,F1 official partner; Mercedes partner; Gatorade in F1 Academy,"Beverages, Food & CPG",22,Ito En,itoen.com,,Japanese tea/beverage group
PepsiCo,F1 official partner; Mercedes partner; Gatorade in F1 Academy,"Beverages, Food & CPG",23,Suntory Beverage & Food,suntory.com,,Japanese beverage group
PepsiCo,F1 official partner; Mercedes partner; Gatorade in F1 Academy,"Beverages, Food & CPG",24,Asahi Group,asahigroup-holdings.com,YES,Beverage group; Peroni is Ferrari partner
PepsiCo,F1 official partner; Mercedes partner; Gatorade in F1 Academy,"Beverages, Food & CPG",25,Colgate-Palmolive,colgatepalmolive.com,,Global CPG rival
PepsiCo,F1 official partner; Mercedes partner; Gatorade in F1 Academy,"Beverages, Food & CPG",26,Reckitt,reckitt.com,,Global CPG rival
PepsiCo,F1 official partner; Mercedes partner; Gatorade in F1 Academy,"Beverages, Food & CPG",27,Church & Dwight,churchdwight.com,,US household/personal care rival
PepsiCo,F1 official partner; Mercedes partner; Gatorade in F1 Academy,"Beverages, Food & CPG",28,Grupo Bimbo,grupobimbo.com,,Global snacks/bakery rival
PepsiCo,F1 official partner; Mercedes partner; Gatorade in F1 Academy,"Beverages, Food & CPG",29,Tyson Foods,tysonfoods.com,,US food giant
PepsiCo,F1 official partner; Mercedes partner; Gatorade in F1 Academy,"Beverages, Food & CPG",30,JBS,jbs.com.br,,Global food giant
Peroni (Asahi Group),Ferrari partner,"Beverages, Food & CPG",1,Heineken,heineken.com,YES,Global premium lager rival; F1 global partner
Peroni (Asahi Group),Ferrari partner,"Beverages, Food & CPG",2,Budweiser,budweiser.com,,AB InBev global lager
Peroni (Asahi Group),Ferrari partner,"Beverages, Food & CPG",3,Stella Artois,stellaartois.com,,AB InBev premium lager
Peroni (Asahi Group),Ferrari partner,"Beverages, Food & CPG",4,Corona,corona.com,,AB InBev/Mexico premium lager
Peroni (Asahi Group),Ferrari partner,"Beverages, Food & CPG",5,Carlsberg,carlsberggroup.com,,Danish global brewer
Peroni (Asahi Group),Ferrari partner,"Beverages, Food & CPG",6,Paulaner,paulaner.com,YES,German brewer; Audi F1 partner
Peroni (Asahi Group),Ferrari partner,"Beverages, Food & CPG",7,Estrella Galicia,estrellagalicia.es,YES,"Spanish brewer; 0,0 is Williams partner"
Peroni (Asahi Group),Ferrari partner,"Beverages, Food & CPG",8,Singha,singha.com,YES,Thai brewer; Haas partner
Peroni (Asahi Group),Ferrari partner,"Beverages, Food & CPG",9,Guinness,guinness.com,,Diageo stout brand
Peroni (Asahi Group),Ferrari partner,"Beverages, Food & CPG",10,Carling,carling.com,,Molson Coors UK lager
Peroni (Asahi Group),Ferrari partner,"Beverages, Food & CPG",11,Coors,coors.com,,Molson Coors flagship lager
Peroni (Asahi Group),Ferrari partner,"Beverages, Food & CPG",12,Miller,millerbrewing.com,,Molson Coors flagship lager
Peroni (Asahi Group),Ferrari partner,"Beverages, Food & CPG",13,Beck's,becks.com,,AB InBev German lager
Peroni (Asahi Group),Ferrari partner,"Beverages, Food & CPG",14,San Miguel,sanmiguel.com,,Spanish/Asian lager brand
Peroni (Asahi Group),Ferrari partner,"Beverages, Food & CPG",15,Tsingtao,tsingtao.com.cn,,Chinese lager leader
Peroni (Asahi Group),Ferrari partner,"Beverages, Food & CPG",16,Modelo,modelousa.com,,Constellation Brands Mexican lager
Peroni (Asahi Group),Ferrari partner,"Beverages, Food & CPG",17,Kirin,kirinholdings.com,,Japanese brewer
Peroni (Asahi Group),Ferrari partner,"Beverages, Food & CPG",18,Sapporo,sapporobeer.com,,Japanese brewer
Peroni (Asahi Group),Ferrari partner,"Beverages, Food & CPG",19,Foster's,fostersbeer.com,,AB InBev/Carlton Australian lager
Peroni (Asahi Group),Ferrari partner,"Beverages, Food & CPG",20,Grolsch,grolsch.com,,Asahi Group sibling Dutch lager
Peroni (Asahi Group),Ferrari partner,"Beverages, Food & CPG",21,Leffe,leffe.com,,AB InBev Belgian abbey beer
Peroni (Asahi Group),Ferrari partner,"Beverages, Food & CPG",22,Hoegaarden,hoegaarden.com,,AB InBev Belgian wheat beer
Peroni (Asahi Group),Ferrari partner,"Beverages, Food & CPG",23,Bitburger,bitburger.de,,German independent brewer
Peroni (Asahi Group),Ferrari partner,"Beverages, Food & CPG",24,Warsteiner,warsteiner.de,,German independent brewer
Peroni (Asahi Group),Ferrari partner,"Beverages, Food & CPG",25,Erdinger,erdinger.de,,German wheat beer specialist
Peroni (Asahi Group),Ferrari partner,"Beverages, Food & CPG",26,Birra Moretti,birramoretti.it,YES,Heineken-owned Italian lager rival
Peroni (Asahi Group),Ferrari partner,"Beverages, Food & CPG",27,Nastro Azzurro,nastroazzurro.com,,AB InBev Italian import lager
Peroni (Asahi Group),Ferrari partner,"Beverages, Food & CPG",28,Menabrea,menabrea.it,,Independent Italian brewer
Peroni (Asahi Group),Ferrari partner,"Beverages, Food & CPG",29,Ichnusa,ichnusa.it,YES,Heineken-owned Sardinian lager
Peroni (Asahi Group),Ferrari partner,"Beverages, Food & CPG",30,Lowenbrau,loewenbraeu.de,,AB InBev German lager
Rauch,Red Bull Racing partner,"Beverages, Food & CPG",1,Innocent Drinks,innocentdrinks.co.uk,,Coca-Cola-owned smoothie/juice brand
Rauch,Red Bull Racing partner,"Beverages, Food & CPG",2,Tropicana,tropicana.com,YES,PepsiCo juice brand; PepsiCo is F1 partner
Rauch,Red Bull Racing partner,"Beverages, Food & CPG",3,Capri-Sun,caprisun.com,,Kraft Heinz-licensed juice drink brand
Rauch,Red Bull Racing partner,"Beverages, Food & CPG",4,Ocean Spray,oceanspray.com,,US cranberry juice cooperative
Rauch,Red Bull Racing partner,"Beverages, Food & CPG",5,Del Monte Foods,delmonte.com,,Global fruit/juice brand
Rauch,Red Bull Racing partner,"Beverages, Food & CPG",6,Britvic (Robinsons),britvic.com,,UK soft drinks and squash group
Rauch,Red Bull Racing partner,"Beverages, Food & CPG",7,Eckes-Granini,eckes-granini.com,,"German juice group (hohes C, Granini)"
Rauch,Red Bull Racing partner,"Beverages, Food & CPG",8,Riha WeserGold,wesergold.de,,German juice manufacturer
Rauch,Red Bull Racing partner,"Beverages, Food & CPG",9,Valensina,valensina.de,,German juice brand
Rauch,Red Bull Racing partner,"Beverages, Food & CPG",10,Pfanner,pfanner.com,,Austrian juice/iced tea brand
Rauch,Red Bull Racing partner,"Beverages, Food & CPG",11,Minute Maid,minutemaid.com,,Coca-Cola juice brand
Rauch,Red Bull Racing partner,"Beverages, Food & CPG",12,Simply Beverages,simplyorangejuice.com,,Coca-Cola premium juice brand
Rauch,Red Bull Racing partner,"Beverages, Food & CPG",13,Naked Juice,nakedjuice.com,YES,PepsiCo juice brand; PepsiCo is F1 partner
Rauch,Red Bull Racing partner,"Beverages, Food & CPG",14,Juicy Juice,juicyjuice.com,,Harvest Hill Beverage juice brand
Rauch,Red Bull Racing partner,"Beverages, Food & CPG",15,V8,v8juice.com,,Campbell's vegetable/fruit juice brand
Rauch,Red Bull Racing partner,"Beverages, Food & CPG",16,Suja Juice,sujajuice.com,,Coca-Cola-backed cold-pressed juice brand
Rauch,Red Bull Racing partner,"Beverages, Food & CPG",17,Ceres Fruit Juices,ceres.co.za,,South African juice brand
Rauch,Red Bull Racing partner,"Beverages, Food & CPG",18,Looza,looza.com,,PepsiCo Europe juice brand
Rauch,Red Bull Racing partner,"Beverages, Food & CPG",19,Hohes C,hohesc.de,,Eckes-Granini premium juice brand
Rauch,Red Bull Racing partner,"Beverages, Food & CPG",20,Fruit Shoot,fruitshoot.com,,Britvic kids' juice drink brand
Red Bull,Red Bull Racing / Racing Bulls owner and energy drink brand,"Beverages, Food & CPG",1,Monster Energy,monsterenergy.com,YES,Global #2 energy drink; McLaren partner
Red Bull,Red Bull Racing / Racing Bulls owner and energy drink brand,"Beverages, Food & CPG",2,Celsius,celsiusholdings.com,YES,Fitness-energy positioning; Aston Martin partner
Red Bull,Red Bull Racing / Racing Bulls owner and energy drink brand,"Beverages, Food & CPG",3,Rockstar Energy,rockstarenergy.com,YES,PepsiCo-owned; PepsiCo is F1 official partner
Red Bull,Red Bull Racing / Racing Bulls owner and energy drink brand,"Beverages, Food & CPG",4,Bang Energy,bangenergy.com,,US high-caffeine energy brand
Red Bull,Red Bull Racing / Racing Bulls owner and energy drink brand,"Beverages, Food & CPG",5,Reign Total Body Fuel,reignbodyfuel.com,,Monster Beverage performance energy line
Red Bull,Red Bull Racing / Racing Bulls owner and energy drink brand,"Beverages, Food & CPG",6,NOS Energy Drink,drinknos.com,,Monster Beverage brand
Red Bull,Red Bull Racing / Racing Bulls owner and energy drink brand,"Beverages, Food & CPG",7,Full Throttle,fullthrottle.com,,Coca-Cola energy brand
Red Bull,Red Bull Racing / Racing Bulls owner and energy drink brand,"Beverages, Food & CPG",8,Amp Energy,amp-energy.com,YES,PepsiCo brand; PepsiCo is F1 official partner
Red Bull,Red Bull Racing / Racing Bulls owner and energy drink brand,"Beverages, Food & CPG",9,5-hour Energy,5hourenergy.com,,US energy shot leader
Red Bull,Red Bull Racing / Racing Bulls owner and energy drink brand,"Beverages, Food & CPG",10,G Fuel,gfuel.com,,Gaming/esports energy drink
Red Bull,Red Bull Racing / Racing Bulls owner and energy drink brand,"Beverages, Food & CPG",11,Alani Nu,alaninu.com,,Fast-growing US female-skewing energy brand
Red Bull,Red Bull Racing / Racing Bulls owner and energy drink brand,"Beverages, Food & CPG",12,Ghost Energy,ghostlifestyle.com,,US lifestyle energy brand
Red Bull,Red Bull Racing / Racing Bulls owner and energy drink brand,"Beverages, Food & CPG",13,C4 Energy,c4energy.com,,Nutrabolt performance energy drink
Red Bull,Red Bull Racing / Racing Bulls owner and energy drink brand,"Beverages, Food & CPG",14,Prime Energy,drinkprime.com,,Logan Paul/KSI-backed energy drink
Red Bull,Red Bull Racing / Racing Bulls owner and energy drink brand,"Beverages, Food & CPG",15,Zoa Energy,drinkzoa.com,,Dwayne Johnson-backed energy drink
Red Bull,Red Bull Racing / Racing Bulls owner and energy drink brand,"Beverages, Food & CPG",16,Rip It Energy,ripitenergy.com,,US value energy drink
Red Bull,Red Bull Racing / Racing Bulls owner and energy drink brand,"Beverages, Food & CPG",17,Venom Energy,venomenergy.com,,Coca-Cola energy brand
Red Bull,Red Bull Racing / Racing Bulls owner and energy drink brand,"Beverages, Food & CPG",18,Relentless,relentlessenergy.com,,Coca-Cola energy brand (Europe)
Red Bull,Red Bull Racing / Racing Bulls owner and energy drink brand,"Beverages, Food & CPG",19,Burn Energy,burnenergydrink.com,,Coca-Cola energy brand (global)
Red Bull,Red Bull Racing / Racing Bulls owner and energy drink brand,"Beverages, Food & CPG",20,Mother Energy,motherenergy.com.au,,Coca-Cola energy brand (ANZ)
Red Bull,Red Bull Racing / Racing Bulls owner and energy drink brand,"Beverages, Food & CPG",21,V Energy Drink,drinkv.co.nz,,Frucor Suntory energy brand (ANZ)
Red Bull,Red Bull Racing / Racing Bulls owner and energy drink brand,"Beverages, Food & CPG",22,Lucozade Energy,lucozade.com,,Suntory-owned UK energy brand
Red Bull,Red Bull Racing / Racing Bulls owner and energy drink brand,"Beverages, Food & CPG",23,Battery Energy Drink,batteryenergydrink.com,YES,PepsiCo brand; PepsiCo is F1 official partner
Red Bull,Red Bull Racing / Racing Bulls owner and energy drink brand,"Beverages, Food & CPG",24,Predator Energy,predatorenergy.com,,AB InBev energy drink
Red Bull,Red Bull Racing / Racing Bulls owner and energy drink brand,"Beverages, Food & CPG",25,Bomba Energy,bombaenergy.com,,US energy drink brand
Red Bull,Red Bull Racing / Racing Bulls owner and energy drink brand,"Beverages, Food & CPG",26,NOCCO,nocco.com,,Swedish BCAA/functional energy drink
Red Bull,Red Bull Racing / Racing Bulls owner and energy drink brand,"Beverages, Food & CPG",27,Adrenaline Shoc,adrenalineshoc.com,,US performance energy drink
Red Bull,Red Bull Racing / Racing Bulls owner and energy drink brand,"Beverages, Food & CPG",28,Hype Energy,hypeenergy.com,,UAE-founded global energy brand
Red Bull,Red Bull Racing / Racing Bulls owner and energy drink brand,"Beverages, Food & CPG",29,Xyience Energy,xyience.com,,Monster Beverage-owned energy brand
Red Bull,Red Bull Racing / Racing Bulls owner and energy drink brand,"Beverages, Food & CPG",30,Emerge Energy,emergedrinks.com,,UK challenger energy brand
S.Pellegrino (Nestle),Ferrari partner (joined 2026),"Beverages, Food & CPG",1,Perrier,perrier.com,,Nestle Waters sparkling mineral water
S.Pellegrino (Nestle),Ferrari partner (joined 2026),"Beverages, Food & CPG",2,Evian,evian.com,,Danone premium still mineral water
S.Pellegrino (Nestle),Ferrari partner (joined 2026),"Beverages, Food & CPG",3,Voss Water,vosswater.com,,Norwegian premium bottled water
S.Pellegrino (Nestle),Ferrari partner (joined 2026),"Beverages, Food & CPG",4,Fiji Water,fijiwater.com,,US premium artesian bottled water
S.Pellegrino (Nestle),Ferrari partner (joined 2026),"Beverages, Food & CPG",5,Ferrarelle,ferrarelle.it,,Italian premium sparkling water
S.Pellegrino (Nestle),Ferrari partner (joined 2026),"Beverages, Food & CPG",6,Gerolsteiner,gerolsteiner.de,,German premium sparkling mineral water
S.Pellegrino (Nestle),Ferrari partner (joined 2026),"Beverages, Food & CPG",7,Badoit,badoit.com,,Danone premium sparkling water
S.Pellegrino (Nestle),Ferrari partner (joined 2026),"Beverages, Food & CPG",8,Apollinaris,apollinaris.de,,German premium sparkling water
S.Pellegrino (Nestle),Ferrari partner (joined 2026),"Beverages, Food & CPG",9,Vichy Catalan,vichycatalan.com,,Spanish premium sparkling water
S.Pellegrino (Nestle),Ferrari partner (joined 2026),"Beverages, Food & CPG",10,Topo Chico,topochico.com,,Coca-Cola premium sparkling water
S.Pellegrino (Nestle),Ferrari partner (joined 2026),"Beverages, Food & CPG",11,LaCroix,lacroixwater.com,,National Beverage sparkling water
S.Pellegrino (Nestle),Ferrari partner (joined 2026),"Beverages, Food & CPG",12,Mountain Valley Spring Water,mountainvalleyspring.com,,US premium spring water
S.Pellegrino (Nestle),Ferrari partner (joined 2026),"Beverages, Food & CPG",13,Waiakea,waiakea.com,,Hawaiian volcanic water brand
S.Pellegrino (Nestle),Ferrari partner (joined 2026),"Beverages, Food & CPG",14,Icelandic Glacial,icelandicglacial.com,,Icelandic premium bottled water
S.Pellegrino (Nestle),Ferrari partner (joined 2026),"Beverages, Food & CPG",15,Saratoga Spring Water,saratogaspringwater.com,,US premium spring water
S.Pellegrino (Nestle),Ferrari partner (joined 2026),"Beverages, Food & CPG",16,Volvic,volvic.com,,Danone premium still mineral water
S.Pellegrino (Nestle),Ferrari partner (joined 2026),"Beverages, Food & CPG",17,Spa,spa.be,,Spadel Belgian premium mineral water
S.Pellegrino (Nestle),Ferrari partner (joined 2026),"Beverages, Food & CPG",18,Highland Spring,highlandspring.com,,UK leading spring water brand
S.Pellegrino (Nestle),Ferrari partner (joined 2026),"Beverages, Food & CPG",19,San Benedetto,sanbenedetto.it,,Italian mineral water leader
S.Pellegrino (Nestle),Ferrari partner (joined 2026),"Beverages, Food & CPG",20,Radnor Hills,radnor-hills.co.uk,,UK independent spring water brand
Singha (Boon Rawd Brewery),Haas partner,"Beverages, Food & CPG",1,Heineken,heineken.com,YES,Global premium lager rival; F1 global partner
Singha (Boon Rawd Brewery),Haas partner,"Beverages, Food & CPG",2,Peroni,peroniitaly.com,YES,Asahi-owned Italian lager; Ferrari partner
Singha (Boon Rawd Brewery),Haas partner,"Beverages, Food & CPG",3,Paulaner,paulaner.com,YES,German brewer; Audi F1 partner
Singha (Boon Rawd Brewery),Haas partner,"Beverages, Food & CPG",4,Estrella Galicia,estrellagalicia.es,YES,"Spanish brewer; 0,0 is Williams partner"
Singha (Boon Rawd Brewery),Haas partner,"Beverages, Food & CPG",5,Chang Beer,changbeer.com,,ThaiBev flagship Thai lager rival
Singha (Boon Rawd Brewery),Haas partner,"Beverages, Food & CPG",6,Tiger Beer,tigerbeer.com,YES,Heineken-owned Asian lager rival
Singha (Boon Rawd Brewery),Haas partner,"Beverages, Food & CPG",7,Budweiser,budweiser.com,,AB InBev global lager
Singha (Boon Rawd Brewery),Haas partner,"Beverages, Food & CPG",8,Carlsberg,carlsberggroup.com,,Danish global brewer
Singha (Boon Rawd Brewery),Haas partner,"Beverages, Food & CPG",9,San Miguel,sanmiguel.com,,Spanish/Asian lager brand
Singha (Boon Rawd Brewery),Haas partner,"Beverages, Food & CPG",10,Tsingtao,tsingtao.com.cn,,Chinese lager leader
Singha (Boon Rawd Brewery),Haas partner,"Beverages, Food & CPG",11,Kirin,kirinholdings.com,,Japanese brewer
Singha (Boon Rawd Brewery),Haas partner,"Beverages, Food & CPG",12,Sapporo,sapporobeer.com,,Japanese brewer
Singha (Boon Rawd Brewery),Haas partner,"Beverages, Food & CPG",13,Asahi Super Dry,asahibeer.com,,Asahi Group flagship lager
Singha (Boon Rawd Brewery),Haas partner,"Beverages, Food & CPG",14,Corona,corona.com,,AB InBev/Mexico premium lager
Singha (Boon Rawd Brewery),Haas partner,"Beverages, Food & CPG",15,Stella Artois,stellaartois.com,,AB InBev premium lager
Singha (Boon Rawd Brewery),Haas partner,"Beverages, Food & CPG",16,Beck's,becks.com,,AB InBev German lager
Singha (Boon Rawd Brewery),Haas partner,"Beverages, Food & CPG",17,Guinness,guinness.com,,Diageo stout brand
Singha (Boon Rawd Brewery),Haas partner,"Beverages, Food & CPG",18,Foster's,fostersbeer.com,,AB InBev/Carlton Australian lager
Singha (Boon Rawd Brewery),Haas partner,"Beverages, Food & CPG",19,Modelo,modelousa.com,,Constellation Brands Mexican lager
Singha (Boon Rawd Brewery),Haas partner,"Beverages, Food & CPG",20,Bintang,bintang.com,,"Indonesian lager (Multi Bintang, AB InBev-linked)"
Singha (Boon Rawd Brewery),Haas partner,"Beverages, Food & CPG",21,333 Export,sabeco.com.vn,,Vietnamese Sabeco lager
Singha (Boon Rawd Brewery),Haas partner,"Beverages, Food & CPG",22,Saigon Beer,sabeco.com.vn,,Vietnamese Sabeco lager
Singha (Boon Rawd Brewery),Haas partner,"Beverages, Food & CPG",23,Myanmar Beer,myanmarbrewery.com,,Leading Myanmar lager
Singha (Boon Rawd Brewery),Haas partner,"Beverages, Food & CPG",24,Lion Beer,lionbeer.lk,,Kirin-owned Sri Lankan lager
Taittinger,Haas partner,"Beverages, Food & CPG",1,Moet & Chandon,moet.com,YES,LVMH champagne house; Belgian GP title sponsor
Taittinger,Haas partner,"Beverages, Food & CPG",2,G.H. Mumm,mumm.com,YES,Pernod Ricard champagne house; Ferrari partner
Taittinger,Haas partner,"Beverages, Food & CPG",3,Veuve Clicquot,veuveclicquot.com,,LVMH sibling champagne house
Taittinger,Haas partner,"Beverages, Food & CPG",4,Laurent-Perrier,laurent-perrier.com,,Independent champagne house
Taittinger,Haas partner,"Beverages, Food & CPG",5,Piper-Heidsieck,piper-heidsieck.com,,EPC-owned champagne house
Taittinger,Haas partner,"Beverages, Food & CPG",6,Bollinger,champagne-bollinger.com,,Family-owned champagne house
Taittinger,Haas partner,"Beverages, Food & CPG",7,Pol Roger,polroger.com,,Family-owned champagne house
Taittinger,Haas partner,"Beverages, Food & CPG",8,Louis Roederer,louis-roederer.com,,Independent champagne house (Cristal)
Taittinger,Haas partner,"Beverages, Food & CPG",9,Krug,krug.com,,LVMH sibling prestige champagne house
Taittinger,Haas partner,"Beverages, Food & CPG",10,Ruinart,ruinart.com,,LVMH sibling; oldest champagne house
Taittinger,Haas partner,"Beverages, Food & CPG",11,Perrier-Jouet,perrier-jouet.com,,Pernod Ricard-owned champagne house
Taittinger,Haas partner,"Beverages, Food & CPG",12,Lanson,lanson.com,,Independent champagne house
Taittinger,Haas partner,"Beverages, Food & CPG",13,Nicolas Feuillatte,nicolas-feuillatte.com,,Cooperative champagne house
Taittinger,Haas partner,"Beverages, Food & CPG",14,Charles Heidsieck,charlesheidsieck.com,,EPC-owned champagne house
Taittinger,Haas partner,"Beverages, Food & CPG",15,Deutz,champagne-deutz.com,,Louis Roederer-owned champagne house
Taittinger,Haas partner,"Beverages, Food & CPG",16,Billecart-Salmon,champagne-billecart.fr,,Family-owned champagne house
Taittinger,Haas partner,"Beverages, Food & CPG",17,Ayala,champagne-ayala.fr,,Bollinger-owned champagne house
Taittinger,Haas partner,"Beverages, Food & CPG",18,Henriot,champagne-henriot.com,,Family-owned champagne house
Taittinger,Haas partner,"Beverages, Food & CPG",19,Jacquart,jacquart-champagne.com,,Cooperative champagne house
Taittinger,Haas partner,"Beverages, Food & CPG",20,Mercier,champagnemercier.fr,,LVMH sibling champagne house
Taittinger,Haas partner,"Beverages, Food & CPG",21,De Venoge,champagnedevenoge.com,,Independent champagne house
Taittinger,Haas partner,"Beverages, Food & CPG",22,Canard-Duchene,canard-duchene.fr,,Champagne house (Thienot group)
Taittinger,Haas partner,"Beverages, Food & CPG",23,Gosset,champagne-gosset.com,,Oldest wine house in Champagne
Taittinger,Haas partner,"Beverages, Food & CPG",24,Freixenet,freixenet.com,,Henkell-owned Cava/sparkling wine group
Taittinger,Haas partner,"Beverages, Food & CPG",25,Ferrari Trento,ferraritrento.com,,Italian premium sparkling wine (Metodo Classico)
Vellamo Water (ThaiBev/Chang),Haas partner,"Beverages, Food & CPG",1,Nestle Pure Life,nestle-watersnorthamerica.com,YES,Nestle-owned mass bottled water; Nestle is F1 partner
Vellamo Water (ThaiBev/Chang),Haas partner,"Beverages, Food & CPG",2,Evian,evian.com,,Danone premium still mineral water
Vellamo Water (ThaiBev/Chang),Haas partner,"Beverages, Food & CPG",3,Volvic,volvic.com,,Danone premium still mineral water
Vellamo Water (ThaiBev/Chang),Haas partner,"Beverages, Food & CPG",4,Aquafina,aquafina.com,YES,PepsiCo bottled water brand; PepsiCo is F1 partner
Vellamo Water (ThaiBev/Chang),Haas partner,"Beverages, Food & CPG",5,Dasani,dasani.com,,Coca-Cola bottled water brand
Vellamo Water (ThaiBev/Chang),Haas partner,"Beverages, Food & CPG",6,Fiji Water,fijiwater.com,,US premium artesian bottled water
Vellamo Water (ThaiBev/Chang),Haas partner,"Beverages, Food & CPG",7,Smartwater,drinksmartwater.com,,Coca-Cola premium vapor-distilled water
Vellamo Water (ThaiBev/Chang),Haas partner,"Beverages, Food & CPG",8,Crystal Geyser,crystalgeyser.com,,US spring water brand
Vellamo Water (ThaiBev/Chang),Haas partner,"Beverages, Food & CPG",9,Ice Mountain,icemountainwater.com,,BlueTriton regional spring water brand
Vellamo Water (ThaiBev/Chang),Haas partner,"Beverages, Food & CPG",10,Poland Spring,polandspring.com,,BlueTriton spring water brand
Vellamo Water (ThaiBev/Chang),Haas partner,"Beverages, Food & CPG",11,Deer Park,deerpark.com,,BlueTriton spring water brand
Vellamo Water (ThaiBev/Chang),Haas partner,"Beverages, Food & CPG",12,Ozarka,ozarka.com,,BlueTriton spring water brand
Vellamo Water (ThaiBev/Chang),Haas partner,"Beverages, Food & CPG",13,Zephyrhills,zephyrhills.com,,BlueTriton spring water brand
Vellamo Water (ThaiBev/Chang),Haas partner,"Beverages, Food & CPG",14,Arrowhead,arrowheadwater.com,,BlueTriton spring water brand
Vellamo Water (ThaiBev/Chang),Haas partner,"Beverages, Food & CPG",15,Singha Water,singha.com,YES,Boon Rawd Brewery water line; Haas partner
Vellamo Water (ThaiBev/Chang),Haas partner,"Beverages, Food & CPG",16,Minere,mineremineralwater.com,,Thai premium mineral water brand
Vellamo Water (ThaiBev/Chang),Haas partner,"Beverages, Food & CPG",17,Spritzer,spritzer.com.my,,Malaysian bottled water leader
Vellamo Water (ThaiBev/Chang),Haas partner,"Beverages, Food & CPG",18,Cristaline,cristaline.com,,French value spring water brand
Wella Company,F1 Academy partner,"Beverages, Food & CPG",1,L'Oreal Professionnel,lorealprofessionnel.com,,L'Oreal Group professional hair care brand
Wella Company,F1 Academy partner,"Beverages, Food & CPG",2,Schwarzkopf Professional,schwarzkopf-professional.com,,Henkel professional hair care brand
Wella Company,F1 Academy partner,"Beverages, Food & CPG",3,Redken,redken.com,,L'Oreal-owned professional hair care brand
Wella Company,F1 Academy partner,"Beverages, Food & CPG",4,Matrix,matrix.com,,L'Oreal-owned professional hair care brand
Wella Company,F1 Academy partner,"Beverages, Food & CPG",5,Kevin Murphy,kevinmurphy.com.au,,Australian professional hair care brand
Wella Company,F1 Academy partner,"Beverages, Food & CPG",6,Goldwell,goldwell.com,,Kao Corporation professional hair care brand
Wella Company,F1 Academy partner,"Beverages, Food & CPG",7,Paul Mitchell,paulmitchell.com,,US professional hair care brand
Wella Company,F1 Academy partner,"Beverages, Food & CPG",8,Aveda,aveda.com,,Estee Lauder professional hair care brand
Wella Company,F1 Academy partner,"Beverages, Food & CPG",9,Kerastase,kerastase.com,,L'Oreal-owned luxury hair care brand
Wella Company,F1 Academy partner,"Beverages, Food & CPG",10,Pureology,pureology.com,,L'Oreal-owned professional hair care brand
Wella Company,F1 Academy partner,"Beverages, Food & CPG",11,Joico,joico.com,,Henkel-owned professional hair care brand
Wella Company,F1 Academy partner,"Beverages, Food & CPG",12,It's a 10 Haircare,itsa10haircare.com,,US professional hair care brand
Wella Company,F1 Academy partner,"Beverages, Food & CPG",13,Moroccanoil,moroccanoil.com,,Israeli-founded professional hair care brand
Wella Company,F1 Academy partner,"Beverages, Food & CPG",14,Olaplex,olaplex.com,,US professional hair care technology brand
Wella Company,F1 Academy partner,"Beverages, Food & CPG",15,Living Proof,livingproof.com,YES,Unilever-owned hair care brand; Unilever is F1 Academy sponsor
Wella Company,F1 Academy partner,"Beverages, Food & CPG",16,TIGI,tigi.com,YES,Unilever-owned professional hair care brand
Wella Company,F1 Academy partner,"Beverages, Food & CPG",17,Alfaparf Milano,alfaparf.com,,Italian professional hair care brand
Wella Company,F1 Academy partner,"Beverages, Food & CPG",18,Davines,davines.com,,Italian sustainable hair care brand
Wella Company,F1 Academy partner,"Beverages, Food & CPG",19,Fanola,fanola.com,,Italian professional hair care brand
Wella Company,F1 Academy partner,"Beverages, Food & CPG",20,Farouk Systems (CHI),chihaircare.com,,US professional hair care brand
Wilkinson Sword (Edgewell),Williams partner,"Beverages, Food & CPG",1,Gillette,gillette.com,YES,P&G razor leader; Audi F1 partner
Wilkinson Sword (Edgewell),Williams partner,"Beverages, Food & CPG",2,Harry's,harrys.com,,US DTC razor/shaving brand
Wilkinson Sword (Edgewell),Williams partner,"Beverages, Food & CPG",3,Dollar Shave Club,dollarshaveclub.com,YES,Unilever-owned DTC razor brand; F1 Academy sponsor
Wilkinson Sword (Edgewell),Williams partner,"Beverages, Food & CPG",4,BIC,bicworld.com,,French disposable razor brand
Wilkinson Sword (Edgewell),Williams partner,"Beverages, Food & CPG",5,Every Man Jack,everymanjack.com,,US men's grooming brand
Wilkinson Sword (Edgewell),Williams partner,"Beverages, Food & CPG",6,Merkur,merkur-solingen.de,,German safety razor brand
Wilkinson Sword (Edgewell),Williams partner,"Beverages, Food & CPG",7,Feather,feather.co.jp,,Japanese razor blade brand
Wilkinson Sword (Edgewell),Williams partner,"Beverages, Food & CPG",8,Van Der Hagen,vandehagen.com,,US shaving brand
Wilkinson Sword (Edgewell),Williams partner,"Beverages, Food & CPG",9,Cremo,cremocompany.com,,US men's grooming brand
Wilkinson Sword (Edgewell),Williams partner,"Beverages, Food & CPG",10,Panasonic,panasonic.com,,Electric shaver manufacturer
Wilkinson Sword (Edgewell),Williams partner,"Beverages, Food & CPG",11,Philips,philips.com,YES,Electric shaver maker (OneBlade); Red Bull Racing partner
Wilkinson Sword (Edgewell),Williams partner,"Beverages, Food & CPG",12,Remington,remingtonproducts.com,,Electric shaver/grooming brand
Wilkinson Sword (Edgewell),Williams partner,"Beverages, Food & CPG",13,Andis,andis.com,,Professional clipper/grooming brand
Wilkinson Sword (Edgewell),Williams partner,"Beverages, Food & CPG",14,Bolin Webb,bolinwebb.com,,UK premium razor brand
Wilkinson Sword (Edgewell),Williams partner,"Beverages, Food & CPG",15,Parker Safety Razor,parkersafetyrazor.com,,US safety razor brand
Wilkinson Sword (Edgewell),Williams partner,"Beverages, Food & CPG",16,Muhle,muehle-shaving.com,,German premium shaving brand
Wilkinson Sword (Edgewell),Williams partner,"Beverages, Food & CPG",17,Supply,supply.co,,US premium razor brand
Wilkinson Sword (Edgewell),Williams partner,"Beverages, Food & CPG",18,Leaf Shave,leafshave.com,,US pivoting-head razor brand
Wilkinson Sword (Edgewell),Williams partner,"Beverages, Food & CPG",19,King of Shaves,kingofshaves.com,,UK men's grooming brand
Wilkinson Sword (Edgewell),Williams partner,"Beverages, Food & CPG",20,Proraso,proraso.com,,Italian shaving cream/grooming brand
Wilkinson Sword (Edgewell),Williams partner,"Beverages, Food & CPG",21,Truefitt & Hill,truefittandhill.co.uk,,UK heritage grooming brand
ZYN (Philip Morris International),Ferrari partner,"Beverages, Food & CPG",1,VELO,velo.com,,British American Tobacco nicotine pouches
ZYN (Philip Morris International),Ferrari partner,"Beverages, Food & CPG",2,on!,onnicotine.com,,Altria nicotine pouches
ZYN (Philip Morris International),Ferrari partner,"Beverages, Food & CPG",3,Nordic Spirit,nordicspirit.co.uk,,JTI nicotine pouches
ZYN (Philip Morris International),Ferrari partner,"Beverages, Food & CPG",4,Loop,loopph.com,,European nicotine pouch brand
ZYN (Philip Morris International),Ferrari partner,"Beverages, Food & CPG",5,White Fox,whitefoxnicotinepouches.com,,Swedish nicotine pouch brand
ZYN (Philip Morris International),Ferrari partner,"Beverages, Food & CPG",6,Killa,killanicotinepouches.com,,European nicotine pouch brand
ZYN (Philip Morris International),Ferrari partner,"Beverages, Food & CPG",7,Pablo,pablopouches.com,,European nicotine pouch brand
ZYN (Philip Morris International),Ferrari partner,"Beverages, Food & CPG",8,Juice Head,juiceheadpouches.com,,US nicotine pouch brand
ZYN (Philip Morris International),Ferrari partner,"Beverages, Food & CPG",9,Fre,freenicotinepouches.com,,Turning Point Brands nicotine pouches
ZYN (Philip Morris International),Ferrari partner,"Beverages, Food & CPG",10,Grinds,grindspouches.com,,Turning Point Brands pouch brand
ZYN (Philip Morris International),Ferrari partner,"Beverages, Food & CPG",11,Rush,rushpouches.com,,Nicotine pouch brand
ZYN (Philip Morris International),Ferrari partner,"Beverages, Food & CPG",12,Simply,simplynicotinepouches.com,,Nicotine pouch brand
ZYN (Philip Morris International),Ferrari partner,"Beverages, Food & CPG",13,Ace,acenicotinepouches.com,,Nicotine pouch brand
ZYN (Philip Morris International),Ferrari partner,"Beverages, Food & CPG",14,Zone X,zonexpouches.com,,Nicotine pouch brand
ZYN (Philip Morris International),Ferrari partner,"Beverages, Food & CPG",15,Cadia,cadiapouches.com,,European nicotine pouch brand
ZYN (Philip Morris International),Ferrari partner,"Beverages, Food & CPG",16,Iceberg,icebergpouches.com,,European nicotine pouch brand
ZYN (Philip Morris International),Ferrari partner,"Beverages, Food & CPG",17,Dryft,dryftpouch.com,,British American Tobacco nicotine pouches
ZYN (Philip Morris International),Ferrari partner,"Beverages, Food & CPG",18,Lucy,lucy.co,,US nicotine pouch and gum brand
ZYN (Philip Morris International),Ferrari partner,"Beverages, Food & CPG",19,Klint,klintpouches.com,,European nicotine pouch brand
Airia,Williams partner,"Cloud, Data & AI Software",1,Microsoft (Copilot Studio),microsoft.com,YES,AI agent platform rival
Airia,Williams partner,"Cloud, Data & AI Software",2,Salesforce (Agentforce),salesforce.com,YES,AI agent platform rival
Airia,Williams partner,"Cloud, Data & AI Software",3,UiPath,uipath.com,,automation/agent platform rival
Airia,Williams partner,"Cloud, Data & AI Software",4,LangChain,langchain.com,,AI agent framework rival
Airia,Williams partner,"Cloud, Data & AI Software",5,Cognition AI,cognition.ai,YES,AI agent rival
Airia,Williams partner,"Cloud, Data & AI Software",6,Writer,writer.com,,enterprise generative AI rival
Airia,Williams partner,"Cloud, Data & AI Software",7,Glean,glean.com,,enterprise AI search/agent rival
Airia,Williams partner,"Cloud, Data & AI Software",8,Sierra,sierra.ai,,AI agent platform rival
Airia,Williams partner,"Cloud, Data & AI Software",9,OpenAI,openai.com,,AI agent/model rival
Airia,Williams partner,"Cloud, Data & AI Software",10,Anthropic (Claude),anthropic.com,YES,AI agent/model rival
Airia,Williams partner,"Cloud, Data & AI Software",11,Google (Vertex AI Agent Builder),google.com,YES,AI agent platform rival
Airia,Williams partner,"Cloud, Data & AI Software",12,IBM (watsonx Orchestrate),ibm.com,YES,enterprise AI agent rival
Alteryx,McLaren partner,"Cloud, Data & AI Software",1,Tableau (Salesforce),salesforce.com,YES,data analytics/BI rival
Alteryx,McLaren partner,"Cloud, Data & AI Software",2,Microsoft Power BI,microsoft.com,YES,BI/data prep rival
Alteryx,McLaren partner,"Cloud, Data & AI Software",3,Qlik,qlik.com,,data analytics/integration rival
Alteryx,McLaren partner,"Cloud, Data & AI Software",4,SAS,sas.com,,analytics platform rival
Alteryx,McLaren partner,"Cloud, Data & AI Software",5,KNIME,knime.com,,data science/ETL rival
Alteryx,McLaren partner,"Cloud, Data & AI Software",6,Dataiku,dataiku.com,,data science platform rival
Alteryx,McLaren partner,"Cloud, Data & AI Software",7,Informatica,informatica.com,,data integration/ETL rival
Alteryx,McLaren partner,"Cloud, Data & AI Software",8,Databricks,databricks.com,,data/analytics platform rival
Alteryx,McLaren partner,"Cloud, Data & AI Software",9,Snowflake,snowflake.com,,cloud data platform rival
Alteryx,McLaren partner,"Cloud, Data & AI Software",10,ThoughtSpot,thoughtspot.com,,self-service analytics rival
Alteryx,McLaren partner,"Cloud, Data & AI Software",11,Domo,domo.com,,BI/analytics platform rival
Alteryx,McLaren partner,"Cloud, Data & AI Software",12,Sigma Computing,sigmacomputing.com,,cloud BI rival
Alteryx,McLaren partner,"Cloud, Data & AI Software",13,Looker (Google),google.com,YES,BI platform rival
Alteryx,McLaren partner,"Cloud, Data & AI Software",14,Palantir (Foundry),palantir.com,,data platform rival
Alteryx,McLaren partner,"Cloud, Data & AI Software",15,RapidMiner (Altair),altair.com,,data science/prep rival
Alteryx,McLaren partner,"Cloud, Data & AI Software",16,IBM Cognos,ibm.com,YES,BI platform rival
Alteryx,McLaren partner,"Cloud, Data & AI Software",17,MicroStrategy,microstrategy.com,,BI platform rival
Alteryx,McLaren partner,"Cloud, Data & AI Software",18,Smartsheet,smartsheet.com,YES,work/data platform adjacent rival
Ansys (Synopsys),Red Bull Racing partner,"Cloud, Data & AI Software",1,Dassault Systemes (SIMULIA),3ds.com,,engineering simulation rival
Ansys (Synopsys),Red Bull Racing partner,"Cloud, Data & AI Software",2,Siemens Digital Industries Software (Simcenter),siemens.com,YES,simulation/CAE rival
Ansys (Synopsys),Red Bull Racing partner,"Cloud, Data & AI Software",3,Altair Engineering,altair.com,,simulation software rival
Ansys (Synopsys),Red Bull Racing partner,"Cloud, Data & AI Software",4,PTC,ptc.com,,CAD/PLM software rival
Ansys (Synopsys),Red Bull Racing partner,"Cloud, Data & AI Software",5,Autodesk,autodesk.com,,design/simulation software rival
Ansys (Synopsys),Red Bull Racing partner,"Cloud, Data & AI Software",6,COMSOL,comsol.com,,multiphysics simulation rival
Ansys (Synopsys),Red Bull Racing partner,"Cloud, Data & AI Software",7,Hexagon (MSC Software),hexagon.com,YES,simulation software rival
Ansys (Synopsys),Red Bull Racing partner,"Cloud, Data & AI Software",8,Cadence Design Systems,cadence.com,,electronic design/simulation rival
Ansys (Synopsys),Red Bull Racing partner,"Cloud, Data & AI Software",9,Bentley Systems,bentley.com,,infrastructure engineering software rival
Ansys (Synopsys),Red Bull Racing partner,"Cloud, Data & AI Software",10,ESI Group,esi-group.com,,virtual prototyping rival
Ansys (Synopsys),Red Bull Racing partner,"Cloud, Data & AI Software",11,SimScale,simscale.com,,cloud simulation rival
Ansys (Synopsys),Red Bull Racing partner,"Cloud, Data & AI Software",12,nTop,ntop.com,,engineering design software rival
Ansys (Synopsys),Red Bull Racing partner,"Cloud, Data & AI Software",13,Rescale,rescale.com,,cloud simulation platform rival
Atlassian,Williams title partner (Atlassian Williams Racing),"Cloud, Data & AI Software",1,Microsoft (Azure DevOps/Teams),microsoft.com,YES,dev/collaboration tools rival
Atlassian,Williams title partner (Atlassian Williams Racing),"Cloud, Data & AI Software",2,GitLab,gitlab.com,,DevOps platform rival
Atlassian,Williams title partner (Atlassian Williams Racing),"Cloud, Data & AI Software",3,GitHub (Microsoft),github.com,,dev collaboration platform rival
Atlassian,Williams title partner (Atlassian Williams Racing),"Cloud, Data & AI Software",4,Asana,asana.com,,work management rival
Atlassian,Williams title partner (Atlassian Williams Racing),"Cloud, Data & AI Software",5,monday.com,monday.com,,work management rival
Atlassian,Williams title partner (Atlassian Williams Racing),"Cloud, Data & AI Software",6,Smartsheet,smartsheet.com,YES,work management rival
Atlassian,Williams title partner (Atlassian Williams Racing),"Cloud, Data & AI Software",7,Notion,notion.so,,collaboration/wiki rival
Atlassian,Williams title partner (Atlassian Williams Racing),"Cloud, Data & AI Software",8,Salesforce (Slack),salesforce.com,YES,team collaboration rival
Atlassian,Williams title partner (Atlassian Williams Racing),"Cloud, Data & AI Software",9,ClickUp,clickup.com,,work management rival
Atlassian,Williams title partner (Atlassian Williams Racing),"Cloud, Data & AI Software",10,Wrike (Citrix),wrike.com,,work management rival
Atlassian,Williams title partner (Atlassian Williams Racing),"Cloud, Data & AI Software",11,Linear,linear.app,,issue tracking rival
Atlassian,Williams title partner (Atlassian Williams Racing),"Cloud, Data & AI Software",12,Basecamp,basecamp.com,,project management rival
Atlassian,Williams title partner (Atlassian Williams Racing),"Cloud, Data & AI Software",13,Zoho Projects,zoho.com,,project management rival
Atlassian,Williams title partner (Atlassian Williams Racing),"Cloud, Data & AI Software",14,ServiceNow,servicenow.com,YES,ITSM overlap rival
Atlassian,Williams title partner (Atlassian Williams Racing),"Cloud, Data & AI Software",15,Freshworks (Freshservice),freshworks.com,YES,ITSM overlap rival
Atlassian,Williams title partner (Atlassian Williams Racing),"Cloud, Data & AI Software",16,BMC Software (Helix),bmc.com,,ITSM overlap rival
Atlassian,Williams title partner (Atlassian Williams Racing),"Cloud, Data & AI Software",17,Airtable,airtable.com,,collaboration/database rival
Atlassian,Williams title partner (Atlassian Williams Racing),"Cloud, Data & AI Software",18,PagerDuty,pagerduty.com,,incident management rival
Avature,Alpine partner,"Cloud, Data & AI Software",1,SmartRecruiters,smartrecruiters.com,,talent acquisition platform rival
Avature,Alpine partner,"Cloud, Data & AI Software",2,iCIMS,icims.com,,talent acquisition platform rival
Avature,Alpine partner,"Cloud, Data & AI Software",3,Workday (Recruiting),workday.com,YES,talent acquisition rival
Avature,Alpine partner,"Cloud, Data & AI Software",4,SAP SuccessFactors (Recruiting),sap.com,YES,talent acquisition rival
Avature,Alpine partner,"Cloud, Data & AI Software",5,Greenhouse Software,greenhouse.io,,recruiting platform rival
Avature,Alpine partner,"Cloud, Data & AI Software",6,Lever (Employ Inc),lever.co,,recruiting platform rival
Avature,Alpine partner,"Cloud, Data & AI Software",7,Beamery,beamery.com,,talent CRM rival
Avature,Alpine partner,"Cloud, Data & AI Software",8,Phenom,phenom.com,,talent experience platform rival
Avature,Alpine partner,"Cloud, Data & AI Software",9,Bullhorn,bullhorn.com,,staffing/recruiting CRM rival
Avature,Alpine partner,"Cloud, Data & AI Software",10,Oracle (Recruiting Cloud),oracle.com,YES,talent acquisition rival
Avature,Alpine partner,"Cloud, Data & AI Software",11,Microsoft (LinkedIn Talent Solutions),microsoft.com,YES,talent sourcing rival
Avature,Alpine partner,"Cloud, Data & AI Software",12,Jobvite (Employ),jobvite.com,,recruiting platform rival
AWS (Amazon),F1 global partner; Hungarian GP title (per one source); F1 Sim Racing sponsor,"Cloud, Data & AI Software",1,Microsoft Azure,microsoft.com,YES,top public cloud rival
AWS (Amazon),F1 global partner; Hungarian GP title (per one source); F1 Sim Racing sponsor,"Cloud, Data & AI Software",2,Google Cloud,google.com,YES,top public cloud rival
AWS (Amazon),F1 global partner; Hungarian GP title (per one source); F1 Sim Racing sponsor,"Cloud, Data & AI Software",3,Oracle Cloud Infrastructure,oracle.com,YES,public cloud rival
AWS (Amazon),F1 global partner; Hungarian GP title (per one source); F1 Sim Racing sponsor,"Cloud, Data & AI Software",4,IBM Cloud,ibm.com,YES,enterprise cloud rival
AWS (Amazon),F1 global partner; Hungarian GP title (per one source); F1 Sim Racing sponsor,"Cloud, Data & AI Software",5,Alibaba Cloud,alibabacloud.com,,global cloud rival
AWS (Amazon),F1 global partner; Hungarian GP title (per one source); F1 Sim Racing sponsor,"Cloud, Data & AI Software",6,Tencent Cloud,tencent.com,,global cloud rival
AWS (Amazon),F1 global partner; Hungarian GP title (per one source); F1 Sim Racing sponsor,"Cloud, Data & AI Software",7,Huawei Cloud,huawei.com,,global cloud rival
AWS (Amazon),F1 global partner; Hungarian GP title (per one source); F1 Sim Racing sponsor,"Cloud, Data & AI Software",8,DigitalOcean,digitalocean.com,,cloud/IaaS challenger
AWS (Amazon),F1 global partner; Hungarian GP title (per one source); F1 Sim Racing sponsor,"Cloud, Data & AI Software",9,Linode (Akamai),linode.com,,cloud/IaaS challenger
AWS (Amazon),F1 global partner; Hungarian GP title (per one source); F1 Sim Racing sponsor,"Cloud, Data & AI Software",10,OVHcloud,ovhcloud.com,,European cloud challenger
AWS (Amazon),F1 global partner; Hungarian GP title (per one source); F1 Sim Racing sponsor,"Cloud, Data & AI Software",11,Vultr,vultr.com,,cloud/IaaS challenger
AWS (Amazon),F1 global partner; Hungarian GP title (per one source); F1 Sim Racing sponsor,"Cloud, Data & AI Software",12,Rackspace Technology,rackspace.com,,managed cloud rival
AWS (Amazon),F1 global partner; Hungarian GP title (per one source); F1 Sim Racing sponsor,"Cloud, Data & AI Software",13,CoreWeave,coreweave.com,YES,AI cloud/GPU challenger
AWS (Amazon),F1 global partner; Hungarian GP title (per one source); F1 Sim Racing sponsor,"Cloud, Data & AI Software",14,Snowflake,snowflake.com,,cloud data platform
AWS (Amazon),F1 global partner; Hungarian GP title (per one source); F1 Sim Racing sponsor,"Cloud, Data & AI Software",15,Salesforce,salesforce.com,YES,cloud platform rival
AWS (Amazon),F1 global partner; Hungarian GP title (per one source); F1 Sim Racing sponsor,"Cloud, Data & AI Software",16,SAP,sap.com,YES,enterprise cloud rival
AWS (Amazon),F1 global partner; Hungarian GP title (per one source); F1 Sim Racing sponsor,"Cloud, Data & AI Software",17,VMware (Broadcom),broadcom.com,,private/hybrid cloud rival
AWS (Amazon),F1 global partner; Hungarian GP title (per one source); F1 Sim Racing sponsor,"Cloud, Data & AI Software",18,Cloudflare,cloudflare.com,,edge/cloud challenger
AWS (Amazon),F1 global partner; Hungarian GP title (per one source); F1 Sim Racing sponsor,"Cloud, Data & AI Software",19,Equinix,equinix.com,,cloud/colocation rival
AWS (Amazon),F1 global partner; Hungarian GP title (per one source); F1 Sim Racing sponsor,"Cloud, Data & AI Software",20,NTT Data,nttdata.com,,global IT/cloud rival
AWS (Amazon),F1 global partner; Hungarian GP title (per one source); F1 Sim Racing sponsor,"Cloud, Data & AI Software",21,Fastly,fastly.com,,edge cloud challenger
AWS (Amazon),F1 global partner; Hungarian GP title (per one source); F1 Sim Racing sponsor,"Cloud, Data & AI Software",22,Dell Technologies (APEX),dell.com,YES,hybrid cloud rival
AWS (Amazon),F1 global partner; Hungarian GP title (per one source); F1 Sim Racing sponsor,"Cloud, Data & AI Software",23,HPE (GreenLake),hpe.com,YES,hybrid cloud rival
AWS (Amazon),F1 global partner; Hungarian GP title (per one source); F1 Sim Racing sponsor,"Cloud, Data & AI Software",24,NetApp,netapp.com,YES,cloud storage rival
AWS (Amazon),F1 global partner; Hungarian GP title (per one source); F1 Sim Racing sponsor,"Cloud, Data & AI Software",25,Scaleway,scaleway.com,,European cloud challenger
AWS (Amazon),F1 global partner; Hungarian GP title (per one source); F1 Sim Racing sponsor,"Cloud, Data & AI Software",26,IONOS,ionos.com,,European cloud challenger
AWS (Amazon),F1 global partner; Hungarian GP title (per one source); F1 Sim Racing sponsor,"Cloud, Data & AI Software",27,Wasabi Technologies,wasabi.com,,cloud storage challenger
AWS (Amazon),F1 global partner; Hungarian GP title (per one source); F1 Sim Racing sponsor,"Cloud, Data & AI Software",28,Backblaze,backblaze.com,,cloud storage challenger
AWS (Amazon),F1 global partner; Hungarian GP title (per one source); F1 Sim Racing sponsor,"Cloud, Data & AI Software",29,Lambda,lambdalabs.com,,AI/GPU cloud challenger
AWS (Amazon),F1 global partner; Hungarian GP title (per one source); F1 Sim Racing sponsor,"Cloud, Data & AI Software",30,Nebius Group,nebius.com,,AI cloud challenger
Claude (Anthropic),Williams AI partner,"Cloud, Data & AI Software",1,OpenAI (ChatGPT/GPT),openai.com,,frontier AI rival
Claude (Anthropic),Williams AI partner,"Cloud, Data & AI Software",2,Google DeepMind (Gemini),google.com,YES,frontier AI rival
Claude (Anthropic),Williams AI partner,"Cloud, Data & AI Software",3,Microsoft (Copilot),microsoft.com,YES,AI assistant/cloud rival
Claude (Anthropic),Williams AI partner,"Cloud, Data & AI Software",4,Meta AI (Llama),meta.com,YES,open-weight AI model rival
Claude (Anthropic),Williams AI partner,"Cloud, Data & AI Software",5,xAI (Grok),x.ai,,frontier AI rival
Claude (Anthropic),Williams AI partner,"Cloud, Data & AI Software",6,Mistral AI,mistral.ai,,AI model rival
Claude (Anthropic),Williams AI partner,"Cloud, Data & AI Software",7,Cohere,cohere.com,,enterprise AI model rival
Claude (Anthropic),Williams AI partner,"Cloud, Data & AI Software",8,Amazon (Nova/Bedrock),aws.amazon.com,YES,AI model/platform rival
Claude (Anthropic),Williams AI partner,"Cloud, Data & AI Software",9,DeepSeek,deepseek.com,,AI model rival
Claude (Anthropic),Williams AI partner,"Cloud, Data & AI Software",10,Alibaba (Qwen),alibabacloud.com,,AI model rival
Claude (Anthropic),Williams AI partner,"Cloud, Data & AI Software",11,Baidu (Ernie),baidu.com,,AI model rival
Claude (Anthropic),Williams AI partner,"Cloud, Data & AI Software",12,Perplexity AI,perplexity.ai,,AI search/assistant rival
Claude (Anthropic),Williams AI partner,"Cloud, Data & AI Software",13,Cognition AI,cognition.ai,YES,AI coding agent rival
Claude (Anthropic),Williams AI partner,"Cloud, Data & AI Software",14,Groq,groq.com,YES,AI inference rival
Claude (Anthropic),Williams AI partner,"Cloud, Data & AI Software",15,Stability AI,stability.ai,,generative AI rival
Claude (Anthropic),Williams AI partner,"Cloud, Data & AI Software",16,Inflection AI,inflection.ai,,AI assistant rival
Claude (Anthropic),Williams AI partner,"Cloud, Data & AI Software",17,AI21 Labs,ai21.com,,AI model rival
Claude (Anthropic),Williams AI partner,"Cloud, Data & AI Software",18,ElevenLabs,elevenlabs.io,YES,generative AI (voice) rival
Claude (Anthropic),Williams AI partner,"Cloud, Data & AI Software",19,Palantir Technologies,palantir.com,,enterprise AI platform rival
Claude (Anthropic),Williams AI partner,"Cloud, Data & AI Software",20,Databricks (Mosaic AI),databricks.com,,enterprise AI platform rival
Cognition AI,Aston Martin partner,"Cloud, Data & AI Software",1,GitHub Copilot (Microsoft),github.com,,AI coding assistant rival
Cognition AI,Aston Martin partner,"Cloud, Data & AI Software",2,Anthropic (Claude Code),anthropic.com,YES,AI coding agent rival
Cognition AI,Aston Martin partner,"Cloud, Data & AI Software",3,OpenAI (Codex),openai.com,,AI coding agent rival
Cognition AI,Aston Martin partner,"Cloud, Data & AI Software",4,Cursor (Anysphere),cursor.com,,AI coding assistant rival
Cognition AI,Aston Martin partner,"Cloud, Data & AI Software",5,Replit,replit.com,,AI coding platform rival
Cognition AI,Aston Martin partner,"Cloud, Data & AI Software",6,Sourcegraph (Cody),sourcegraph.com,,AI coding assistant rival
Cognition AI,Aston Martin partner,"Cloud, Data & AI Software",7,Tabnine,tabnine.com,,AI coding assistant rival
Cognition AI,Aston Martin partner,"Cloud, Data & AI Software",8,Amazon (Q Developer),aws.amazon.com,YES,AI coding assistant rival
Cognition AI,Aston Martin partner,"Cloud, Data & AI Software",9,Windsurf (Codeium),windsurf.com,,AI coding assistant rival
Cognition AI,Aston Martin partner,"Cloud, Data & AI Software",10,Magic AI,magic.dev,,AI coding agent rival
Cognition AI,Aston Martin partner,"Cloud, Data & AI Software",11,Poolside AI,poolside.ai,,AI coding model rival
Cognition AI,Aston Martin partner,"Cloud, Data & AI Software",12,Google (Gemini Code Assist),google.com,YES,AI coding assistant rival
Confluent,Racing Bulls partner,"Cloud, Data & AI Software",1,AWS (MSK/Kinesis),aws.amazon.com,YES,data streaming rival
Confluent,Racing Bulls partner,"Cloud, Data & AI Software",2,Microsoft (Azure Event Hubs),microsoft.com,YES,data streaming rival
Confluent,Racing Bulls partner,"Cloud, Data & AI Software",3,Google Cloud (Pub/Sub/Dataflow),google.com,YES,data streaming rival
Confluent,Racing Bulls partner,"Cloud, Data & AI Software",4,Redpanda Data,redpanda.com,,Kafka-compatible streaming rival
Confluent,Racing Bulls partner,"Cloud, Data & AI Software",5,StreamNative,streamnative.io,,data streaming (Pulsar) rival
Confluent,Racing Bulls partner,"Cloud, Data & AI Software",6,Striim,striim.com,,real-time data streaming rival
Confluent,Racing Bulls partner,"Cloud, Data & AI Software",7,IBM (Event Streams),ibm.com,YES,data streaming rival
Confluent,Racing Bulls partner,"Cloud, Data & AI Software",8,Cloudera,cloudera.com,,data platform/streaming rival
Confluent,Racing Bulls partner,"Cloud, Data & AI Software",9,Databricks,databricks.com,,data/streaming platform rival
Confluent,Racing Bulls partner,"Cloud, Data & AI Software",10,Snowflake,snowflake.com,,cloud data platform rival
Confluent,Racing Bulls partner,"Cloud, Data & AI Software",11,Materialize,materialize.com,,streaming database rival
Confluent,Racing Bulls partner,"Cloud, Data & AI Software",12,Decodable,decodable.co,,streaming data platform rival
CrowdStrike,Mercedes partner,"Cloud, Data & AI Software",1,Microsoft Defender for Endpoint,microsoft.com,YES,endpoint security rival
CrowdStrike,Mercedes partner,"Cloud, Data & AI Software",2,Palo Alto Networks (Cortex),paloaltonetworks.com,,endpoint/XDR rival
CrowdStrike,Mercedes partner,"Cloud, Data & AI Software",3,SentinelOne,sentinelone.com,,direct endpoint security rival
CrowdStrike,Mercedes partner,"Cloud, Data & AI Software",4,Sophos,sophos.com,,endpoint security rival
CrowdStrike,Mercedes partner,"Cloud, Data & AI Software",5,Trend Micro,trendmicro.com,,endpoint security rival
CrowdStrike,Mercedes partner,"Cloud, Data & AI Software",6,McAfee,mcafee.com,,endpoint security rival
CrowdStrike,Mercedes partner,"Cloud, Data & AI Software",7,Broadcom (Symantec),broadcom.com,,endpoint security rival
CrowdStrike,Mercedes partner,"Cloud, Data & AI Software",8,Fortinet,fortinet.com,,cybersecurity platform rival
CrowdStrike,Mercedes partner,"Cloud, Data & AI Software",9,Check Point Software,checkpoint.com,,cybersecurity platform rival
CrowdStrike,Mercedes partner,"Cloud, Data & AI Software",10,Cisco (Secure/Duo),cisco.com,YES,cybersecurity platform rival
CrowdStrike,Mercedes partner,"Cloud, Data & AI Software",11,Trellix,trellix.com,,XDR/endpoint rival
CrowdStrike,Mercedes partner,"Cloud, Data & AI Software",12,Bitdefender,bitdefender.com,YES,endpoint security rival
CrowdStrike,Mercedes partner,"Cloud, Data & AI Software",13,Cybereason,cybereason.com,,endpoint/XDR rival
CrowdStrike,Mercedes partner,"Cloud, Data & AI Software",14,Darktrace,darktrace.com,,AI-driven detection rival
CrowdStrike,Mercedes partner,"Cloud, Data & AI Software",15,Rapid7,rapid7.com,,detection & response rival
CrowdStrike,Mercedes partner,"Cloud, Data & AI Software",16,Tanium,tanium.com,,endpoint management rival
CrowdStrike,Mercedes partner,"Cloud, Data & AI Software",17,Vectra AI,vectra.ai,,threat detection rival
CrowdStrike,Mercedes partner,"Cloud, Data & AI Software",18,Huntress,huntress.com,,managed detection rival
CrowdStrike,Mercedes partner,"Cloud, Data & AI Software",19,Elastic Security,elastic.co,,SIEM/security rival
CrowdStrike,Mercedes partner,"Cloud, Data & AI Software",20,Netskope,netskope.com,,cloud security rival
CrowdStrike,Mercedes partner,"Cloud, Data & AI Software",21,Zscaler,zscaler.com,,cloud security rival
CrowdStrike,Mercedes partner,"Cloud, Data & AI Software",22,Cato Networks,catonetworks.com,YES,SASE security rival
CrowdStrike,Mercedes partner,"Cloud, Data & AI Software",23,Qualys,qualys.com,,vulnerability management rival
CrowdStrike,Mercedes partner,"Cloud, Data & AI Software",24,Tenable,tenable.com,,vulnerability management rival
CrowdStrike,Mercedes partner,"Cloud, Data & AI Software",25,Malwarebytes,malwarebytes.com,,endpoint security rival
CrowdStrike,Mercedes partner,"Cloud, Data & AI Software",26,Kaseya (Datto),kaseya.com,,MSP security rival
CrowdStrike,Mercedes partner,"Cloud, Data & AI Software",27,WithSecure,withsecure.com,,endpoint security rival
CrowdStrike,Mercedes partner,"Cloud, Data & AI Software",28,ESET,eset.com,,endpoint security rival
CrowdStrike,Mercedes partner,"Cloud, Data & AI Software",29,Deep Instinct,deepinstinct.com,,AI malware prevention rival
CrowdStrike,Mercedes partner,"Cloud, Data & AI Software",30,Wiz,wiz.io,,cloud security rival
Dropbox,McLaren partner,"Cloud, Data & AI Software",1,Box,box.com,,cloud content management rival
Dropbox,McLaren partner,"Cloud, Data & AI Software",2,Google Drive (Workspace),google.com,YES,cloud storage rival
Dropbox,McLaren partner,"Cloud, Data & AI Software",3,Microsoft OneDrive,microsoft.com,YES,cloud storage rival
Dropbox,McLaren partner,"Cloud, Data & AI Software",4,Apple iCloud,apple.com,,cloud storage rival
Dropbox,McLaren partner,"Cloud, Data & AI Software",5,Egnyte,egnyte.com,,cloud content platform rival
Dropbox,McLaren partner,"Cloud, Data & AI Software",6,pCloud,pcloud.com,,cloud storage rival
Dropbox,McLaren partner,"Cloud, Data & AI Software",7,Sync.com,sync.com,,cloud storage rival
Dropbox,McLaren partner,"Cloud, Data & AI Software",8,IDrive,idrive.com,,cloud backup/storage rival
Dropbox,McLaren partner,"Cloud, Data & AI Software",9,Iron Mountain (InSight),ironmountain.com,YES,content/records management rival
Dropbox,McLaren partner,"Cloud, Data & AI Software",10,NetApp,netapp.com,YES,cloud storage rival
Dropbox,McLaren partner,"Cloud, Data & AI Software",11,AWS (S3),aws.amazon.com,YES,cloud storage rival
Dropbox,McLaren partner,"Cloud, Data & AI Software",12,Citrix ShareFile,citrix.com,,file sharing rival
Dropbox,McLaren partner,"Cloud, Data & AI Software",13,Zoho WorkDrive,zoho.com,,cloud storage rival
Dropbox,McLaren partner,"Cloud, Data & AI Software",14,Mega,mega.io,,cloud storage rival
Dropbox,McLaren partner,"Cloud, Data & AI Software",15,Tresorit,tresorit.com,,secure cloud storage rival
Dynatrace,Racing Bulls partner,"Cloud, Data & AI Software",1,Datadog,datadoghq.com,,observability platform rival
Dynatrace,Racing Bulls partner,"Cloud, Data & AI Software",2,New Relic,newrelic.com,,APM/observability rival
Dynatrace,Racing Bulls partner,"Cloud, Data & AI Software",3,Splunk,splunk.com,YES,observability/log analytics rival
Dynatrace,Racing Bulls partner,"Cloud, Data & AI Software",4,Elastic (Observability),elastic.co,,observability rival
Dynatrace,Racing Bulls partner,"Cloud, Data & AI Software",5,Cisco (AppDynamics),cisco.com,YES,APM rival
Dynatrace,Racing Bulls partner,"Cloud, Data & AI Software",6,Grafana Labs,grafana.com,,observability/monitoring rival
Dynatrace,Racing Bulls partner,"Cloud, Data & AI Software",7,IBM (Instana),ibm.com,YES,APM/observability rival
Dynatrace,Racing Bulls partner,"Cloud, Data & AI Software",8,Sumo Logic,sumologic.com,,log/observability rival
Dynatrace,Racing Bulls partner,"Cloud, Data & AI Software",9,Honeycomb.io,honeycomb.io,,observability rival
Dynatrace,Racing Bulls partner,"Cloud, Data & AI Software",10,ServiceNow (Cloud Observability),servicenow.com,YES,observability rival
Dynatrace,Racing Bulls partner,"Cloud, Data & AI Software",11,SolarWinds,solarwinds.com,,IT monitoring rival
Dynatrace,Racing Bulls partner,"Cloud, Data & AI Software",12,Microsoft (Azure Monitor),microsoft.com,YES,cloud monitoring rival
Dynatrace,Racing Bulls partner,"Cloud, Data & AI Software",13,Google (Cloud Operations),google.com,YES,cloud monitoring rival
Dynatrace,Racing Bulls partner,"Cloud, Data & AI Software",14,PagerDuty,pagerduty.com,,incident management adjacent rival
ElevenLabs,Audi F1 partner,"Cloud, Data & AI Software",1,OpenAI (Voice/TTS),openai.com,,AI voice generation rival
ElevenLabs,Audi F1 partner,"Cloud, Data & AI Software",2,Google (Text-to-Speech),google.com,YES,AI voice generation rival
ElevenLabs,Audi F1 partner,"Cloud, Data & AI Software",3,Microsoft (Azure AI Speech),microsoft.com,YES,AI voice generation rival
ElevenLabs,Audi F1 partner,"Cloud, Data & AI Software",4,Amazon (Polly),aws.amazon.com,YES,AI voice generation rival
ElevenLabs,Audi F1 partner,"Cloud, Data & AI Software",5,Resemble AI,resemble.ai,,AI voice cloning rival
ElevenLabs,Audi F1 partner,"Cloud, Data & AI Software",6,Play.ht,play.ht,,AI voice generation rival
ElevenLabs,Audi F1 partner,"Cloud, Data & AI Software",7,Murf AI,murf.ai,,AI voice generation rival
ElevenLabs,Audi F1 partner,"Cloud, Data & AI Software",8,WellSaid Labs,wellsaidlabs.com,,AI voice generation rival
ElevenLabs,Audi F1 partner,"Cloud, Data & AI Software",9,Speechify,speechify.com,,AI text-to-speech rival
ElevenLabs,Audi F1 partner,"Cloud, Data & AI Software",10,Descript,descript.com,,AI audio/voice editing rival
ElevenLabs,Audi F1 partner,"Cloud, Data & AI Software",11,Deepgram,deepgram.com,,AI speech recognition rival
ElevenLabs,Audi F1 partner,"Cloud, Data & AI Software",12,Suno,suno.com,,generative audio/music AI rival
Freshworks,McLaren partner,"Cloud, Data & AI Software",1,Zendesk,zendesk.com,,customer service platform rival
Freshworks,McLaren partner,"Cloud, Data & AI Software",2,Salesforce (Service Cloud),salesforce.com,YES,CRM/CX rival
Freshworks,McLaren partner,"Cloud, Data & AI Software",3,HubSpot,hubspot.com,,CRM/CX rival
Freshworks,McLaren partner,"Cloud, Data & AI Software",4,Zoho,zoho.com,,CRM/business suite rival
Freshworks,McLaren partner,"Cloud, Data & AI Software",5,ServiceNow,servicenow.com,YES,ITSM rival
Freshworks,McLaren partner,"Cloud, Data & AI Software",6,Intercom,intercom.com,,customer messaging rival
Freshworks,McLaren partner,"Cloud, Data & AI Software",7,Help Scout,helpscout.com,,customer service rival
Freshworks,McLaren partner,"Cloud, Data & AI Software",8,Kayako,kayako.com,,customer service rival
Freshworks,McLaren partner,"Cloud, Data & AI Software",9,Genesys,genesys.com,YES,CX/contact center rival
Freshworks,McLaren partner,"Cloud, Data & AI Software",10,NICE,nice.com,,CX platform rival
Freshworks,McLaren partner,"Cloud, Data & AI Software",11,Pipedrive,pipedrive.com,,sales CRM rival
Freshworks,McLaren partner,"Cloud, Data & AI Software",12,monday.com,monday.com,,CRM/work management rival
Freshworks,McLaren partner,"Cloud, Data & AI Software",13,Atlassian (Jira Service Management),atlassian.com,YES,ITSM rival
Freshworks,McLaren partner,"Cloud, Data & AI Software",14,SysAid,sysaid.com,,ITSM rival
Freshworks,McLaren partner,"Cloud, Data & AI Software",15,ManageEngine (ServiceDesk Plus),manageengine.com,,ITSM rival
Freshworks,McLaren partner,"Cloud, Data & AI Software",16,Gorgias,gorgias.com,,e-commerce helpdesk rival
Freshworks,McLaren partner,"Cloud, Data & AI Software",17,LiveAgent,liveagent.com,,customer service rival
G42,Mercedes partner,"Cloud, Data & AI Software",1,Microsoft AI,microsoft.com,YES,AI/cloud rival
G42,Mercedes partner,"Cloud, Data & AI Software",2,OpenAI,openai.com,,frontier AI rival
G42,Mercedes partner,"Cloud, Data & AI Software",3,Anthropic (Claude),anthropic.com,YES,frontier AI rival
G42,Mercedes partner,"Cloud, Data & AI Software",4,Google DeepMind,google.com,YES,frontier AI rival
G42,Mercedes partner,"Cloud, Data & AI Software",5,Mistral AI,mistral.ai,,AI model rival
G42,Mercedes partner,"Cloud, Data & AI Software",6,SoftBank Group,softbank.jp,,diversified AI conglomerate rival
G42,Mercedes partner,"Cloud, Data & AI Software",7,SambaNova Systems,sambanova.ai,,AI compute rival
G42,Mercedes partner,"Cloud, Data & AI Software",8,CoreWeave,coreweave.com,YES,AI cloud infrastructure rival
G42,Mercedes partner,"Cloud, Data & AI Software",9,Nvidia,nvidia.com,,AI compute/infrastructure rival
G42,Mercedes partner,"Cloud, Data & AI Software",10,Together AI,together.ai,,AI cloud/infrastructure rival
G42,Mercedes partner,"Cloud, Data & AI Software",11,Cerebras Systems,cerebras.net,,AI compute rival
G42,Mercedes partner,"Cloud, Data & AI Software",12,Baidu,baidu.com,,sovereign-style AI/cloud rival
G42,Mercedes partner,"Cloud, Data & AI Software",13,Alibaba Cloud,alibabacloud.com,,sovereign-style AI/cloud rival
G42,Mercedes partner,"Cloud, Data & AI Software",14,IBM watsonx,ibm.com,YES,enterprise AI rival
G42,Mercedes partner,"Cloud, Data & AI Software",15,Palantir Technologies,palantir.com,,AI/data platform rival
G42,Mercedes partner,"Cloud, Data & AI Software",16,C3.ai,c3.ai,,enterprise AI rival
G42,Mercedes partner,"Cloud, Data & AI Software",17,Scale AI,scale.com,,AI data/infrastructure rival
G42,Mercedes partner,"Cloud, Data & AI Software",18,Aleph Alpha,aleph-alpha.com,,sovereign AI rival
G42,Mercedes partner,"Cloud, Data & AI Software",19,TWG AI (TWG Global),twgglobal.com,YES,diversified AI holding rival
Genesys,Ferrari partner,"Cloud, Data & AI Software",1,NICE (CXone),nice.com,,contact center platform rival
Genesys,Ferrari partner,"Cloud, Data & AI Software",2,Five9,five9.com,,cloud contact center rival
Genesys,Ferrari partner,"Cloud, Data & AI Software",3,Avaya,avaya.com,,contact center rival
Genesys,Ferrari partner,"Cloud, Data & AI Software",4,Twilio (Flex),twilio.com,,contact center platform rival
Genesys,Ferrari partner,"Cloud, Data & AI Software",5,Salesforce (Service Cloud),salesforce.com,YES,CX platform rival
Genesys,Ferrari partner,"Cloud, Data & AI Software",6,Zendesk,zendesk.com,,customer service rival
Genesys,Ferrari partner,"Cloud, Data & AI Software",7,Cisco (Webex Contact Center),cisco.com,YES,contact center rival
Genesys,Ferrari partner,"Cloud, Data & AI Software",8,Talkdesk,talkdesk.com,,cloud contact center rival
Genesys,Ferrari partner,"Cloud, Data & AI Software",9,8x8,8x8.com,,contact center/UC rival
Genesys,Ferrari partner,"Cloud, Data & AI Software",10,RingCentral,ringcentral.com,,contact center/UC rival
Genesys,Ferrari partner,"Cloud, Data & AI Software",11,Verint,verint.com,,CX/workforce engagement rival
Genesys,Ferrari partner,"Cloud, Data & AI Software",12,Amazon Connect,aws.amazon.com,YES,cloud contact center rival
Genesys,Ferrari partner,"Cloud, Data & AI Software",13,Freshworks (Freshdesk),freshworks.com,YES,CX/helpdesk rival
Genesys,Ferrari partner,"Cloud, Data & AI Software",14,Medallia,medallia.com,YES,CX management rival
Genesys,Ferrari partner,"Cloud, Data & AI Software",15,Sprinklr,sprinklr.com,,CX/social platform rival
Genesys,Ferrari partner,"Cloud, Data & AI Software",16,Infobip,infobip.com,YES,CPaaS/CX communications rival
Google (Alphabet) - Chrome / Android / Google Cloud / Gemini AI,McLaren partner,"Cloud, Data & AI Software",1,Microsoft,microsoft.com,YES,cloud/AI/OS rival
Google (Alphabet) - Chrome / Android / Google Cloud / Gemini AI,McLaren partner,"Cloud, Data & AI Software",2,AWS (Amazon),aws.amazon.com,YES,cloud infrastructure rival
Google (Alphabet) - Chrome / Android / Google Cloud / Gemini AI,McLaren partner,"Cloud, Data & AI Software",3,Apple,apple.com,,OS/consumer tech rival
Google (Alphabet) - Chrome / Android / Google Cloud / Gemini AI,McLaren partner,"Cloud, Data & AI Software",4,Meta,meta.com,YES,AI/consumer tech rival
Google (Alphabet) - Chrome / Android / Google Cloud / Gemini AI,McLaren partner,"Cloud, Data & AI Software",5,OpenAI,openai.com,,AI/LLM rival
Google (Alphabet) - Chrome / Android / Google Cloud / Gemini AI,McLaren partner,"Cloud, Data & AI Software",6,Anthropic (Claude),anthropic.com,YES,AI/LLM rival
Google (Alphabet) - Chrome / Android / Google Cloud / Gemini AI,McLaren partner,"Cloud, Data & AI Software",7,Oracle,oracle.com,YES,cloud/database rival
Google (Alphabet) - Chrome / Android / Google Cloud / Gemini AI,McLaren partner,"Cloud, Data & AI Software",8,IBM,ibm.com,YES,enterprise cloud/AI rival
Google (Alphabet) - Chrome / Android / Google Cloud / Gemini AI,McLaren partner,"Cloud, Data & AI Software",9,Samsung,samsung.com,,Android hardware/ecosystem rival
Google (Alphabet) - Chrome / Android / Google Cloud / Gemini AI,McLaren partner,"Cloud, Data & AI Software",10,Alibaba Cloud,alibabacloud.com,,cloud rival
Google (Alphabet) - Chrome / Android / Google Cloud / Gemini AI,McLaren partner,"Cloud, Data & AI Software",11,Tencent,tencent.com,,cloud/AI rival
Google (Alphabet) - Chrome / Android / Google Cloud / Gemini AI,McLaren partner,"Cloud, Data & AI Software",12,Baidu,baidu.com,,search/AI rival
Google (Alphabet) - Chrome / Android / Google Cloud / Gemini AI,McLaren partner,"Cloud, Data & AI Software",13,xAI (Grok),x.ai,,AI/LLM rival
Google (Alphabet) - Chrome / Android / Google Cloud / Gemini AI,McLaren partner,"Cloud, Data & AI Software",14,Mistral AI,mistral.ai,,AI model rival
Google (Alphabet) - Chrome / Android / Google Cloud / Gemini AI,McLaren partner,"Cloud, Data & AI Software",15,Salesforce,salesforce.com,YES,cloud SaaS rival
Google (Alphabet) - Chrome / Android / Google Cloud / Gemini AI,McLaren partner,"Cloud, Data & AI Software",16,Cisco,cisco.com,YES,enterprise IT rival
Google (Alphabet) - Chrome / Android / Google Cloud / Gemini AI,McLaren partner,"Cloud, Data & AI Software",17,Dropbox,dropbox.com,YES,cloud storage rival
Google (Alphabet) - Chrome / Android / Google Cloud / Gemini AI,McLaren partner,"Cloud, Data & AI Software",18,Box,box.com,,cloud storage rival
Google (Alphabet) - Chrome / Android / Google Cloud / Gemini AI,McLaren partner,"Cloud, Data & AI Software",19,Zoom,zoom.us,,collaboration rival
Google (Alphabet) - Chrome / Android / Google Cloud / Gemini AI,McLaren partner,"Cloud, Data & AI Software",20,ServiceNow,servicenow.com,YES,enterprise cloud rival
Google (Alphabet) - Chrome / Android / Google Cloud / Gemini AI,McLaren partner,"Cloud, Data & AI Software",21,SAP,sap.com,YES,enterprise cloud rival
Google (Alphabet) - Chrome / Android / Google Cloud / Gemini AI,McLaren partner,"Cloud, Data & AI Software",22,Snowflake,snowflake.com,,cloud data platform rival
Google (Alphabet) - Chrome / Android / Google Cloud / Gemini AI,McLaren partner,"Cloud, Data & AI Software",23,Cohere,cohere.com,,enterprise AI rival
Google (Alphabet) - Chrome / Android / Google Cloud / Gemini AI,McLaren partner,"Cloud, Data & AI Software",24,Perplexity AI,perplexity.ai,,AI search rival
Google (Alphabet) - Chrome / Android / Google Cloud / Gemini AI,McLaren partner,"Cloud, Data & AI Software",25,Mozilla (Firefox),mozilla.org,,browser rival (Chrome)
Google (Alphabet) - Chrome / Android / Google Cloud / Gemini AI,McLaren partner,"Cloud, Data & AI Software",26,CoreWeave,coreweave.com,YES,AI cloud infrastructure rival
Google (Alphabet) - Chrome / Android / Google Cloud / Gemini AI,McLaren partner,"Cloud, Data & AI Software",27,Groq,groq.com,YES,AI inference rival
Google (Alphabet) - Chrome / Android / Google Cloud / Gemini AI,McLaren partner,"Cloud, Data & AI Software",28,Unity,unity.com,YES,AR/3D dev tools rival
Google (Alphabet) - Chrome / Android / Google Cloud / Gemini AI,McLaren partner,"Cloud, Data & AI Software",29,ByteDance (TikTok),tiktok.com,YES,consumer platform rival
Google (Alphabet) - Chrome / Android / Google Cloud / Gemini AI,McLaren partner,"Cloud, Data & AI Software",30,Adobe,adobe.com,,creative/cloud software rival
Groq,McLaren partner,"Cloud, Data & AI Software",1,Nvidia,nvidia.com,,AI compute/GPU rival
Groq,McLaren partner,"Cloud, Data & AI Software",2,AMD (Instinct AI),amd.com,YES,AI compute rival
Groq,McLaren partner,"Cloud, Data & AI Software",3,Cerebras Systems,cerebras.net,,AI inference/training chip rival
Groq,McLaren partner,"Cloud, Data & AI Software",4,SambaNova Systems,sambanova.ai,,AI chip/inference rival
Groq,McLaren partner,"Cloud, Data & AI Software",5,Intel (Gaudi),intel.com,,AI compute rival
Groq,McLaren partner,"Cloud, Data & AI Software",6,AWS (Trainium/Inferentia),aws.amazon.com,YES,AI chip/cloud rival
Groq,McLaren partner,"Cloud, Data & AI Software",7,Google (TPU),google.com,YES,AI chip rival
Groq,McLaren partner,"Cloud, Data & AI Software",8,Microsoft (Azure Maia),microsoft.com,YES,AI chip/cloud rival
Groq,McLaren partner,"Cloud, Data & AI Software",9,Together AI,together.ai,,AI inference cloud rival
Groq,McLaren partner,"Cloud, Data & AI Software",10,CoreWeave,coreweave.com,YES,AI cloud infrastructure rival
Groq,McLaren partner,"Cloud, Data & AI Software",11,Tenstorrent,tenstorrent.com,,AI chip rival
Groq,McLaren partner,"Cloud, Data & AI Software",12,d-Matrix,d-matrix.ai,,AI inference chip rival
Groq,McLaren partner,"Cloud, Data & AI Software",13,Graphcore (SoftBank),graphcore.ai,,AI chip rival
Groq,McLaren partner,"Cloud, Data & AI Software",14,Qualcomm (Cloud AI),qualcomm.com,YES,AI inference chip rival
IBM,Ferrari partner,"Cloud, Data & AI Software",1,Microsoft,microsoft.com,YES,enterprise cloud/AI rival
IBM,Ferrari partner,"Cloud, Data & AI Software",2,AWS,aws.amazon.com,YES,cloud infrastructure rival
IBM,Ferrari partner,"Cloud, Data & AI Software",3,Google Cloud,google.com,YES,cloud/AI rival
IBM,Ferrari partner,"Cloud, Data & AI Software",4,Oracle,oracle.com,YES,enterprise software/database rival
IBM,Ferrari partner,"Cloud, Data & AI Software",5,SAP,sap.com,YES,enterprise software rival
IBM,Ferrari partner,"Cloud, Data & AI Software",6,Dell Technologies,dell.com,YES,enterprise infrastructure rival
IBM,Ferrari partner,"Cloud, Data & AI Software",7,HPE,hpe.com,YES,enterprise infrastructure rival
IBM,Ferrari partner,"Cloud, Data & AI Software",8,Cisco,cisco.com,YES,enterprise IT rival
IBM,Ferrari partner,"Cloud, Data & AI Software",9,Accenture,accenture.com,,IT consulting rival
IBM,Ferrari partner,"Cloud, Data & AI Software",10,Deloitte,deloitte.com,YES,IT consulting rival
IBM,Ferrari partner,"Cloud, Data & AI Software",11,Cognizant,cognizant.com,YES,IT services rival
IBM,Ferrari partner,"Cloud, Data & AI Software",12,DXC Technology,dxc.com,YES,IT services rival
IBM,Ferrari partner,"Cloud, Data & AI Software",13,Infosys,infosys.com,,IT services rival
IBM,Ferrari partner,"Cloud, Data & AI Software",14,Wipro,wipro.com,,IT services rival
IBM,Ferrari partner,"Cloud, Data & AI Software",15,Tata Consultancy Services,tcs.com,,IT services rival
IBM,Ferrari partner,"Cloud, Data & AI Software",16,Capgemini,capgemini.com,,IT consulting rival
IBM,Ferrari partner,"Cloud, Data & AI Software",17,Salesforce,salesforce.com,YES,cloud applications rival
IBM,Ferrari partner,"Cloud, Data & AI Software",18,ServiceNow,servicenow.com,YES,enterprise workflow rival
IBM,Ferrari partner,"Cloud, Data & AI Software",19,Anthropic (Claude),anthropic.com,YES,enterprise AI rival (watsonx)
IBM,Ferrari partner,"Cloud, Data & AI Software",20,OpenAI,openai.com,,enterprise AI rival
IBM,Ferrari partner,"Cloud, Data & AI Software",21,Snowflake,snowflake.com,,cloud data platform rival
IBM,Ferrari partner,"Cloud, Data & AI Software",22,Databricks,databricks.com,,data/AI platform rival
IBM,Ferrari partner,"Cloud, Data & AI Software",23,Palantir Technologies,palantir.com,,AI/data platform rival
IBM,Ferrari partner,"Cloud, Data & AI Software",24,NetApp,netapp.com,YES,storage rival
IBM,Ferrari partner,"Cloud, Data & AI Software",25,VAST Data,vastdata.com,YES,data platform/storage rival
IBM,Ferrari partner,"Cloud, Data & AI Software",26,Mphasis,mphasis.com,YES,IT services rival
IBM,Ferrari partner,"Cloud, Data & AI Software",27,Brillio,brillio.com,YES,IT services rival
IBM,Ferrari partner,"Cloud, Data & AI Software",28,Globant,globant.com,YES,IT/digital consulting rival
IBM,Ferrari partner,"Cloud, Data & AI Software",29,Genesys,genesys.com,YES,CX software rival
IBM,Ferrari partner,"Cloud, Data & AI Software",30,Confluent,confluent.io,YES,data streaming rival
IFS,Cadillac partner,"Cloud, Data & AI Software",1,SAP,sap.com,YES,ERP rival
IFS,Cadillac partner,"Cloud, Data & AI Software",2,Oracle,oracle.com,YES,ERP rival
IFS,Cadillac partner,"Cloud, Data & AI Software",3,Microsoft Dynamics 365,microsoft.com,YES,ERP rival
IFS,Cadillac partner,"Cloud, Data & AI Software",4,Infor,infor.com,,ERP/EAM rival
IFS,Cadillac partner,"Cloud, Data & AI Software",5,Epicor,epicor.com,,ERP rival
IFS,Cadillac partner,"Cloud, Data & AI Software",6,Workday,workday.com,YES,cloud ERP rival
IFS,Cadillac partner,"Cloud, Data & AI Software",7,ServiceNow,servicenow.com,YES,enterprise workflow adjacent rival
IFS,Cadillac partner,"Cloud, Data & AI Software",8,Sage,sage.com,,ERP rival
IFS,Cadillac partner,"Cloud, Data & AI Software",9,QAD,qad.com,,manufacturing ERP rival
IFS,Cadillac partner,"Cloud, Data & AI Software",10,Plex Systems (Rockwell),plex.com,,manufacturing ERP rival
IFS,Cadillac partner,"Cloud, Data & AI Software",11,Acumatica,acumatica.com,,cloud ERP rival
IFS,Cadillac partner,"Cloud, Data & AI Software",12,Ramco Systems,ramco.com,,ERP/EAM rival
IFS,Cadillac partner,"Cloud, Data & AI Software",13,Unit4,unit4.com,,ERP rival
IFS,Cadillac partner,"Cloud, Data & AI Software",14,Deltek,deltek.com,,project-based ERP rival
IFS,Cadillac partner,"Cloud, Data & AI Software",15,UKG,ukg.com,YES,workforce management adjacent rival
Medallia,McLaren partner,"Cloud, Data & AI Software",1,Qualtrics,qualtrics.com,,experience management rival
Medallia,McLaren partner,"Cloud, Data & AI Software",2,SurveyMonkey (Momentive),surveymonkey.com,,survey/CX rival
Medallia,McLaren partner,"Cloud, Data & AI Software",3,Salesforce (CX),salesforce.com,YES,CX platform rival
Medallia,McLaren partner,"Cloud, Data & AI Software",4,Genesys,genesys.com,YES,CX/contact center rival
Medallia,McLaren partner,"Cloud, Data & AI Software",5,NICE,nice.com,,CX platform rival
Medallia,McLaren partner,"Cloud, Data & AI Software",6,InMoment,inmoment.com,,CX management rival
Medallia,McLaren partner,"Cloud, Data & AI Software",7,Zendesk,zendesk.com,,customer service rival
Medallia,McLaren partner,"Cloud, Data & AI Software",8,Verint,verint.com,,CX/workforce engagement rival
Medallia,McLaren partner,"Cloud, Data & AI Software",9,Alida,alida.com,,customer feedback rival
Medallia,McLaren partner,"Cloud, Data & AI Software",10,Forsta (Confirmit),forsta.com,,CX/survey platform rival
Medallia,McLaren partner,"Cloud, Data & AI Software",11,Sprinklr,sprinklr.com,,CX/social platform rival
Medallia,McLaren partner,"Cloud, Data & AI Software",12,HubSpot,hubspot.com,,CX/CRM rival
Medallia,McLaren partner,"Cloud, Data & AI Software",13,Freshworks,freshworks.com,YES,CX platform rival
Meta AI (Meta),Mercedes partner,"Cloud, Data & AI Software",1,Google DeepMind (Gemini),google.com,YES,frontier AI rival
Meta AI (Meta),Mercedes partner,"Cloud, Data & AI Software",2,OpenAI,openai.com,,frontier AI rival
Meta AI (Meta),Mercedes partner,"Cloud, Data & AI Software",3,Microsoft AI,microsoft.com,YES,AI/cloud rival
Meta AI (Meta),Mercedes partner,"Cloud, Data & AI Software",4,Anthropic (Claude),anthropic.com,YES,frontier AI rival
Meta AI (Meta),Mercedes partner,"Cloud, Data & AI Software",5,Amazon (AI/Alexa/Bedrock),aws.amazon.com,YES,AI platform rival
Meta AI (Meta),Mercedes partner,"Cloud, Data & AI Software",6,Apple Intelligence,apple.com,,consumer AI rival
Meta AI (Meta),Mercedes partner,"Cloud, Data & AI Software",7,xAI (Grok),x.ai,,frontier AI rival
Meta AI (Meta),Mercedes partner,"Cloud, Data & AI Software",8,Mistral AI,mistral.ai,,open-weight AI model rival
Meta AI (Meta),Mercedes partner,"Cloud, Data & AI Software",9,ByteDance (TikTok),tiktok.com,YES,social/AI platform rival
Meta AI (Meta),Mercedes partner,"Cloud, Data & AI Software",10,Snap Inc,snap.com,,social platform rival
Meta AI (Meta),Mercedes partner,"Cloud, Data & AI Software",11,Baidu,baidu.com,,AI/search rival
Meta AI (Meta),Mercedes partner,"Cloud, Data & AI Software",12,Alibaba (Qwen),alibabacloud.com,,AI model rival
Meta AI (Meta),Mercedes partner,"Cloud, Data & AI Software",13,Tencent,tencent.com,,social/AI platform rival
Meta AI (Meta),Mercedes partner,"Cloud, Data & AI Software",14,Cohere,cohere.com,,enterprise AI model rival
Meta AI (Meta),Mercedes partner,"Cloud, Data & AI Software",15,Stability AI,stability.ai,,generative AI rival
Meta AI (Meta),Mercedes partner,"Cloud, Data & AI Software",16,Perplexity AI,perplexity.ai,,AI search rival
Meta AI (Meta),Mercedes partner,"Cloud, Data & AI Software",17,ElevenLabs,elevenlabs.io,YES,generative AI (voice) rival
Meta AI (Meta),Mercedes partner,"Cloud, Data & AI Software",18,Groq,groq.com,YES,AI inference rival
Meta AI (Meta),Mercedes partner,"Cloud, Data & AI Software",19,Unity,unity.com,YES,real-time 3D/metaverse rival
Meta AI (Meta),Mercedes partner,"Cloud, Data & AI Software",20,Niantic,nianticlabs.com,,AR/metaverse rival
Meta AI (Meta),Mercedes partner,"Cloud, Data & AI Software",21,Roblox,roblox.com,,metaverse platform rival
Microsoft,Mercedes partner; Alpine partner; Mercedes F1 Academy entry sponsor,"Cloud, Data & AI Software",1,AWS (Amazon),aws.amazon.com,YES,top cloud rival
Microsoft,Mercedes partner; Alpine partner; Mercedes F1 Academy entry sponsor,"Cloud, Data & AI Software",2,Google,google.com,YES,cloud/productivity/AI rival
Microsoft,Mercedes partner; Alpine partner; Mercedes F1 Academy entry sponsor,"Cloud, Data & AI Software",3,Oracle,oracle.com,YES,enterprise software/cloud rival
Microsoft,Mercedes partner; Alpine partner; Mercedes F1 Academy entry sponsor,"Cloud, Data & AI Software",4,IBM,ibm.com,YES,enterprise IT rival
Microsoft,Mercedes partner; Alpine partner; Mercedes F1 Academy entry sponsor,"Cloud, Data & AI Software",5,SAP,sap.com,YES,enterprise software rival
Microsoft,Mercedes partner; Alpine partner; Mercedes F1 Academy entry sponsor,"Cloud, Data & AI Software",6,Salesforce,salesforce.com,YES,cloud SaaS rival
Microsoft,Mercedes partner; Alpine partner; Mercedes F1 Academy entry sponsor,"Cloud, Data & AI Software",7,Apple,apple.com,,consumer tech/OS rival
Microsoft,Mercedes partner; Alpine partner; Mercedes F1 Academy entry sponsor,"Cloud, Data & AI Software",8,Meta,meta.com,YES,AI/consumer tech rival
Microsoft,Mercedes partner; Alpine partner; Mercedes F1 Academy entry sponsor,"Cloud, Data & AI Software",9,Adobe,adobe.com,,creative/enterprise software rival
Microsoft,Mercedes partner; Alpine partner; Mercedes F1 Academy entry sponsor,"Cloud, Data & AI Software",10,Cisco,cisco.com,YES,enterprise IT rival
Microsoft,Mercedes partner; Alpine partner; Mercedes F1 Academy entry sponsor,"Cloud, Data & AI Software",11,ServiceNow,servicenow.com,YES,enterprise workflow rival
Microsoft,Mercedes partner; Alpine partner; Mercedes F1 Academy entry sponsor,"Cloud, Data & AI Software",12,Workday,workday.com,YES,HR/finance cloud rival
Microsoft,Mercedes partner; Alpine partner; Mercedes F1 Academy entry sponsor,"Cloud, Data & AI Software",13,Atlassian,atlassian.com,YES,dev/collaboration software rival
Microsoft,Mercedes partner; Alpine partner; Mercedes F1 Academy entry sponsor,"Cloud, Data & AI Software",14,Zoom,zoom.us,,video collaboration rival
Microsoft,Mercedes partner; Alpine partner; Mercedes F1 Academy entry sponsor,"Cloud, Data & AI Software",15,Anthropic (Claude),anthropic.com,YES,AI/LLM rival
Microsoft,Mercedes partner; Alpine partner; Mercedes F1 Academy entry sponsor,"Cloud, Data & AI Software",16,OpenAI,openai.com,,AI/LLM rival
Microsoft,Mercedes partner; Alpine partner; Mercedes F1 Academy entry sponsor,"Cloud, Data & AI Software",17,Dropbox,dropbox.com,YES,cloud storage rival
Microsoft,Mercedes partner; Alpine partner; Mercedes F1 Academy entry sponsor,"Cloud, Data & AI Software",18,Box,box.com,,cloud storage/content rival
Microsoft,Mercedes partner; Alpine partner; Mercedes F1 Academy entry sponsor,"Cloud, Data & AI Software",19,Okta,okta.com,YES,identity management rival
Microsoft,Mercedes partner; Alpine partner; Mercedes F1 Academy entry sponsor,"Cloud, Data & AI Software",20,CrowdStrike,crowdstrike.com,YES,cybersecurity rival
Microsoft,Mercedes partner; Alpine partner; Mercedes F1 Academy entry sponsor,"Cloud, Data & AI Software",21,VMware (Broadcom),broadcom.com,,virtualization/cloud rival
Microsoft,Mercedes partner; Alpine partner; Mercedes F1 Academy entry sponsor,"Cloud, Data & AI Software",22,Citrix,citrix.com,,remote workspace rival
Microsoft,Mercedes partner; Alpine partner; Mercedes F1 Academy entry sponsor,"Cloud, Data & AI Software",23,Dell Technologies,dell.com,YES,enterprise infrastructure rival
Microsoft,Mercedes partner; Alpine partner; Mercedes F1 Academy entry sponsor,"Cloud, Data & AI Software",24,HPE,hpe.com,YES,enterprise infrastructure rival
Microsoft,Mercedes partner; Alpine partner; Mercedes F1 Academy entry sponsor,"Cloud, Data & AI Software",25,SUSE,suse.com,,enterprise Linux rival
Microsoft,Mercedes partner; Alpine partner; Mercedes F1 Academy entry sponsor,"Cloud, Data & AI Software",26,Snowflake,snowflake.com,,cloud data platform rival
Microsoft,Mercedes partner; Alpine partner; Mercedes F1 Academy entry sponsor,"Cloud, Data & AI Software",27,Palantir Technologies,palantir.com,,AI/data platform rival
Microsoft,Mercedes partner; Alpine partner; Mercedes F1 Academy entry sponsor,"Cloud, Data & AI Software",28,Sony,sony.com,,gaming/console rival (Xbox)
NetApp,Aston Martin partner,"Cloud, Data & AI Software",1,Dell Technologies (PowerStore/EMC),dell.com,YES,enterprise storage rival
NetApp,Aston Martin partner,"Cloud, Data & AI Software",2,Pure Storage,purestorage.com,,flash storage rival
NetApp,Aston Martin partner,"Cloud, Data & AI Software",3,HPE (Alletra/Nimble),hpe.com,YES,storage rival
NetApp,Aston Martin partner,"Cloud, Data & AI Software",4,IBM Storage,ibm.com,YES,storage rival
NetApp,Aston Martin partner,"Cloud, Data & AI Software",5,Hitachi Vantara,hitachivantara.com,,storage rival
NetApp,Aston Martin partner,"Cloud, Data & AI Software",6,VAST Data,vastdata.com,YES,AI data storage rival
NetApp,Aston Martin partner,"Cloud, Data & AI Software",7,Cohesity,cohesity.com,,data management/backup rival
NetApp,Aston Martin partner,"Cloud, Data & AI Software",8,Rubrik,rubrik.com,YES,data security/backup rival
NetApp,Aston Martin partner,"Cloud, Data & AI Software",9,Nutanix,nutanix.com,,hyperconverged infrastructure rival
NetApp,Aston Martin partner,"Cloud, Data & AI Software",10,Qumulo,qumulo.com,,file storage rival
NetApp,Aston Martin partner,"Cloud, Data & AI Software",11,Weka,weka.io,,AI data platform rival
NetApp,Aston Martin partner,"Cloud, Data & AI Software",12,Cloudian,cloudian.com,,object storage rival
NetApp,Aston Martin partner,"Cloud, Data & AI Software",13,Nasuni,nasuni.com,,cloud file storage rival
NetApp,Aston Martin partner,"Cloud, Data & AI Software",14,AWS (S3/storage),aws.amazon.com,YES,cloud storage rival
NetApp,Aston Martin partner,"Cloud, Data & AI Software",15,Microsoft Azure Storage,microsoft.com,YES,cloud storage rival
NetApp,Aston Martin partner,"Cloud, Data & AI Software",16,Google Cloud Storage,google.com,YES,cloud storage rival
NetApp,Aston Martin partner,"Cloud, Data & AI Software",17,Infinidat,infinidat.com,,enterprise storage rival
Oracle,Red Bull Racing title partner,"Cloud, Data & AI Software",1,Microsoft (SQL Server/Azure),microsoft.com,YES,database/cloud rival
Oracle,Red Bull Racing title partner,"Cloud, Data & AI Software",2,SAP,sap.com,YES,ERP rival
Oracle,Red Bull Racing title partner,"Cloud, Data & AI Software",3,IBM,ibm.com,YES,database/enterprise IT rival
Oracle,Red Bull Racing title partner,"Cloud, Data & AI Software",4,AWS,aws.amazon.com,YES,cloud infrastructure rival
Oracle,Red Bull Racing title partner,"Cloud, Data & AI Software",5,Google Cloud,google.com,YES,cloud infrastructure rival
Oracle,Red Bull Racing title partner,"Cloud, Data & AI Software",6,Salesforce,salesforce.com,YES,cloud applications rival
Oracle,Red Bull Racing title partner,"Cloud, Data & AI Software",7,Snowflake,snowflake.com,,cloud data platform rival
Oracle,Red Bull Racing title partner,"Cloud, Data & AI Software",8,MongoDB,mongodb.com,,database rival
Oracle,Red Bull Racing title partner,"Cloud, Data & AI Software",9,Teradata,teradata.com,,data warehouse rival
Oracle,Red Bull Racing title partner,"Cloud, Data & AI Software",10,Workday,workday.com,YES,cloud HR/finance rival
Oracle,Red Bull Racing title partner,"Cloud, Data & AI Software",11,ServiceNow,servicenow.com,YES,enterprise workflow rival
Oracle,Red Bull Racing title partner,"Cloud, Data & AI Software",12,Infor,infor.com,,ERP rival
Oracle,Red Bull Racing title partner,"Cloud, Data & AI Software",13,Databricks,databricks.com,,data/AI platform rival
Oracle,Red Bull Racing title partner,"Cloud, Data & AI Software",14,Confluent,confluent.io,YES,data streaming rival
Oracle,Red Bull Racing title partner,"Cloud, Data & AI Software",15,VAST Data,vastdata.com,YES,data platform/storage rival
Oracle,Red Bull Racing title partner,"Cloud, Data & AI Software",16,NetApp,netapp.com,YES,storage rival
Oracle,Red Bull Racing title partner,"Cloud, Data & AI Software",17,Cloudera,cloudera.com,,data platform rival
Oracle,Red Bull Racing title partner,"Cloud, Data & AI Software",18,EDB (EnterpriseDB),enterprisedb.com,,database rival
Oracle,Red Bull Racing title partner,"Cloud, Data & AI Software",19,Redis,redis.io,,database rival
Oracle,Red Bull Racing title partner,"Cloud, Data & AI Software",20,Couchbase,couchbase.com,,database rival
Oracle,Red Bull Racing title partner,"Cloud, Data & AI Software",21,UKG,ukg.com,YES,HR/workforce software rival
Oracle,Red Bull Racing title partner,"Cloud, Data & AI Software",22,Epicor,epicor.com,,ERP rival
Oracle,Red Bull Racing title partner,"Cloud, Data & AI Software",23,Sage,sage.com,,ERP/accounting rival
Oracle,Red Bull Racing title partner,"Cloud, Data & AI Software",24,Coupa Software,coupa.com,,spend management rival
Oracle,Red Bull Racing title partner,"Cloud, Data & AI Software",25,Anaplan,anaplan.com,,enterprise planning rival
Oracle,Red Bull Racing title partner,"Cloud, Data & AI Software",26,Genesys,genesys.com,YES,CX software rival
Oracle,Red Bull Racing title partner,"Cloud, Data & AI Software",27,DXC Technology,dxc.com,YES,enterprise IT rival
Oracle,Red Bull Racing title partner,"Cloud, Data & AI Software",28,Cognizant,cognizant.com,YES,IT services rival
Oracle,Red Bull Racing title partner,"Cloud, Data & AI Software",29,IFS,ifs.com,YES,ERP/EAM rival
Oracle,Red Bull Racing title partner,"Cloud, Data & AI Software",30,HPE,hpe.com,YES,infrastructure/cloud rival
Rubrik,McLaren partner,"Cloud, Data & AI Software",1,Veeam Software,veeam.com,,backup/data resilience rival
Rubrik,McLaren partner,"Cloud, Data & AI Software",2,Commvault,commvault.com,,data protection rival
Rubrik,McLaren partner,"Cloud, Data & AI Software",3,Cohesity,cohesity.com,,data security/backup rival
Rubrik,McLaren partner,"Cloud, Data & AI Software",4,Dell Technologies (PowerProtect),dell.com,YES,data protection rival
Rubrik,McLaren partner,"Cloud, Data & AI Software",5,Veritas Technologies,veritas.com,,data protection rival
Rubrik,McLaren partner,"Cloud, Data & AI Software",6,Druva,druva.com,,cloud data protection rival
Rubrik,McLaren partner,"Cloud, Data & AI Software",7,HYCU,hycu.com,,SaaS data protection rival
Rubrik,McLaren partner,"Cloud, Data & AI Software",8,HPE (Zerto),hpe.com,YES,data protection/DR rival
Rubrik,McLaren partner,"Cloud, Data & AI Software",9,IBM (Storage Protect),ibm.com,YES,data protection rival
Rubrik,McLaren partner,"Cloud, Data & AI Software",10,NetApp,netapp.com,YES,data protection/storage rival
Rubrik,McLaren partner,"Cloud, Data & AI Software",11,Barracuda Networks,barracuda.com,,data protection/security rival
Rubrik,McLaren partner,"Cloud, Data & AI Software",12,Acronis,acronis.com,,backup/cyber protection rival
Rubrik,McLaren partner,"Cloud, Data & AI Software",13,Kaseya (Datto),kaseya.com,,backup/BCDR rival
Rubrik,McLaren partner,"Cloud, Data & AI Software",14,CrowdStrike,crowdstrike.com,YES,cyber-resilience adjacent rival
Rubrik,McLaren partner,"Cloud, Data & AI Software",15,VAST Data,vastdata.com,YES,data platform adjacent rival
Salesforce,F1 global partner; F1 Academy partner,"Cloud, Data & AI Software",1,Microsoft Dynamics 365,microsoft.com,YES,CRM/enterprise cloud rival
Salesforce,F1 global partner; F1 Academy partner,"Cloud, Data & AI Software",2,SAP (Customer Experience),sap.com,YES,CRM rival
Salesforce,F1 global partner; F1 Academy partner,"Cloud, Data & AI Software",3,Oracle (CX/NetSuite),oracle.com,YES,CRM rival
Salesforce,F1 global partner; F1 Academy partner,"Cloud, Data & AI Software",4,HubSpot,hubspot.com,,CRM/marketing platform rival
Salesforce,F1 global partner; F1 Academy partner,"Cloud, Data & AI Software",5,Zoho,zoho.com,,CRM/business suite rival
Salesforce,F1 global partner; F1 Academy partner,"Cloud, Data & AI Software",6,Freshworks,freshworks.com,YES,CRM/CX rival
Salesforce,F1 global partner; F1 Academy partner,"Cloud, Data & AI Software",7,ServiceNow,servicenow.com,YES,enterprise cloud rival
Salesforce,F1 global partner; F1 Academy partner,"Cloud, Data & AI Software",8,Adobe Experience Cloud,adobe.com,,marketing/CX rival
Salesforce,F1 global partner; F1 Academy partner,"Cloud, Data & AI Software",9,Pipedrive,pipedrive.com,,sales CRM rival
Salesforce,F1 global partner; F1 Academy partner,"Cloud, Data & AI Software",10,monday.com,monday.com,,work/CRM platform rival
Salesforce,F1 global partner; F1 Academy partner,"Cloud, Data & AI Software",11,SugarCRM,sugarcrm.com,,CRM rival
Salesforce,F1 global partner; F1 Academy partner,"Cloud, Data & AI Software",12,Zendesk,zendesk.com,,customer service platform rival
Salesforce,F1 global partner; F1 Academy partner,"Cloud, Data & AI Software",13,Genesys,genesys.com,YES,CX/contact center rival
Salesforce,F1 global partner; F1 Academy partner,"Cloud, Data & AI Software",14,NICE,nice.com,,CX platform rival
Salesforce,F1 global partner; F1 Academy partner,"Cloud, Data & AI Software",15,Pegasystems,pega.com,,CRM/workflow rival
Salesforce,F1 global partner; F1 Academy partner,"Cloud, Data & AI Software",16,Qualtrics,qualtrics.com,,CX/experience management rival
Salesforce,F1 global partner; F1 Academy partner,"Cloud, Data & AI Software",17,Medallia,medallia.com,YES,CX management rival
Salesforce,F1 global partner; F1 Academy partner,"Cloud, Data & AI Software",18,Creatio,creatio.com,,low-code CRM rival
Salesforce,F1 global partner; F1 Academy partner,"Cloud, Data & AI Software",19,Insightly,insightly.com,,SMB CRM rival
Salesforce,F1 global partner; F1 Academy partner,"Cloud, Data & AI Software",20,Copper,copper.com,,SMB CRM rival
Salesforce,F1 global partner; F1 Academy partner,"Cloud, Data & AI Software",21,Nutshell,nutshell.com,,SMB CRM rival
Salesforce,F1 global partner; F1 Academy partner,"Cloud, Data & AI Software",22,Close,close.com,,sales CRM rival
Salesforce,F1 global partner; F1 Academy partner,"Cloud, Data & AI Software",23,Salesloft,salesloft.com,,sales engagement rival
Salesforce,F1 global partner; F1 Academy partner,"Cloud, Data & AI Software",24,ServiceTitan,servicetitan.com,,field service CRM rival
Salesforce,F1 global partner; F1 Academy partner,"Cloud, Data & AI Software",25,Braze,braze.com,,customer engagement rival
Salesforce,F1 global partner; F1 Academy partner,"Cloud, Data & AI Software",26,Klaviyo,klaviyo.com,,marketing automation rival
Salesforce,F1 global partner; F1 Academy partner,"Cloud, Data & AI Software",27,Twilio (Segment),twilio.com,,customer data platform rival
Salesforce,F1 global partner; F1 Academy partner,"Cloud, Data & AI Software",28,Verint,verint.com,,CX/workforce engagement rival
Salesforce,F1 global partner; F1 Academy partner,"Cloud, Data & AI Software",29,Workday,workday.com,YES,enterprise cloud adjacent
Salesforce,F1 global partner; F1 Academy partner,"Cloud, Data & AI Software",30,Atlassian,atlassian.com,YES,enterprise SaaS adjacent
SAP,Mercedes partner,"Cloud, Data & AI Software",1,Oracle,oracle.com,YES,top ERP rival
SAP,Mercedes partner,"Cloud, Data & AI Software",2,Microsoft Dynamics 365,microsoft.com,YES,ERP/cloud rival
SAP,Mercedes partner,"Cloud, Data & AI Software",3,Workday,workday.com,YES,cloud ERP/HR rival
SAP,Mercedes partner,"Cloud, Data & AI Software",4,Infor,infor.com,,ERP rival
SAP,Mercedes partner,"Cloud, Data & AI Software",5,IFS,ifs.com,YES,ERP/EAM rival
SAP,Mercedes partner,"Cloud, Data & AI Software",6,Epicor,epicor.com,,ERP rival
SAP,Mercedes partner,"Cloud, Data & AI Software",7,Sage,sage.com,,ERP/accounting rival
SAP,Mercedes partner,"Cloud, Data & AI Software",8,Salesforce,salesforce.com,YES,enterprise cloud rival
SAP,Mercedes partner,"Cloud, Data & AI Software",9,ServiceNow,servicenow.com,YES,enterprise workflow rival
SAP,Mercedes partner,"Cloud, Data & AI Software",10,UKG,ukg.com,YES,workforce management rival
SAP,Mercedes partner,"Cloud, Data & AI Software",11,Unit4,unit4.com,,ERP rival
SAP,Mercedes partner,"Cloud, Data & AI Software",12,QAD,qad.com,,manufacturing ERP rival
SAP,Mercedes partner,"Cloud, Data & AI Software",13,Plex Systems (Rockwell),plex.com,,manufacturing ERP rival
SAP,Mercedes partner,"Cloud, Data & AI Software",14,Odoo,odoo.com,,ERP rival
SAP,Mercedes partner,"Cloud, Data & AI Software",15,Acumatica,acumatica.com,,cloud ERP rival
SAP,Mercedes partner,"Cloud, Data & AI Software",16,Coupa Software,coupa.com,,spend management rival
SAP,Mercedes partner,"Cloud, Data & AI Software",17,Anaplan,anaplan.com,,enterprise planning rival
SAP,Mercedes partner,"Cloud, Data & AI Software",18,BlackLine,blackline.com,,finance automation rival
SAP,Mercedes partner,"Cloud, Data & AI Software",19,Kinaxis,kinaxis.com,,supply chain planning rival
SAP,Mercedes partner,"Cloud, Data & AI Software",20,IBM,ibm.com,YES,enterprise software/consulting rival
SAP,Mercedes partner,"Cloud, Data & AI Software",21,Cognizant,cognizant.com,YES,ERP implementation rival
SAP,Mercedes partner,"Cloud, Data & AI Software",22,DXC Technology,dxc.com,YES,enterprise IT rival
SAP,Mercedes partner,"Cloud, Data & AI Software",23,Zoho,zoho.com,,business suite rival
SAP,Mercedes partner,"Cloud, Data & AI Software",24,Board International,board.com,,planning/BI rival
SAP,Mercedes partner,"Cloud, Data & AI Software",25,Basware,basware.com,,procurement/finance rival
SAP,Mercedes partner,"Cloud, Data & AI Software",26,Workiva,workiva.com,,compliance/finance reporting rival
SAP,Mercedes partner,"Cloud, Data & AI Software",27,Ramco Systems,ramco.com,,ERP/HR rival
SAP,Mercedes partner,"Cloud, Data & AI Software",28,Deltek,deltek.com,,project-based ERP rival
ServiceNow,Aston Martin partner,"Cloud, Data & AI Software",1,Atlassian (Jira Service Management),atlassian.com,YES,ITSM rival
ServiceNow,Aston Martin partner,"Cloud, Data & AI Software",2,BMC Software (Helix),bmc.com,,ITSM rival
ServiceNow,Aston Martin partner,"Cloud, Data & AI Software",3,Ivanti,ivanti.com,,ITSM/unified endpoint rival
ServiceNow,Aston Martin partner,"Cloud, Data & AI Software",4,Freshworks (Freshservice),freshworks.com,YES,ITSM rival
ServiceNow,Aston Martin partner,"Cloud, Data & AI Software",5,SAP,sap.com,YES,enterprise workflow rival
ServiceNow,Aston Martin partner,"Cloud, Data & AI Software",6,Microsoft (Power Platform),microsoft.com,YES,workflow automation rival
ServiceNow,Aston Martin partner,"Cloud, Data & AI Software",7,Salesforce,salesforce.com,YES,enterprise cloud rival
ServiceNow,Aston Martin partner,"Cloud, Data & AI Software",8,IBM (Maximo),ibm.com,YES,asset/service management rival
ServiceNow,Aston Martin partner,"Cloud, Data & AI Software",9,Zendesk,zendesk.com,,service management rival
ServiceNow,Aston Martin partner,"Cloud, Data & AI Software",10,SysAid,sysaid.com,,ITSM rival
ServiceNow,Aston Martin partner,"Cloud, Data & AI Software",11,ManageEngine,manageengine.com,,ITSM rival
ServiceNow,Aston Martin partner,"Cloud, Data & AI Software",12,Workday,workday.com,YES,enterprise workflow adjacent rival
ServiceNow,Aston Martin partner,"Cloud, Data & AI Software",13,UKG,ukg.com,YES,workforce workflow adjacent rival
ServiceNow,Aston Martin partner,"Cloud, Data & AI Software",14,Genesys,genesys.com,YES,CX workflow adjacent rival
ServiceNow,Aston Martin partner,"Cloud, Data & AI Software",15,Pegasystems,pega.com,,workflow/case management rival
ServiceNow,Aston Martin partner,"Cloud, Data & AI Software",16,Dynatrace,dynatrace.com,YES,AIOps adjacent rival
Smartsheet,McLaren partner,"Cloud, Data & AI Software",1,Asana,asana.com,,work management rival
Smartsheet,McLaren partner,"Cloud, Data & AI Software",2,monday.com,monday.com,,work management rival
Smartsheet,McLaren partner,"Cloud, Data & AI Software",3,Atlassian (Jira/Confluence),atlassian.com,YES,project/work management rival
Smartsheet,McLaren partner,"Cloud, Data & AI Software",4,Wrike (Citrix),wrike.com,,work management rival
Smartsheet,McLaren partner,"Cloud, Data & AI Software",5,Airtable,airtable.com,,spreadsheet-database rival
Smartsheet,McLaren partner,"Cloud, Data & AI Software",6,ClickUp,clickup.com,,work management rival
Smartsheet,McLaren partner,"Cloud, Data & AI Software",7,Microsoft (Project/Planner),microsoft.com,YES,project management rival
Smartsheet,McLaren partner,"Cloud, Data & AI Software",8,Basecamp (37signals),basecamp.com,,project management rival
Smartsheet,McLaren partner,"Cloud, Data & AI Software",9,Notion,notion.so,,work/collaboration rival
Smartsheet,McLaren partner,"Cloud, Data & AI Software",10,Workfront (Adobe),adobe.com,,work management rival
Smartsheet,McLaren partner,"Cloud, Data & AI Software",11,Teamwork.com,teamwork.com,,project management rival
Smartsheet,McLaren partner,"Cloud, Data & AI Software",12,Zoho Projects,zoho.com,,project management rival
Smartsheet,McLaren partner,"Cloud, Data & AI Software",13,Celoxis,celoxis.com,,project management rival
Smartsheet,McLaren partner,"Cloud, Data & AI Software",14,Planview,planview.com,,portfolio/work management rival
Splunk (Cisco),McLaren partner,"Cloud, Data & AI Software",1,Datadog,datadoghq.com,,observability/monitoring rival
Splunk (Cisco),McLaren partner,"Cloud, Data & AI Software",2,Elastic (Elastic Stack),elastic.co,,search/observability rival
Splunk (Cisco),McLaren partner,"Cloud, Data & AI Software",3,Dynatrace,dynatrace.com,YES,observability/APM rival
Splunk (Cisco),McLaren partner,"Cloud, Data & AI Software",4,New Relic,newrelic.com,,observability rival
Splunk (Cisco),McLaren partner,"Cloud, Data & AI Software",5,Sumo Logic,sumologic.com,,log analytics/SIEM rival
Splunk (Cisco),McLaren partner,"Cloud, Data & AI Software",6,IBM (QRadar),ibm.com,YES,SIEM rival
Splunk (Cisco),McLaren partner,"Cloud, Data & AI Software",7,Microsoft (Sentinel),microsoft.com,YES,SIEM rival
Splunk (Cisco),McLaren partner,"Cloud, Data & AI Software",8,Exabeam,exabeam.com,,SIEM/UEBA rival
Splunk (Cisco),McLaren partner,"Cloud, Data & AI Software",9,LogRhythm,logrhythm.com,,SIEM rival
Splunk (Cisco),McLaren partner,"Cloud, Data & AI Software",10,Grafana Labs,grafana.com,,observability/monitoring rival
Splunk (Cisco),McLaren partner,"Cloud, Data & AI Software",11,Google (Chronicle),google.com,YES,SIEM rival
Splunk (Cisco),McLaren partner,"Cloud, Data & AI Software",12,Rapid7 (InsightIDR),rapid7.com,,SIEM/detection rival
Splunk (Cisco),McLaren partner,"Cloud, Data & AI Software",13,SolarWinds,solarwinds.com,,IT monitoring rival
Splunk (Cisco),McLaren partner,"Cloud, Data & AI Software",14,Honeycomb.io,honeycomb.io,,observability rival
Splunk (Cisco),McLaren partner,"Cloud, Data & AI Software",15,Confluent,confluent.io,YES,data streaming/telemetry rival
Splunk (Cisco),McLaren partner,"Cloud, Data & AI Software",16,Securonix,securonix.com,,SIEM rival
Splunk (Cisco),McLaren partner,"Cloud, Data & AI Software",17,CrowdStrike (LogScale),crowdstrike.com,YES,log/security analytics rival
Splunk (Cisco),McLaren partner,"Cloud, Data & AI Software",18,Devo Technology,devo.com,,security/log analytics rival
Splunk (Cisco),McLaren partner,"Cloud, Data & AI Software",19,ServiceNow (ITOM),servicenow.com,YES,IT operations analytics rival
TeamViewer,Mercedes partner; F1 Academy partner,"Cloud, Data & AI Software",1,AnyDesk,anydesk.com,,direct remote-access rival
TeamViewer,Mercedes partner; F1 Academy partner,"Cloud, Data & AI Software",2,GoTo (LogMeIn),goto.com,,remote access rival
TeamViewer,Mercedes partner; F1 Academy partner,"Cloud, Data & AI Software",3,Splashtop,splashtop.com,,remote access rival
TeamViewer,Mercedes partner; F1 Academy partner,"Cloud, Data & AI Software",4,ConnectWise (ScreenConnect),connectwise.com,,remote support rival
TeamViewer,Mercedes partner; F1 Academy partner,"Cloud, Data & AI Software",5,Zoho Assist,zoho.com,,remote support rival
TeamViewer,Mercedes partner; F1 Academy partner,"Cloud, Data & AI Software",6,RemotePC (IDrive),remotepc.com,,remote access rival
TeamViewer,Mercedes partner; F1 Academy partner,"Cloud, Data & AI Software",7,BeyondTrust Remote Support,beyondtrust.com,,privileged remote access rival
TeamViewer,Mercedes partner; F1 Academy partner,"Cloud, Data & AI Software",8,NinjaOne,ninjaone.com,YES,remote IT management rival
TeamViewer,Mercedes partner; F1 Academy partner,"Cloud, Data & AI Software",9,Atera,atera.com,,RMM/remote support rival
TeamViewer,Mercedes partner; F1 Academy partner,"Cloud, Data & AI Software",10,Kaseya (VSA),kaseya.com,,RMM/remote support rival
TeamViewer,Mercedes partner; F1 Academy partner,"Cloud, Data & AI Software",11,N-able,n-able.com,,RMM/remote support rival
TeamViewer,Mercedes partner; F1 Academy partner,"Cloud, Data & AI Software",12,ISL Online,islonline.com,,remote desktop rival
TeamViewer,Mercedes partner; F1 Academy partner,"Cloud, Data & AI Software",13,Parallels Access,parallels.com,,remote access rival
TeamViewer,Mercedes partner; F1 Academy partner,"Cloud, Data & AI Software",14,RealVNC,realvnc.com,,remote access rival
TeamViewer,Mercedes partner; F1 Academy partner,"Cloud, Data & AI Software",15,Microsoft (Remote Desktop/Quick Assist),microsoft.com,YES,remote access rival
TeamViewer,Mercedes partner; F1 Academy partner,"Cloud, Data & AI Software",16,Supremo (Nanosystems),supremocontrol.com,,remote access rival
TeamViewer,Mercedes partner; F1 Academy partner,"Cloud, Data & AI Software",17,Chrome Remote Desktop (Google),google.com,YES,remote access rival
TeamViewer,Mercedes partner; F1 Academy partner,"Cloud, Data & AI Software",18,Citrix (Cloud Software Group),citrix.com,,remote workspace rival
TeamViewer,Mercedes partner; F1 Academy partner,"Cloud, Data & AI Software",19,Datto RMM (Kaseya),kaseya.com,,RMM rival
TWG Motorsports / TWG AI (TWG Global),Cadillac F1 owner and AI partner,"Cloud, Data & AI Software",1,SoftBank Group,softbank.jp,,diversified AI/tech holding rival
TWG Motorsports / TWG AI (TWG Global),Cadillac F1 owner and AI partner,"Cloud, Data & AI Software",2,G42,g42ai.com,YES,diversified AI holding rival
TWG Motorsports / TWG AI (TWG Global),Cadillac F1 owner and AI partner,"Cloud, Data & AI Software",3,Palantir Technologies,palantir.com,,AI/data platform rival
TWG Motorsports / TWG AI (TWG Global),Cadillac F1 owner and AI partner,"Cloud, Data & AI Software",4,Microsoft AI,microsoft.com,YES,enterprise AI rival
TWG Motorsports / TWG AI (TWG Global),Cadillac F1 owner and AI partner,"Cloud, Data & AI Software",5,Google DeepMind,google.com,YES,frontier AI rival
TWG Motorsports / TWG AI (TWG Global),Cadillac F1 owner and AI partner,"Cloud, Data & AI Software",6,Anthropic,anthropic.com,YES,frontier AI rival
TWG Motorsports / TWG AI (TWG Global),Cadillac F1 owner and AI partner,"Cloud, Data & AI Software",7,OpenAI,openai.com,,frontier AI rival
TWG Motorsports / TWG AI (TWG Global),Cadillac F1 owner and AI partner,"Cloud, Data & AI Software",8,CoreWeave,coreweave.com,YES,AI infrastructure rival
UKG,Aston Martin partner,"Cloud, Data & AI Software",1,ADP,adp.com,,payroll/workforce management rival
UKG,Aston Martin partner,"Cloud, Data & AI Software",2,Workday,workday.com,YES,HCM/workforce cloud rival
UKG,Aston Martin partner,"Cloud, Data & AI Software",3,SAP SuccessFactors,sap.com,YES,HCM cloud rival
UKG,Aston Martin partner,"Cloud, Data & AI Software",4,Ceridian Dayforce,dayforce.com,,workforce management rival
UKG,Aston Martin partner,"Cloud, Data & AI Software",5,Paycor,paycor.com,,HR/payroll rival
UKG,Aston Martin partner,"Cloud, Data & AI Software",6,Paylocity,paylocity.com,,HR/payroll rival
UKG,Aston Martin partner,"Cloud, Data & AI Software",7,Oracle HCM Cloud,oracle.com,YES,HCM cloud rival
UKG,Aston Martin partner,"Cloud, Data & AI Software",8,Infor (Workforce Management),infor.com,,workforce management rival
UKG,Aston Martin partner,"Cloud, Data & AI Software",9,BambooHR,bamboohr.com,,HR software rival
UKG,Aston Martin partner,"Cloud, Data & AI Software",10,Deputy,deputy.com,,workforce scheduling rival
UKG,Aston Martin partner,"Cloud, Data & AI Software",11,When I Work,wheniwork.com,,workforce scheduling rival
UKG,Aston Martin partner,"Cloud, Data & AI Software",12,Rippling,rippling.com,,HR/IT platform rival
UKG,Aston Martin partner,"Cloud, Data & AI Software",13,Gusto,gusto.com,,SMB payroll/HR rival
UKG,Aston Martin partner,"Cloud, Data & AI Software",14,Cornerstone OnDemand,cornerstoneondemand.com,,talent management rival
UKG,Aston Martin partner,"Cloud, Data & AI Software",15,Avature,avature.net,YES,talent CRM adjacent rival
UKG,Aston Martin partner,"Cloud, Data & AI Software",16,Businessolver,businessolver.com,YES,benefits administration adjacent rival
Unity,F1 Academy Mercedes entry sponsor,"Cloud, Data & AI Software",1,Epic Games (Unreal Engine),epicgames.com,,game engine/real-time 3D rival
Unity,F1 Academy Mercedes entry sponsor,"Cloud, Data & AI Software",2,Godot Engine,godotengine.org,,open-source game engine rival
Unity,F1 Academy Mercedes entry sponsor,"Cloud, Data & AI Software",3,Amazon (O3DE/Lumberyard),aws.amazon.com,YES,game engine rival
Unity,F1 Academy Mercedes entry sponsor,"Cloud, Data & AI Software",4,Autodesk,autodesk.com,,game/3D dev tools rival
Unity,F1 Academy Mercedes entry sponsor,"Cloud, Data & AI Software",5,Roblox,roblox.com,,game platform/engine rival
Unity,F1 Academy Mercedes entry sponsor,"Cloud, Data & AI Software",6,Crytek (CryEngine),crytek.com,,game engine rival
Unity,F1 Academy Mercedes entry sponsor,"Cloud, Data & AI Software",7,YoYo Games (GameMaker),gamemaker.io,,game engine rival
Unity,F1 Academy Mercedes entry sponsor,"Cloud, Data & AI Software",8,Cocos,cocos.com,,game engine rival
Unity,F1 Academy Mercedes entry sponsor,"Cloud, Data & AI Software",9,Adobe (Substance 3D),adobe.com,,3D content tools rival
Unity,F1 Academy Mercedes entry sponsor,"Cloud, Data & AI Software",10,Nvidia (Omniverse),nvidia.com,,real-time 3D/simulation platform rival
VAST Data,Williams partner,"Cloud, Data & AI Software",1,NetApp,netapp.com,YES,data storage rival
VAST Data,Williams partner,"Cloud, Data & AI Software",2,Pure Storage,purestorage.com,,flash storage rival
VAST Data,Williams partner,"Cloud, Data & AI Software",3,Dell Technologies (PowerScale),dell.com,YES,data storage rival
VAST Data,Williams partner,"Cloud, Data & AI Software",4,Hitachi Vantara,hitachivantara.com,,data storage rival
VAST Data,Williams partner,"Cloud, Data & AI Software",5,Weka,weka.io,,AI data platform rival
VAST Data,Williams partner,"Cloud, Data & AI Software",6,Qumulo,qumulo.com,,file storage rival
VAST Data,Williams partner,"Cloud, Data & AI Software",7,IBM (Storage Scale),ibm.com,YES,data storage rival
VAST Data,Williams partner,"Cloud, Data & AI Software",8,HPE,hpe.com,YES,data infrastructure rival
VAST Data,Williams partner,"Cloud, Data & AI Software",9,Nutanix,nutanix.com,,hyperconverged infrastructure rival
VAST Data,Williams partner,"Cloud, Data & AI Software",10,DDN (DataDirect Networks),ddn.com,,AI data storage rival
VAST Data,Williams partner,"Cloud, Data & AI Software",11,Cloudian,cloudian.com,,object storage rival
VAST Data,Williams partner,"Cloud, Data & AI Software",12,Cohesity,cohesity.com,,data management rival
VAST Data,Williams partner,"Cloud, Data & AI Software",13,Snowflake,snowflake.com,,data platform adjacent rival
VAST Data,Williams partner,"Cloud, Data & AI Software",14,Databricks,databricks.com,,data/AI platform adjacent rival
Workday,McLaren partner,"Cloud, Data & AI Software",1,SAP SuccessFactors,sap.com,YES,HCM cloud rival
Workday,McLaren partner,"Cloud, Data & AI Software",2,Oracle HCM Cloud,oracle.com,YES,HCM/finance cloud rival
Workday,McLaren partner,"Cloud, Data & AI Software",3,UKG,ukg.com,YES,workforce management rival
Workday,McLaren partner,"Cloud, Data & AI Software",4,ADP,adp.com,,payroll/HCM rival
Workday,McLaren partner,"Cloud, Data & AI Software",5,Ceridian Dayforce,dayforce.com,,HCM rival
Workday,McLaren partner,"Cloud, Data & AI Software",6,Paycor,paycor.com,,HR/payroll rival
Workday,McLaren partner,"Cloud, Data & AI Software",7,BambooHR,bamboohr.com,,HR software rival
Workday,McLaren partner,"Cloud, Data & AI Software",8,Paylocity,paylocity.com,,HR/payroll rival
Workday,McLaren partner,"Cloud, Data & AI Software",9,Infor HCM,infor.com,,HCM rival
Workday,McLaren partner,"Cloud, Data & AI Software",10,Microsoft Dynamics 365 HR,microsoft.com,YES,HR/finance cloud rival
Workday,McLaren partner,"Cloud, Data & AI Software",11,Anaplan,anaplan.com,,enterprise planning rival
Workday,McLaren partner,"Cloud, Data & AI Software",12,Sage HR,sage.com,,HR software rival
Workday,McLaren partner,"Cloud, Data & AI Software",13,Cornerstone OnDemand,cornerstoneondemand.com,,talent management rival
Workday,McLaren partner,"Cloud, Data & AI Software",14,iCIMS,icims.com,,talent acquisition rival
Workday,McLaren partner,"Cloud, Data & AI Software",15,Avature,avature.net,YES,talent CRM rival
Workday,McLaren partner,"Cloud, Data & AI Software",16,Businessolver,businessolver.com,YES,benefits admin rival
Workday,McLaren partner,"Cloud, Data & AI Software",17,Rippling,rippling.com,,HR/IT platform rival
Workday,McLaren partner,"Cloud, Data & AI Software",18,Gusto,gusto.com,,SMB payroll/HR rival
Workday,McLaren partner,"Cloud, Data & AI Software",19,TriNet (Zenefits),trinet.com,,HR/PEO rival
Workday,McLaren partner,"Cloud, Data & AI Software",20,SmartRecruiters,smartrecruiters.com,,recruiting platform rival
Workday,McLaren partner,"Cloud, Data & AI Software",21,Deel,deel.com,,global payroll/HR rival
Workday,McLaren partner,"Cloud, Data & AI Software",22,Personio,personio.com,,HR software rival
AvaTrade,Red Bull Racing partner,"Crypto, Trading & Wealth",1,IG,ig.com,,large listed CFD/spread-betting broker
AvaTrade,Red Bull Racing partner,"Crypto, Trading & Wealth",2,CMC Markets,cmcmarkets.com,,listed CFD/forex broker
AvaTrade,Red Bull Racing partner,"Crypto, Trading & Wealth",3,Pepperstone,pepperstone.com,YES,Aston Martin partner
AvaTrade,Red Bull Racing partner,"Crypto, Trading & Wealth",4,FxPro,fxpro.com,YES,McLaren partner
AvaTrade,Red Bull Racing partner,"Crypto, Trading & Wealth",5,Vantage Markets,vantagemarkets.com,YES,Ferrari partner
AvaTrade,Red Bull Racing partner,"Crypto, Trading & Wealth",6,XM (XMTrading),xmtrading.com,YES,Racing Bulls partner
AvaTrade,Red Bull Racing partner,"Crypto, Trading & Wealth",7,Libertex,libertex.com,YES,Audi F1 partner
AvaTrade,Red Bull Racing partner,"Crypto, Trading & Wealth",8,OANDA,oanda.com,,global forex/CFD broker
AvaTrade,Red Bull Racing partner,"Crypto, Trading & Wealth",9,FXCM,fxcm.com,,global forex/CFD broker
AvaTrade,Red Bull Racing partner,"Crypto, Trading & Wealth",10,Exness,exness.com,,high-volume forex/CFD broker
AvaTrade,Red Bull Racing partner,"Crypto, Trading & Wealth",11,IC Markets,icmarkets.com,,ECN forex/CFD broker
AvaTrade,Red Bull Racing partner,"Crypto, Trading & Wealth",12,FBS,fbs.com,,retail forex/CFD broker
AvaTrade,Red Bull Racing partner,"Crypto, Trading & Wealth",13,Tickmill,tickmill.com,,ECN forex/CFD broker
AvaTrade,Red Bull Racing partner,"Crypto, Trading & Wealth",14,HYCM,hycm.com,,forex/CFD broker
AvaTrade,Red Bull Racing partner,"Crypto, Trading & Wealth",15,Admirals (Admiral Markets),admiralmarkets.com,,forex/CFD broker
AvaTrade,Red Bull Racing partner,"Crypto, Trading & Wealth",16,Plus500,plus500.com,,listed CFD trading platform
AvaTrade,Red Bull Racing partner,"Crypto, Trading & Wealth",17,eToro,etoro.com,YES,Alpine partner
AvaTrade,Red Bull Racing partner,"Crypto, Trading & Wealth",18,Saxo Bank,home.saxo,,multi-asset trading/investment bank
AvaTrade,Red Bull Racing partner,"Crypto, Trading & Wealth",19,XTB,xtb.com,,listed forex/CFD broker
AvaTrade,Red Bull Racing partner,"Crypto, Trading & Wealth",20,Capital.com,capital.com,,CFD trading platform
AvaTrade,Red Bull Racing partner,"Crypto, Trading & Wealth",21,Skilling,skilling.com,,CFD/forex broker
AvaTrade,Red Bull Racing partner,"Crypto, Trading & Wealth",22,ThinkMarkets,thinkmarkets.com,,forex/CFD broker
AvaTrade,Red Bull Racing partner,"Crypto, Trading & Wealth",23,FP Markets,fpmarkets.com,,forex/CFD broker
AvaTrade,Red Bull Racing partner,"Crypto, Trading & Wealth",24,Eightcap,eightcap.com,,forex/CFD broker
AvaTrade,Red Bull Racing partner,"Crypto, Trading & Wealth",25,Axi,axi.com,,forex/CFD broker
AvaTrade,Red Bull Racing partner,"Crypto, Trading & Wealth",26,Global Prime,globalprime.com,,forex/CFD broker
AvaTrade,Red Bull Racing partner,"Crypto, Trading & Wealth",27,City Index,cityindex.com,,CFD/spread-betting broker
AvaTrade,Red Bull Racing partner,"Crypto, Trading & Wealth",28,easyMarkets,easymarkets.com,,forex/CFD broker
AvaTrade,Red Bull Racing partner,"Crypto, Trading & Wealth",29,Forex.com,forex.com,,StoneX retail forex/CFD brand
AvaTrade,Red Bull Racing partner,"Crypto, Trading & Wealth",30,BlackBull Markets,blackbull.com,,ECN forex/CFD broker
BingX,Ferrari partner,"Crypto, Trading & Wealth",1,Binance,binance.com,,largest global crypto exchange by volume
BingX,Ferrari partner,"Crypto, Trading & Wealth",2,Coinbase,coinbase.com,YES,Aston Martin partner
BingX,Ferrari partner,"Crypto, Trading & Wealth",3,Kraken (Payward),kraken.com,YES,Williams partner
BingX,Ferrari partner,"Crypto, Trading & Wealth",4,Crypto.com,crypto.com,YES,"F1 official partner, Miami GP title"
BingX,Ferrari partner,"Crypto, Trading & Wealth",5,OKX,okx.com,YES,McLaren primary partner
BingX,Ferrari partner,"Crypto, Trading & Wealth",6,Gate.io,gate.io,YES,Red Bull Racing partner
BingX,Ferrari partner,"Crypto, Trading & Wealth",7,Gemini,gemini.com,YES,McLaren partner
BingX,Ferrari partner,"Crypto, Trading & Wealth",8,Bybit,bybit.com,,major derivatives-led exchange
BingX,Ferrari partner,"Crypto, Trading & Wealth",9,KuCoin,kucoin.com,,global altcoin-heavy exchange
BingX,Ferrari partner,"Crypto, Trading & Wealth",10,Bitget,bitget.com,,copy-trading focused exchange
BingX,Ferrari partner,"Crypto, Trading & Wealth",11,Huobi / HTX,htx.com,,legacy Asia-based exchange
BingX,Ferrari partner,"Crypto, Trading & Wealth",12,Bitfinex,bitfinex.com,,long-running pro trading exchange
BingX,Ferrari partner,"Crypto, Trading & Wealth",13,Bitstamp,bitstamp.net,,one of the oldest regulated exchanges
BingX,Ferrari partner,"Crypto, Trading & Wealth",14,Zoomex,zoomex.com,YES,Haas partner
BingX,Ferrari partner,"Crypto, Trading & Wealth",15,MEXC,mexc.com,,wide-listing altcoin exchange
BingX,Ferrari partner,"Crypto, Trading & Wealth",16,Bitpanda,bitpanda.com,,EU retail crypto/investing app
BingX,Ferrari partner,"Crypto, Trading & Wealth",17,CEX.IO,cex.io,,veteran crypto exchange
BingX,Ferrari partner,"Crypto, Trading & Wealth",18,Blockchain.com,blockchain.com,,wallet + exchange platform
BingX,Ferrari partner,"Crypto, Trading & Wealth",19,Luno,luno.com,,emerging-markets focused exchange
BingX,Ferrari partner,"Crypto, Trading & Wealth",20,Coincheck,coincheck.com,,leading Japanese exchange
BingX,Ferrari partner,"Crypto, Trading & Wealth",21,Bitso,bitso.com,,Latin America exchange
BingX,Ferrari partner,"Crypto, Trading & Wealth",22,Poloniex,poloniex.com,,veteran US-origin exchange
BingX,Ferrari partner,"Crypto, Trading & Wealth",23,WazirX,wazirx.com,,India-focused exchange
BingX,Ferrari partner,"Crypto, Trading & Wealth",24,Upbit,upbit.com,,leading South Korean exchange
BingX,Ferrari partner,"Crypto, Trading & Wealth",25,Bithumb,bithumb.com,,major South Korean exchange
BingX,Ferrari partner,"Crypto, Trading & Wealth",26,Nexo,nexo.com,YES,Audi F1 partner
BingX,Ferrari partner,"Crypto, Trading & Wealth",27,BitMart,bitmart.com,,global altcoin exchange
BingX,Ferrari partner,"Crypto, Trading & Wealth",28,Uphold,uphold.com,,multi-asset trading platform
BingX,Ferrari partner,"Crypto, Trading & Wealth",29,Phemex,phemex.com,,derivatives-focused exchange
BingX,Ferrari partner,"Crypto, Trading & Wealth",30,LBank,lbank.com,,global altcoin exchange
BlockDAG,Alpine partner,"Crypto, Trading & Wealth",1,Bitcoin,bitcoin.org,,original PoW blockchain
BlockDAG,Alpine partner,"Crypto, Trading & Wealth",2,Ethereum,ethereum.org,,leading smart-contract L1
BlockDAG,Alpine partner,"Crypto, Trading & Wealth",3,Kaspa,kaspa.org,,BlockDAG-based PoW network (direct architecture peer)
BlockDAG,Alpine partner,"Crypto, Trading & Wealth",4,Litecoin,litecoin.org,,PoW payments chain
BlockDAG,Alpine partner,"Crypto, Trading & Wealth",5,Dogecoin,dogecoin.com,,PoW meme-origin chain
BlockDAG,Alpine partner,"Crypto, Trading & Wealth",6,Solana,solana.com,,high-throughput L1
BlockDAG,Alpine partner,"Crypto, Trading & Wealth",7,Cardano,cardano.org,,proof-of-stake L1
BlockDAG,Alpine partner,"Crypto, Trading & Wealth",8,Avalanche,avax.network,,L1 with subnets
BlockDAG,Alpine partner,"Crypto, Trading & Wealth",9,Polkadot,polkadot.network,,multi-chain L0/L1
BlockDAG,Alpine partner,"Crypto, Trading & Wealth",10,Algorand,algorand.com,,enterprise-focused L1
BlockDAG,Alpine partner,"Crypto, Trading & Wealth",11,Near Protocol,near.org,,sharded L1
BlockDAG,Alpine partner,"Crypto, Trading & Wealth",12,Hedera,hedera.com,YES,McLaren partner
BlockDAG,Alpine partner,"Crypto, Trading & Wealth",13,IOTA,iota.org,,DAG-based DLT
BlockDAG,Alpine partner,"Crypto, Trading & Wealth",14,Sonic (Fantom),fantom.foundation,,high-speed L1
BlockDAG,Alpine partner,"Crypto, Trading & Wealth",15,Cosmos,cosmos.network,,interoperable app-chain network
BlockDAG,Alpine partner,"Crypto, Trading & Wealth",16,Toncoin (TON),ton.org,,Telegram-linked L1
BlockDAG,Alpine partner,"Crypto, Trading & Wealth",17,Sui,sui.io,,Move-based L1
BlockDAG,Alpine partner,"Crypto, Trading & Wealth",18,Aptos,aptoslabs.com,,Move-based L1
BlockDAG,Alpine partner,"Crypto, Trading & Wealth",19,Injective,injective.com,,finance-focused L1
BlockDAG,Alpine partner,"Crypto, Trading & Wealth",20,Celestia,celestia.org,,modular data-availability L1
BlockDAG,Alpine partner,"Crypto, Trading & Wealth",21,Internet Computer (DFINITY),dfinity.org,,decentralized cloud L1
BlockDAG,Alpine partner,"Crypto, Trading & Wealth",22,Filecoin,filecoin.io,,decentralized storage network
BlockDAG,Alpine partner,"Crypto, Trading & Wealth",23,Chainlink,chain.link,,decentralized oracle network
BlockDAG,Alpine partner,"Crypto, Trading & Wealth",24,Polygon,polygon.technology,,Ethereum scaling network
BlockDAG,Alpine partner,"Crypto, Trading & Wealth",25,VeChain,vechain.org,,enterprise supply-chain L1
BlockDAG,Alpine partner,"Crypto, Trading & Wealth",26,Stellar,stellar.org,,payments-focused DLT
BlockDAG,Alpine partner,"Crypto, Trading & Wealth",27,Tron,tron.network,,high-throughput L1
BlockDAG,Alpine partner,"Crypto, Trading & Wealth",28,Ripple / XRP Ledger,ripple.com,,enterprise payments DLT
BlockDAG,Alpine partner,"Crypto, Trading & Wealth",29,Monero,getmonero.org,,privacy-focused PoW chain
BlockDAG,Alpine partner,"Crypto, Trading & Wealth",30,Zcash,z.cash,,privacy-focused chain
Circle,Aston Martin partner,"Crypto, Trading & Wealth",1,Tether,tether.to,,largest stablecoin issuer (USDT)
Circle,Aston Martin partner,"Crypto, Trading & Wealth",2,Paxos,paxos.com,,regulated stablecoin issuer
Circle,Aston Martin partner,"Crypto, Trading & Wealth",3,TrueUSD (TrueCoin),tusd.io,,stablecoin issuer
Circle,Aston Martin partner,"Crypto, Trading & Wealth",4,Binance,binance.com,,issued BUSD; major stablecoin distribution
Circle,Aston Martin partner,"Crypto, Trading & Wealth",5,MakerDAO (Sky),makerdao.com,,DAI/USDS decentralized stablecoin
Circle,Aston Martin partner,"Crypto, Trading & Wealth",6,Frax Finance,frax.finance,,algorithmic/fractional stablecoin
Circle,Aston Martin partner,"Crypto, Trading & Wealth",7,Gemini,gemini.com,YES,McLaren partner; issues GUSD
Circle,Aston Martin partner,"Crypto, Trading & Wealth",8,PayPal,paypal.com,,issues PYUSD stablecoin
Circle,Aston Martin partner,"Crypto, Trading & Wealth",9,Ripple,ripple.com,,issues RLUSD stablecoin
Circle,Aston Martin partner,"Crypto, Trading & Wealth",10,First Digital Labs,firstdigitallabs.com,,issues FDUSD stablecoin
Circle,Aston Martin partner,"Crypto, Trading & Wealth",11,Stably,stably.io,,stablecoin issuance platform
Circle,Aston Martin partner,"Crypto, Trading & Wealth",12,USDD (Tron),usdd.io,,Tron-network stablecoin
Circle,Aston Martin partner,"Crypto, Trading & Wealth",13,Ondo Finance,ondo.finance,,tokenized treasuries/stable yield
Circle,Aston Martin partner,"Crypto, Trading & Wealth",14,Curve Finance,curve.fi,,crvUSD decentralized stablecoin
Circle,Aston Martin partner,"Crypto, Trading & Wealth",15,Ethena Labs,ethena.fi,,synthetic dollar (USDe)
Circle,Aston Martin partner,"Crypto, Trading & Wealth",16,Agora,agora.finance,,stablecoin infrastructure issuer
Circle,Aston Martin partner,"Crypto, Trading & Wealth",17,M0,m0.org,,stablecoin issuance protocol
Circle,Aston Martin partner,"Crypto, Trading & Wealth",18,Celo,celo.org,,issues cUSD stablecoin
Circle,Aston Martin partner,"Crypto, Trading & Wealth",19,Coinbase,coinbase.com,YES,Aston Martin partner; USDC co-founder/distributor
Circle,Aston Martin partner,"Crypto, Trading & Wealth",20,Fireblocks,fireblocks.com,,digital asset custody/infrastructure
Circle,Aston Martin partner,"Crypto, Trading & Wealth",21,BitGo,bitgo.com,,institutional crypto custody
Circle,Aston Martin partner,"Crypto, Trading & Wealth",22,Anchorage Digital,anchorage.com,,federally chartered crypto bank/custody
Circle,Aston Martin partner,"Crypto, Trading & Wealth",23,Visa,visa.com,YES,Racing Bulls title partner; stablecoin settlement initiatives
Circle,Aston Martin partner,"Crypto, Trading & Wealth",24,Mastercard,mastercard.com,YES,McLaren title partner; stablecoin/crypto card programs
Circle,Aston Martin partner,"Crypto, Trading & Wealth",25,Stripe (Bridge),stripe.com,,stablecoin payments infrastructure
Circle,Aston Martin partner,"Crypto, Trading & Wealth",26,Worldpay,worldpay.com,,global payments processor
Circle,Aston Martin partner,"Crypto, Trading & Wealth",27,Wise,wise.com,,cross-border payments platform
Circle,Aston Martin partner,"Crypto, Trading & Wealth",28,Airwallex,airwallex.com,YES,McLaren partner; cross-border payments platform
Circle,Aston Martin partner,"Crypto, Trading & Wealth",29,Revolut,revolut.com,YES,Audi F1 title partner; stablecoin/crypto services
Circle,Aston Martin partner,"Crypto, Trading & Wealth",30,Cash App (Block),cash.app,YES,Racing Bulls title partner; Bitcoin/USDC support
Coinbase,Aston Martin partner,"Crypto, Trading & Wealth",1,Binance,binance.com,,largest global crypto exchange by volume
Coinbase,Aston Martin partner,"Crypto, Trading & Wealth",2,Kraken (Payward),kraken.com,YES,Williams partner
Coinbase,Aston Martin partner,"Crypto, Trading & Wealth",3,Crypto.com,crypto.com,YES,"F1 official partner, Miami GP title"
Coinbase,Aston Martin partner,"Crypto, Trading & Wealth",4,OKX,okx.com,YES,McLaren primary partner
Coinbase,Aston Martin partner,"Crypto, Trading & Wealth",5,Gate.io,gate.io,YES,Red Bull Racing partner
Coinbase,Aston Martin partner,"Crypto, Trading & Wealth",6,Gemini,gemini.com,YES,McLaren partner
Coinbase,Aston Martin partner,"Crypto, Trading & Wealth",7,Bybit,bybit.com,,major derivatives-led exchange
Coinbase,Aston Martin partner,"Crypto, Trading & Wealth",8,KuCoin,kucoin.com,,global altcoin-heavy exchange
Coinbase,Aston Martin partner,"Crypto, Trading & Wealth",9,Bitget,bitget.com,,copy-trading focused exchange
Coinbase,Aston Martin partner,"Crypto, Trading & Wealth",10,Huobi / HTX,htx.com,,legacy Asia-based exchange
Coinbase,Aston Martin partner,"Crypto, Trading & Wealth",11,Bitfinex,bitfinex.com,,long-running pro trading exchange
Coinbase,Aston Martin partner,"Crypto, Trading & Wealth",12,Bitstamp,bitstamp.net,,one of the oldest regulated exchanges
Coinbase,Aston Martin partner,"Crypto, Trading & Wealth",13,BingX,bingx.com,YES,Ferrari partner
Coinbase,Aston Martin partner,"Crypto, Trading & Wealth",14,Zoomex,zoomex.com,YES,Haas partner
Coinbase,Aston Martin partner,"Crypto, Trading & Wealth",15,MEXC,mexc.com,,wide-listing altcoin exchange
Coinbase,Aston Martin partner,"Crypto, Trading & Wealth",16,Bitpanda,bitpanda.com,,EU retail crypto/investing app
Coinbase,Aston Martin partner,"Crypto, Trading & Wealth",17,CEX.IO,cex.io,,veteran crypto exchange
Coinbase,Aston Martin partner,"Crypto, Trading & Wealth",18,Blockchain.com,blockchain.com,,wallet + exchange platform
Coinbase,Aston Martin partner,"Crypto, Trading & Wealth",19,Luno,luno.com,,emerging-markets focused exchange
Coinbase,Aston Martin partner,"Crypto, Trading & Wealth",20,Coincheck,coincheck.com,,leading Japanese exchange
Coinbase,Aston Martin partner,"Crypto, Trading & Wealth",21,Bitso,bitso.com,,Latin America exchange
Coinbase,Aston Martin partner,"Crypto, Trading & Wealth",22,Poloniex,poloniex.com,,veteran US-origin exchange
Coinbase,Aston Martin partner,"Crypto, Trading & Wealth",23,WazirX,wazirx.com,,India-focused exchange
Coinbase,Aston Martin partner,"Crypto, Trading & Wealth",24,Upbit,upbit.com,,leading South Korean exchange
Coinbase,Aston Martin partner,"Crypto, Trading & Wealth",25,Bithumb,bithumb.com,,major South Korean exchange
Coinbase,Aston Martin partner,"Crypto, Trading & Wealth",26,Nexo,nexo.com,YES,Audi F1 partner
Coinbase,Aston Martin partner,"Crypto, Trading & Wealth",27,BitMart,bitmart.com,,global altcoin exchange
Coinbase,Aston Martin partner,"Crypto, Trading & Wealth",28,Uphold,uphold.com,,multi-asset trading platform
Coinbase,Aston Martin partner,"Crypto, Trading & Wealth",29,Phemex,phemex.com,,derivatives-focused exchange
Coinbase,Aston Martin partner,"Crypto, Trading & Wealth",30,LBank,lbank.com,,global altcoin exchange
CoinPayments,Aston Martin partner,"Crypto, Trading & Wealth",1,BitPay,bitpay.com,,crypto payment processor
CoinPayments,Aston Martin partner,"Crypto, Trading & Wealth",2,Coinbase Commerce,commerce.coinbase.com,YES,Coinbase is Aston Martin partner
CoinPayments,Aston Martin partner,"Crypto, Trading & Wealth",3,NOWPayments,nowpayments.io,,crypto payment gateway
CoinPayments,Aston Martin partner,"Crypto, Trading & Wealth",4,CoinGate,coingate.com,,crypto payment gateway
CoinPayments,Aston Martin partner,"Crypto, Trading & Wealth",5,BTCPay Server,btcpayserver.org,,open-source payment processor
CoinPayments,Aston Martin partner,"Crypto, Trading & Wealth",6,Triple-A,triple-a.io,,crypto payment gateway
CoinPayments,Aston Martin partner,"Crypto, Trading & Wealth",7,OpenNode,opennode.com,,bitcoin/lightning payment gateway
CoinPayments,Aston Martin partner,"Crypto, Trading & Wealth",8,Coinsbee,coinsbee.com,,crypto gift-card payments
CoinPayments,Aston Martin partner,"Crypto, Trading & Wealth",9,Utrust,utrust.com,,crypto payment gateway
CoinPayments,Aston Martin partner,"Crypto, Trading & Wealth",10,GoCoin,gocoin.com,,crypto payment processor
CoinPayments,Aston Martin partner,"Crypto, Trading & Wealth",11,Plisio,plisio.net,,crypto payment gateway
CoinPayments,Aston Martin partner,"Crypto, Trading & Wealth",12,Cryptomus,cryptomus.com,,crypto payment processor
CoinPayments,Aston Martin partner,"Crypto, Trading & Wealth",13,Binance Pay,binance.com,,crypto payments product
CoinPayments,Aston Martin partner,"Crypto, Trading & Wealth",14,Confirmo,confirmo.net,,crypto payment gateway
CoinPayments,Aston Martin partner,"Crypto, Trading & Wealth",15,SpectroCoin,spectrocoin.com,,crypto payments and wallet
CoinPayments,Aston Martin partner,"Crypto, Trading & Wealth",16,Alchemy Pay,alchemypay.org,,crypto/fiat payment gateway
CoinPayments,Aston Martin partner,"Crypto, Trading & Wealth",17,Paybis,paybis.com,,crypto payment/exchange gateway
CoinPayments,Aston Martin partner,"Crypto, Trading & Wealth",18,Circle,circle.com,YES,Aston Martin partner; USDC payments infra
CoinPayments,Aston Martin partner,"Crypto, Trading & Wealth",19,MoonPay,moonpay.com,,crypto on/off-ramp payments
CoinPayments,Aston Martin partner,"Crypto, Trading & Wealth",20,Ramp Network,ramp.network,,crypto on/off-ramp payments
CoinPayments,Aston Martin partner,"Crypto, Trading & Wealth",21,Transak,transak.com,,crypto on/off-ramp payments
CoinPayments,Aston Martin partner,"Crypto, Trading & Wealth",22,CoinsPaid,coinspaid.com,,crypto payment processor
CoinPayments,Aston Martin partner,"Crypto, Trading & Wealth",23,Coinify,coinify.com,,crypto payment gateway
CoinPayments,Aston Martin partner,"Crypto, Trading & Wealth",24,Xanpool,xanpool.com,,crypto on/off-ramp
CoinPayments,Aston Martin partner,"Crypto, Trading & Wealth",25,Banxa,banxa.com,,crypto on/off-ramp infrastructure
CoinPayments,Aston Martin partner,"Crypto, Trading & Wealth",26,Onramper,onramper.com,,crypto on-ramp aggregator
CoinPayments,Aston Martin partner,"Crypto, Trading & Wealth",27,Simplex (Nuvei),simplex.com,,crypto payment processor
CoinPayments,Aston Martin partner,"Crypto, Trading & Wealth",28,Mercuryo,mercuryo.io,,crypto payment infrastructure
CoinPayments,Aston Martin partner,"Crypto, Trading & Wealth",29,Rapyd,rapyd.net,,fintech-as-a-service incl. crypto rails
CoinPayments,Aston Martin partner,"Crypto, Trading & Wealth",30,Flexa,flexa.network,,crypto retail payments network
Crypto.com,F1 official partner; Miami GP title,"Crypto, Trading & Wealth",1,Binance,binance.com,,largest global crypto exchange by volume
Crypto.com,F1 official partner; Miami GP title,"Crypto, Trading & Wealth",2,Coinbase,coinbase.com,YES,Aston Martin partner
Crypto.com,F1 official partner; Miami GP title,"Crypto, Trading & Wealth",3,Kraken (Payward),kraken.com,YES,Williams partner
Crypto.com,F1 official partner; Miami GP title,"Crypto, Trading & Wealth",4,OKX,okx.com,YES,McLaren primary partner
Crypto.com,F1 official partner; Miami GP title,"Crypto, Trading & Wealth",5,Gate.io,gate.io,YES,Red Bull Racing partner
Crypto.com,F1 official partner; Miami GP title,"Crypto, Trading & Wealth",6,Gemini,gemini.com,YES,McLaren partner
Crypto.com,F1 official partner; Miami GP title,"Crypto, Trading & Wealth",7,Bybit,bybit.com,,major derivatives-led exchange
Crypto.com,F1 official partner; Miami GP title,"Crypto, Trading & Wealth",8,KuCoin,kucoin.com,,global altcoin-heavy exchange
Crypto.com,F1 official partner; Miami GP title,"Crypto, Trading & Wealth",9,Bitget,bitget.com,,copy-trading focused exchange
Crypto.com,F1 official partner; Miami GP title,"Crypto, Trading & Wealth",10,Huobi / HTX,htx.com,,legacy Asia-based exchange
Crypto.com,F1 official partner; Miami GP title,"Crypto, Trading & Wealth",11,Bitfinex,bitfinex.com,,long-running pro trading exchange
Crypto.com,F1 official partner; Miami GP title,"Crypto, Trading & Wealth",12,Bitstamp,bitstamp.net,,one of the oldest regulated exchanges
Crypto.com,F1 official partner; Miami GP title,"Crypto, Trading & Wealth",13,BingX,bingx.com,YES,Ferrari partner
Crypto.com,F1 official partner; Miami GP title,"Crypto, Trading & Wealth",14,Zoomex,zoomex.com,YES,Haas partner
Crypto.com,F1 official partner; Miami GP title,"Crypto, Trading & Wealth",15,MEXC,mexc.com,,wide-listing altcoin exchange
Crypto.com,F1 official partner; Miami GP title,"Crypto, Trading & Wealth",16,Bitpanda,bitpanda.com,,EU retail crypto/investing app
Crypto.com,F1 official partner; Miami GP title,"Crypto, Trading & Wealth",17,CEX.IO,cex.io,,veteran crypto exchange
Crypto.com,F1 official partner; Miami GP title,"Crypto, Trading & Wealth",18,Blockchain.com,blockchain.com,,wallet + exchange platform
Crypto.com,F1 official partner; Miami GP title,"Crypto, Trading & Wealth",19,Luno,luno.com,,emerging-markets focused exchange
Crypto.com,F1 official partner; Miami GP title,"Crypto, Trading & Wealth",20,Coincheck,coincheck.com,,leading Japanese exchange
Crypto.com,F1 official partner; Miami GP title,"Crypto, Trading & Wealth",21,Bitso,bitso.com,,Latin America exchange
Crypto.com,F1 official partner; Miami GP title,"Crypto, Trading & Wealth",22,Poloniex,poloniex.com,,veteran US-origin exchange
Crypto.com,F1 official partner; Miami GP title,"Crypto, Trading & Wealth",23,WazirX,wazirx.com,,India-focused exchange
Crypto.com,F1 official partner; Miami GP title,"Crypto, Trading & Wealth",24,Upbit,upbit.com,,leading South Korean exchange
Crypto.com,F1 official partner; Miami GP title,"Crypto, Trading & Wealth",25,Bithumb,bithumb.com,,major South Korean exchange
Crypto.com,F1 official partner; Miami GP title,"Crypto, Trading & Wealth",26,Nexo,nexo.com,YES,Audi F1 partner
Crypto.com,F1 official partner; Miami GP title,"Crypto, Trading & Wealth",27,BitMart,bitmart.com,,global altcoin exchange
Crypto.com,F1 official partner; Miami GP title,"Crypto, Trading & Wealth",28,Uphold,uphold.com,,multi-asset trading platform
Crypto.com,F1 official partner; Miami GP title,"Crypto, Trading & Wealth",29,Phemex,phemex.com,,derivatives-focused exchange
Crypto.com,F1 official partner; Miami GP title,"Crypto, Trading & Wealth",30,LBank,lbank.com,,global altcoin exchange
Endstate,Alpine partner (as listed on 2026 roster),"Crypto, Trading & Wealth",1,Fold,foldapp.com,,bitcoin rewards/cashback app
Endstate,Alpine partner (as listed on 2026 roster),"Crypto, Trading & Wealth",2,Lolli,lolli.com,,bitcoin shopping rewards
Endstate,Alpine partner (as listed on 2026 roster),"Crypto, Trading & Wealth",3,Coinbase Card,coinbase.com,YES,Coinbase is Aston Martin partner
Endstate,Alpine partner (as listed on 2026 roster),"Crypto, Trading & Wealth",4,Crypto.com Card,crypto.com,YES,F1 official partner; crypto debit card
Endstate,Alpine partner (as listed on 2026 roster),"Crypto, Trading & Wealth",5,Gemini Credit Card,gemini.com,YES,McLaren partner; crypto rewards card
Endstate,Alpine partner (as listed on 2026 roster),"Crypto, Trading & Wealth",6,Robinhood,robinhood.com,,trading/rewards app
Endstate,Alpine partner (as listed on 2026 roster),"Crypto, Trading & Wealth",7,Cash App,cash.app,YES,Racing Bulls title partner
Endstate,Alpine partner (as listed on 2026 roster),"Crypto, Trading & Wealth",8,Venmo,venmo.com,,P2P payments app
Endstate,Alpine partner (as listed on 2026 roster),"Crypto, Trading & Wealth",9,PayPal,paypal.com,,digital payments and crypto
Endstate,Alpine partner (as listed on 2026 roster),"Crypto, Trading & Wealth",10,Revolut,revolut.com,YES,Audi F1 title partner
Endstate,Alpine partner (as listed on 2026 roster),"Crypto, Trading & Wealth",11,Chime,chime.com,,US neobank
Endstate,Alpine partner (as listed on 2026 roster),"Crypto, Trading & Wealth",12,Current,current.com,,US neobank
Endstate,Alpine partner (as listed on 2026 roster),"Crypto, Trading & Wealth",13,Dave,dave.com,,US neobank
Endstate,Alpine partner (as listed on 2026 roster),"Crypto, Trading & Wealth",14,Empower,empower.me,,cash advance/finance app
Endstate,Alpine partner (as listed on 2026 roster),"Crypto, Trading & Wealth",15,MoneyLion,moneylion.com,,personal finance app
Endstate,Alpine partner (as listed on 2026 roster),"Crypto, Trading & Wealth",16,Bakkt,bakkt.com,,crypto rewards/loyalty platform
Endstate,Alpine partner (as listed on 2026 roster),"Crypto, Trading & Wealth",17,Uphold,uphold.com,,multi-asset rewards platform
Endstate,Alpine partner (as listed on 2026 roster),"Crypto, Trading & Wealth",18,Wirex,wirex.com,,crypto payments and rewards app
Endstate,Alpine partner (as listed on 2026 roster),"Crypto, Trading & Wealth",19,SoFi,sofi.com,,digital finance super-app
Endstate,Alpine partner (as listed on 2026 roster),"Crypto, Trading & Wealth",20,Block,block.xyz,YES,"parent of Cash App, Racing Bulls title partner"
Endstate,Alpine partner (as listed on 2026 roster),"Crypto, Trading & Wealth",21,Klarna,klarna.com,,fintech shopping/payments app
Endstate,Alpine partner (as listed on 2026 roster),"Crypto, Trading & Wealth",22,Step,step.com,,teen banking/rewards app
Endstate,Alpine partner (as listed on 2026 roster),"Crypto, Trading & Wealth",23,Greenlight,greenlight.com,,family finance app
Endstate,Alpine partner (as listed on 2026 roster),"Crypto, Trading & Wealth",24,Varo,varomoney.com,,US neobank
Endstate,Alpine partner (as listed on 2026 roster),"Crypto, Trading & Wealth",25,Monzo,monzo.com,,UK neobank
Endstate,Alpine partner (as listed on 2026 roster),"Crypto, Trading & Wealth",26,N26,n26.com,,EU neobank
Endstate,Alpine partner (as listed on 2026 roster),"Crypto, Trading & Wealth",27,Nubank,nubank.com.br,,Latin America neobank
Endstate,Alpine partner (as listed on 2026 roster),"Crypto, Trading & Wealth",28,Public.com,public.com,YES,Aston Martin partner
Endstate,Alpine partner (as listed on 2026 roster),"Crypto, Trading & Wealth",29,Acorns,acorns.com,,micro-investing app
Endstate,Alpine partner (as listed on 2026 roster),"Crypto, Trading & Wealth",30,Stash,stash.com,,investing and banking app
eToro,Alpine partner,"Crypto, Trading & Wealth",1,IG,ig.com,,large listed CFD/spread-betting broker
eToro,Alpine partner,"Crypto, Trading & Wealth",2,CMC Markets,cmcmarkets.com,,listed CFD/forex broker
eToro,Alpine partner,"Crypto, Trading & Wealth",3,AvaTrade,avatrade.com,YES,Red Bull Racing partner
eToro,Alpine partner,"Crypto, Trading & Wealth",4,Pepperstone,pepperstone.com,YES,Aston Martin partner
eToro,Alpine partner,"Crypto, Trading & Wealth",5,FxPro,fxpro.com,YES,McLaren partner
eToro,Alpine partner,"Crypto, Trading & Wealth",6,Vantage Markets,vantagemarkets.com,YES,Ferrari partner
eToro,Alpine partner,"Crypto, Trading & Wealth",7,XM (XMTrading),xmtrading.com,YES,Racing Bulls partner
eToro,Alpine partner,"Crypto, Trading & Wealth",8,Libertex,libertex.com,YES,Audi F1 partner
eToro,Alpine partner,"Crypto, Trading & Wealth",9,OANDA,oanda.com,,global forex/CFD broker
eToro,Alpine partner,"Crypto, Trading & Wealth",10,FXCM,fxcm.com,,global forex/CFD broker
eToro,Alpine partner,"Crypto, Trading & Wealth",11,Exness,exness.com,,high-volume forex/CFD broker
eToro,Alpine partner,"Crypto, Trading & Wealth",12,IC Markets,icmarkets.com,,ECN forex/CFD broker
eToro,Alpine partner,"Crypto, Trading & Wealth",13,FBS,fbs.com,,retail forex/CFD broker
eToro,Alpine partner,"Crypto, Trading & Wealth",14,Tickmill,tickmill.com,,ECN forex/CFD broker
eToro,Alpine partner,"Crypto, Trading & Wealth",15,HYCM,hycm.com,,forex/CFD broker
eToro,Alpine partner,"Crypto, Trading & Wealth",16,Admirals (Admiral Markets),admiralmarkets.com,,forex/CFD broker
eToro,Alpine partner,"Crypto, Trading & Wealth",17,Plus500,plus500.com,,listed CFD trading platform
eToro,Alpine partner,"Crypto, Trading & Wealth",18,Saxo Bank,home.saxo,,multi-asset trading/investment bank
eToro,Alpine partner,"Crypto, Trading & Wealth",19,XTB,xtb.com,,listed forex/CFD broker
eToro,Alpine partner,"Crypto, Trading & Wealth",20,Capital.com,capital.com,,CFD trading platform
eToro,Alpine partner,"Crypto, Trading & Wealth",21,Skilling,skilling.com,,CFD/forex broker
eToro,Alpine partner,"Crypto, Trading & Wealth",22,ThinkMarkets,thinkmarkets.com,,forex/CFD broker
eToro,Alpine partner,"Crypto, Trading & Wealth",23,FP Markets,fpmarkets.com,,forex/CFD broker
eToro,Alpine partner,"Crypto, Trading & Wealth",24,Eightcap,eightcap.com,,forex/CFD broker
eToro,Alpine partner,"Crypto, Trading & Wealth",25,Axi,axi.com,,forex/CFD broker
eToro,Alpine partner,"Crypto, Trading & Wealth",26,Global Prime,globalprime.com,,forex/CFD broker
eToro,Alpine partner,"Crypto, Trading & Wealth",27,City Index,cityindex.com,,CFD/spread-betting broker
eToro,Alpine partner,"Crypto, Trading & Wealth",28,easyMarkets,easymarkets.com,,forex/CFD broker
eToro,Alpine partner,"Crypto, Trading & Wealth",29,Forex.com,forex.com,,StoneX retail forex/CFD brand
eToro,Alpine partner,"Crypto, Trading & Wealth",30,BlackBull Markets,blackbull.com,,ECN forex/CFD broker
FxPro,McLaren partner,"Crypto, Trading & Wealth",1,IG,ig.com,,large listed CFD/spread-betting broker
FxPro,McLaren partner,"Crypto, Trading & Wealth",2,CMC Markets,cmcmarkets.com,,listed CFD/forex broker
FxPro,McLaren partner,"Crypto, Trading & Wealth",3,AvaTrade,avatrade.com,YES,Red Bull Racing partner
FxPro,McLaren partner,"Crypto, Trading & Wealth",4,Pepperstone,pepperstone.com,YES,Aston Martin partner
FxPro,McLaren partner,"Crypto, Trading & Wealth",5,Vantage Markets,vantagemarkets.com,YES,Ferrari partner
FxPro,McLaren partner,"Crypto, Trading & Wealth",6,XM (XMTrading),xmtrading.com,YES,Racing Bulls partner
FxPro,McLaren partner,"Crypto, Trading & Wealth",7,Libertex,libertex.com,YES,Audi F1 partner
FxPro,McLaren partner,"Crypto, Trading & Wealth",8,OANDA,oanda.com,,global forex/CFD broker
FxPro,McLaren partner,"Crypto, Trading & Wealth",9,FXCM,fxcm.com,,global forex/CFD broker
FxPro,McLaren partner,"Crypto, Trading & Wealth",10,Exness,exness.com,,high-volume forex/CFD broker
FxPro,McLaren partner,"Crypto, Trading & Wealth",11,IC Markets,icmarkets.com,,ECN forex/CFD broker
FxPro,McLaren partner,"Crypto, Trading & Wealth",12,FBS,fbs.com,,retail forex/CFD broker
FxPro,McLaren partner,"Crypto, Trading & Wealth",13,Tickmill,tickmill.com,,ECN forex/CFD broker
FxPro,McLaren partner,"Crypto, Trading & Wealth",14,HYCM,hycm.com,,forex/CFD broker
FxPro,McLaren partner,"Crypto, Trading & Wealth",15,Admirals (Admiral Markets),admiralmarkets.com,,forex/CFD broker
FxPro,McLaren partner,"Crypto, Trading & Wealth",16,Plus500,plus500.com,,listed CFD trading platform
FxPro,McLaren partner,"Crypto, Trading & Wealth",17,eToro,etoro.com,YES,Alpine partner
FxPro,McLaren partner,"Crypto, Trading & Wealth",18,Saxo Bank,home.saxo,,multi-asset trading/investment bank
FxPro,McLaren partner,"Crypto, Trading & Wealth",19,XTB,xtb.com,,listed forex/CFD broker
FxPro,McLaren partner,"Crypto, Trading & Wealth",20,Capital.com,capital.com,,CFD trading platform
FxPro,McLaren partner,"Crypto, Trading & Wealth",21,Skilling,skilling.com,,CFD/forex broker
FxPro,McLaren partner,"Crypto, Trading & Wealth",22,ThinkMarkets,thinkmarkets.com,,forex/CFD broker
FxPro,McLaren partner,"Crypto, Trading & Wealth",23,FP Markets,fpmarkets.com,,forex/CFD broker
FxPro,McLaren partner,"Crypto, Trading & Wealth",24,Eightcap,eightcap.com,,forex/CFD broker
FxPro,McLaren partner,"Crypto, Trading & Wealth",25,Axi,axi.com,,forex/CFD broker
FxPro,McLaren partner,"Crypto, Trading & Wealth",26,Global Prime,globalprime.com,,forex/CFD broker
FxPro,McLaren partner,"Crypto, Trading & Wealth",27,City Index,cityindex.com,,CFD/spread-betting broker
FxPro,McLaren partner,"Crypto, Trading & Wealth",28,easyMarkets,easymarkets.com,,forex/CFD broker
FxPro,McLaren partner,"Crypto, Trading & Wealth",29,Forex.com,forex.com,,StoneX retail forex/CFD brand
FxPro,McLaren partner,"Crypto, Trading & Wealth",30,BlackBull Markets,blackbull.com,,ECN forex/CFD broker
Gate.io,Red Bull Racing partner,"Crypto, Trading & Wealth",1,Binance,binance.com,,largest global crypto exchange by volume
Gate.io,Red Bull Racing partner,"Crypto, Trading & Wealth",2,Coinbase,coinbase.com,YES,Aston Martin partner
Gate.io,Red Bull Racing partner,"Crypto, Trading & Wealth",3,Kraken (Payward),kraken.com,YES,Williams partner
Gate.io,Red Bull Racing partner,"Crypto, Trading & Wealth",4,Crypto.com,crypto.com,YES,"F1 official partner, Miami GP title"
Gate.io,Red Bull Racing partner,"Crypto, Trading & Wealth",5,OKX,okx.com,YES,McLaren primary partner
Gate.io,Red Bull Racing partner,"Crypto, Trading & Wealth",6,Gemini,gemini.com,YES,McLaren partner
Gate.io,Red Bull Racing partner,"Crypto, Trading & Wealth",7,Bybit,bybit.com,,major derivatives-led exchange
Gate.io,Red Bull Racing partner,"Crypto, Trading & Wealth",8,KuCoin,kucoin.com,,global altcoin-heavy exchange
Gate.io,Red Bull Racing partner,"Crypto, Trading & Wealth",9,Bitget,bitget.com,,copy-trading focused exchange
Gate.io,Red Bull Racing partner,"Crypto, Trading & Wealth",10,Huobi / HTX,htx.com,,legacy Asia-based exchange
Gate.io,Red Bull Racing partner,"Crypto, Trading & Wealth",11,Bitfinex,bitfinex.com,,long-running pro trading exchange
Gate.io,Red Bull Racing partner,"Crypto, Trading & Wealth",12,Bitstamp,bitstamp.net,,one of the oldest regulated exchanges
Gate.io,Red Bull Racing partner,"Crypto, Trading & Wealth",13,BingX,bingx.com,YES,Ferrari partner
Gate.io,Red Bull Racing partner,"Crypto, Trading & Wealth",14,Zoomex,zoomex.com,YES,Haas partner
Gate.io,Red Bull Racing partner,"Crypto, Trading & Wealth",15,MEXC,mexc.com,,wide-listing altcoin exchange
Gate.io,Red Bull Racing partner,"Crypto, Trading & Wealth",16,Bitpanda,bitpanda.com,,EU retail crypto/investing app
Gate.io,Red Bull Racing partner,"Crypto, Trading & Wealth",17,CEX.IO,cex.io,,veteran crypto exchange
Gate.io,Red Bull Racing partner,"Crypto, Trading & Wealth",18,Blockchain.com,blockchain.com,,wallet + exchange platform
Gate.io,Red Bull Racing partner,"Crypto, Trading & Wealth",19,Luno,luno.com,,emerging-markets focused exchange
Gate.io,Red Bull Racing partner,"Crypto, Trading & Wealth",20,Coincheck,coincheck.com,,leading Japanese exchange
Gate.io,Red Bull Racing partner,"Crypto, Trading & Wealth",21,Bitso,bitso.com,,Latin America exchange
Gate.io,Red Bull Racing partner,"Crypto, Trading & Wealth",22,Poloniex,poloniex.com,,veteran US-origin exchange
Gate.io,Red Bull Racing partner,"Crypto, Trading & Wealth",23,WazirX,wazirx.com,,India-focused exchange
Gate.io,Red Bull Racing partner,"Crypto, Trading & Wealth",24,Upbit,upbit.com,,leading South Korean exchange
Gate.io,Red Bull Racing partner,"Crypto, Trading & Wealth",25,Bithumb,bithumb.com,,major South Korean exchange
Gate.io,Red Bull Racing partner,"Crypto, Trading & Wealth",26,Nexo,nexo.com,YES,Audi F1 partner
Gate.io,Red Bull Racing partner,"Crypto, Trading & Wealth",27,BitMart,bitmart.com,,global altcoin exchange
Gate.io,Red Bull Racing partner,"Crypto, Trading & Wealth",28,Uphold,uphold.com,,multi-asset trading platform
Gate.io,Red Bull Racing partner,"Crypto, Trading & Wealth",29,Phemex,phemex.com,,derivatives-focused exchange
Gate.io,Red Bull Racing partner,"Crypto, Trading & Wealth",30,LBank,lbank.com,,global altcoin exchange
Gemini (crypto exchange),McLaren partner,"Crypto, Trading & Wealth",1,Binance,binance.com,,largest global crypto exchange by volume
Gemini (crypto exchange),McLaren partner,"Crypto, Trading & Wealth",2,Coinbase,coinbase.com,YES,Aston Martin partner
Gemini (crypto exchange),McLaren partner,"Crypto, Trading & Wealth",3,Kraken (Payward),kraken.com,YES,Williams partner
Gemini (crypto exchange),McLaren partner,"Crypto, Trading & Wealth",4,Crypto.com,crypto.com,YES,"F1 official partner, Miami GP title"
Gemini (crypto exchange),McLaren partner,"Crypto, Trading & Wealth",5,OKX,okx.com,YES,McLaren primary partner
Gemini (crypto exchange),McLaren partner,"Crypto, Trading & Wealth",6,Gate.io,gate.io,YES,Red Bull Racing partner
Gemini (crypto exchange),McLaren partner,"Crypto, Trading & Wealth",7,Bybit,bybit.com,,major derivatives-led exchange
Gemini (crypto exchange),McLaren partner,"Crypto, Trading & Wealth",8,KuCoin,kucoin.com,,global altcoin-heavy exchange
Gemini (crypto exchange),McLaren partner,"Crypto, Trading & Wealth",9,Bitget,bitget.com,,copy-trading focused exchange
Gemini (crypto exchange),McLaren partner,"Crypto, Trading & Wealth",10,Huobi / HTX,htx.com,,legacy Asia-based exchange
Gemini (crypto exchange),McLaren partner,"Crypto, Trading & Wealth",11,Bitfinex,bitfinex.com,,long-running pro trading exchange
Gemini (crypto exchange),McLaren partner,"Crypto, Trading & Wealth",12,Bitstamp,bitstamp.net,,one of the oldest regulated exchanges
Gemini (crypto exchange),McLaren partner,"Crypto, Trading & Wealth",13,BingX,bingx.com,YES,Ferrari partner
Gemini (crypto exchange),McLaren partner,"Crypto, Trading & Wealth",14,Zoomex,zoomex.com,YES,Haas partner
Gemini (crypto exchange),McLaren partner,"Crypto, Trading & Wealth",15,MEXC,mexc.com,,wide-listing altcoin exchange
Gemini (crypto exchange),McLaren partner,"Crypto, Trading & Wealth",16,Bitpanda,bitpanda.com,,EU retail crypto/investing app
Gemini (crypto exchange),McLaren partner,"Crypto, Trading & Wealth",17,CEX.IO,cex.io,,veteran crypto exchange
Gemini (crypto exchange),McLaren partner,"Crypto, Trading & Wealth",18,Blockchain.com,blockchain.com,,wallet + exchange platform
Gemini (crypto exchange),McLaren partner,"Crypto, Trading & Wealth",19,Luno,luno.com,,emerging-markets focused exchange
Gemini (crypto exchange),McLaren partner,"Crypto, Trading & Wealth",20,Coincheck,coincheck.com,,leading Japanese exchange
Gemini (crypto exchange),McLaren partner,"Crypto, Trading & Wealth",21,Bitso,bitso.com,,Latin America exchange
Gemini (crypto exchange),McLaren partner,"Crypto, Trading & Wealth",22,Poloniex,poloniex.com,,veteran US-origin exchange
Gemini (crypto exchange),McLaren partner,"Crypto, Trading & Wealth",23,WazirX,wazirx.com,,India-focused exchange
Gemini (crypto exchange),McLaren partner,"Crypto, Trading & Wealth",24,Upbit,upbit.com,,leading South Korean exchange
Gemini (crypto exchange),McLaren partner,"Crypto, Trading & Wealth",25,Bithumb,bithumb.com,,major South Korean exchange
Gemini (crypto exchange),McLaren partner,"Crypto, Trading & Wealth",26,Nexo,nexo.com,YES,Audi F1 partner
Gemini (crypto exchange),McLaren partner,"Crypto, Trading & Wealth",27,BitMart,bitmart.com,,global altcoin exchange
Gemini (crypto exchange),McLaren partner,"Crypto, Trading & Wealth",28,Uphold,uphold.com,,multi-asset trading platform
Gemini (crypto exchange),McLaren partner,"Crypto, Trading & Wealth",29,Phemex,phemex.com,,derivatives-focused exchange
Gemini (crypto exchange),McLaren partner,"Crypto, Trading & Wealth",30,LBank,lbank.com,,global altcoin exchange
Hedera,McLaren partner,"Crypto, Trading & Wealth",1,Ethereum,ethereum.org,,leading smart-contract L1
Hedera,McLaren partner,"Crypto, Trading & Wealth",2,Solana,solana.com,,high-throughput L1
Hedera,McLaren partner,"Crypto, Trading & Wealth",3,Cardano,cardano.org,,proof-of-stake L1
Hedera,McLaren partner,"Crypto, Trading & Wealth",4,Avalanche,avax.network,,L1 with subnets
Hedera,McLaren partner,"Crypto, Trading & Wealth",5,Polkadot,polkadot.network,,multi-chain L0/L1
Hedera,McLaren partner,"Crypto, Trading & Wealth",6,Algorand,algorand.com,,enterprise-focused L1
Hedera,McLaren partner,"Crypto, Trading & Wealth",7,Near Protocol,near.org,,sharded L1
Hedera,McLaren partner,"Crypto, Trading & Wealth",8,Tezos,tezos.com,,self-amending L1
Hedera,McLaren partner,"Crypto, Trading & Wealth",9,Stellar,stellar.org,,payments-focused DLT
Hedera,McLaren partner,"Crypto, Trading & Wealth",10,Ripple / XRP Ledger,ripple.com,,enterprise payments DLT
Hedera,McLaren partner,"Crypto, Trading & Wealth",11,Tron,tron.network,,high-throughput L1
Hedera,McLaren partner,"Crypto, Trading & Wealth",12,Cosmos,cosmos.network,,interoperable app-chain network
Hedera,McLaren partner,"Crypto, Trading & Wealth",13,Polygon,polygon.technology,,Ethereum scaling network
Hedera,McLaren partner,"Crypto, Trading & Wealth",14,Sonic (Fantom),fantom.foundation,,high-speed L1
Hedera,McLaren partner,"Crypto, Trading & Wealth",15,EOS,eosnetwork.com,,enterprise smart-contract L1
Hedera,McLaren partner,"Crypto, Trading & Wealth",16,Internet Computer (DFINITY),dfinity.org,,decentralized cloud L1
Hedera,McLaren partner,"Crypto, Trading & Wealth",17,Aptos,aptoslabs.com,,Move-based L1
Hedera,McLaren partner,"Crypto, Trading & Wealth",18,Sui,sui.io,,Move-based L1
Hedera,McLaren partner,"Crypto, Trading & Wealth",19,Chainlink,chain.link,,decentralized oracle network
Hedera,McLaren partner,"Crypto, Trading & Wealth",20,IOTA,iota.org,,DAG-based DLT for IoT
Hedera,McLaren partner,"Crypto, Trading & Wealth",21,VeChain,vechain.org,,enterprise supply-chain L1
Hedera,McLaren partner,"Crypto, Trading & Wealth",22,MultiversX,multiversx.com,,sharded L1
Hedera,McLaren partner,"Crypto, Trading & Wealth",23,Harmony,harmony.one,,sharded L1
Hedera,McLaren partner,"Crypto, Trading & Wealth",24,Zilliqa,zilliqa.com,,sharded L1
Hedera,McLaren partner,"Crypto, Trading & Wealth",25,Waves,waves.tech,,smart-contract platform
Hedera,McLaren partner,"Crypto, Trading & Wealth",26,Neo,neo.org,,smart-economy L1
Hedera,McLaren partner,"Crypto, Trading & Wealth",27,Kadena,kadena.io,,scalable PoW L1
Hedera,McLaren partner,"Crypto, Trading & Wealth",28,Flow,onflow.org,,consumer-app focused L1
Hedera,McLaren partner,"Crypto, Trading & Wealth",29,ICON,icon.foundation,,interoperable L1
Hedera,McLaren partner,"Crypto, Trading & Wealth",30,Celo,celo.org,,mobile-first L1
Kraken (Payward),Williams partner,"Crypto, Trading & Wealth",1,Binance,binance.com,,largest global crypto exchange by volume
Kraken (Payward),Williams partner,"Crypto, Trading & Wealth",2,Coinbase,coinbase.com,YES,Aston Martin partner
Kraken (Payward),Williams partner,"Crypto, Trading & Wealth",3,Crypto.com,crypto.com,YES,"F1 official partner, Miami GP title"
Kraken (Payward),Williams partner,"Crypto, Trading & Wealth",4,OKX,okx.com,YES,McLaren primary partner
Kraken (Payward),Williams partner,"Crypto, Trading & Wealth",5,Gate.io,gate.io,YES,Red Bull Racing partner
Kraken (Payward),Williams partner,"Crypto, Trading & Wealth",6,Gemini,gemini.com,YES,McLaren partner
Kraken (Payward),Williams partner,"Crypto, Trading & Wealth",7,Bybit,bybit.com,,major derivatives-led exchange
Kraken (Payward),Williams partner,"Crypto, Trading & Wealth",8,KuCoin,kucoin.com,,global altcoin-heavy exchange
Kraken (Payward),Williams partner,"Crypto, Trading & Wealth",9,Bitget,bitget.com,,copy-trading focused exchange
Kraken (Payward),Williams partner,"Crypto, Trading & Wealth",10,Huobi / HTX,htx.com,,legacy Asia-based exchange
Kraken (Payward),Williams partner,"Crypto, Trading & Wealth",11,Bitfinex,bitfinex.com,,long-running pro trading exchange
Kraken (Payward),Williams partner,"Crypto, Trading & Wealth",12,Bitstamp,bitstamp.net,,one of the oldest regulated exchanges
Kraken (Payward),Williams partner,"Crypto, Trading & Wealth",13,BingX,bingx.com,YES,Ferrari partner
Kraken (Payward),Williams partner,"Crypto, Trading & Wealth",14,Zoomex,zoomex.com,YES,Haas partner
Kraken (Payward),Williams partner,"Crypto, Trading & Wealth",15,MEXC,mexc.com,,wide-listing altcoin exchange
Kraken (Payward),Williams partner,"Crypto, Trading & Wealth",16,Bitpanda,bitpanda.com,,EU retail crypto/investing app
Kraken (Payward),Williams partner,"Crypto, Trading & Wealth",17,CEX.IO,cex.io,,veteran crypto exchange
Kraken (Payward),Williams partner,"Crypto, Trading & Wealth",18,Blockchain.com,blockchain.com,,wallet + exchange platform
Kraken (Payward),Williams partner,"Crypto, Trading & Wealth",19,Luno,luno.com,,emerging-markets focused exchange
Kraken (Payward),Williams partner,"Crypto, Trading & Wealth",20,Coincheck,coincheck.com,,leading Japanese exchange
Kraken (Payward),Williams partner,"Crypto, Trading & Wealth",21,Bitso,bitso.com,,Latin America exchange
Kraken (Payward),Williams partner,"Crypto, Trading & Wealth",22,Poloniex,poloniex.com,,veteran US-origin exchange
Kraken (Payward),Williams partner,"Crypto, Trading & Wealth",23,WazirX,wazirx.com,,India-focused exchange
Kraken (Payward),Williams partner,"Crypto, Trading & Wealth",24,Upbit,upbit.com,,leading South Korean exchange
Kraken (Payward),Williams partner,"Crypto, Trading & Wealth",25,Bithumb,bithumb.com,,major South Korean exchange
Kraken (Payward),Williams partner,"Crypto, Trading & Wealth",26,Nexo,nexo.com,YES,Audi F1 partner
Kraken (Payward),Williams partner,"Crypto, Trading & Wealth",27,BitMart,bitmart.com,,global altcoin exchange
Kraken (Payward),Williams partner,"Crypto, Trading & Wealth",28,Uphold,uphold.com,,multi-asset trading platform
Kraken (Payward),Williams partner,"Crypto, Trading & Wealth",29,Phemex,phemex.com,,derivatives-focused exchange
Kraken (Payward),Williams partner,"Crypto, Trading & Wealth",30,LBank,lbank.com,,global altcoin exchange
Libertex,Audi F1 partner,"Crypto, Trading & Wealth",1,IG,ig.com,,large listed CFD/spread-betting broker
Libertex,Audi F1 partner,"Crypto, Trading & Wealth",2,CMC Markets,cmcmarkets.com,,listed CFD/forex broker
Libertex,Audi F1 partner,"Crypto, Trading & Wealth",3,AvaTrade,avatrade.com,YES,Red Bull Racing partner
Libertex,Audi F1 partner,"Crypto, Trading & Wealth",4,Pepperstone,pepperstone.com,YES,Aston Martin partner
Libertex,Audi F1 partner,"Crypto, Trading & Wealth",5,FxPro,fxpro.com,YES,McLaren partner
Libertex,Audi F1 partner,"Crypto, Trading & Wealth",6,Vantage Markets,vantagemarkets.com,YES,Ferrari partner
Libertex,Audi F1 partner,"Crypto, Trading & Wealth",7,XM (XMTrading),xmtrading.com,YES,Racing Bulls partner
Libertex,Audi F1 partner,"Crypto, Trading & Wealth",8,OANDA,oanda.com,,global forex/CFD broker
Libertex,Audi F1 partner,"Crypto, Trading & Wealth",9,FXCM,fxcm.com,,global forex/CFD broker
Libertex,Audi F1 partner,"Crypto, Trading & Wealth",10,Exness,exness.com,,high-volume forex/CFD broker
Libertex,Audi F1 partner,"Crypto, Trading & Wealth",11,IC Markets,icmarkets.com,,ECN forex/CFD broker
Libertex,Audi F1 partner,"Crypto, Trading & Wealth",12,FBS,fbs.com,,retail forex/CFD broker
Libertex,Audi F1 partner,"Crypto, Trading & Wealth",13,Tickmill,tickmill.com,,ECN forex/CFD broker
Libertex,Audi F1 partner,"Crypto, Trading & Wealth",14,HYCM,hycm.com,,forex/CFD broker
Libertex,Audi F1 partner,"Crypto, Trading & Wealth",15,Admirals (Admiral Markets),admiralmarkets.com,,forex/CFD broker
Libertex,Audi F1 partner,"Crypto, Trading & Wealth",16,Plus500,plus500.com,,listed CFD trading platform
Libertex,Audi F1 partner,"Crypto, Trading & Wealth",17,eToro,etoro.com,YES,Alpine partner
Libertex,Audi F1 partner,"Crypto, Trading & Wealth",18,Saxo Bank,home.saxo,,multi-asset trading/investment bank
Libertex,Audi F1 partner,"Crypto, Trading & Wealth",19,XTB,xtb.com,,listed forex/CFD broker
Libertex,Audi F1 partner,"Crypto, Trading & Wealth",20,Capital.com,capital.com,,CFD trading platform
Libertex,Audi F1 partner,"Crypto, Trading & Wealth",21,Skilling,skilling.com,,CFD/forex broker
Libertex,Audi F1 partner,"Crypto, Trading & Wealth",22,ThinkMarkets,thinkmarkets.com,,forex/CFD broker
Libertex,Audi F1 partner,"Crypto, Trading & Wealth",23,FP Markets,fpmarkets.com,,forex/CFD broker
Libertex,Audi F1 partner,"Crypto, Trading & Wealth",24,Eightcap,eightcap.com,,forex/CFD broker
Libertex,Audi F1 partner,"Crypto, Trading & Wealth",25,Axi,axi.com,,forex/CFD broker
Libertex,Audi F1 partner,"Crypto, Trading & Wealth",26,Global Prime,globalprime.com,,forex/CFD broker
Libertex,Audi F1 partner,"Crypto, Trading & Wealth",27,City Index,cityindex.com,,CFD/spread-betting broker
Libertex,Audi F1 partner,"Crypto, Trading & Wealth",28,easyMarkets,easymarkets.com,,forex/CFD broker
Libertex,Audi F1 partner,"Crypto, Trading & Wealth",29,Forex.com,forex.com,,StoneX retail forex/CFD brand
Libertex,Audi F1 partner,"Crypto, Trading & Wealth",30,BlackBull Markets,blackbull.com,,ECN forex/CFD broker
Nasdaq,Mercedes partner,"Crypto, Trading & Wealth",1,NYSE (Intercontinental Exchange),ice.com,,largest US stock exchange operator
Nasdaq,Mercedes partner,"Crypto, Trading & Wealth",2,CME Group,cmegroup.com,,derivatives exchange operator
Nasdaq,Mercedes partner,"Crypto, Trading & Wealth",3,Cboe Global Markets,cboe.com,,US options/equities exchange operator
Nasdaq,Mercedes partner,"Crypto, Trading & Wealth",4,London Stock Exchange Group,lseg.com,,exchange and data group
Nasdaq,Mercedes partner,"Crypto, Trading & Wealth",5,Deutsche Börse,deutsche-boerse.com,,German exchange operator
Nasdaq,Mercedes partner,"Crypto, Trading & Wealth",6,Euronext,euronext.com,,pan-European exchange operator
Nasdaq,Mercedes partner,"Crypto, Trading & Wealth",7,Hong Kong Exchanges and Clearing,hkex.com.hk,,HK exchange operator
Nasdaq,Mercedes partner,"Crypto, Trading & Wealth",8,Japan Exchange Group,jpx.co.jp,,Tokyo exchange operator
Nasdaq,Mercedes partner,"Crypto, Trading & Wealth",9,Shanghai Stock Exchange,sse.com.cn,,mainland China exchange
Nasdaq,Mercedes partner,"Crypto, Trading & Wealth",10,Shenzhen Stock Exchange,szse.cn,,mainland China exchange
Nasdaq,Mercedes partner,"Crypto, Trading & Wealth",11,Singapore Exchange (SGX),sgx.com,,Singapore exchange operator
Nasdaq,Mercedes partner,"Crypto, Trading & Wealth",12,Australian Securities Exchange (ASX),asx.com.au,,Australia's primary exchange
Nasdaq,Mercedes partner,"Crypto, Trading & Wealth",13,TMX Group (Toronto Stock Exchange),tmx.com,,Canada's exchange group
Nasdaq,Mercedes partner,"Crypto, Trading & Wealth",14,B3,b3.com.br,,Brazil's exchange operator
Nasdaq,Mercedes partner,"Crypto, Trading & Wealth",15,BSE India,bseindia.com,,India exchange
Nasdaq,Mercedes partner,"Crypto, Trading & Wealth",16,National Stock Exchange of India,nseindia.com,,India's largest exchange
Nasdaq,Mercedes partner,"Crypto, Trading & Wealth",17,MSCI,msci.com,,index and analytics provider
Nasdaq,Mercedes partner,"Crypto, Trading & Wealth",18,S&P Global (S&P Dow Jones Indices),spglobal.com,,index and ratings/data provider
Nasdaq,Mercedes partner,"Crypto, Trading & Wealth",19,FTSE Russell (LSEG),lseg.com,,index provider
Nasdaq,Mercedes partner,"Crypto, Trading & Wealth",20,Bloomberg,bloomberg.com,,financial data and terminal provider
Nasdaq,Mercedes partner,"Crypto, Trading & Wealth",21,LSEG Data & Analytics (Refinitiv),lseg.com,,market data provider
Nasdaq,Mercedes partner,"Crypto, Trading & Wealth",22,Moody's,moodys.com,,ratings and analytics provider
Nasdaq,Mercedes partner,"Crypto, Trading & Wealth",23,SIX Group,six-group.com,,Swiss exchange and data group
Nasdaq,Mercedes partner,"Crypto, Trading & Wealth",24,Johannesburg Stock Exchange,jse.co.za,,South Africa's exchange
Nasdaq,Mercedes partner,"Crypto, Trading & Wealth",25,Saudi Exchange (Tadawul),saudiexchange.sa,,Saudi Arabia's exchange
Nasdaq,Mercedes partner,"Crypto, Trading & Wealth",26,Bursa Malaysia,bursamalaysia.com,,Malaysia's exchange
Nasdaq,Mercedes partner,"Crypto, Trading & Wealth",27,Korea Exchange (KRX),krx.co.kr,,South Korea's exchange
Nasdaq,Mercedes partner,"Crypto, Trading & Wealth",28,Taiwan Stock Exchange,twse.com.tw,,Taiwan's exchange
Nasdaq,Mercedes partner,"Crypto, Trading & Wealth",29,Warsaw Stock Exchange,gpw.pl,,Poland's exchange
Nasdaq,Mercedes partner,"Crypto, Trading & Wealth",30,Borsa Istanbul,borsaistanbul.com,,Turkey's exchange
Nexo,Audi F1 partner,"Crypto, Trading & Wealth",1,YouHodler,youhodler.com,,crypto lending/earn platform
Nexo,Audi F1 partner,"Crypto, Trading & Wealth",2,Ledn,ledn.io,,crypto-backed lending
Nexo,Audi F1 partner,"Crypto, Trading & Wealth",3,CoinLoan,coinloan.io,,crypto lending platform
Nexo,Audi F1 partner,"Crypto, Trading & Wealth",4,Nebeus,nebeus.com,,crypto lending/banking app
Nexo,Audi F1 partner,"Crypto, Trading & Wealth",5,CoinRabbit,coinrabbit.io,,"crypto loans, no KYC"
Nexo,Audi F1 partner,"Crypto, Trading & Wealth",6,Unchained Capital,unchained.com,,bitcoin-backed loans
Nexo,Audi F1 partner,"Crypto, Trading & Wealth",7,Salt Lending,saltlending.com,,crypto-backed lending
Nexo,Audi F1 partner,"Crypto, Trading & Wealth",8,Abra,abra.com,,crypto wealth/lending platform
Nexo,Audi F1 partner,"Crypto, Trading & Wealth",9,Wirex,wirex.com,,crypto payments and earn app
Nexo,Audi F1 partner,"Crypto, Trading & Wealth",10,Aave,aave.com,,leading DeFi lending protocol
Nexo,Audi F1 partner,"Crypto, Trading & Wealth",11,Compound,compound.finance,,DeFi lending protocol
Nexo,Audi F1 partner,"Crypto, Trading & Wealth",12,MakerDAO (Sky),makerdao.com,,DeFi lending/stablecoin protocol
Nexo,Audi F1 partner,"Crypto, Trading & Wealth",13,Binance,binance.com,,Binance Earn lending/staking
Nexo,Audi F1 partner,"Crypto, Trading & Wealth",14,Coinbase,coinbase.com,YES,Aston Martin partner; Coinbase Earn
Nexo,Audi F1 partner,"Crypto, Trading & Wealth",15,Crypto.com,crypto.com,YES,F1 official partner; Earn product
Nexo,Audi F1 partner,"Crypto, Trading & Wealth",16,Kraken (Payward),kraken.com,YES,Williams partner; staking/earn
Nexo,Audi F1 partner,"Crypto, Trading & Wealth",17,OKX,okx.com,YES,McLaren partner; Earn product
Nexo,Audi F1 partner,"Crypto, Trading & Wealth",18,Bitfinex,bitfinex.com,,margin funding/lending
Nexo,Audi F1 partner,"Crypto, Trading & Wealth",19,Gemini,gemini.com,YES,McLaren partner; Gemini Earn (historical)
Nexo,Audi F1 partner,"Crypto, Trading & Wealth",20,Bitpanda,bitpanda.com,,EU crypto savings product
Nexo,Audi F1 partner,"Crypto, Trading & Wealth",21,Bybit,bybit.com,,Bybit Earn
Nexo,Audi F1 partner,"Crypto, Trading & Wealth",22,Bitget,bitget.com,,Bitget Earn
Nexo,Audi F1 partner,"Crypto, Trading & Wealth",23,KuCoin,kucoin.com,,KuCoin Earn
Nexo,Audi F1 partner,"Crypto, Trading & Wealth",24,Gate.io,gate.io,YES,Red Bull Racing partner; GateEarn
Nexo,Audi F1 partner,"Crypto, Trading & Wealth",25,BingX,bingx.com,YES,Ferrari partner
Nexo,Audi F1 partner,"Crypto, Trading & Wealth",26,Zoomex,zoomex.com,YES,Haas partner
Nexo,Audi F1 partner,"Crypto, Trading & Wealth",27,Uphold,uphold.com,,multi-asset rewards platform
Nexo,Audi F1 partner,"Crypto, Trading & Wealth",28,Bitstamp,bitstamp.net,,regulated exchange with staking
Nexo,Audi F1 partner,"Crypto, Trading & Wealth",29,Blockchain.com,blockchain.com,,wallet with rewards products
Nexo,Audi F1 partner,"Crypto, Trading & Wealth",30,Luno,luno.com,,emerging markets crypto savings
OKX,McLaren primary partner (committed through end-2026),"Crypto, Trading & Wealth",1,Binance,binance.com,,largest global crypto exchange by volume
OKX,McLaren primary partner (committed through end-2026),"Crypto, Trading & Wealth",2,Coinbase,coinbase.com,YES,Aston Martin partner
OKX,McLaren primary partner (committed through end-2026),"Crypto, Trading & Wealth",3,Kraken (Payward),kraken.com,YES,Williams partner
OKX,McLaren primary partner (committed through end-2026),"Crypto, Trading & Wealth",4,Crypto.com,crypto.com,YES,"F1 official partner, Miami GP title"
OKX,McLaren primary partner (committed through end-2026),"Crypto, Trading & Wealth",5,Gate.io,gate.io,YES,Red Bull Racing partner
OKX,McLaren primary partner (committed through end-2026),"Crypto, Trading & Wealth",6,Gemini,gemini.com,YES,McLaren partner
OKX,McLaren primary partner (committed through end-2026),"Crypto, Trading & Wealth",7,Bybit,bybit.com,,major derivatives-led exchange
OKX,McLaren primary partner (committed through end-2026),"Crypto, Trading & Wealth",8,KuCoin,kucoin.com,,global altcoin-heavy exchange
OKX,McLaren primary partner (committed through end-2026),"Crypto, Trading & Wealth",9,Bitget,bitget.com,,copy-trading focused exchange
OKX,McLaren primary partner (committed through end-2026),"Crypto, Trading & Wealth",10,Huobi / HTX,htx.com,,legacy Asia-based exchange
OKX,McLaren primary partner (committed through end-2026),"Crypto, Trading & Wealth",11,Bitfinex,bitfinex.com,,long-running pro trading exchange
OKX,McLaren primary partner (committed through end-2026),"Crypto, Trading & Wealth",12,Bitstamp,bitstamp.net,,one of the oldest regulated exchanges
OKX,McLaren primary partner (committed through end-2026),"Crypto, Trading & Wealth",13,BingX,bingx.com,YES,Ferrari partner
OKX,McLaren primary partner (committed through end-2026),"Crypto, Trading & Wealth",14,Zoomex,zoomex.com,YES,Haas partner
OKX,McLaren primary partner (committed through end-2026),"Crypto, Trading & Wealth",15,MEXC,mexc.com,,wide-listing altcoin exchange
OKX,McLaren primary partner (committed through end-2026),"Crypto, Trading & Wealth",16,Bitpanda,bitpanda.com,,EU retail crypto/investing app
OKX,McLaren primary partner (committed through end-2026),"Crypto, Trading & Wealth",17,CEX.IO,cex.io,,veteran crypto exchange
OKX,McLaren primary partner (committed through end-2026),"Crypto, Trading & Wealth",18,Blockchain.com,blockchain.com,,wallet + exchange platform
OKX,McLaren primary partner (committed through end-2026),"Crypto, Trading & Wealth",19,Luno,luno.com,,emerging-markets focused exchange
OKX,McLaren primary partner (committed through end-2026),"Crypto, Trading & Wealth",20,Coincheck,coincheck.com,,leading Japanese exchange
OKX,McLaren primary partner (committed through end-2026),"Crypto, Trading & Wealth",21,Bitso,bitso.com,,Latin America exchange
OKX,McLaren primary partner (committed through end-2026),"Crypto, Trading & Wealth",22,Poloniex,poloniex.com,,veteran US-origin exchange
OKX,McLaren primary partner (committed through end-2026),"Crypto, Trading & Wealth",23,WazirX,wazirx.com,,India-focused exchange
OKX,McLaren primary partner (committed through end-2026),"Crypto, Trading & Wealth",24,Upbit,upbit.com,,leading South Korean exchange
OKX,McLaren primary partner (committed through end-2026),"Crypto, Trading & Wealth",25,Bithumb,bithumb.com,,major South Korean exchange
OKX,McLaren primary partner (committed through end-2026),"Crypto, Trading & Wealth",26,Nexo,nexo.com,YES,Audi F1 partner
OKX,McLaren primary partner (committed through end-2026),"Crypto, Trading & Wealth",27,BitMart,bitmart.com,,global altcoin exchange
OKX,McLaren primary partner (committed through end-2026),"Crypto, Trading & Wealth",28,Uphold,uphold.com,,multi-asset trading platform
OKX,McLaren primary partner (committed through end-2026),"Crypto, Trading & Wealth",29,Phemex,phemex.com,,derivatives-focused exchange
OKX,McLaren primary partner (committed through end-2026),"Crypto, Trading & Wealth",30,LBank,lbank.com,,global altcoin exchange
Pepperstone,Aston Martin partner,"Crypto, Trading & Wealth",1,IG,ig.com,,large listed CFD/spread-betting broker
Pepperstone,Aston Martin partner,"Crypto, Trading & Wealth",2,CMC Markets,cmcmarkets.com,,listed CFD/forex broker
Pepperstone,Aston Martin partner,"Crypto, Trading & Wealth",3,AvaTrade,avatrade.com,YES,Red Bull Racing partner
Pepperstone,Aston Martin partner,"Crypto, Trading & Wealth",4,FxPro,fxpro.com,YES,McLaren partner
Pepperstone,Aston Martin partner,"Crypto, Trading & Wealth",5,Vantage Markets,vantagemarkets.com,YES,Ferrari partner
Pepperstone,Aston Martin partner,"Crypto, Trading & Wealth",6,XM (XMTrading),xmtrading.com,YES,Racing Bulls partner
Pepperstone,Aston Martin partner,"Crypto, Trading & Wealth",7,Libertex,libertex.com,YES,Audi F1 partner
Pepperstone,Aston Martin partner,"Crypto, Trading & Wealth",8,OANDA,oanda.com,,global forex/CFD broker
Pepperstone,Aston Martin partner,"Crypto, Trading & Wealth",9,FXCM,fxcm.com,,global forex/CFD broker
Pepperstone,Aston Martin partner,"Crypto, Trading & Wealth",10,Exness,exness.com,,high-volume forex/CFD broker
Pepperstone,Aston Martin partner,"Crypto, Trading & Wealth",11,IC Markets,icmarkets.com,,ECN forex/CFD broker
Pepperstone,Aston Martin partner,"Crypto, Trading & Wealth",12,FBS,fbs.com,,retail forex/CFD broker
Pepperstone,Aston Martin partner,"Crypto, Trading & Wealth",13,Tickmill,tickmill.com,,ECN forex/CFD broker
Pepperstone,Aston Martin partner,"Crypto, Trading & Wealth",14,HYCM,hycm.com,,forex/CFD broker
Pepperstone,Aston Martin partner,"Crypto, Trading & Wealth",15,Admirals (Admiral Markets),admiralmarkets.com,,forex/CFD broker
Pepperstone,Aston Martin partner,"Crypto, Trading & Wealth",16,Plus500,plus500.com,,listed CFD trading platform
Pepperstone,Aston Martin partner,"Crypto, Trading & Wealth",17,eToro,etoro.com,YES,Alpine partner
Pepperstone,Aston Martin partner,"Crypto, Trading & Wealth",18,Saxo Bank,home.saxo,,multi-asset trading/investment bank
Pepperstone,Aston Martin partner,"Crypto, Trading & Wealth",19,XTB,xtb.com,,listed forex/CFD broker
Pepperstone,Aston Martin partner,"Crypto, Trading & Wealth",20,Capital.com,capital.com,,CFD trading platform
Pepperstone,Aston Martin partner,"Crypto, Trading & Wealth",21,Skilling,skilling.com,,CFD/forex broker
Pepperstone,Aston Martin partner,"Crypto, Trading & Wealth",22,ThinkMarkets,thinkmarkets.com,,forex/CFD broker
Pepperstone,Aston Martin partner,"Crypto, Trading & Wealth",23,FP Markets,fpmarkets.com,,forex/CFD broker
Pepperstone,Aston Martin partner,"Crypto, Trading & Wealth",24,Eightcap,eightcap.com,,forex/CFD broker
Pepperstone,Aston Martin partner,"Crypto, Trading & Wealth",25,Axi,axi.com,,forex/CFD broker
Pepperstone,Aston Martin partner,"Crypto, Trading & Wealth",26,Global Prime,globalprime.com,,forex/CFD broker
Pepperstone,Aston Martin partner,"Crypto, Trading & Wealth",27,City Index,cityindex.com,,CFD/spread-betting broker
Pepperstone,Aston Martin partner,"Crypto, Trading & Wealth",28,easyMarkets,easymarkets.com,,forex/CFD broker
Pepperstone,Aston Martin partner,"Crypto, Trading & Wealth",29,Forex.com,forex.com,,StoneX retail forex/CFD brand
Pepperstone,Aston Martin partner,"Crypto, Trading & Wealth",30,BlackBull Markets,blackbull.com,,ECN forex/CFD broker
Public.com,Aston Martin partner,"Crypto, Trading & Wealth",1,Robinhood,robinhood.com,,commission-free trading app
Public.com,Aston Martin partner,"Crypto, Trading & Wealth",2,eToro,etoro.com,YES,Alpine partner
Public.com,Aston Martin partner,"Crypto, Trading & Wealth",3,Webull,webull.com,,retail trading app
Public.com,Aston Martin partner,"Crypto, Trading & Wealth",4,Fidelity Investments,fidelity.com,,full-service brokerage
Public.com,Aston Martin partner,"Crypto, Trading & Wealth",5,Charles Schwab,schwab.com,,full-service brokerage
Public.com,Aston Martin partner,"Crypto, Trading & Wealth",6,E*TRADE (Morgan Stanley),etrade.com,,online brokerage
Public.com,Aston Martin partner,"Crypto, Trading & Wealth",7,TD Ameritrade / Schwab,tdameritrade.com,,online brokerage brand
Public.com,Aston Martin partner,"Crypto, Trading & Wealth",8,Interactive Brokers,interactivebrokers.com,,global multi-asset broker
Public.com,Aston Martin partner,"Crypto, Trading & Wealth",9,SoFi Invest,sofi.com,,investing within SoFi super-app
Public.com,Aston Martin partner,"Crypto, Trading & Wealth",10,Acorns,acorns.com,,micro-investing app
Public.com,Aston Martin partner,"Crypto, Trading & Wealth",11,Stash,stash.com,,investing and banking app
Public.com,Aston Martin partner,"Crypto, Trading & Wealth",12,Wealthfront,wealthfront.com,,robo-advisor
Public.com,Aston Martin partner,"Crypto, Trading & Wealth",13,Betterment,betterment.com,,robo-advisor
Public.com,Aston Martin partner,"Crypto, Trading & Wealth",14,M1 Finance,m1.com,,automated investing app
Public.com,Aston Martin partner,"Crypto, Trading & Wealth",15,Moomoo,moomoo.com,,retail trading app
Public.com,Aston Martin partner,"Crypto, Trading & Wealth",16,Tastytrade,tastytrade.com,,options-focused broker
Public.com,Aston Martin partner,"Crypto, Trading & Wealth",17,Vanguard,vanguard.com,,asset manager/brokerage
Public.com,Aston Martin partner,"Crypto, Trading & Wealth",18,Ally Invest,ally.com,,digital bank brokerage
Public.com,Aston Martin partner,"Crypto, Trading & Wealth",19,Merrill Edge,merrilledge.com,,Bank of America brokerage
Public.com,Aston Martin partner,"Crypto, Trading & Wealth",20,J.P. Morgan Self-Directed Investing,chase.com,,Chase brokerage product
Public.com,Aston Martin partner,"Crypto, Trading & Wealth",21,Trading 212,trading212.com,,European commission-free trading app
Public.com,Aston Martin partner,"Crypto, Trading & Wealth",22,Freetrade,freetrade.io,,UK commission-free trading app
Public.com,Aston Martin partner,"Crypto, Trading & Wealth",23,DEGIRO,degiro.com,,European low-cost broker
Public.com,Aston Martin partner,"Crypto, Trading & Wealth",24,Revolut,revolut.com,YES,Audi F1 title partner; in-app investing
Public.com,Aston Martin partner,"Crypto, Trading & Wealth",25,Cash App Investing,cash.app,YES,Racing Bulls title partner; stock/BTC investing
Public.com,Aston Martin partner,"Crypto, Trading & Wealth",26,Plus500,plus500.com,,CFD trading platform
Public.com,Aston Martin partner,"Crypto, Trading & Wealth",27,IG,ig.com,,multi-asset broker
Public.com,Aston Martin partner,"Crypto, Trading & Wealth",28,Saxo Bank,home.saxo,,multi-asset trading/investment bank
Public.com,Aston Martin partner,"Crypto, Trading & Wealth",29,XTB,xtb.com,,listed trading/investing broker
Public.com,Aston Martin partner,"Crypto, Trading & Wealth",30,Nutmeg (JPMorgan),nutmeg.com,,UK robo-advisor
Vantage Markets,Ferrari partner,"Crypto, Trading & Wealth",1,IG,ig.com,,large listed CFD/spread-betting broker
Vantage Markets,Ferrari partner,"Crypto, Trading & Wealth",2,CMC Markets,cmcmarkets.com,,listed CFD/forex broker
Vantage Markets,Ferrari partner,"Crypto, Trading & Wealth",3,AvaTrade,avatrade.com,YES,Red Bull Racing partner
Vantage Markets,Ferrari partner,"Crypto, Trading & Wealth",4,Pepperstone,pepperstone.com,YES,Aston Martin partner
Vantage Markets,Ferrari partner,"Crypto, Trading & Wealth",5,FxPro,fxpro.com,YES,McLaren partner
Vantage Markets,Ferrari partner,"Crypto, Trading & Wealth",6,XM (XMTrading),xmtrading.com,YES,Racing Bulls partner
Vantage Markets,Ferrari partner,"Crypto, Trading & Wealth",7,Libertex,libertex.com,YES,Audi F1 partner
Vantage Markets,Ferrari partner,"Crypto, Trading & Wealth",8,OANDA,oanda.com,,global forex/CFD broker
Vantage Markets,Ferrari partner,"Crypto, Trading & Wealth",9,FXCM,fxcm.com,,global forex/CFD broker
Vantage Markets,Ferrari partner,"Crypto, Trading & Wealth",10,Exness,exness.com,,high-volume forex/CFD broker
Vantage Markets,Ferrari partner,"Crypto, Trading & Wealth",11,IC Markets,icmarkets.com,,ECN forex/CFD broker
Vantage Markets,Ferrari partner,"Crypto, Trading & Wealth",12,FBS,fbs.com,,retail forex/CFD broker
Vantage Markets,Ferrari partner,"Crypto, Trading & Wealth",13,Tickmill,tickmill.com,,ECN forex/CFD broker
Vantage Markets,Ferrari partner,"Crypto, Trading & Wealth",14,HYCM,hycm.com,,forex/CFD broker
Vantage Markets,Ferrari partner,"Crypto, Trading & Wealth",15,Admirals (Admiral Markets),admiralmarkets.com,,forex/CFD broker
Vantage Markets,Ferrari partner,"Crypto, Trading & Wealth",16,Plus500,plus500.com,,listed CFD trading platform
Vantage Markets,Ferrari partner,"Crypto, Trading & Wealth",17,eToro,etoro.com,YES,Alpine partner
Vantage Markets,Ferrari partner,"Crypto, Trading & Wealth",18,Saxo Bank,home.saxo,,multi-asset trading/investment bank
Vantage Markets,Ferrari partner,"Crypto, Trading & Wealth",19,XTB,xtb.com,,listed forex/CFD broker
Vantage Markets,Ferrari partner,"Crypto, Trading & Wealth",20,Capital.com,capital.com,,CFD trading platform
Vantage Markets,Ferrari partner,"Crypto, Trading & Wealth",21,Skilling,skilling.com,,CFD/forex broker
Vantage Markets,Ferrari partner,"Crypto, Trading & Wealth",22,ThinkMarkets,thinkmarkets.com,,forex/CFD broker
Vantage Markets,Ferrari partner,"Crypto, Trading & Wealth",23,FP Markets,fpmarkets.com,,forex/CFD broker
Vantage Markets,Ferrari partner,"Crypto, Trading & Wealth",24,Eightcap,eightcap.com,,forex/CFD broker
Vantage Markets,Ferrari partner,"Crypto, Trading & Wealth",25,Axi,axi.com,,forex/CFD broker
Vantage Markets,Ferrari partner,"Crypto, Trading & Wealth",26,Global Prime,globalprime.com,,forex/CFD broker
Vantage Markets,Ferrari partner,"Crypto, Trading & Wealth",27,City Index,cityindex.com,,CFD/spread-betting broker
Vantage Markets,Ferrari partner,"Crypto, Trading & Wealth",28,easyMarkets,easymarkets.com,,forex/CFD broker
Vantage Markets,Ferrari partner,"Crypto, Trading & Wealth",29,Forex.com,forex.com,,StoneX retail forex/CFD brand
Vantage Markets,Ferrari partner,"Crypto, Trading & Wealth",30,BlackBull Markets,blackbull.com,,ECN forex/CFD broker
XMTrading (Trading Point Group),Racing Bulls partner,"Crypto, Trading & Wealth",1,IG,ig.com,,large listed CFD/spread-betting broker
XMTrading (Trading Point Group),Racing Bulls partner,"Crypto, Trading & Wealth",2,CMC Markets,cmcmarkets.com,,listed CFD/forex broker
XMTrading (Trading Point Group),Racing Bulls partner,"Crypto, Trading & Wealth",3,AvaTrade,avatrade.com,YES,Red Bull Racing partner
XMTrading (Trading Point Group),Racing Bulls partner,"Crypto, Trading & Wealth",4,Pepperstone,pepperstone.com,YES,Aston Martin partner
XMTrading (Trading Point Group),Racing Bulls partner,"Crypto, Trading & Wealth",5,FxPro,fxpro.com,YES,McLaren partner
XMTrading (Trading Point Group),Racing Bulls partner,"Crypto, Trading & Wealth",6,Vantage Markets,vantagemarkets.com,YES,Ferrari partner
XMTrading (Trading Point Group),Racing Bulls partner,"Crypto, Trading & Wealth",7,Libertex,libertex.com,YES,Audi F1 partner
XMTrading (Trading Point Group),Racing Bulls partner,"Crypto, Trading & Wealth",8,OANDA,oanda.com,,global forex/CFD broker
XMTrading (Trading Point Group),Racing Bulls partner,"Crypto, Trading & Wealth",9,FXCM,fxcm.com,,global forex/CFD broker
XMTrading (Trading Point Group),Racing Bulls partner,"Crypto, Trading & Wealth",10,Exness,exness.com,,high-volume forex/CFD broker
XMTrading (Trading Point Group),Racing Bulls partner,"Crypto, Trading & Wealth",11,IC Markets,icmarkets.com,,ECN forex/CFD broker
XMTrading (Trading Point Group),Racing Bulls partner,"Crypto, Trading & Wealth",12,FBS,fbs.com,,retail forex/CFD broker
XMTrading (Trading Point Group),Racing Bulls partner,"Crypto, Trading & Wealth",13,Tickmill,tickmill.com,,ECN forex/CFD broker
XMTrading (Trading Point Group),Racing Bulls partner,"Crypto, Trading & Wealth",14,HYCM,hycm.com,,forex/CFD broker
XMTrading (Trading Point Group),Racing Bulls partner,"Crypto, Trading & Wealth",15,Admirals (Admiral Markets),admiralmarkets.com,,forex/CFD broker
XMTrading (Trading Point Group),Racing Bulls partner,"Crypto, Trading & Wealth",16,Plus500,plus500.com,,listed CFD trading platform
XMTrading (Trading Point Group),Racing Bulls partner,"Crypto, Trading & Wealth",17,eToro,etoro.com,YES,Alpine partner
XMTrading (Trading Point Group),Racing Bulls partner,"Crypto, Trading & Wealth",18,Saxo Bank,home.saxo,,multi-asset trading/investment bank
XMTrading (Trading Point Group),Racing Bulls partner,"Crypto, Trading & Wealth",19,XTB,xtb.com,,listed forex/CFD broker
XMTrading (Trading Point Group),Racing Bulls partner,"Crypto, Trading & Wealth",20,Capital.com,capital.com,,CFD trading platform
XMTrading (Trading Point Group),Racing Bulls partner,"Crypto, Trading & Wealth",21,Skilling,skilling.com,,CFD/forex broker
XMTrading (Trading Point Group),Racing Bulls partner,"Crypto, Trading & Wealth",22,ThinkMarkets,thinkmarkets.com,,forex/CFD broker
XMTrading (Trading Point Group),Racing Bulls partner,"Crypto, Trading & Wealth",23,FP Markets,fpmarkets.com,,forex/CFD broker
XMTrading (Trading Point Group),Racing Bulls partner,"Crypto, Trading & Wealth",24,Eightcap,eightcap.com,,forex/CFD broker
XMTrading (Trading Point Group),Racing Bulls partner,"Crypto, Trading & Wealth",25,Axi,axi.com,,forex/CFD broker
XMTrading (Trading Point Group),Racing Bulls partner,"Crypto, Trading & Wealth",26,Global Prime,globalprime.com,,forex/CFD broker
XMTrading (Trading Point Group),Racing Bulls partner,"Crypto, Trading & Wealth",27,City Index,cityindex.com,,CFD/spread-betting broker
XMTrading (Trading Point Group),Racing Bulls partner,"Crypto, Trading & Wealth",28,easyMarkets,easymarkets.com,,forex/CFD broker
XMTrading (Trading Point Group),Racing Bulls partner,"Crypto, Trading & Wealth",29,Forex.com,forex.com,,StoneX retail forex/CFD brand
XMTrading (Trading Point Group),Racing Bulls partner,"Crypto, Trading & Wealth",30,BlackBull Markets,blackbull.com,,ECN forex/CFD broker
Zoomex,Haas partner,"Crypto, Trading & Wealth",1,Binance,binance.com,,largest global crypto exchange by volume
Zoomex,Haas partner,"Crypto, Trading & Wealth",2,Coinbase,coinbase.com,YES,Aston Martin partner
Zoomex,Haas partner,"Crypto, Trading & Wealth",3,Kraken (Payward),kraken.com,YES,Williams partner
Zoomex,Haas partner,"Crypto, Trading & Wealth",4,Crypto.com,crypto.com,YES,"F1 official partner, Miami GP title"
Zoomex,Haas partner,"Crypto, Trading & Wealth",5,OKX,okx.com,YES,McLaren primary partner
Zoomex,Haas partner,"Crypto, Trading & Wealth",6,Gate.io,gate.io,YES,Red Bull Racing partner
Zoomex,Haas partner,"Crypto, Trading & Wealth",7,Gemini,gemini.com,YES,McLaren partner
Zoomex,Haas partner,"Crypto, Trading & Wealth",8,Bybit,bybit.com,,major derivatives-led exchange
Zoomex,Haas partner,"Crypto, Trading & Wealth",9,KuCoin,kucoin.com,,global altcoin-heavy exchange
Zoomex,Haas partner,"Crypto, Trading & Wealth",10,Bitget,bitget.com,,copy-trading focused exchange
Zoomex,Haas partner,"Crypto, Trading & Wealth",11,Huobi / HTX,htx.com,,legacy Asia-based exchange
Zoomex,Haas partner,"Crypto, Trading & Wealth",12,Bitfinex,bitfinex.com,,long-running pro trading exchange
Zoomex,Haas partner,"Crypto, Trading & Wealth",13,Bitstamp,bitstamp.net,,one of the oldest regulated exchanges
Zoomex,Haas partner,"Crypto, Trading & Wealth",14,BingX,bingx.com,YES,Ferrari partner
Zoomex,Haas partner,"Crypto, Trading & Wealth",15,MEXC,mexc.com,,wide-listing altcoin exchange
Zoomex,Haas partner,"Crypto, Trading & Wealth",16,Bitpanda,bitpanda.com,,EU retail crypto/investing app
Zoomex,Haas partner,"Crypto, Trading & Wealth",17,CEX.IO,cex.io,,veteran crypto exchange
Zoomex,Haas partner,"Crypto, Trading & Wealth",18,Blockchain.com,blockchain.com,,wallet + exchange platform
Zoomex,Haas partner,"Crypto, Trading & Wealth",19,Luno,luno.com,,emerging-markets focused exchange
Zoomex,Haas partner,"Crypto, Trading & Wealth",20,Coincheck,coincheck.com,,leading Japanese exchange
Zoomex,Haas partner,"Crypto, Trading & Wealth",21,Bitso,bitso.com,,Latin America exchange
Zoomex,Haas partner,"Crypto, Trading & Wealth",22,Poloniex,poloniex.com,,veteran US-origin exchange
Zoomex,Haas partner,"Crypto, Trading & Wealth",23,WazirX,wazirx.com,,India-focused exchange
Zoomex,Haas partner,"Crypto, Trading & Wealth",24,Upbit,upbit.com,,leading South Korean exchange
Zoomex,Haas partner,"Crypto, Trading & Wealth",25,Bithumb,bithumb.com,,major South Korean exchange
Zoomex,Haas partner,"Crypto, Trading & Wealth",26,Nexo,nexo.com,YES,Audi F1 partner
Zoomex,Haas partner,"Crypto, Trading & Wealth",27,BitMart,bitmart.com,,global altcoin exchange
Zoomex,Haas partner,"Crypto, Trading & Wealth",28,Uphold,uphold.com,,multi-asset trading platform
Zoomex,Haas partner,"Crypto, Trading & Wealth",29,Phemex,phemex.com,,derivatives-focused exchange
Zoomex,Haas partner,"Crypto, Trading & Wealth",30,LBank,lbank.com,,global altcoin exchange
1Password,Red Bull Racing partner,"Cyber, IT & Hardware",1,Keeper Security,keepersecurity.com,YES,Williams partner
1Password,Red Bull Racing partner,"Cyber, IT & Hardware",2,Bitwarden,bitwarden.com,,open-source password manager
1Password,Red Bull Racing partner,"Cyber, IT & Hardware",3,Dashlane,dashlane.com,,password manager/PAM
1Password,Red Bull Racing partner,"Cyber, IT & Hardware",4,LastPass,lastpass.com,,password manager
1Password,Red Bull Racing partner,"Cyber, IT & Hardware",5,NordPass,nordpass.com,,password manager
1Password,Red Bull Racing partner,"Cyber, IT & Hardware",6,RoboForm,roboform.com,,password manager
1Password,Red Bull Racing partner,"Cyber, IT & Hardware",7,Zoho Vault,zoho.com,,enterprise password manager
1Password,Red Bull Racing partner,"Cyber, IT & Hardware",8,CyberArk,cyberark.com,,privileged access management
1Password,Red Bull Racing partner,"Cyber, IT & Hardware",9,BeyondTrust,beyondtrust.com,,PAM/remote support
1Password,Red Bull Racing partner,"Cyber, IT & Hardware",10,Delinea (Thycotic),delinea.com,,privileged access management
1Password,Red Bull Racing partner,"Cyber, IT & Hardware",11,Okta,okta.com,YES,McLaren partner
1Password,Red Bull Racing partner,"Cyber, IT & Hardware",12,Microsoft Entra ID,microsoft.com,YES,Mercedes/Alpine partner
1Password,Red Bull Racing partner,"Cyber, IT & Hardware",13,Ping Identity,pingidentity.com,,identity & access management
1Password,Red Bull Racing partner,"Cyber, IT & Hardware",14,SailPoint,sailpoint.com,,identity governance
1Password,Red Bull Racing partner,"Cyber, IT & Hardware",15,One Identity (OneLogin),oneidentity.com,,identity management
1Password,Red Bull Racing partner,"Cyber, IT & Hardware",16,StrongDM,strongdm.com,,infrastructure access platform
1Password,Red Bull Racing partner,"Cyber, IT & Hardware",17,Enpass,enpass.io,,password manager
1Password,Red Bull Racing partner,"Cyber, IT & Hardware",18,Proton Pass,proton.me,,encrypted password manager
1Password,Red Bull Racing partner,"Cyber, IT & Hardware",19,Google Password Manager,google.com,YES,McLaren partner
1Password,Red Bull Racing partner,"Cyber, IT & Hardware",20,Apple iCloud Keychain,apple.com,,built-in password manager
1Password,Red Bull Racing partner,"Cyber, IT & Hardware",21,Kaspersky Password Manager,kaspersky.com,,password manager
1Password,Red Bull Racing partner,"Cyber, IT & Hardware",22,KeePass,keepass.info,,open-source local vault
1Password,Red Bull Racing partner,"Cyber, IT & Hardware",23,LogMeIn/GoTo,goto.com,,remote access & password tools
1Password,Red Bull Racing partner,"Cyber, IT & Hardware",24,N-able,n-able.com,,MSP security/PAM tools
1Password,Red Bull Racing partner,"Cyber, IT & Hardware",25,ManageEngine PAM360,manageengine.com,,privileged access management
1Password,Red Bull Racing partner,"Cyber, IT & Hardware",26,IBM Security Verify,ibm.com,YES,Ferrari partner
1Password,Red Bull Racing partner,"Cyber, IT & Hardware",27,WALLIX,wallix.com,,privileged access management
1Password,Red Bull Racing partner,"Cyber, IT & Hardware",28,Devolutions,devolutions.net,,PAM for IT teams
1Password,Red Bull Racing partner,"Cyber, IT & Hardware",29,Sticky Password,stickypassword.com,,password manager
1Password,Red Bull Racing partner,"Cyber, IT & Hardware",30,Thales SafeNet Trusted Access,thalesgroup.com,,access management
Akkodis (Adecco Group),Mercedes partner,"Cyber, IT & Hardware",1,Capgemini Engineering,capgemini-engineering.com,,engineering & R&D services
Akkodis (Adecco Group),Mercedes partner,"Cyber, IT & Hardware",2,Alten Group,alten.com,,engineering/IT consulting
Akkodis (Adecco Group),Mercedes partner,"Cyber, IT & Hardware",3,Segula Technologies,segula.com,,engineering consulting
Akkodis (Adecco Group),Mercedes partner,"Cyber, IT & Hardware",4,Expleo,expleo.com,,engineering & quality consulting
Akkodis (Adecco Group),Mercedes partner,"Cyber, IT & Hardware",5,Cognizant,cognizant.com,YES,Aston Martin partner
Akkodis (Adecco Group),Mercedes partner,"Cyber, IT & Hardware",6,Accenture,accenture.com,,IT/consulting services
Akkodis (Adecco Group),Mercedes partner,"Cyber, IT & Hardware",7,Wipro,wipro.com,,IT services/consulting
Akkodis (Adecco Group),Mercedes partner,"Cyber, IT & Hardware",8,Infosys,infosys.com,,IT services/consulting
Akkodis (Adecco Group),Mercedes partner,"Cyber, IT & Hardware",9,Tata Consultancy Services (TCS),tcs.com,,IT services/consulting
Akkodis (Adecco Group),Mercedes partner,"Cyber, IT & Hardware",10,HCLTech,hcltech.com,,IT services/consulting
Akkodis (Adecco Group),Mercedes partner,"Cyber, IT & Hardware",11,Randstad (Randstad Digital),randstad.com,YES,Racing Bulls partner
Akkodis (Adecco Group),Mercedes partner,"Cyber, IT & Hardware",12,ManpowerGroup,manpowergroup.com,YES,Ferrari partner
Akkodis (Adecco Group),Mercedes partner,"Cyber, IT & Hardware",13,Sopra Steria,soprasteria.com,,IT services/consulting
Akkodis (Adecco Group),Mercedes partner,"Cyber, IT & Hardware",14,Atos,atos.net,,IT services/consulting
Akkodis (Adecco Group),Mercedes partner,"Cyber, IT & Hardware",15,Assystem,assystem.com,,engineering consulting
Akkodis (Adecco Group),Mercedes partner,"Cyber, IT & Hardware",16,GlobalLogic (Hitachi),globallogic.com,,digital engineering services
Akkodis (Adecco Group),Mercedes partner,"Cyber, IT & Hardware",17,Luxoft (DXC),luxoft.com,,digital engineering services
Akkodis (Adecco Group),Mercedes partner,"Cyber, IT & Hardware",18,NTT DATA,nttdata.com,YES,Red Bull partner
Akkodis (Adecco Group),Mercedes partner,"Cyber, IT & Hardware",19,Tech Mahindra,techmahindra.com,,IT services/consulting
Akkodis (Adecco Group),Mercedes partner,"Cyber, IT & Hardware",20,EPAM Systems,epam.com,,digital engineering services
Akkodis (Adecco Group),Mercedes partner,"Cyber, IT & Hardware",21,Globant,globant.com,YES,F1 official partner
Akkodis (Adecco Group),Mercedes partner,"Cyber, IT & Hardware",22,Mphasis,mphasis.com,YES,Haas partner
Akkodis (Adecco Group),Mercedes partner,"Cyber, IT & Hardware",23,Brillio,brillio.com,YES,Williams partner
Akkodis (Adecco Group),Mercedes partner,"Cyber, IT & Hardware",24,RebelDot,rebeldot.com,YES,Racing Bulls partner
Akkodis (Adecco Group),Mercedes partner,"Cyber, IT & Hardware",25,IndraMind (Indra Sistemas),indracompany.com,YES,Alpine partner
Akkodis (Adecco Group),Mercedes partner,"Cyber, IT & Hardware",26,Kelly Services,kellyservices.com,,technology staffing
Akkodis (Adecco Group),Mercedes partner,"Cyber, IT & Hardware",27,Robert Half Technology,roberthalf.com,,IT staffing
Akkodis (Adecco Group),Mercedes partner,"Cyber, IT & Hardware",28,TEKsystems (Allegis Group),teksystems.com,,IT staffing/services
Akkodis (Adecco Group),Mercedes partner,"Cyber, IT & Hardware",29,Insight Global,insightglobal.com,,IT staffing
Akkodis (Adecco Group),Mercedes partner,"Cyber, IT & Hardware",30,Harvey Nash Group,harveynash.com,,technology recruitment/consulting
AMD,Mercedes partner,"Cyber, IT & Hardware",1,Intel,intel.com,,CPUs/data center chips
AMD,Mercedes partner,"Cyber, IT & Hardware",2,NVIDIA,nvidia.com,,GPUs/AI accelerators
AMD,Mercedes partner,"Cyber, IT & Hardware",3,Qualcomm (Snapdragon),qualcomm.com,YES,Mercedes partner
AMD,Mercedes partner,"Cyber, IT & Hardware",4,Apple (Silicon),apple.com,,custom CPU/GPU silicon
AMD,Mercedes partner,"Cyber, IT & Hardware",5,Arm Holdings,arm.com,YES,Aston Martin partner
AMD,Mercedes partner,"Cyber, IT & Hardware",6,Broadcom,broadcom.com,,custom silicon/networking chips
AMD,Mercedes partner,"Cyber, IT & Hardware",7,MediaTek,mediatek.com,,mobile/PC chipsets
AMD,Mercedes partner,"Cyber, IT & Hardware",8,Samsung Semiconductor,semiconductor.samsung.com,,chip design & foundry
AMD,Mercedes partner,"Cyber, IT & Hardware",9,IBM (Power),ibm.com,YES,Ferrari partner
AMD,Mercedes partner,"Cyber, IT & Hardware",10,Marvell Technology,marvell.com,,data center/networking silicon
AMD,Mercedes partner,"Cyber, IT & Hardware",11,Texas Instruments,ti.com,,semiconductors
AMD,Mercedes partner,"Cyber, IT & Hardware",12,Cerebras Systems,cerebras.net,,AI compute chips
AMD,Mercedes partner,"Cyber, IT & Hardware",13,Graphcore,graphcore.ai,,AI accelerators
AMD,Mercedes partner,"Cyber, IT & Hardware",14,SiFive,sifive.com,,RISC-V processor IP
AMD,Mercedes partner,"Cyber, IT & Hardware",15,Ampere Computing,amperecomputing.com,,Arm-based server CPUs
AMD,Mercedes partner,"Cyber, IT & Hardware",16,GlobalFoundries,gf.com,,semiconductor foundry
AMD,Mercedes partner,"Cyber, IT & Hardware",17,Huawei (HiSilicon),huawei.com,,chip design
AMD,Mercedes partner,"Cyber, IT & Hardware",18,Rockchip,rock-chips.com,,embedded/mobile SoCs
AMD,Mercedes partner,"Cyber, IT & Hardware",19,STMicroelectronics,st.com,,semiconductors
AMD,Mercedes partner,"Cyber, IT & Hardware",20,Renesas Electronics,renesas.com,,microcontrollers/SoCs
AMD,Mercedes partner,"Cyber, IT & Hardware",21,Infineon Technologies,infineon.com,,semiconductors
AMD,Mercedes partner,"Cyber, IT & Hardware",22,NXP Semiconductors,nxp.com,,semiconductors
AMD,Mercedes partner,"Cyber, IT & Hardware",23,Analog Devices,analog.com,,semiconductors
AMD,Mercedes partner,"Cyber, IT & Hardware",24,Micron Technology,micron.com,,memory chips
AMD,Mercedes partner,"Cyber, IT & Hardware",25,SK hynix,skhynix.com,,memory chips
AMD,Mercedes partner,"Cyber, IT & Hardware",26,Groq,groq.com,YES,McLaren partner
AMD,Mercedes partner,"Cyber, IT & Hardware",27,Tenstorrent,tenstorrent.com,,AI processors
AMD,Mercedes partner,"Cyber, IT & Hardware",28,TSMC,tsmc.com,,semiconductor foundry
AMD,Mercedes partner,"Cyber, IT & Hardware",29,Loongson Technology,loongson.cn,,CPU design (China)
AMD,Mercedes partner,"Cyber, IT & Hardware",30,VIA Technologies,via.com.tw,,x86 chipsets
Arm (SoftBank Group),Aston Martin partner,"Cyber, IT & Hardware",1,Intel,intel.com,,x86 CPU architecture
Arm (SoftBank Group),Aston Martin partner,"Cyber, IT & Hardware",2,AMD,amd.com,YES,Mercedes partner
Arm (SoftBank Group),Aston Martin partner,"Cyber, IT & Hardware",3,RISC-V International / SiFive,sifive.com,,open RISC-V processor IP
Arm (SoftBank Group),Aston Martin partner,"Cyber, IT & Hardware",4,MIPS Technology,mips.com,,processor architecture/IP
Arm (SoftBank Group),Aston Martin partner,"Cyber, IT & Hardware",5,Imagination Technologies,imaginationtech.com,,GPU/CPU IP licensing
Arm (SoftBank Group),Aston Martin partner,"Cyber, IT & Hardware",6,IBM (Power ISA),ibm.com,YES,Ferrari partner
Arm (SoftBank Group),Aston Martin partner,"Cyber, IT & Hardware",7,Qualcomm (custom CPU cores),qualcomm.com,YES,Mercedes partner
Arm (SoftBank Group),Aston Martin partner,"Cyber, IT & Hardware",8,Andes Technology,andestech.com,,RISC-V processor IP
Arm (SoftBank Group),Aston Martin partner,"Cyber, IT & Hardware",9,Codasip,codasip.com,,RISC-V processor IP
Arm (SoftBank Group),Aston Martin partner,"Cyber, IT & Hardware",10,Synopsys (ARC processors),synopsys.com,,processor IP/EDA
Arm (SoftBank Group),Aston Martin partner,"Cyber, IT & Hardware",11,Cadence (Tensilica),cadence.com,,processor IP/EDA
Arm (SoftBank Group),Aston Martin partner,"Cyber, IT & Hardware",12,Ceva Inc,ceva-dsp.com,,DSP/wireless IP licensing
Arm (SoftBank Group),Aston Martin partner,"Cyber, IT & Hardware",13,Esperanto Technologies,esperanto.ai,,RISC-V AI chips
Arm (SoftBank Group),Aston Martin partner,"Cyber, IT & Hardware",14,Ventana Micro Systems,ventanamicro.com,,RISC-V data center CPUs
Arm (SoftBank Group),Aston Martin partner,"Cyber, IT & Hardware",15,Rivos,rivosinc.com,,RISC-V server chips
Arm (SoftBank Group),Aston Martin partner,"Cyber, IT & Hardware",16,Tenstorrent,tenstorrent.com,,RISC-V/AI processor IP
Arm (SoftBank Group),Aston Martin partner,"Cyber, IT & Hardware",17,NVIDIA (custom CPU/GPU IP),nvidia.com,,custom silicon IP
Arm (SoftBank Group),Aston Martin partner,"Cyber, IT & Hardware",18,Apple (custom silicon design),apple.com,,in-house chip design
Arm (SoftBank Group),Aston Martin partner,"Cyber, IT & Hardware",19,Huawei (HiSilicon),huawei.com,,custom chip design
Arm (SoftBank Group),Aston Martin partner,"Cyber, IT & Hardware",20,"Alibaba (T-Head, RISC-V)",t-head.cn,,RISC-V processor design
Arm (SoftBank Group),Aston Martin partner,"Cyber, IT & Hardware",21,Marvell Technology,marvell.com,,custom silicon/IP
Arm (SoftBank Group),Aston Martin partner,"Cyber, IT & Hardware",22,Broadcom,broadcom.com,,custom silicon/IP
Arm (SoftBank Group),Aston Martin partner,"Cyber, IT & Hardware",23,Texas Instruments,ti.com,,embedded processor IP
Arm (SoftBank Group),Aston Martin partner,"Cyber, IT & Hardware",24,STMicroelectronics,st.com,,microcontroller IP
Arm (SoftBank Group),Aston Martin partner,"Cyber, IT & Hardware",25,Renesas Electronics,renesas.com,,embedded processor IP
Arm (SoftBank Group),Aston Martin partner,"Cyber, IT & Hardware",26,NXP Semiconductors,nxp.com,,embedded processor IP
Arm (SoftBank Group),Aston Martin partner,"Cyber, IT & Hardware",27,Infineon Technologies,infineon.com,,embedded processor IP
Arm (SoftBank Group),Aston Martin partner,"Cyber, IT & Hardware",28,Microchip Technology,microchip.com,,microcontroller IP
Arm (SoftBank Group),Aston Martin partner,"Cyber, IT & Hardware",29,Loongson Technology,loongson.cn,,MIPS-derived CPU architecture
Arm (SoftBank Group),Aston Martin partner,"Cyber, IT & Hardware",30,Qualcomm/Nuvia custom cores,qualcomm.com,YES,Mercedes partner (dup entity)
Arrow Electronics,McLaren partner,"Cyber, IT & Hardware",1,Avnet,avnet.com,,electronic components distribution
Arrow Electronics,McLaren partner,"Cyber, IT & Hardware",2,TD SYNNEX,tdsynnex.com,,IT/electronics distribution
Arrow Electronics,McLaren partner,"Cyber, IT & Hardware",3,Ingram Micro,ingrammicro.com,,IT distribution
Arrow Electronics,McLaren partner,"Cyber, IT & Hardware",4,Future Electronics,futureelectronics.com,,electronic components distribution
Arrow Electronics,McLaren partner,"Cyber, IT & Hardware",5,WPG Holdings,wpgholdings.com,,semiconductor distribution (Asia)
Arrow Electronics,McLaren partner,"Cyber, IT & Hardware",6,DigiKey Electronics,digikey.com,,electronic components distribution
Arrow Electronics,McLaren partner,"Cyber, IT & Hardware",7,Mouser Electronics,mouser.com,,electronic components distribution
Arrow Electronics,McLaren partner,"Cyber, IT & Hardware",8,Newark / Farnell (Premier Farnell),farnell.com,,electronic components distribution
Arrow Electronics,McLaren partner,"Cyber, IT & Hardware",9,Rutronik,rutronik.com,,electronic components distribution
Arrow Electronics,McLaren partner,"Cyber, IT & Hardware",10,Würth Elektronik,we-online.com,,electronic components
Arrow Electronics,McLaren partner,"Cyber, IT & Hardware",11,Richardson Electronics,rell.com,,electronic components distribution
Arrow Electronics,McLaren partner,"Cyber, IT & Hardware",12,ScanSource,scansource.com,,technology products distribution
Arrow Electronics,McLaren partner,"Cyber, IT & Hardware",13,WESCO International (Anixter),wesco.com,,electrical/network distribution
Arrow Electronics,McLaren partner,"Cyber, IT & Hardware",14,Insight Enterprises,insight.com,,IT solutions/distribution
Arrow Electronics,McLaren partner,"Cyber, IT & Hardware",15,CDW Corporation,cdw.com,,IT solutions/distribution
Arrow Electronics,McLaren partner,"Cyber, IT & Hardware",16,SHI International,shi.com,,IT solutions/distribution
Arrow Electronics,McLaren partner,"Cyber, IT & Hardware",17,Softchoice,softchoice.com,,IT solutions/distribution
Arrow Electronics,McLaren partner,"Cyber, IT & Hardware",18,ePlus Inc,eplus.com,,IT solutions/distribution
Arrow Electronics,McLaren partner,"Cyber, IT & Hardware",19,Connection (PC Connection),connection.com,,IT solutions/distribution
Arrow Electronics,McLaren partner,"Cyber, IT & Hardware",20,Presidio,presidio.com,,IT solutions provider
Arrow Electronics,McLaren partner,"Cyber, IT & Hardware",21,World Wide Technology (WWT),wwt.com,,IT solutions provider
Arrow Electronics,McLaren partner,"Cyber, IT & Hardware",22,Exclusive Networks,exclusive-networks.com,,cybersecurity/networking distribution
Arrow Electronics,McLaren partner,"Cyber, IT & Hardware",23,ALSO Holding,also.com,,IT distribution (Europe)
Arrow Electronics,McLaren partner,"Cyber, IT & Hardware",24,Sonepar,sonepar.com,,electrical/electronics distribution
Arrow Electronics,McLaren partner,"Cyber, IT & Hardware",25,Heilind Electronics,heilind.com,,electronic components distribution
Arrow Electronics,McLaren partner,"Cyber, IT & Hardware",26,Chip 1 Exchange,chip1.com,,semiconductor distribution
Arrow Electronics,McLaren partner,"Cyber, IT & Hardware",27,Braemac,braemac.com,,electronic components distribution (APAC)
Arrow Electronics,McLaren partner,"Cyber, IT & Hardware",28,Jarltech International,jarltech.com,,IT/AIDC distribution (Europe)
Arrow Electronics,McLaren partner,"Cyber, IT & Hardware",29,Peerless Electronics,peerless-electronics.com,,electronic components distribution
Arrow Electronics,McLaren partner,"Cyber, IT & Hardware",30,"TTI, Inc.",ttiinc.com,,electronic components distribution
Bitdefender,Ferrari partner,"Cyber, IT & Hardware",1,CrowdStrike,crowdstrike.com,YES,Mercedes partner
Bitdefender,Ferrari partner,"Cyber, IT & Hardware",2,Kaspersky,kaspersky.com,,endpoint AV
Bitdefender,Ferrari partner,"Cyber, IT & Hardware",3,ESET,eset.com,,endpoint AV
Bitdefender,Ferrari partner,"Cyber, IT & Hardware",4,Norton (Gen Digital),gendigital.com,,consumer/endpoint security
Bitdefender,Ferrari partner,"Cyber, IT & Hardware",5,McAfee,mcafee.com,,consumer AV
Bitdefender,Ferrari partner,"Cyber, IT & Hardware",6,Trend Micro,trendmicro.com,,endpoint/cloud security
Bitdefender,Ferrari partner,"Cyber, IT & Hardware",7,Sophos,sophos.com,,endpoint & MDR
Bitdefender,Ferrari partner,"Cyber, IT & Hardware",8,Avast (Gen Digital),avast.com,,consumer AV
Bitdefender,Ferrari partner,"Cyber, IT & Hardware",9,AVG (Gen Digital),avg.com,,consumer AV
Bitdefender,Ferrari partner,"Cyber, IT & Hardware",10,Malwarebytes,malwarebytes.com,,endpoint AV
Bitdefender,Ferrari partner,"Cyber, IT & Hardware",11,WithSecure (F-Secure),withsecure.com,,endpoint/cloud security
Bitdefender,Ferrari partner,"Cyber, IT & Hardware",12,Panda Security (WatchGuard),pandasecurity.com,,endpoint AV
Bitdefender,Ferrari partner,"Cyber, IT & Hardware",13,Webroot (OpenText),webroot.com,,cloud-based endpoint AV
Bitdefender,Ferrari partner,"Cyber, IT & Hardware",14,Microsoft Defender,microsoft.com,YES,Mercedes/Alpine partner
Bitdefender,Ferrari partner,"Cyber, IT & Hardware",15,Palo Alto Networks,paloaltonetworks.com,YES,F1 official cybersecurity partner
Bitdefender,Ferrari partner,"Cyber, IT & Hardware",16,Check Point Software,checkpoint.com,,endpoint/network security
Bitdefender,Ferrari partner,"Cyber, IT & Hardware",17,Fortinet,fortinet.com,,endpoint/network security
Bitdefender,Ferrari partner,"Cyber, IT & Hardware",18,Trellix,trellix.com,,XDR/endpoint
Bitdefender,Ferrari partner,"Cyber, IT & Hardware",19,Cisco Secure,cisco.com,YES,McLaren partner
Bitdefender,Ferrari partner,"Cyber, IT & Hardware",20,VIPRE Security,vipre.com,,endpoint AV
Bitdefender,Ferrari partner,"Cyber, IT & Hardware",21,G DATA CyberDefense,gdata.de,,endpoint AV
Bitdefender,Ferrari partner,"Cyber, IT & Hardware",22,Emsisoft,emsisoft.com,,endpoint AV
Bitdefender,Ferrari partner,"Cyber, IT & Hardware",23,Comodo,comodo.com,,endpoint AV
Bitdefender,Ferrari partner,"Cyber, IT & Hardware",24,Total Defense,totaldefense.com,,consumer AV
Bitdefender,Ferrari partner,"Cyber, IT & Hardware",25,Cylance (BlackBerry),blackberry.com,,AI-based endpoint protection
Bitdefender,Ferrari partner,"Cyber, IT & Hardware",26,SentinelOne,sentinelone.com,,EDR/XDR
Bitdefender,Ferrari partner,"Cyber, IT & Hardware",27,Broadcom (Symantec),broadcom.com,,enterprise endpoint security
Bitdefender,Ferrari partner,"Cyber, IT & Hardware",28,IBM Security,ibm.com,YES,Ferrari partner
Bitdefender,Ferrari partner,"Cyber, IT & Hardware",29,Acronis,acronis.com,,cyber protection/backup
Bitdefender,Ferrari partner,"Cyber, IT & Hardware",30,Heimdal Security,heimdalsecurity.com,,endpoint/network security
Brillio,Williams partner,"Cyber, IT & Hardware",1,Cognizant,cognizant.com,YES,Aston Martin partner
Brillio,Williams partner,"Cyber, IT & Hardware",2,Globant,globant.com,YES,F1 official partner
Brillio,Williams partner,"Cyber, IT & Hardware",3,EPAM Systems,epam.com,,digital engineering services
Brillio,Williams partner,"Cyber, IT & Hardware",4,Endava,endava.com,,digital engineering services
Brillio,Williams partner,"Cyber, IT & Hardware",5,Thoughtworks,thoughtworks.com,,digital transformation consulting
Brillio,Williams partner,"Cyber, IT & Hardware",6,Nagarro,nagarro.com,,digital product engineering
Brillio,Williams partner,"Cyber, IT & Hardware",7,Mphasis,mphasis.com,YES,Haas partner
Brillio,Williams partner,"Cyber, IT & Hardware",8,Akkodis (Adecco Group),akkodis.com,YES,Mercedes partner
Brillio,Williams partner,"Cyber, IT & Hardware",9,RebelDot,rebeldot.com,YES,Racing Bulls partner
Brillio,Williams partner,"Cyber, IT & Hardware",10,Infosys,infosys.com,,IT services/consulting
Brillio,Williams partner,"Cyber, IT & Hardware",11,Tata Consultancy Services (TCS),tcs.com,,IT services/consulting
Brillio,Williams partner,"Cyber, IT & Hardware",12,Wipro,wipro.com,,IT services/consulting
Brillio,Williams partner,"Cyber, IT & Hardware",13,HCLTech,hcltech.com,,IT services/consulting
Brillio,Williams partner,"Cyber, IT & Hardware",14,Persistent Systems,persistent.com,,digital engineering services
Brillio,Williams partner,"Cyber, IT & Hardware",15,Virtusa,virtusa.com,,digital engineering services
Brillio,Williams partner,"Cyber, IT & Hardware",16,Hexaware Technologies,hexaware.com,,IT services
Brillio,Williams partner,"Cyber, IT & Hardware",17,Coforge,coforge.com,,IT services
Brillio,Williams partner,"Cyber, IT & Hardware",18,Sopra Steria,soprasteria.com,,IT services/consulting
Brillio,Williams partner,"Cyber, IT & Hardware",19,Capgemini,capgemini.com,,IT services/consulting
Brillio,Williams partner,"Cyber, IT & Hardware",20,DXC Technology,dxc.com,YES,Ferrari partner
Brillio,Williams partner,"Cyber, IT & Hardware",21,NTT DATA,nttdata.com,YES,Red Bull partner
Brillio,Williams partner,"Cyber, IT & Hardware",22,Publicis Sapient,publicissapient.com,,digital business transformation
Brillio,Williams partner,"Cyber, IT & Hardware",23,Slalom Consulting,slalom.com,,business/technology consulting
Brillio,Williams partner,"Cyber, IT & Hardware",24,Grid Dynamics,griddynamics.com,,digital engineering services
Brillio,Williams partner,"Cyber, IT & Hardware",25,Softtek,softtek.com,,IT services (Latin America)
Brillio,Williams partner,"Cyber, IT & Hardware",26,Encora,encora.com,,digital engineering services
Brillio,Williams partner,"Cyber, IT & Hardware",27,Zensar Technologies,zensar.com,,digital IT services
Brillio,Williams partner,"Cyber, IT & Hardware",28,LTIMindtree,ltimindtree.com,,IT services/consulting
Brillio,Williams partner,"Cyber, IT & Hardware",29,Tech Mahindra,techmahindra.com,,IT services/consulting
Brillio,Williams partner,"Cyber, IT & Hardware",30,Xoriant,xoriant.com,,digital engineering services
Cato Networks,Alpine partner,"Cyber, IT & Hardware",1,Palo Alto Networks (Prisma SASE),paloaltonetworks.com,YES,F1 official cybersecurity partner
Cato Networks,Alpine partner,"Cyber, IT & Hardware",2,Zscaler,zscaler.com,,cloud security/SSE
Cato Networks,Alpine partner,"Cyber, IT & Hardware",3,Cisco (Meraki/Umbrella SD-WAN),cisco.com,YES,McLaren partner
Cato Networks,Alpine partner,"Cyber, IT & Hardware",4,Fortinet,fortinet.com,,SASE/SD-WAN security
Cato Networks,Alpine partner,"Cyber, IT & Hardware",5,Netskope,netskope.com,,SSE/SASE platform
Cato Networks,Alpine partner,"Cyber, IT & Hardware",6,Versa Networks,versa-networks.com,,SASE/SD-WAN
Cato Networks,Alpine partner,"Cyber, IT & Hardware",7,Cloudflare,cloudflare.com,,network security/SASE
Cato Networks,Alpine partner,"Cyber, IT & Hardware",8,Aryaka,aryaka.com,,unified SASE
Cato Networks,Alpine partner,"Cyber, IT & Hardware",9,VMware SD-WAN (Broadcom),vmware.com,,SD-WAN
Cato Networks,Alpine partner,"Cyber, IT & Hardware",10,Juniper Networks (Mist),juniper.net,,AI-driven networking/SD-WAN
Cato Networks,Alpine partner,"Cyber, IT & Hardware",11,HPE Aruba Networking,hpe.com,YES,Mercedes partner (HPE parent)
Cato Networks,Alpine partner,"Cyber, IT & Hardware",12,Forcepoint,forcepoint.com,,SASE/data security
Cato Networks,Alpine partner,"Cyber, IT & Hardware",13,Check Point Software,checkpoint.com,,network security/SASE
Cato Networks,Alpine partner,"Cyber, IT & Hardware",14,Akamai,akamai.com,,edge/network security
Cato Networks,Alpine partner,"Cyber, IT & Hardware",15,Twingate,twingate.com,,zero trust network access
Cato Networks,Alpine partner,"Cyber, IT & Hardware",16,GTT Communications,gtt.net,,managed SD-WAN/SASE
Cato Networks,Alpine partner,"Cyber, IT & Hardware",17,Open Systems,open-systems.com,,managed SASE
Cato Networks,Alpine partner,"Cyber, IT & Hardware",18,Barracuda Networks,barracuda.com,,SD-WAN/security
Cato Networks,Alpine partner,"Cyber, IT & Hardware",19,Extreme Networks,extremenetworks.com,YES,Audi F1 partner
Cato Networks,Alpine partner,"Cyber, IT & Hardware",20,CommScope/Ruckus Networks,commscope.com,YES,Haas partner
Cato Networks,Alpine partner,"Cyber, IT & Hardware",21,Nokia,nokia.com,,networking infrastructure
Cato Networks,Alpine partner,"Cyber, IT & Hardware",22,Huawei,huawei.com,,networking infrastructure
Cato Networks,Alpine partner,"Cyber, IT & Hardware",23,F5,f5.com,,application delivery/security
Cato Networks,Alpine partner,"Cyber, IT & Hardware",24,Arista Networks,arista.com,,enterprise networking
Cato Networks,Alpine partner,"Cyber, IT & Hardware",25,Windstream Enterprise,windstreamenterprise.com,,managed SASE
Cato Networks,Alpine partner,"Cyber, IT & Hardware",26,Verizon Business,verizon.com,,managed network/SASE services
Cato Networks,Alpine partner,"Cyber, IT & Hardware",27,Lumen Technologies,lumen.com,,network & security services
Cato Networks,Alpine partner,"Cyber, IT & Hardware",28,Todyl,todyl.com,,SASE for MSPs
Cato Networks,Alpine partner,"Cyber, IT & Hardware",29,Cradlepoint (Ericsson),cradlepoint.com,,wireless WAN edge
Cato Networks,Alpine partner,"Cyber, IT & Hardware",30,NordLayer,nordlayer.com,,network access security (Nord Security)
Cisco,McLaren partner,"Cyber, IT & Hardware",1,Hewlett Packard Enterprise (Aruba/Juniper),hpe.com,YES,Mercedes partner
Cisco,McLaren partner,"Cyber, IT & Hardware",2,Arista Networks,arista.com,,enterprise/data center networking
Cisco,McLaren partner,"Cyber, IT & Hardware",3,Extreme Networks,extremenetworks.com,YES,Audi F1 partner
Cisco,McLaren partner,"Cyber, IT & Hardware",4,Huawei,huawei.com,,networking & telecom equipment
Cisco,McLaren partner,"Cyber, IT & Hardware",5,Nokia,nokia.com,,networking infrastructure
Cisco,McLaren partner,"Cyber, IT & Hardware",6,Dell Technologies (Networking),dell.com,YES,McLaren partner
Cisco,McLaren partner,"Cyber, IT & Hardware",7,Fortinet,fortinet.com,,network security appliances
Cisco,McLaren partner,"Cyber, IT & Hardware",8,Palo Alto Networks,paloaltonetworks.com,YES,F1 official cybersecurity partner
Cisco,McLaren partner,"Cyber, IT & Hardware",9,Check Point Software,checkpoint.com,,network security
Cisco,McLaren partner,"Cyber, IT & Hardware",10,F5,f5.com,,application delivery/security
Cisco,McLaren partner,"Cyber, IT & Hardware",11,VMware (Broadcom),vmware.com,,networking/virtualization
Cisco,McLaren partner,"Cyber, IT & Hardware",12,NETGEAR,netgear.com,,networking hardware
Cisco,McLaren partner,"Cyber, IT & Hardware",13,Ubiquiti Networks,ui.com,,networking hardware
Cisco,McLaren partner,"Cyber, IT & Hardware",14,CommScope,commscope.com,YES,Haas partner
Cisco,McLaren partner,"Cyber, IT & Hardware",15,Ruckus Networks (CommScope),ruckusnetworks.com,YES,Haas partner
Cisco,McLaren partner,"Cyber, IT & Hardware",16,D-Link,dlink.com,,networking hardware
Cisco,McLaren partner,"Cyber, IT & Hardware",17,TP-Link,tp-link.com,,networking hardware
Cisco,McLaren partner,"Cyber, IT & Hardware",18,Zyxel,zyxel.com,,networking hardware
Cisco,McLaren partner,"Cyber, IT & Hardware",19,Ciena,ciena.com,,optical networking
Cisco,McLaren partner,"Cyber, IT & Hardware",20,Ericsson,ericsson.com,,telecom/networking equipment
Cisco,McLaren partner,"Cyber, IT & Hardware",21,ZTE,zte.com.cn,,telecom/networking equipment
Cisco,McLaren partner,"Cyber, IT & Hardware",22,NVIDIA (networking/Mellanox),nvidia.com,,data center networking
Cisco,McLaren partner,"Cyber, IT & Hardware",23,Cradlepoint (Ericsson),cradlepoint.com,,wireless WAN edge
Cisco,McLaren partner,"Cyber, IT & Hardware",24,Riverbed Technology,riverbed.com,,network performance/WAN
Cisco,McLaren partner,"Cyber, IT & Hardware",25,Infinera,infinera.com,,optical networking
Cisco,McLaren partner,"Cyber, IT & Hardware",26,Alcatel-Lucent Enterprise,al-enterprise.com,,enterprise networking
Cisco,McLaren partner,"Cyber, IT & Hardware",27,Sophos,sophos.com,,network security
Cisco,McLaren partner,"Cyber, IT & Hardware",28,Juniper Networks,juniper.net,,enterprise/data center networking
Cisco,McLaren partner,"Cyber, IT & Hardware",29,Cambium Networks,cambiumnetworks.com,,wireless networking
Cisco,McLaren partner,"Cyber, IT & Hardware",30,Broadcom (networking silicon/switches),broadcom.com,,networking chips & switches
Cognizant,Aston Martin partner,"Cyber, IT & Hardware",1,Accenture,accenture.com,,global IT services/consulting
Cognizant,Aston Martin partner,"Cyber, IT & Hardware",2,Infosys,infosys.com,,IT services/consulting
Cognizant,Aston Martin partner,"Cyber, IT & Hardware",3,Tata Consultancy Services (TCS),tcs.com,,IT services/consulting
Cognizant,Aston Martin partner,"Cyber, IT & Hardware",4,Wipro,wipro.com,,IT services/consulting
Cognizant,Aston Martin partner,"Cyber, IT & Hardware",5,HCLTech,hcltech.com,,IT services/consulting
Cognizant,Aston Martin partner,"Cyber, IT & Hardware",6,Capgemini,capgemini.com,,IT services/consulting
Cognizant,Aston Martin partner,"Cyber, IT & Hardware",7,IBM Consulting,ibm.com,YES,Ferrari partner
Cognizant,Aston Martin partner,"Cyber, IT & Hardware",8,DXC Technology,dxc.com,YES,Ferrari partner
Cognizant,Aston Martin partner,"Cyber, IT & Hardware",9,Genpact,genpact.com,,IT/BPO services
Cognizant,Aston Martin partner,"Cyber, IT & Hardware",10,EPAM Systems,epam.com,,digital engineering services
Cognizant,Aston Martin partner,"Cyber, IT & Hardware",11,Globant,globant.com,YES,F1 official partner
Cognizant,Aston Martin partner,"Cyber, IT & Hardware",12,Tech Mahindra,techmahindra.com,,IT services/consulting
Cognizant,Aston Martin partner,"Cyber, IT & Hardware",13,Mphasis,mphasis.com,YES,Haas partner
Cognizant,Aston Martin partner,"Cyber, IT & Hardware",14,LTIMindtree,ltimindtree.com,,IT services/consulting
Cognizant,Aston Martin partner,"Cyber, IT & Hardware",15,NTT DATA,nttdata.com,YES,Red Bull partner
Cognizant,Aston Martin partner,"Cyber, IT & Hardware",16,Atos,atos.net,,IT services/consulting
Cognizant,Aston Martin partner,"Cyber, IT & Hardware",17,Deloitte,deloitte.com,YES,McLaren partner
Cognizant,Aston Martin partner,"Cyber, IT & Hardware",18,PwC,pwc.com,YES,F1 official partner
Cognizant,Aston Martin partner,"Cyber, IT & Hardware",19,KPMG,kpmg.com,,consulting/advisory
Cognizant,Aston Martin partner,"Cyber, IT & Hardware",20,EY (Ernst & Young),ey.com,,consulting/advisory
Cognizant,Aston Martin partner,"Cyber, IT & Hardware",21,Kyndryl,kyndryl.com,,IT infrastructure services
Cognizant,Aston Martin partner,"Cyber, IT & Hardware",22,Fujitsu,fujitsu.com,,IT services
Cognizant,Aston Martin partner,"Cyber, IT & Hardware",23,Hexaware Technologies,hexaware.com,,IT services
Cognizant,Aston Martin partner,"Cyber, IT & Hardware",24,Persistent Systems,persistent.com,,digital engineering services
Cognizant,Aston Martin partner,"Cyber, IT & Hardware",25,Birlasoft,birlasoft.com,,IT services
Cognizant,Aston Martin partner,"Cyber, IT & Hardware",26,Sopra Steria,soprasteria.com,,IT services/consulting
Cognizant,Aston Martin partner,"Cyber, IT & Hardware",27,Virtusa,virtusa.com,,digital engineering services
Cognizant,Aston Martin partner,"Cyber, IT & Hardware",28,Brillio,brillio.com,YES,Williams partner
Cognizant,Aston Martin partner,"Cyber, IT & Hardware",29,Akkodis (Adecco Group),akkodis.com,YES,Mercedes partner
Cognizant,Aston Martin partner,"Cyber, IT & Hardware",30,RebelDot,rebeldot.com,YES,Racing Bulls partner
CommScope,Haas partner,"Cyber, IT & Hardware",1,Corning Incorporated,corning.com,,fiber/connectivity infrastructure
CommScope,Haas partner,"Cyber, IT & Hardware",2,Nokia,nokia.com,,network infrastructure
CommScope,Haas partner,"Cyber, IT & Hardware",3,Ericsson,ericsson.com,,network infrastructure
CommScope,Haas partner,"Cyber, IT & Hardware",4,Huawei,huawei.com,,network infrastructure
CommScope,Haas partner,"Cyber, IT & Hardware",5,Cisco,cisco.com,YES,McLaren partner
CommScope,Haas partner,"Cyber, IT & Hardware",6,Juniper Networks,juniper.net,,networking infrastructure
CommScope,Haas partner,"Cyber, IT & Hardware",7,Nexans,nexans.com,,cabling & connectivity
CommScope,Haas partner,"Cyber, IT & Hardware",8,Prysmian Group,prysmiangroup.com,,cabling & connectivity
CommScope,Haas partner,"Cyber, IT & Hardware",9,Belden Inc,belden.com,,networking cable/connectivity
CommScope,Haas partner,"Cyber, IT & Hardware",10,Panduit,panduit.com,,network infrastructure/cabling
CommScope,Haas partner,"Cyber, IT & Hardware",11,TE Connectivity,te.com,,connectivity components
CommScope,Haas partner,"Cyber, IT & Hardware",12,Fujikura,fujikura.com,,fiber optic connectivity
CommScope,Haas partner,"Cyber, IT & Hardware",13,Amphenol Corporation,amphenol.com,,connectivity/cable systems
CommScope,Haas partner,"Cyber, IT & Hardware",14,WESCO International (Anixter),wesco.com,,network infrastructure distribution
CommScope,Haas partner,"Cyber, IT & Hardware",15,Legrand,legrand.com,,connectivity/infrastructure
CommScope,Haas partner,"Cyber, IT & Hardware",16,ADTRAN,adtran.com,,broadband/network equipment
CommScope,Haas partner,"Cyber, IT & Hardware",17,Ciena,ciena.com,,optical networking
CommScope,Haas partner,"Cyber, IT & Hardware",18,DASAN Zhone Solutions,dasanzhone.com,,broadband access equipment
CommScope,Haas partner,"Cyber, IT & Hardware",19,Extreme Networks,extremenetworks.com,YES,Audi F1 partner
CommScope,Haas partner,"Cyber, IT & Hardware",20,HPE Aruba Networking,hpe.com,YES,Mercedes partner
CommScope,Haas partner,"Cyber, IT & Hardware",21,NETGEAR,netgear.com,,networking hardware
CommScope,Haas partner,"Cyber, IT & Hardware",22,D-Link,dlink.com,,networking hardware
CommScope,Haas partner,"Cyber, IT & Hardware",23,Furukawa Electric,furukawa.co.jp,,fiber/cabling
CommScope,Haas partner,"Cyber, IT & Hardware",24,Sumitomo Electric Industries,sei.co.jp,,fiber/cabling
CommScope,Haas partner,"Cyber, IT & Hardware",25,LS Cable & System,lscns.com,,cabling infrastructure
CommScope,Haas partner,"Cyber, IT & Hardware",26,Infinera,infinera.com,,optical networking
CommScope,Haas partner,"Cyber, IT & Hardware",27,Casa Systems,casa-systems.com,,broadband access equipment
CommScope,Haas partner,"Cyber, IT & Hardware",28,Vecima Networks,vecima.com,,broadband access equipment
CommScope,Haas partner,"Cyber, IT & Hardware",29,Motorola Solutions,motorolasolutions.com,,wireless/network infrastructure
CommScope,Haas partner,"Cyber, IT & Hardware",30,Alcatel-Lucent Enterprise,al-enterprise.com,,enterprise networking
Core Scientific,Cadillac partner,"Cyber, IT & Hardware",1,CoreWeave,coreweave.com,YES,Aston Martin partner
Core Scientific,Cadillac partner,"Cyber, IT & Hardware",2,Equinix,equinix.com,,data center/colocation
Core Scientific,Cadillac partner,"Cyber, IT & Hardware",3,Digital Realty,digitalrealty.com,,data center/colocation
Core Scientific,Cadillac partner,"Cyber, IT & Hardware",4,MARA Holdings (Marathon Digital),mara.com,,digital asset/HPC infrastructure
Core Scientific,Cadillac partner,"Cyber, IT & Hardware",5,Riot Platforms,riotplatforms.com,,digital infrastructure/data centers
Core Scientific,Cadillac partner,"Cyber, IT & Hardware",6,Cipher Mining,ciphermining.com,,digital infrastructure/data centers
Core Scientific,Cadillac partner,"Cyber, IT & Hardware",7,Hut 8 Corp,hut8.com,,digital infrastructure/data centers
Core Scientific,Cadillac partner,"Cyber, IT & Hardware",8,TeraWulf,terawulf.com,,digital infrastructure/data centers
Core Scientific,Cadillac partner,"Cyber, IT & Hardware",9,Applied Digital,applieddigital.com,,data center/HPC infrastructure
Core Scientific,Cadillac partner,"Cyber, IT & Hardware",10,Iris Energy,irisenergy.co,,data center/HPC infrastructure
Core Scientific,Cadillac partner,"Cyber, IT & Hardware",11,Cologix,cologix.com,,data center/colocation
Core Scientific,Cadillac partner,"Cyber, IT & Hardware",12,"Switch, Inc.",switch.com,,data center infrastructure
Core Scientific,Cadillac partner,"Cyber, IT & Hardware",13,QTS Realty Trust,qtsdatacenters.com,,data center/colocation
Core Scientific,Cadillac partner,"Cyber, IT & Hardware",14,Vantage Data Centers,vantage-dc.com,,hyperscale data centers
Core Scientific,Cadillac partner,"Cyber, IT & Hardware",15,NVIDIA (DGX Cloud),nvidia.com,,AI compute infrastructure
Core Scientific,Cadillac partner,"Cyber, IT & Hardware",16,Lambda Labs,lambdalabs.com,,AI/GPU cloud compute
Core Scientific,Cadillac partner,"Cyber, IT & Hardware",17,Crusoe Energy,crusoe.ai,,AI/GPU cloud compute
Core Scientific,Cadillac partner,"Cyber, IT & Hardware",18,Nebius Group,nebius.com,,AI cloud infrastructure
Core Scientific,Cadillac partner,"Cyber, IT & Hardware",19,Together AI,together.ai,,AI cloud infrastructure
Core Scientific,Cadillac partner,"Cyber, IT & Hardware",20,Compass Datacenters,compassdatacenters.com,,hyperscale data centers
Core Scientific,Cadillac partner,"Cyber, IT & Hardware",21,Aligned Data Centers,aligneddc.com,,data center infrastructure
Core Scientific,Cadillac partner,"Cyber, IT & Hardware",22,Flexential,flexential.com,,data center/colocation
Core Scientific,Cadillac partner,"Cyber, IT & Hardware",23,NTT Global Data Centers (NTT DATA),nttdata.com,YES,Red Bull partner
Core Scientific,Cadillac partner,"Cyber, IT & Hardware",24,AWS (Amazon),aws.amazon.com,YES,F1 global partner
Core Scientific,Cadillac partner,"Cyber, IT & Hardware",25,Microsoft Azure,microsoft.com,YES,Mercedes/Alpine partner
Core Scientific,Cadillac partner,"Cyber, IT & Hardware",26,Google Cloud,cloud.google.com,YES,McLaren partner
Core Scientific,Cadillac partner,"Cyber, IT & Hardware",27,Oracle Cloud Infrastructure,oracle.com,YES,Red Bull Racing title partner
Core Scientific,Cadillac partner,"Cyber, IT & Hardware",28,IBM Cloud,ibm.com,YES,Ferrari partner
Core Scientific,Cadillac partner,"Cyber, IT & Hardware",29,Bit Digital,bit-digital.com,,digital infrastructure/HPC
Core Scientific,Cadillac partner,"Cyber, IT & Hardware",30,Greenidge Generation Holdings,greenidge.com,,digital infrastructure/power-integrated compute
CoreWeave,Aston Martin partner,"Cyber, IT & Hardware",1,Core Scientific,corescientific.com,YES,Cadillac partner
CoreWeave,Aston Martin partner,"Cyber, IT & Hardware",2,NVIDIA (DGX Cloud),nvidia.com,,AI compute infrastructure
CoreWeave,Aston Martin partner,"Cyber, IT & Hardware",3,Lambda Labs,lambdalabs.com,,AI/GPU cloud compute
CoreWeave,Aston Martin partner,"Cyber, IT & Hardware",4,Crusoe Energy,crusoe.ai,,AI/GPU cloud compute
CoreWeave,Aston Martin partner,"Cyber, IT & Hardware",5,Nebius Group,nebius.com,,AI cloud infrastructure
CoreWeave,Aston Martin partner,"Cyber, IT & Hardware",6,Together AI,together.ai,,AI cloud infrastructure/inference
CoreWeave,Aston Martin partner,"Cyber, IT & Hardware",7,AWS (Amazon),aws.amazon.com,YES,F1 global partner
CoreWeave,Aston Martin partner,"Cyber, IT & Hardware",8,Microsoft Azure,microsoft.com,YES,Mercedes/Alpine partner
CoreWeave,Aston Martin partner,"Cyber, IT & Hardware",9,Google Cloud,cloud.google.com,YES,McLaren partner
CoreWeave,Aston Martin partner,"Cyber, IT & Hardware",10,Oracle Cloud Infrastructure,oracle.com,YES,Red Bull Racing title partner
CoreWeave,Aston Martin partner,"Cyber, IT & Hardware",11,IBM Cloud,ibm.com,YES,Ferrari partner
CoreWeave,Aston Martin partner,"Cyber, IT & Hardware",12,Vultr,vultr.com,,cloud/GPU compute
CoreWeave,Aston Martin partner,"Cyber, IT & Hardware",13,Paperspace (DigitalOcean),digitalocean.com,,GPU cloud compute
CoreWeave,Aston Martin partner,"Cyber, IT & Hardware",14,DigitalOcean,digitalocean.com,,cloud infrastructure
CoreWeave,Aston Martin partner,"Cyber, IT & Hardware",15,Voltage Park,voltagepark.com,,GPU cloud compute
CoreWeave,Aston Martin partner,"Cyber, IT & Hardware",16,Fluidstack,fluidstack.io,,GPU cloud compute
CoreWeave,Aston Martin partner,"Cyber, IT & Hardware",17,RunPod,runpod.io,,GPU cloud compute
CoreWeave,Aston Martin partner,"Cyber, IT & Hardware",18,Cerebras Systems (Cloud),cerebras.net,,AI compute infrastructure
CoreWeave,Aston Martin partner,"Cyber, IT & Hardware",19,SambaNova Systems,sambanova.ai,,AI compute infrastructure
CoreWeave,Aston Martin partner,"Cyber, IT & Hardware",20,Groq,groq.com,YES,McLaren partner
CoreWeave,Aston Martin partner,"Cyber, IT & Hardware",21,Cirrascale Cloud Services,cirrascale.com,,GPU cloud compute
CoreWeave,Aston Martin partner,"Cyber, IT & Hardware",22,Baseten,baseten.co,,AI model deployment/inference
CoreWeave,Aston Martin partner,"Cyber, IT & Hardware",23,Modal Labs,modal.com,,cloud compute for AI workloads
CoreWeave,Aston Martin partner,"Cyber, IT & Hardware",24,Hugging Face (Inference Endpoints),huggingface.co,,AI model hosting/inference
CoreWeave,Aston Martin partner,"Cyber, IT & Hardware",25,Scaleway,scaleway.com,,cloud/GPU compute
CoreWeave,Aston Martin partner,"Cyber, IT & Hardware",26,OVHcloud,ovhcloud.com,,cloud infrastructure
CoreWeave,Aston Martin partner,"Cyber, IT & Hardware",27,Linode (Akamai),linode.com,,cloud infrastructure
CoreWeave,Aston Martin partner,"Cyber, IT & Hardware",28,Equinix Metal,equinix.com,,bare-metal cloud infrastructure
CoreWeave,Aston Martin partner,"Cyber, IT & Hardware",29,Applied Digital,applieddigital.com,,AI/HPC data center infrastructure
CoreWeave,Aston Martin partner,"Cyber, IT & Hardware",30,TensorWave,tensorwave.com,,AI/GPU cloud compute
Dell Technologies,McLaren partner,"Cyber, IT & Hardware",1,HP Inc,hp.com,YES,Ferrari title partner
Dell Technologies,McLaren partner,"Cyber, IT & Hardware",2,Lenovo,lenovo.com,YES,F1 global partner
Dell Technologies,McLaren partner,"Cyber, IT & Hardware",3,Hewlett Packard Enterprise,hpe.com,YES,Mercedes partner
Dell Technologies,McLaren partner,"Cyber, IT & Hardware",4,Cisco,cisco.com,YES,McLaren partner
Dell Technologies,McLaren partner,"Cyber, IT & Hardware",5,NetApp,netapp.com,YES,Aston Martin partner
Dell Technologies,McLaren partner,"Cyber, IT & Hardware",6,Pure Storage,purestorage.com,,enterprise storage
Dell Technologies,McLaren partner,"Cyber, IT & Hardware",7,Supermicro,supermicro.com,,servers
Dell Technologies,McLaren partner,"Cyber, IT & Hardware",8,IBM,ibm.com,YES,Ferrari partner
Dell Technologies,McLaren partner,"Cyber, IT & Hardware",9,Fujitsu,fujitsu.com,,servers/PCs
Dell Technologies,McLaren partner,"Cyber, IT & Hardware",10,Apple,apple.com,,PCs/laptops
Dell Technologies,McLaren partner,"Cyber, IT & Hardware",11,ASUS,asus.com,,PCs/laptops
Dell Technologies,McLaren partner,"Cyber, IT & Hardware",12,Acer,acer.com,,PCs/laptops
Dell Technologies,McLaren partner,"Cyber, IT & Hardware",13,Huawei,huawei.com,,servers/PCs
Dell Technologies,McLaren partner,"Cyber, IT & Hardware",14,Nutanix,nutanix.com,,hyperconverged infrastructure
Dell Technologies,McLaren partner,"Cyber, IT & Hardware",15,VMware (Broadcom),vmware.com,,virtualization
Dell Technologies,McLaren partner,"Cyber, IT & Hardware",16,Hitachi Vantara,hitachivantara.com,,storage/infrastructure
Dell Technologies,McLaren partner,"Cyber, IT & Hardware",17,Oracle,oracle.com,YES,Red Bull Racing title partner
Dell Technologies,McLaren partner,"Cyber, IT & Hardware",18,Rubrik,rubrik.com,YES,McLaren partner
Dell Technologies,McLaren partner,"Cyber, IT & Hardware",19,VAST Data,vastdata.com,YES,Williams partner
Dell Technologies,McLaren partner,"Cyber, IT & Hardware",20,Cohesity,cohesity.com,,data management/backup
Dell Technologies,McLaren partner,"Cyber, IT & Hardware",21,Commvault,commvault.com,,data protection
Dell Technologies,McLaren partner,"Cyber, IT & Hardware",22,Samsung Electronics,samsung.com,,PCs/displays
Dell Technologies,McLaren partner,"Cyber, IT & Hardware",23,Toshiba,toshiba.com,,PC hardware heritage
Dell Technologies,McLaren partner,"Cyber, IT & Hardware",24,Panasonic,panasonic.com,,rugged laptops
Dell Technologies,McLaren partner,"Cyber, IT & Hardware",25,MSI,msi.com,,PC hardware
Dell Technologies,McLaren partner,"Cyber, IT & Hardware",26,Gigabyte Technology,gigabyte.com,,PC/server hardware
Dell Technologies,McLaren partner,"Cyber, IT & Hardware",27,Framework Computer,frame.work,,modular laptops
Dell Technologies,McLaren partner,"Cyber, IT & Hardware",28,Inspur,inspur.com,,servers
Dell Technologies,McLaren partner,"Cyber, IT & Hardware",29,Kyndryl,kyndryl.com,,IT infrastructure services
Dell Technologies,McLaren partner,"Cyber, IT & Hardware",30,Western Digital,westerndigital.com,,enterprise storage
DXC Technology,Ferrari partner,"Cyber, IT & Hardware",1,Accenture,accenture.com,,global IT services/consulting
DXC Technology,Ferrari partner,"Cyber, IT & Hardware",2,Cognizant,cognizant.com,YES,Aston Martin partner
DXC Technology,Ferrari partner,"Cyber, IT & Hardware",3,Infosys,infosys.com,,IT services/consulting
DXC Technology,Ferrari partner,"Cyber, IT & Hardware",4,Tata Consultancy Services (TCS),tcs.com,,IT services/consulting
DXC Technology,Ferrari partner,"Cyber, IT & Hardware",5,Wipro,wipro.com,,IT services/consulting
DXC Technology,Ferrari partner,"Cyber, IT & Hardware",6,HCLTech,hcltech.com,,IT services/consulting
DXC Technology,Ferrari partner,"Cyber, IT & Hardware",7,Capgemini,capgemini.com,,IT services/consulting
DXC Technology,Ferrari partner,"Cyber, IT & Hardware",8,Atos,atos.net,,IT services/consulting
DXC Technology,Ferrari partner,"Cyber, IT & Hardware",9,Kyndryl,kyndryl.com,,IT infrastructure services
DXC Technology,Ferrari partner,"Cyber, IT & Hardware",10,IBM Consulting,ibm.com,YES,Ferrari partner
DXC Technology,Ferrari partner,"Cyber, IT & Hardware",11,NTT DATA,nttdata.com,YES,Red Bull partner
DXC Technology,Ferrari partner,"Cyber, IT & Hardware",12,Fujitsu,fujitsu.com,,IT services
DXC Technology,Ferrari partner,"Cyber, IT & Hardware",13,Tech Mahindra,techmahindra.com,,IT services/consulting
DXC Technology,Ferrari partner,"Cyber, IT & Hardware",14,Genpact,genpact.com,,IT/BPO services
DXC Technology,Ferrari partner,"Cyber, IT & Hardware",15,Mphasis,mphasis.com,YES,Haas partner
DXC Technology,Ferrari partner,"Cyber, IT & Hardware",16,Globant,globant.com,YES,F1 official partner
DXC Technology,Ferrari partner,"Cyber, IT & Hardware",17,EPAM Systems,epam.com,,digital engineering services
DXC Technology,Ferrari partner,"Cyber, IT & Hardware",18,Deloitte,deloitte.com,YES,McLaren partner
DXC Technology,Ferrari partner,"Cyber, IT & Hardware",19,PwC,pwc.com,YES,F1 official partner
DXC Technology,Ferrari partner,"Cyber, IT & Hardware",20,Sopra Steria,soprasteria.com,,IT services/consulting
DXC Technology,Ferrari partner,"Cyber, IT & Hardware",21,LTIMindtree,ltimindtree.com,,IT services/consulting
DXC Technology,Ferrari partner,"Cyber, IT & Hardware",22,Hexaware Technologies,hexaware.com,,IT services
DXC Technology,Ferrari partner,"Cyber, IT & Hardware",23,Unisys,unisys.com,,IT services/infrastructure
DXC Technology,Ferrari partner,"Cyber, IT & Hardware",24,CGI Inc,cgi.com,,IT services/consulting
DXC Technology,Ferrari partner,"Cyber, IT & Hardware",25,Conduent,conduent.com,,business process/IT services
DXC Technology,Ferrari partner,"Cyber, IT & Hardware",26,Virtusa,virtusa.com,,digital engineering services
DXC Technology,Ferrari partner,"Cyber, IT & Hardware",27,Brillio,brillio.com,YES,Williams partner
DXC Technology,Ferrari partner,"Cyber, IT & Hardware",28,Akkodis (Adecco Group),akkodis.com,YES,Mercedes partner
DXC Technology,Ferrari partner,"Cyber, IT & Hardware",29,Persistent Systems,persistent.com,,digital engineering services
DXC Technology,Ferrari partner,"Cyber, IT & Hardware",30,Coforge,coforge.com,,IT services
Extreme Networks,Audi F1 partner,"Cyber, IT & Hardware",1,Cisco,cisco.com,YES,McLaren partner
Extreme Networks,Audi F1 partner,"Cyber, IT & Hardware",2,HPE Aruba Networking,hpe.com,YES,Mercedes partner
Extreme Networks,Audi F1 partner,"Cyber, IT & Hardware",3,Juniper Networks,juniper.net,,enterprise networking
Extreme Networks,Audi F1 partner,"Cyber, IT & Hardware",4,Huawei,huawei.com,,networking equipment
Extreme Networks,Audi F1 partner,"Cyber, IT & Hardware",5,Nokia,nokia.com,,networking equipment
Extreme Networks,Audi F1 partner,"Cyber, IT & Hardware",6,Arista Networks,arista.com,,enterprise/data center networking
Extreme Networks,Audi F1 partner,"Cyber, IT & Hardware",7,Fortinet,fortinet.com,,secure networking
Extreme Networks,Audi F1 partner,"Cyber, IT & Hardware",8,Ruckus Networks (CommScope),ruckusnetworks.com,YES,Haas partner
Extreme Networks,Audi F1 partner,"Cyber, IT & Hardware",9,D-Link,dlink.com,,networking hardware
Extreme Networks,Audi F1 partner,"Cyber, IT & Hardware",10,NETGEAR,netgear.com,,networking hardware
Extreme Networks,Audi F1 partner,"Cyber, IT & Hardware",11,Ciena,ciena.com,,optical networking
Extreme Networks,Audi F1 partner,"Cyber, IT & Hardware",12,ZTE,zte.com.cn,,networking equipment
Extreme Networks,Audi F1 partner,"Cyber, IT & Hardware",13,Ericsson,ericsson.com,,networking/telecom equipment
Extreme Networks,Audi F1 partner,"Cyber, IT & Hardware",14,Cambium Networks,cambiumnetworks.com,,wireless networking
Extreme Networks,Audi F1 partner,"Cyber, IT & Hardware",15,Dell Technologies (Networking),dell.com,YES,McLaren partner
Extreme Networks,Audi F1 partner,"Cyber, IT & Hardware",16,Alcatel-Lucent Enterprise,al-enterprise.com,,enterprise networking
Extreme Networks,Audi F1 partner,"Cyber, IT & Hardware",17,TP-Link,tp-link.com,,networking hardware
Extreme Networks,Audi F1 partner,"Cyber, IT & Hardware",18,F5,f5.com,,application delivery/security
Extreme Networks,Audi F1 partner,"Cyber, IT & Hardware",19,Palo Alto Networks,paloaltonetworks.com,YES,F1 official cybersecurity partner
Extreme Networks,Audi F1 partner,"Cyber, IT & Hardware",20,Cato Networks,catonetworks.com,YES,Alpine partner
Extreme Networks,Audi F1 partner,"Cyber, IT & Hardware",21,VMware (Broadcom),vmware.com,,network virtualization
Extreme Networks,Audi F1 partner,"Cyber, IT & Hardware",22,Riverbed Technology,riverbed.com,,network performance monitoring
Extreme Networks,Audi F1 partner,"Cyber, IT & Hardware",23,Infinera,infinera.com,,optical networking
Extreme Networks,Audi F1 partner,"Cyber, IT & Hardware",24,EnGenius Technologies,engeniustech.com,,wireless networking
Extreme Networks,Audi F1 partner,"Cyber, IT & Hardware",25,H3C Technologies,h3c.com,,networking equipment
Extreme Networks,Audi F1 partner,"Cyber, IT & Hardware",26,Sophos,sophos.com,,network security
Extreme Networks,Audi F1 partner,"Cyber, IT & Hardware",27,CommScope,commscope.com,YES,Haas partner
Extreme Networks,Audi F1 partner,"Cyber, IT & Hardware",28,Netskope,netskope.com,,cloud/network security
Extreme Networks,Audi F1 partner,"Cyber, IT & Hardware",29,Check Point Software,checkpoint.com,,network security
Extreme Networks,Audi F1 partner,"Cyber, IT & Hardware",30,Zyxel,zyxel.com,,networking hardware
Globant,F1 official partner,"Cyber, IT & Hardware",1,Accenture,accenture.com,,global IT services/consulting
Globant,F1 official partner,"Cyber, IT & Hardware",2,Cognizant,cognizant.com,YES,Aston Martin partner
Globant,F1 official partner,"Cyber, IT & Hardware",3,Infosys,infosys.com,,IT services/consulting
Globant,F1 official partner,"Cyber, IT & Hardware",4,Tata Consultancy Services (TCS),tcs.com,,IT services/consulting
Globant,F1 official partner,"Cyber, IT & Hardware",5,EPAM Systems,epam.com,,digital engineering services
Globant,F1 official partner,"Cyber, IT & Hardware",6,Endava,endava.com,,digital engineering services
Globant,F1 official partner,"Cyber, IT & Hardware",7,Thoughtworks,thoughtworks.com,,digital transformation consulting
Globant,F1 official partner,"Cyber, IT & Hardware",8,Capgemini,capgemini.com,,IT services/consulting
Globant,F1 official partner,"Cyber, IT & Hardware",9,DXC Technology,dxc.com,YES,Ferrari partner
Globant,F1 official partner,"Cyber, IT & Hardware",10,Wipro,wipro.com,,IT services/consulting
Globant,F1 official partner,"Cyber, IT & Hardware",11,HCLTech,hcltech.com,,IT services/consulting
Globant,F1 official partner,"Cyber, IT & Hardware",12,Tech Mahindra,techmahindra.com,,IT services/consulting
Globant,F1 official partner,"Cyber, IT & Hardware",13,Mphasis,mphasis.com,YES,Haas partner
Globant,F1 official partner,"Cyber, IT & Hardware",14,Brillio,brillio.com,YES,Williams partner
Globant,F1 official partner,"Cyber, IT & Hardware",15,Akkodis (Adecco Group),akkodis.com,YES,Mercedes partner
Globant,F1 official partner,"Cyber, IT & Hardware",16,RebelDot,rebeldot.com,YES,Racing Bulls partner
Globant,F1 official partner,"Cyber, IT & Hardware",17,IndraMind (Indra Sistemas),indracompany.com,YES,Alpine partner
Globant,F1 official partner,"Cyber, IT & Hardware",18,Sopra Steria,soprasteria.com,,IT services/consulting
Globant,F1 official partner,"Cyber, IT & Hardware",19,Publicis Sapient,publicissapient.com,,digital business transformation
Globant,F1 official partner,"Cyber, IT & Hardware",20,Grid Dynamics,griddynamics.com,,digital engineering services
Globant,F1 official partner,"Cyber, IT & Hardware",21,Softtek,softtek.com,,IT services (Latin America)
Globant,F1 official partner,"Cyber, IT & Hardware",22,Nagarro,nagarro.com,,digital product engineering
Globant,F1 official partner,"Cyber, IT & Hardware",23,Persistent Systems,persistent.com,,digital engineering services
Globant,F1 official partner,"Cyber, IT & Hardware",24,Virtusa,virtusa.com,,digital engineering services
Globant,F1 official partner,"Cyber, IT & Hardware",25,Hexaware Technologies,hexaware.com,,IT services
Globant,F1 official partner,"Cyber, IT & Hardware",26,Coforge,coforge.com,,IT services
Globant,F1 official partner,"Cyber, IT & Hardware",27,Zensar Technologies,zensar.com,,digital IT services
Globant,F1 official partner,"Cyber, IT & Hardware",28,NTT DATA,nttdata.com,YES,Red Bull partner
Globant,F1 official partner,"Cyber, IT & Hardware",29,Slalom Consulting,slalom.com,,business/technology consulting
Globant,F1 official partner,"Cyber, IT & Hardware",30,Encora,encora.com,,digital engineering services
Hewlett Packard Enterprise,Mercedes partner,"Cyber, IT & Hardware",1,Dell Technologies,dell.com,YES,McLaren partner
Hewlett Packard Enterprise,Mercedes partner,"Cyber, IT & Hardware",2,Cisco,cisco.com,YES,McLaren partner
Hewlett Packard Enterprise,Mercedes partner,"Cyber, IT & Hardware",3,IBM,ibm.com,YES,Ferrari partner
Hewlett Packard Enterprise,Mercedes partner,"Cyber, IT & Hardware",4,Lenovo,lenovo.com,YES,F1 global partner
Hewlett Packard Enterprise,Mercedes partner,"Cyber, IT & Hardware",5,NetApp,netapp.com,YES,Aston Martin partner
Hewlett Packard Enterprise,Mercedes partner,"Cyber, IT & Hardware",6,Pure Storage,purestorage.com,,enterprise storage
Hewlett Packard Enterprise,Mercedes partner,"Cyber, IT & Hardware",7,Huawei,huawei.com,,servers/networking
Hewlett Packard Enterprise,Mercedes partner,"Cyber, IT & Hardware",8,Fujitsu,fujitsu.com,,servers/enterprise IT
Hewlett Packard Enterprise,Mercedes partner,"Cyber, IT & Hardware",9,Supermicro,supermicro.com,,servers
Hewlett Packard Enterprise,Mercedes partner,"Cyber, IT & Hardware",10,Juniper Networks,juniper.net,,networking
Hewlett Packard Enterprise,Mercedes partner,"Cyber, IT & Hardware",11,Extreme Networks,extremenetworks.com,YES,Audi F1 partner
Hewlett Packard Enterprise,Mercedes partner,"Cyber, IT & Hardware",12,Nutanix,nutanix.com,,hyperconverged infrastructure
Hewlett Packard Enterprise,Mercedes partner,"Cyber, IT & Hardware",13,VMware (Broadcom),vmware.com,,virtualization/private cloud
Hewlett Packard Enterprise,Mercedes partner,"Cyber, IT & Hardware",14,Oracle,oracle.com,YES,Red Bull Racing title partner
Hewlett Packard Enterprise,Mercedes partner,"Cyber, IT & Hardware",15,Arista Networks,arista.com,,data center networking
Hewlett Packard Enterprise,Mercedes partner,"Cyber, IT & Hardware",16,Rubrik,rubrik.com,YES,McLaren partner
Hewlett Packard Enterprise,Mercedes partner,"Cyber, IT & Hardware",17,Commvault,commvault.com,,data protection
Hewlett Packard Enterprise,Mercedes partner,"Cyber, IT & Hardware",18,Cohesity,cohesity.com,,data management/backup
Hewlett Packard Enterprise,Mercedes partner,"Cyber, IT & Hardware",19,VAST Data,vastdata.com,YES,Williams partner
Hewlett Packard Enterprise,Mercedes partner,"Cyber, IT & Hardware",20,Cloudera,cloudera.com,,data platform
Hewlett Packard Enterprise,Mercedes partner,"Cyber, IT & Hardware",21,Red Hat (IBM),redhat.com,YES,"part of IBM, Ferrari partner"
Hewlett Packard Enterprise,Mercedes partner,"Cyber, IT & Hardware",22,NVIDIA,nvidia.com,,AI compute infrastructure
Hewlett Packard Enterprise,Mercedes partner,"Cyber, IT & Hardware",23,Inspur,inspur.com,,servers
Hewlett Packard Enterprise,Mercedes partner,"Cyber, IT & Hardware",24,Hitachi Vantara,hitachivantara.com,,storage/infrastructure
Hewlett Packard Enterprise,Mercedes partner,"Cyber, IT & Hardware",25,DataDirect Networks (DDN),ddn.com,,high-performance storage
Hewlett Packard Enterprise,Mercedes partner,"Cyber, IT & Hardware",26,Atos,atos.net,,enterprise IT/servers
Hewlett Packard Enterprise,Mercedes partner,"Cyber, IT & Hardware",27,Kyndryl,kyndryl.com,,IT infrastructure services
Hewlett Packard Enterprise,Mercedes partner,"Cyber, IT & Hardware",28,Scale Computing,scalecomputing.com,,hyperconverged infrastructure
Hewlett Packard Enterprise,Mercedes partner,"Cyber, IT & Hardware",29,Broadcom,broadcom.com,,enterprise infrastructure software
Hewlett Packard Enterprise,Mercedes partner,"Cyber, IT & Hardware",30,Western Digital,westerndigital.com,,enterprise storage
HP,Ferrari title partner,"Cyber, IT & Hardware",1,Dell Technologies,dell.com,YES,McLaren partner
HP,Ferrari title partner,"Cyber, IT & Hardware",2,Lenovo,lenovo.com,YES,F1 global partner
HP,Ferrari title partner,"Cyber, IT & Hardware",3,Apple,apple.com,,PCs/Mac hardware
HP,Ferrari title partner,"Cyber, IT & Hardware",4,ASUS,asus.com,,PC/laptop hardware
HP,Ferrari title partner,"Cyber, IT & Hardware",5,Acer,acer.com,,PC/laptop hardware
HP,Ferrari title partner,"Cyber, IT & Hardware",6,Microsoft (Surface),microsoft.com,YES,Mercedes/Alpine partner
HP,Ferrari title partner,"Cyber, IT & Hardware",7,Samsung Electronics,samsung.com,,PCs/displays/print
HP,Ferrari title partner,"Cyber, IT & Hardware",8,Xerox,xerox.com,YES,Aston Martin partner
HP,Ferrari title partner,"Cyber, IT & Hardware",9,Canon,canon.com,,printers/imaging
HP,Ferrari title partner,"Cyber, IT & Hardware",10,Epson,epson.com,,printers/imaging
HP,Ferrari title partner,"Cyber, IT & Hardware",11,Brother Industries,brother.com,,printers
HP,Ferrari title partner,"Cyber, IT & Hardware",12,Ricoh,ricoh.com,,printers/imaging
HP,Ferrari title partner,"Cyber, IT & Hardware",13,Konica Minolta,konicaminolta.com,,printers/imaging
HP,Ferrari title partner,"Cyber, IT & Hardware",14,Kyocera,kyocera.com,,printers/document solutions
HP,Ferrari title partner,"Cyber, IT & Hardware",15,Toshiba,toshiba.com,,PCs/print (Dynabook/Toshiba TEC)
HP,Ferrari title partner,"Cyber, IT & Hardware",16,Panasonic,panasonic.com,,rugged laptops (Toughbook)
HP,Ferrari title partner,"Cyber, IT & Hardware",17,Sony,sony.com,,consumer electronics/PCs (VAIO heritage)
HP,Ferrari title partner,"Cyber, IT & Hardware",18,Fujitsu,fujitsu.com,,PCs/servers
HP,Ferrari title partner,"Cyber, IT & Hardware",19,Framework Computer,frame.work,,modular laptops
HP,Ferrari title partner,"Cyber, IT & Hardware",20,MSI (Micro-Star International),msi.com,,PC/gaming hardware
HP,Ferrari title partner,"Cyber, IT & Hardware",21,Razer,razer.com,,gaming laptops/peripherals
HP,Ferrari title partner,"Cyber, IT & Hardware",22,Xiaomi,mi.com,,consumer electronics/laptops
HP,Ferrari title partner,"Cyber, IT & Hardware",23,Huawei,huawei.com,,PCs/consumer devices
HP,Ferrari title partner,"Cyber, IT & Hardware",24,Dynabook,dynabook.com,,laptops (ex-Toshiba)
HP,Ferrari title partner,"Cyber, IT & Hardware",25,VAIO,vaio.com,,premium laptops
HP,Ferrari title partner,"Cyber, IT & Hardware",26,Gigabyte Technology,gigabyte.com,,PC hardware
HP,Ferrari title partner,"Cyber, IT & Hardware",27,Sharp Corporation,sharp-world.com,,displays/printers
HP,Ferrari title partner,"Cyber, IT & Hardware",28,LG Electronics,lg.com,,laptops/displays
HP,Ferrari title partner,"Cyber, IT & Hardware",29,Zebra Technologies,zebra.com,,print/scan enterprise devices
HP,Ferrari title partner,"Cyber, IT & Hardware",30,NEC Corporation,nec.com,,PCs/enterprise hardware
IndraMind (Indra Sistemas),Alpine partner,"Cyber, IT & Hardware",1,Thales Group,thalesgroup.com,,defense/digital technology
IndraMind (Indra Sistemas),Alpine partner,"Cyber, IT & Hardware",2,Leonardo S.p.A.,leonardo.com,,defense/aerospace technology
IndraMind (Indra Sistemas),Alpine partner,"Cyber, IT & Hardware",3,Airbus Defence and Space,airbus.com,,defense/aerospace technology
IndraMind (Indra Sistemas),Alpine partner,"Cyber, IT & Hardware",4,BAE Systems,baesystems.com,,defense/technology
IndraMind (Indra Sistemas),Alpine partner,"Cyber, IT & Hardware",5,Saab AB,saab.com,,defense/technology
IndraMind (Indra Sistemas),Alpine partner,"Cyber, IT & Hardware",6,Rheinmetall,rheinmetall.com,,defense technology
IndraMind (Indra Sistemas),Alpine partner,"Cyber, IT & Hardware",7,Naval Group,naval-group.com,,defense/naval technology
IndraMind (Indra Sistemas),Alpine partner,"Cyber, IT & Hardware",8,Atos,atos.net,,IT services/digital transformation
IndraMind (Indra Sistemas),Alpine partner,"Cyber, IT & Hardware",9,Capgemini,capgemini.com,,IT services/consulting
IndraMind (Indra Sistemas),Alpine partner,"Cyber, IT & Hardware",10,Accenture,accenture.com,,IT/consulting services
IndraMind (Indra Sistemas),Alpine partner,"Cyber, IT & Hardware",11,IBM Consulting,ibm.com,YES,Ferrari partner
IndraMind (Indra Sistemas),Alpine partner,"Cyber, IT & Hardware",12,Cognizant,cognizant.com,YES,Aston Martin partner
IndraMind (Indra Sistemas),Alpine partner,"Cyber, IT & Hardware",13,DXC Technology,dxc.com,YES,Ferrari partner
IndraMind (Indra Sistemas),Alpine partner,"Cyber, IT & Hardware",14,NTT DATA,nttdata.com,YES,Red Bull partner
IndraMind (Indra Sistemas),Alpine partner,"Cyber, IT & Hardware",15,Amadeus IT Group,amadeus.com,,travel/transport technology
IndraMind (Indra Sistemas),Alpine partner,"Cyber, IT & Hardware",16,Sopra Steria,soprasteria.com,,IT services/consulting
IndraMind (Indra Sistemas),Alpine partner,"Cyber, IT & Hardware",17,GMV Innovating Solutions,gmv.com,,aerospace/defense/digital tech
IndraMind (Indra Sistemas),Alpine partner,"Cyber, IT & Hardware",18,Leonardo DRS,leonardodrs.com,,defense electronics
IndraMind (Indra Sistemas),Alpine partner,"Cyber, IT & Hardware",19,L3Harris Technologies,l3harris.com,,defense/communications technology
IndraMind (Indra Sistemas),Alpine partner,"Cyber, IT & Hardware",20,Northrop Grumman,northropgrumman.com,,defense/aerospace technology
IndraMind (Indra Sistemas),Alpine partner,"Cyber, IT & Hardware",21,Elbit Systems,elbitsystems.com,,defense technology
IndraMind (Indra Sistemas),Alpine partner,"Cyber, IT & Hardware",22,Hensoldt,hensoldt.net,,defense/sensor technology
IndraMind (Indra Sistemas),Alpine partner,"Cyber, IT & Hardware",23,Safran,safran-group.com,,aerospace/defense technology
IndraMind (Indra Sistemas),Alpine partner,"Cyber, IT & Hardware",24,Kongsberg Gruppen,kongsberg.com,,defense/maritime technology
IndraMind (Indra Sistemas),Alpine partner,"Cyber, IT & Hardware",25,CGI Inc,cgi.com,,IT services/consulting
IndraMind (Indra Sistemas),Alpine partner,"Cyber, IT & Hardware",26,Tech Mahindra,techmahindra.com,,IT services/consulting
IndraMind (Indra Sistemas),Alpine partner,"Cyber, IT & Hardware",27,Wipro,wipro.com,,IT services/consulting
IndraMind (Indra Sistemas),Alpine partner,"Cyber, IT & Hardware",28,Sener Aeroespacial,sener.es,,aerospace/defense engineering
IndraMind (Indra Sistemas),Alpine partner,"Cyber, IT & Hardware",29,Idom,idom.com,,engineering/technology consulting
IndraMind (Indra Sistemas),Alpine partner,"Cyber, IT & Hardware",30,Everis (NTT DATA),nttdata.com,YES,"part of NTT DATA, Red Bull partner"
Keeper Security,Williams partner,"Cyber, IT & Hardware",1,1Password,1password.com,YES,Red Bull Racing partner
Keeper Security,Williams partner,"Cyber, IT & Hardware",2,Bitwarden,bitwarden.com,,open-source password manager
Keeper Security,Williams partner,"Cyber, IT & Hardware",3,Dashlane,dashlane.com,,password manager/PAM
Keeper Security,Williams partner,"Cyber, IT & Hardware",4,LastPass,lastpass.com,,password manager
Keeper Security,Williams partner,"Cyber, IT & Hardware",5,NordPass,nordpass.com,,password manager (Nord Security)
Keeper Security,Williams partner,"Cyber, IT & Hardware",6,RoboForm,roboform.com,,password manager
Keeper Security,Williams partner,"Cyber, IT & Hardware",7,KeePass,keepass.info,,open-source local vault
Keeper Security,Williams partner,"Cyber, IT & Hardware",8,Zoho Vault,zoho.com,,enterprise password manager
Keeper Security,Williams partner,"Cyber, IT & Hardware",9,CyberArk,cyberark.com,,privileged access management
Keeper Security,Williams partner,"Cyber, IT & Hardware",10,BeyondTrust,beyondtrust.com,,PAM/remote support
Keeper Security,Williams partner,"Cyber, IT & Hardware",11,Delinea (Thycotic),delinea.com,,privileged access management
Keeper Security,Williams partner,"Cyber, IT & Hardware",12,Okta,okta.com,YES,McLaren partner
Keeper Security,Williams partner,"Cyber, IT & Hardware",13,Microsoft Entra ID,microsoft.com,YES,Mercedes/Alpine partner
Keeper Security,Williams partner,"Cyber, IT & Hardware",14,Ping Identity,pingidentity.com,,identity & access management
Keeper Security,Williams partner,"Cyber, IT & Hardware",15,SailPoint,sailpoint.com,,identity governance
Keeper Security,Williams partner,"Cyber, IT & Hardware",16,One Identity (OneLogin),oneidentity.com,,identity management
Keeper Security,Williams partner,"Cyber, IT & Hardware",17,StrongDM,strongdm.com,,infrastructure access platform
Keeper Security,Williams partner,"Cyber, IT & Hardware",18,Devolutions,devolutions.net,,PAM for IT teams
Keeper Security,Williams partner,"Cyber, IT & Hardware",19,Enpass,enpass.io,,password manager
Keeper Security,Williams partner,"Cyber, IT & Hardware",20,Proton Pass,proton.me,,encrypted password manager
Keeper Security,Williams partner,"Cyber, IT & Hardware",21,Google Password Manager (Google),google.com,YES,McLaren partner
Keeper Security,Williams partner,"Cyber, IT & Hardware",22,Apple iCloud Keychain (Apple),apple.com,,built-in password manager
Keeper Security,Williams partner,"Cyber, IT & Hardware",23,Kaspersky Password Manager,kaspersky.com,,password manager
Keeper Security,Williams partner,"Cyber, IT & Hardware",24,LogMeIn/GoTo,goto.com,,remote access & password tools
Keeper Security,Williams partner,"Cyber, IT & Hardware",25,N-able,n-able.com,,MSP security/PAM tools
Keeper Security,Williams partner,"Cyber, IT & Hardware",26,ManageEngine PAM360,manageengine.com,,privileged access management
Keeper Security,Williams partner,"Cyber, IT & Hardware",27,IBM Security Verify,ibm.com,YES,Ferrari partner
Keeper Security,Williams partner,"Cyber, IT & Hardware",28,WALLIX,wallix.com,,privileged access management
Keeper Security,Williams partner,"Cyber, IT & Hardware",29,Sticky Password,stickypassword.com,,password manager
Keeper Security,Williams partner,"Cyber, IT & Hardware",30,Thales SafeNet Trusted Access,thalesgroup.com,,access management
Lenovo,F1 global partner; Canadian/Austrian/Hungarian GP title,"Cyber, IT & Hardware",1,Dell Technologies,dell.com,YES,McLaren partner
Lenovo,F1 global partner; Canadian/Austrian/Hungarian GP title,"Cyber, IT & Hardware",2,HP Inc,hp.com,YES,Ferrari title partner
Lenovo,F1 global partner; Canadian/Austrian/Hungarian GP title,"Cyber, IT & Hardware",3,Apple,apple.com,,PCs/laptops
Lenovo,F1 global partner; Canadian/Austrian/Hungarian GP title,"Cyber, IT & Hardware",4,ASUS,asus.com,,PC/laptop hardware
Lenovo,F1 global partner; Canadian/Austrian/Hungarian GP title,"Cyber, IT & Hardware",5,Acer,acer.com,,PC/laptop hardware
Lenovo,F1 global partner; Canadian/Austrian/Hungarian GP title,"Cyber, IT & Hardware",6,Samsung Electronics,samsung.com,,PCs/laptops
Lenovo,F1 global partner; Canadian/Austrian/Hungarian GP title,"Cyber, IT & Hardware",7,Hewlett Packard Enterprise,hpe.com,YES,Mercedes partner
Lenovo,F1 global partner; Canadian/Austrian/Hungarian GP title,"Cyber, IT & Hardware",8,Huawei,huawei.com,,PCs/servers
Lenovo,F1 global partner; Canadian/Austrian/Hungarian GP title,"Cyber, IT & Hardware",9,Xiaomi,mi.com,,consumer electronics/laptops
Lenovo,F1 global partner; Canadian/Austrian/Hungarian GP title,"Cyber, IT & Hardware",10,MSI,msi.com,,PC/gaming hardware
Lenovo,F1 global partner; Canadian/Austrian/Hungarian GP title,"Cyber, IT & Hardware",11,Razer,razer.com,,gaming laptops
Lenovo,F1 global partner; Canadian/Austrian/Hungarian GP title,"Cyber, IT & Hardware",12,Framework Computer,frame.work,,modular laptops
Lenovo,F1 global partner; Canadian/Austrian/Hungarian GP title,"Cyber, IT & Hardware",13,Dynabook (Toshiba),dynabook.com,,laptops
Lenovo,F1 global partner; Canadian/Austrian/Hungarian GP title,"Cyber, IT & Hardware",14,VAIO,vaio.com,,premium laptops
Lenovo,F1 global partner; Canadian/Austrian/Hungarian GP title,"Cyber, IT & Hardware",15,LG Electronics,lg.com,,laptops/displays
Lenovo,F1 global partner; Canadian/Austrian/Hungarian GP title,"Cyber, IT & Hardware",16,Gigabyte Technology,gigabyte.com,,PC hardware
Lenovo,F1 global partner; Canadian/Austrian/Hungarian GP title,"Cyber, IT & Hardware",17,Supermicro,supermicro.com,,servers
Lenovo,F1 global partner; Canadian/Austrian/Hungarian GP title,"Cyber, IT & Hardware",18,Fujitsu,fujitsu.com,,PCs/servers
Lenovo,F1 global partner; Canadian/Austrian/Hungarian GP title,"Cyber, IT & Hardware",19,Panasonic,panasonic.com,,rugged laptops
Lenovo,F1 global partner; Canadian/Austrian/Hungarian GP title,"Cyber, IT & Hardware",20,Sony,sony.com,,consumer electronics
Lenovo,F1 global partner; Canadian/Austrian/Hungarian GP title,"Cyber, IT & Hardware",21,IBM,ibm.com,YES,Ferrari partner (sold PC/server units to Lenovo)
Lenovo,F1 global partner; Canadian/Austrian/Hungarian GP title,"Cyber, IT & Hardware",22,NEC Corporation,nec.com,,PCs/enterprise hardware
Lenovo,F1 global partner; Canadian/Austrian/Hungarian GP title,"Cyber, IT & Hardware",23,Inspur,inspur.com,,servers
Lenovo,F1 global partner; Canadian/Austrian/Hungarian GP title,"Cyber, IT & Hardware",24,TCL Technology,tcl.com,,consumer electronics
Lenovo,F1 global partner; Canadian/Austrian/Hungarian GP title,"Cyber, IT & Hardware",25,Honor,hihonor.com,,laptops/mobile devices
Lenovo,F1 global partner; Canadian/Austrian/Hungarian GP title,"Cyber, IT & Hardware",26,Realme,realme.com,,laptops/mobile devices
Lenovo,F1 global partner; Canadian/Austrian/Hungarian GP title,"Cyber, IT & Hardware",27,Google (Chromebooks/Pixel),google.com,YES,McLaren partner
Lenovo,F1 global partner; Canadian/Austrian/Hungarian GP title,"Cyber, IT & Hardware",28,Microsoft (Surface),microsoft.com,YES,Mercedes/Alpine partner
Lenovo,F1 global partner; Canadian/Austrian/Hungarian GP title,"Cyber, IT & Hardware",29,ZTE,zte.com.cn,,consumer devices
Lenovo,F1 global partner; Canadian/Austrian/Hungarian GP title,"Cyber, IT & Hardware",30,Positivo Tecnologia,positivo.com.br,,PCs (Latin America)
Mphasis,Haas partner,"Cyber, IT & Hardware",1,Cognizant,cognizant.com,YES,Aston Martin partner
Mphasis,Haas partner,"Cyber, IT & Hardware",2,Infosys,infosys.com,,IT services/consulting
Mphasis,Haas partner,"Cyber, IT & Hardware",3,Tata Consultancy Services (TCS),tcs.com,,IT services/consulting
Mphasis,Haas partner,"Cyber, IT & Hardware",4,Wipro,wipro.com,,IT services/consulting
Mphasis,Haas partner,"Cyber, IT & Hardware",5,HCLTech,hcltech.com,,IT services/consulting
Mphasis,Haas partner,"Cyber, IT & Hardware",6,LTIMindtree,ltimindtree.com,,IT services/consulting
Mphasis,Haas partner,"Cyber, IT & Hardware",7,Hexaware Technologies,hexaware.com,,IT services
Mphasis,Haas partner,"Cyber, IT & Hardware",8,Firstsource Solutions,firstsource.com,,BPO/IT services
Mphasis,Haas partner,"Cyber, IT & Hardware",9,WNS Global Services,wns.com,,BPO services
Mphasis,Haas partner,"Cyber, IT & Hardware",10,Genpact,genpact.com,,IT/BPO services
Mphasis,Haas partner,"Cyber, IT & Hardware",11,Virtusa,virtusa.com,,digital engineering services
Mphasis,Haas partner,"Cyber, IT & Hardware",12,Zensar Technologies,zensar.com,,digital IT services
Mphasis,Haas partner,"Cyber, IT & Hardware",13,Persistent Systems,persistent.com,,digital engineering services
Mphasis,Haas partner,"Cyber, IT & Hardware",14,Birlasoft,birlasoft.com,,IT services
Mphasis,Haas partner,"Cyber, IT & Hardware",15,Sonata Software,sonata-software.com,,IT services
Mphasis,Haas partner,"Cyber, IT & Hardware",16,Coforge,coforge.com,,IT services
Mphasis,Haas partner,"Cyber, IT & Hardware",17,Capgemini,capgemini.com,,IT services/consulting
Mphasis,Haas partner,"Cyber, IT & Hardware",18,DXC Technology,dxc.com,YES,Ferrari partner
Mphasis,Haas partner,"Cyber, IT & Hardware",19,Atos,atos.net,,IT services/consulting
Mphasis,Haas partner,"Cyber, IT & Hardware",20,Tech Mahindra,techmahindra.com,,IT services/consulting
Mphasis,Haas partner,"Cyber, IT & Hardware",21,EPAM Systems,epam.com,,digital engineering services
Mphasis,Haas partner,"Cyber, IT & Hardware",22,Globant,globant.com,YES,F1 official partner
Mphasis,Haas partner,"Cyber, IT & Hardware",23,Brillio,brillio.com,YES,Williams partner
Mphasis,Haas partner,"Cyber, IT & Hardware",24,Akkodis (Adecco Group),akkodis.com,YES,Mercedes partner
Mphasis,Haas partner,"Cyber, IT & Hardware",25,RebelDot,rebeldot.com,YES,Racing Bulls partner
Mphasis,Haas partner,"Cyber, IT & Hardware",26,NTT DATA,nttdata.com,YES,Red Bull partner
Mphasis,Haas partner,"Cyber, IT & Hardware",27,IBM Consulting,ibm.com,YES,Ferrari partner
Mphasis,Haas partner,"Cyber, IT & Hardware",28,L&T Technology Services,ltts.com,,engineering R&D services
Mphasis,Haas partner,"Cyber, IT & Hardware",29,Cyient,cyient.com,,engineering/digital services
Mphasis,Haas partner,"Cyber, IT & Hardware",30,Infosys BPM,infosysbpm.com,,business process management
NinjaOne,Audi F1 partner,"Cyber, IT & Hardware",1,Atera,atera.com,,RMM/PSA platform
NinjaOne,Audi F1 partner,"Cyber, IT & Hardware",2,ConnectWise (Automate),connectwise.com,,RMM/PSA platform
NinjaOne,Audi F1 partner,"Cyber, IT & Hardware",3,Kaseya (VSA),kaseya.com,,RMM/IT management
NinjaOne,Audi F1 partner,"Cyber, IT & Hardware",4,Datto RMM (Kaseya),datto.com,,RMM for MSPs
NinjaOne,Audi F1 partner,"Cyber, IT & Hardware",5,N-able,n-able.com,,RMM/security for MSPs
NinjaOne,Audi F1 partner,"Cyber, IT & Hardware",6,ManageEngine Endpoint Central,manageengine.com,,unified endpoint management
NinjaOne,Audi F1 partner,"Cyber, IT & Hardware",7,Auvik Networks,auvik.com,,network monitoring/management
NinjaOne,Audi F1 partner,"Cyber, IT & Hardware",8,SolarWinds (N-central),solarwinds.com,,IT/network monitoring
NinjaOne,Audi F1 partner,"Cyber, IT & Hardware",9,Pulseway,pulseway.com,,RMM platform
NinjaOne,Audi F1 partner,"Cyber, IT & Hardware",10,Syncro,syncromsp.com,,RMM/PSA for MSPs
NinjaOne,Audi F1 partner,"Cyber, IT & Hardware",11,Level RMM,level.io,,cloud-native RMM
NinjaOne,Audi F1 partner,"Cyber, IT & Hardware",12,Action1,action1.com,,patch management/RMM
NinjaOne,Audi F1 partner,"Cyber, IT & Hardware",13,GoTo Resolve,goto.com,,remote support/RMM
NinjaOne,Audi F1 partner,"Cyber, IT & Hardware",14,TeamViewer (Tensor),teamviewer.com,YES,Mercedes partner
NinjaOne,Audi F1 partner,"Cyber, IT & Hardware",15,Domotz,domotz.com,,network monitoring for MSPs
NinjaOne,Audi F1 partner,"Cyber, IT & Hardware",16,Microsoft Intune,microsoft.com,YES,Mercedes/Alpine partner
NinjaOne,Audi F1 partner,"Cyber, IT & Hardware",17,Ivanti,ivanti.com,,unified endpoint management
NinjaOne,Audi F1 partner,"Cyber, IT & Hardware",18,BeyondTrust (Remote Support),beyondtrust.com,,remote support/PAM
NinjaOne,Audi F1 partner,"Cyber, IT & Hardware",19,Barracuda RMM,barracudamsp.com,,RMM for MSPs
NinjaOne,Audi F1 partner,"Cyber, IT & Hardware",20,Addigy,addigy.com,,Apple device management
NinjaOne,Audi F1 partner,"Cyber, IT & Hardware",21,Jamf,jamf.com,,Apple device management
NinjaOne,Audi F1 partner,"Cyber, IT & Hardware",22,Automox,automox.com,,cloud-native patch management
NinjaOne,Audi F1 partner,"Cyber, IT & Hardware",23,Naverisk,naverisk.com,,RMM/PSA platform
NinjaOne,Audi F1 partner,"Cyber, IT & Hardware",24,PDQ Deploy & Connect,pdq.com,,patch management/RMM
NinjaOne,Audi F1 partner,"Cyber, IT & Hardware",25,ImmyBot,immy.bot,,automated endpoint management
NinjaOne,Audi F1 partner,"Cyber, IT & Hardware",26,SuperOps,superops.com,,RMM/PSA platform
NinjaOne,Audi F1 partner,"Cyber, IT & Hardware",27,LogMeIn Central (GoTo),goto.com,,endpoint management
NinjaOne,Audi F1 partner,"Cyber, IT & Hardware",28,Flexera (Snow Software),flexera.com,,IT asset management
NinjaOne,Audi F1 partner,"Cyber, IT & Hardware",29,Electric AI,electric.ai,,IT management platform
NinjaOne,Audi F1 partner,"Cyber, IT & Hardware",30,Panda Systems Management (WatchGuard),watchguard.com,,RMM/endpoint management
NTT DATA,Red Bull partner,"Cyber, IT & Hardware",1,Accenture,accenture.com,,global IT services/consulting
NTT DATA,Red Bull partner,"Cyber, IT & Hardware",2,IBM Consulting,ibm.com,YES,Ferrari partner
NTT DATA,Red Bull partner,"Cyber, IT & Hardware",3,Cognizant,cognizant.com,YES,Aston Martin partner
NTT DATA,Red Bull partner,"Cyber, IT & Hardware",4,Tata Consultancy Services (TCS),tcs.com,,IT services/consulting
NTT DATA,Red Bull partner,"Cyber, IT & Hardware",5,Infosys,infosys.com,,IT services/consulting
NTT DATA,Red Bull partner,"Cyber, IT & Hardware",6,Wipro,wipro.com,,IT services/consulting
NTT DATA,Red Bull partner,"Cyber, IT & Hardware",7,HCLTech,hcltech.com,,IT services/consulting
NTT DATA,Red Bull partner,"Cyber, IT & Hardware",8,Capgemini,capgemini.com,,IT services/consulting
NTT DATA,Red Bull partner,"Cyber, IT & Hardware",9,DXC Technology,dxc.com,YES,Ferrari partner
NTT DATA,Red Bull partner,"Cyber, IT & Hardware",10,Atos,atos.net,,IT services/consulting
NTT DATA,Red Bull partner,"Cyber, IT & Hardware",11,Fujitsu,fujitsu.com,,IT services/systems integration
NTT DATA,Red Bull partner,"Cyber, IT & Hardware",12,Hitachi,hitachi.com,,IT services/systems integration
NTT DATA,Red Bull partner,"Cyber, IT & Hardware",13,NEC Corporation,nec.com,,IT services/systems integration
NTT DATA,Red Bull partner,"Cyber, IT & Hardware",14,Deloitte,deloitte.com,YES,McLaren partner
NTT DATA,Red Bull partner,"Cyber, IT & Hardware",15,PwC,pwc.com,YES,F1 official partner
NTT DATA,Red Bull partner,"Cyber, IT & Hardware",16,KPMG,kpmg.com,,consulting/advisory
NTT DATA,Red Bull partner,"Cyber, IT & Hardware",17,EY (Ernst & Young),ey.com,,consulting/advisory
NTT DATA,Red Bull partner,"Cyber, IT & Hardware",18,Kyndryl,kyndryl.com,,IT infrastructure services
NTT DATA,Red Bull partner,"Cyber, IT & Hardware",19,Tech Mahindra,techmahindra.com,,IT services/consulting
NTT DATA,Red Bull partner,"Cyber, IT & Hardware",20,Globant,globant.com,YES,F1 official partner
NTT DATA,Red Bull partner,"Cyber, IT & Hardware",21,Mphasis,mphasis.com,YES,Haas partner
NTT DATA,Red Bull partner,"Cyber, IT & Hardware",22,Brillio,brillio.com,YES,Williams partner
NTT DATA,Red Bull partner,"Cyber, IT & Hardware",23,Akkodis (Adecco Group),akkodis.com,YES,Mercedes partner
NTT DATA,Red Bull partner,"Cyber, IT & Hardware",24,Genpact,genpact.com,,IT/BPO services
NTT DATA,Red Bull partner,"Cyber, IT & Hardware",25,EPAM Systems,epam.com,,digital engineering services
NTT DATA,Red Bull partner,"Cyber, IT & Hardware",26,LTIMindtree,ltimindtree.com,,IT services/consulting
NTT DATA,Red Bull partner,"Cyber, IT & Hardware",27,Sopra Steria,soprasteria.com,,IT services/consulting
NTT DATA,Red Bull partner,"Cyber, IT & Hardware",28,Unisys,unisys.com,,IT services/infrastructure
NTT DATA,Red Bull partner,"Cyber, IT & Hardware",29,CGI Inc,cgi.com,,IT services/consulting
NTT DATA,Red Bull partner,"Cyber, IT & Hardware",30,IndraMind (Indra Sistemas),indracompany.com,YES,Alpine partner
Okta,McLaren partner,"Cyber, IT & Hardware",1,Microsoft Entra ID,microsoft.com,YES,Mercedes/Alpine partner
Okta,McLaren partner,"Cyber, IT & Hardware",2,Ping Identity,pingidentity.com,,identity & access management
Okta,McLaren partner,"Cyber, IT & Hardware",3,SailPoint,sailpoint.com,,identity governance
Okta,McLaren partner,"Cyber, IT & Hardware",4,CyberArk,cyberark.com,,privileged access/identity security
Okta,McLaren partner,"Cyber, IT & Hardware",5,One Identity (OneLogin),oneidentity.com,,identity/SSO
Okta,McLaren partner,"Cyber, IT & Hardware",6,ForgeRock (Ping Identity),pingidentity.com,,identity platform
Okta,McLaren partner,"Cyber, IT & Hardware",7,Google Cloud Identity,cloud.google.com,YES,McLaren partner (Google)
Okta,McLaren partner,"Cyber, IT & Hardware",8,AWS IAM,aws.amazon.com,YES,F1 global partner
Okta,McLaren partner,"Cyber, IT & Hardware",9,Duo Security (Cisco),duo.com,YES,McLaren partner (Cisco)
Okta,McLaren partner,"Cyber, IT & Hardware",10,RSA Security,rsa.com,,identity & access assurance
Okta,McLaren partner,"Cyber, IT & Hardware",11,Thales SafeNet Trusted Access,thalesgroup.com,,access management
Okta,McLaren partner,"Cyber, IT & Hardware",12,JumpCloud,jumpcloud.com,,unified identity platform
Okta,McLaren partner,"Cyber, IT & Hardware",13,Salesforce Identity,salesforce.com,YES,F1 global partner
Okta,McLaren partner,"Cyber, IT & Hardware",14,HID Global,hidglobal.com,,identity/access solutions
Okta,McLaren partner,"Cyber, IT & Hardware",15,OpenText NetIQ,opentext.com,,identity governance
Okta,McLaren partner,"Cyber, IT & Hardware",16,Delinea,delinea.com,,privileged access management
Okta,McLaren partner,"Cyber, IT & Hardware",17,BeyondTrust,beyondtrust.com,,PAM/identity security
Okta,McLaren partner,"Cyber, IT & Hardware",18,Keeper Security,keepersecurity.com,YES,Williams partner
Okta,McLaren partner,"Cyber, IT & Hardware",19,1Password Extended Access Management,1password.com,YES,Red Bull Racing partner
Okta,McLaren partner,"Cyber, IT & Hardware",20,LastPass,lastpass.com,,password/SSO
Okta,McLaren partner,"Cyber, IT & Hardware",21,Radiant Logic,radiantlogic.com,,identity data platform
Okta,McLaren partner,"Cyber, IT & Hardware",22,Transmit Security,transmitsecurity.com,,identity orchestration
Okta,McLaren partner,"Cyber, IT & Hardware",23,Frontegg,frontegg.com,,customer identity platform
Okta,McLaren partner,"Cyber, IT & Hardware",24,WSO2 Identity Server,wso2.com,,open-source IAM
Okta,McLaren partner,"Cyber, IT & Hardware",25,Curity,curity.io,,identity server
Okta,McLaren partner,"Cyber, IT & Hardware",26,Entrust Identity,entrust.com,,identity & access management
Okta,McLaren partner,"Cyber, IT & Hardware",27,Oracle Identity Cloud Service,oracle.com,YES,Red Bull Racing title partner
Okta,McLaren partner,"Cyber, IT & Hardware",28,IBM Security Verify,ibm.com,YES,Ferrari partner
Okta,McLaren partner,"Cyber, IT & Hardware",29,Broadcom (Symantec SiteMinder),broadcom.com,,access management
Okta,McLaren partner,"Cyber, IT & Hardware",30,Zoho Directory,zoho.com,,identity & access management
Palo Alto Networks,F1 official cybersecurity partner,"Cyber, IT & Hardware",1,CrowdStrike,crowdstrike.com,YES,Mercedes partner
Palo Alto Networks,F1 official cybersecurity partner,"Cyber, IT & Hardware",2,Fortinet,fortinet.com,,network security
Palo Alto Networks,F1 official cybersecurity partner,"Cyber, IT & Hardware",3,Cisco (Secure),cisco.com,YES,McLaren partner
Palo Alto Networks,F1 official cybersecurity partner,"Cyber, IT & Hardware",4,Check Point Software Technologies,checkpoint.com,,network/cloud security
Palo Alto Networks,F1 official cybersecurity partner,"Cyber, IT & Hardware",5,Zscaler,zscaler.com,,cloud security/SSE
Palo Alto Networks,F1 official cybersecurity partner,"Cyber, IT & Hardware",6,Trend Micro,trendmicro.com,,cloud/endpoint security
Palo Alto Networks,F1 official cybersecurity partner,"Cyber, IT & Hardware",7,Sophos,sophos.com,,endpoint & network security
Palo Alto Networks,F1 official cybersecurity partner,"Cyber, IT & Hardware",8,Trellix,trellix.com,,XDR platform
Palo Alto Networks,F1 official cybersecurity partner,"Cyber, IT & Hardware",9,Broadcom (Symantec),broadcom.com,,enterprise security
Palo Alto Networks,F1 official cybersecurity partner,"Cyber, IT & Hardware",10,Rapid7,rapid7.com,,detection & response
Palo Alto Networks,F1 official cybersecurity partner,"Cyber, IT & Hardware",11,Tenable,tenable.com,,exposure/vulnerability management
Palo Alto Networks,F1 official cybersecurity partner,"Cyber, IT & Hardware",12,Darktrace,darktrace.com,,AI-driven threat detection
Palo Alto Networks,F1 official cybersecurity partner,"Cyber, IT & Hardware",13,SentinelOne,sentinelone.com,,EDR/XDR
Palo Alto Networks,F1 official cybersecurity partner,"Cyber, IT & Hardware",14,Netskope,netskope.com,,SSE/SASE platform
Palo Alto Networks,F1 official cybersecurity partner,"Cyber, IT & Hardware",15,Cato Networks,catonetworks.com,YES,Alpine partner
Palo Alto Networks,F1 official cybersecurity partner,"Cyber, IT & Hardware",16,Juniper Networks,juniper.net,,network security infrastructure
Palo Alto Networks,F1 official cybersecurity partner,"Cyber, IT & Hardware",17,Cloudflare,cloudflare.com,,network/edge security
Palo Alto Networks,F1 official cybersecurity partner,"Cyber, IT & Hardware",18,IBM Security,ibm.com,YES,Ferrari partner
Palo Alto Networks,F1 official cybersecurity partner,"Cyber, IT & Hardware",19,Microsoft Defender/Security,microsoft.com,YES,Mercedes/Alpine partner
Palo Alto Networks,F1 official cybersecurity partner,"Cyber, IT & Hardware",20,Google (Chronicle/Mandiant),google.com,YES,McLaren partner
Palo Alto Networks,F1 official cybersecurity partner,"Cyber, IT & Hardware",21,Bitdefender,bitdefender.com,YES,Ferrari partner
Palo Alto Networks,F1 official cybersecurity partner,"Cyber, IT & Hardware",22,Kaspersky,kaspersky.com,,endpoint security
Palo Alto Networks,F1 official cybersecurity partner,"Cyber, IT & Hardware",23,ESET,eset.com,,endpoint security
Palo Alto Networks,F1 official cybersecurity partner,"Cyber, IT & Hardware",24,Proofpoint,proofpoint.com,,threat protection
Palo Alto Networks,F1 official cybersecurity partner,"Cyber, IT & Hardware",25,Akamai,akamai.com,,edge/network security
Palo Alto Networks,F1 official cybersecurity partner,"Cyber, IT & Hardware",26,F5,f5.com,,application security/delivery
Palo Alto Networks,F1 official cybersecurity partner,"Cyber, IT & Hardware",27,Barracuda Networks,barracuda.com,,network/email security
Palo Alto Networks,F1 official cybersecurity partner,"Cyber, IT & Hardware",28,Forcepoint,forcepoint.com,,SASE/data security
Palo Alto Networks,F1 official cybersecurity partner,"Cyber, IT & Hardware",29,WithSecure (F-Secure),withsecure.com,,endpoint/cloud security
Palo Alto Networks,F1 official cybersecurity partner,"Cyber, IT & Hardware",30,Vectra AI,vectra.ai,,AI-driven threat detection
RebelDot,Racing Bulls partner,"Cyber, IT & Hardware",1,Endava,endava.com,,digital engineering (CEE-based)
RebelDot,Racing Bulls partner,"Cyber, IT & Hardware",2,EPAM Systems,epam.com,,digital engineering services
RebelDot,Racing Bulls partner,"Cyber, IT & Hardware",3,Luxoft (DXC),luxoft.com,,digital engineering services
RebelDot,Racing Bulls partner,"Cyber, IT & Hardware",4,Ciklum,ciklum.com,,software engineering (CEE-based)
RebelDot,Racing Bulls partner,"Cyber, IT & Hardware",5,SoftServe,softserveinc.com,,software engineering
RebelDot,Racing Bulls partner,"Cyber, IT & Hardware",6,N-iX,n-ix.com,,software engineering (Ukraine)
RebelDot,Racing Bulls partner,"Cyber, IT & Hardware",7,Intellias,intellias.com,,software engineering (CEE-based)
RebelDot,Racing Bulls partner,"Cyber, IT & Hardware",8,Globant,globant.com,YES,F1 official partner
RebelDot,Racing Bulls partner,"Cyber, IT & Hardware",9,Thoughtworks,thoughtworks.com,,digital transformation consulting
RebelDot,Racing Bulls partner,"Cyber, IT & Hardware",10,Nagarro,nagarro.com,,digital product engineering
RebelDot,Racing Bulls partner,"Cyber, IT & Hardware",11,Grid Dynamics,griddynamics.com,,digital engineering services
RebelDot,Racing Bulls partner,"Cyber, IT & Hardware",12,Accesa,accesa.eu,,software services (Romania)
RebelDot,Racing Bulls partner,"Cyber, IT & Hardware",13,Fortech,fortech.ro,,software services (Romania)
RebelDot,Racing Bulls partner,"Cyber, IT & Hardware",14,3Pillar Global,3pillarglobal.com,,product engineering services
RebelDot,Racing Bulls partner,"Cyber, IT & Hardware",15,Ness Digital Engineering,ness.com,,digital engineering services
RebelDot,Racing Bulls partner,"Cyber, IT & Hardware",16,Tremend Software Consulting,tremend.com,,software services (Romania)
RebelDot,Racing Bulls partner,"Cyber, IT & Hardware",17,Zitec,zitec.com,,software/digital services (Romania)
RebelDot,Racing Bulls partner,"Cyber, IT & Hardware",18,Cognizant (incl. Softvision),cognizant.com,YES,Aston Martin partner
RebelDot,Racing Bulls partner,"Cyber, IT & Hardware",19,Brillio,brillio.com,YES,Williams partner
RebelDot,Racing Bulls partner,"Cyber, IT & Hardware",20,Akkodis (Adecco Group),akkodis.com,YES,Mercedes partner
RebelDot,Racing Bulls partner,"Cyber, IT & Hardware",21,Mphasis,mphasis.com,YES,Haas partner
RebelDot,Racing Bulls partner,"Cyber, IT & Hardware",22,DXC Technology,dxc.com,YES,Ferrari partner
RebelDot,Racing Bulls partner,"Cyber, IT & Hardware",23,Publicis Sapient,publicissapient.com,,digital business transformation
RebelDot,Racing Bulls partner,"Cyber, IT & Hardware",24,Slalom Consulting,slalom.com,,business/technology consulting
RebelDot,Racing Bulls partner,"Cyber, IT & Hardware",25,Encora,encora.com,,digital engineering services
RebelDot,Racing Bulls partner,"Cyber, IT & Hardware",26,Softtek,softtek.com,,IT services
RebelDot,Racing Bulls partner,"Cyber, IT & Hardware",27,Xoriant,xoriant.com,,digital engineering services
RebelDot,Racing Bulls partner,"Cyber, IT & Hardware",28,GlobalLogic (Hitachi),globallogic.com,,digital engineering services
RebelDot,Racing Bulls partner,"Cyber, IT & Hardware",29,ITMAGINATION,itmagination.com,,software engineering (Poland)
RebelDot,Racing Bulls partner,"Cyber, IT & Hardware",30,Assist Software,assist-software.net,,software engineering (Romania)
Ruckus Networks (CommScope),Haas partner,"Cyber, IT & Hardware",1,Cisco (Meraki),cisco.com,YES,McLaren partner
Ruckus Networks (CommScope),Haas partner,"Cyber, IT & Hardware",2,HPE Aruba Networking,hpe.com,YES,Mercedes partner
Ruckus Networks (CommScope),Haas partner,"Cyber, IT & Hardware",3,Extreme Networks,extremenetworks.com,YES,Audi F1 partner
Ruckus Networks (CommScope),Haas partner,"Cyber, IT & Hardware",4,Juniper Networks (Mist AI),juniper.net,,AI-driven wireless networking
Ruckus Networks (CommScope),Haas partner,"Cyber, IT & Hardware",5,Ubiquiti Networks,ui.com,,wireless/networking hardware
Ruckus Networks (CommScope),Haas partner,"Cyber, IT & Hardware",6,NETGEAR,netgear.com,,wireless networking hardware
Ruckus Networks (CommScope),Haas partner,"Cyber, IT & Hardware",7,TP-Link (Omada),tp-link.com,,wireless networking hardware
Ruckus Networks (CommScope),Haas partner,"Cyber, IT & Hardware",8,Fortinet (FortiAP),fortinet.com,,secure wireless access points
Ruckus Networks (CommScope),Haas partner,"Cyber, IT & Hardware",9,Cambium Networks,cambiumnetworks.com,,wireless networking
Ruckus Networks (CommScope),Haas partner,"Cyber, IT & Hardware",10,D-Link,dlink.com,,wireless networking hardware
Ruckus Networks (CommScope),Haas partner,"Cyber, IT & Hardware",11,Zyxel,zyxel.com,,wireless networking hardware
Ruckus Networks (CommScope),Haas partner,"Cyber, IT & Hardware",12,Huawei,huawei.com,,wireless networking equipment
Ruckus Networks (CommScope),Haas partner,"Cyber, IT & Hardware",13,Nokia,nokia.com,,wireless/network infrastructure
Ruckus Networks (CommScope),Haas partner,"Cyber, IT & Hardware",14,Alcatel-Lucent Enterprise,al-enterprise.com,,enterprise wireless networking
Ruckus Networks (CommScope),Haas partner,"Cyber, IT & Hardware",15,EnGenius Technologies,engeniustech.com,,wireless networking hardware
Ruckus Networks (CommScope),Haas partner,"Cyber, IT & Hardware",16,Mojo Networks (Arista),arista.com,,cloud-managed Wi-Fi
Ruckus Networks (CommScope),Haas partner,"Cyber, IT & Hardware",17,"Meter, Inc",meter.com,,managed network infrastructure
Ruckus Networks (CommScope),Haas partner,"Cyber, IT & Hardware",18,Cradlepoint (Ericsson),cradlepoint.com,,wireless WAN edge
Ruckus Networks (CommScope),Haas partner,"Cyber, IT & Hardware",19,WatchGuard Technologies,watchguard.com,,secure Wi-Fi/network security
Ruckus Networks (CommScope),Haas partner,"Cyber, IT & Hardware",20,Peplink,peplink.com,,wireless routers/SD-WAN
Ruckus Networks (CommScope),Haas partner,"Cyber, IT & Hardware",21,Riverbed (Xirrus),riverbed.com,,enterprise Wi-Fi
Ruckus Networks (CommScope),Haas partner,"Cyber, IT & Hardware",22,Sophos,sophos.com,,secure wireless/network security
Ruckus Networks (CommScope),Haas partner,"Cyber, IT & Hardware",23,Edgecore Networks,edge-core.com,,open networking hardware
Ruckus Networks (CommScope),Haas partner,"Cyber, IT & Hardware",24,Motorola Solutions,motorolasolutions.com,,wireless infrastructure
Ruckus Networks (CommScope),Haas partner,"Cyber, IT & Hardware",25,"CommScope (parent brand, RUCKUS ONE overlaps)",commscope.com,YES,Haas partner (parent company)
Ruckus Networks (CommScope),Haas partner,"Cyber, IT & Hardware",26,Belkin (Linksys),linksys.com,,networking hardware
Ruckus Networks (CommScope),Haas partner,"Cyber, IT & Hardware",27,Aerohive (Extreme Networks),extremenetworks.com,YES,Audi F1 partner (acquired brand)
Ruckus Networks (CommScope),Haas partner,"Cyber, IT & Hardware",28,Fortinet FortiGate WiFi,fortinet.com,,integrated wireless security
Ruckus Networks (CommScope),Haas partner,"Cyber, IT & Hardware",29,Adtran (wireless),adtran.com,,broadband/wireless access
Ruckus Networks (CommScope),Haas partner,"Cyber, IT & Hardware",30,Zebra Technologies (WiFi),zebra.com,,enterprise wireless devices
SEALSQ,Alpine partner,"Cyber, IT & Hardware",1,NXP Semiconductors,nxp.com,,secure element/semiconductor security
SEALSQ,Alpine partner,"Cyber, IT & Hardware",2,Infineon Technologies,infineon.com,,secure microcontrollers
SEALSQ,Alpine partner,"Cyber, IT & Hardware",3,STMicroelectronics,st.com,,secure element chips
SEALSQ,Alpine partner,"Cyber, IT & Hardware",4,Thales (Digital Identity & Security),thalesgroup.com,,digital identity/secure chips
SEALSQ,Alpine partner,"Cyber, IT & Hardware",5,IDEMIA,idemia.com,,identity/secure element technology
SEALSQ,Alpine partner,"Cyber, IT & Hardware",6,Giesecke+Devrient,gi-de.com,,secure identity/payment technology
SEALSQ,Alpine partner,"Cyber, IT & Hardware",7,Renesas Electronics,renesas.com,,secure microcontrollers
SEALSQ,Alpine partner,"Cyber, IT & Hardware",8,Microchip Technology,microchip.com,,secure microcontrollers
SEALSQ,Alpine partner,"Cyber, IT & Hardware",9,Texas Instruments,ti.com,,secure semiconductors
SEALSQ,Alpine partner,"Cyber, IT & Hardware",10,Samsung Semiconductor,semiconductor.samsung.com,,secure element chips
SEALSQ,Alpine partner,"Cyber, IT & Hardware",11,Swissbit,swissbit.com,,secure storage/IoT security
SEALSQ,Alpine partner,"Cyber, IT & Hardware",12,Winbond Electronics,winbond.com,,secure memory chips
SEALSQ,Alpine partner,"Cyber, IT & Hardware",13,ID Quantique,idquantique.com,,quantum-safe security
SEALSQ,Alpine partner,"Cyber, IT & Hardware",14,Quantinuum,quantinuum.com,,quantum computing/security
SEALSQ,Alpine partner,"Cyber, IT & Hardware",15,PQShield,pqshield.com,,post-quantum cryptography
SEALSQ,Alpine partner,"Cyber, IT & Hardware",16,Crypto Quantique,cryptoquantique.com,,IoT device security/quantum-driven
SEALSQ,Alpine partner,"Cyber, IT & Hardware",17,Utimaco,utimaco.com,,hardware security modules
SEALSQ,Alpine partner,"Cyber, IT & Hardware",18,Entrust,entrust.com,,digital identity/PKI security
SEALSQ,Alpine partner,"Cyber, IT & Hardware",19,DigiCert,digicert.com,,PKI/digital certificate security
SEALSQ,Alpine partner,"Cyber, IT & Hardware",20,GlobalSign (GMO Internet),globalsign.com,,PKI/digital certificate security
SEALSQ,Alpine partner,"Cyber, IT & Hardware",21,Kudelski Group,kudelski.com,,digital security/IoT security
SEALSQ,Alpine partner,"Cyber, IT & Hardware",22,Verimatrix,verimatrix.com,,digital security/IoT protection
SEALSQ,Alpine partner,"Cyber, IT & Hardware",23,Rambus,rambus.com,,secure chip IP/hardware security
SEALSQ,Alpine partner,"Cyber, IT & Hardware",24,Arm (secure IP/PSA Certified),arm.com,YES,Aston Martin partner
SEALSQ,Alpine partner,"Cyber, IT & Hardware",25,Broadcom (secure chips),broadcom.com,,secure semiconductor solutions
SEALSQ,Alpine partner,"Cyber, IT & Hardware",26,Toshiba (secure elements),toshiba.com,,secure element chips
SEALSQ,Alpine partner,"Cyber, IT & Hardware",27,Analog Devices (Maxim Integrated),analog.com,,secure microcontrollers
SEALSQ,Alpine partner,"Cyber, IT & Hardware",28,Nuvoton Technology,nuvoton.com,,secure microcontrollers
SEALSQ,Alpine partner,"Cyber, IT & Hardware",29,eMemory Technology,ememory.com.tw,,embedded secure memory IP
SEALSQ,Alpine partner,"Cyber, IT & Hardware",30,HID Global,hidglobal.com,,secure identity/access hardware
Snapdragon (Qualcomm),Mercedes partner,"Cyber, IT & Hardware",1,MediaTek,mediatek.com,,mobile SoCs
Snapdragon (Qualcomm),Mercedes partner,"Cyber, IT & Hardware",2,Apple (A-series Silicon),apple.com,,mobile chips
Snapdragon (Qualcomm),Mercedes partner,"Cyber, IT & Hardware",3,Samsung (Exynos),samsung.com,,mobile SoCs
Snapdragon (Qualcomm),Mercedes partner,"Cyber, IT & Hardware",4,Google (Tensor),google.com,YES,McLaren partner
Snapdragon (Qualcomm),Mercedes partner,"Cyber, IT & Hardware",5,Huawei HiSilicon (Kirin),huawei.com,,mobile SoCs
Snapdragon (Qualcomm),Mercedes partner,"Cyber, IT & Hardware",6,UNISOC,unisoc.com,,mobile chipsets
Snapdragon (Qualcomm),Mercedes partner,"Cyber, IT & Hardware",7,NVIDIA (Tegra),nvidia.com,,mobile/automotive SoCs
Snapdragon (Qualcomm),Mercedes partner,"Cyber, IT & Hardware",8,Intel,intel.com,,mobile/PC chips
Snapdragon (Qualcomm),Mercedes partner,"Cyber, IT & Hardware",9,AMD,amd.com,YES,Mercedes partner
Snapdragon (Qualcomm),Mercedes partner,"Cyber, IT & Hardware",10,Broadcom,broadcom.com,,connectivity chips
Snapdragon (Qualcomm),Mercedes partner,"Cyber, IT & Hardware",11,Marvell Technology,marvell.com,,connectivity/networking silicon
Snapdragon (Qualcomm),Mercedes partner,"Cyber, IT & Hardware",12,Texas Instruments,ti.com,,embedded processors
Snapdragon (Qualcomm),Mercedes partner,"Cyber, IT & Hardware",13,NXP Semiconductors,nxp.com,,automotive/IoT chips
Snapdragon (Qualcomm),Mercedes partner,"Cyber, IT & Hardware",14,Renesas Electronics,renesas.com,,automotive/embedded chips
Snapdragon (Qualcomm),Mercedes partner,"Cyber, IT & Hardware",15,Infineon Technologies,infineon.com,,automotive/power semiconductors
Snapdragon (Qualcomm),Mercedes partner,"Cyber, IT & Hardware",16,STMicroelectronics,st.com,,microcontrollers/SoCs
Snapdragon (Qualcomm),Mercedes partner,"Cyber, IT & Hardware",17,Rockchip,rock-chips.com,,embedded SoCs
Snapdragon (Qualcomm),Mercedes partner,"Cyber, IT & Hardware",18,Arm Holdings,arm.com,YES,Aston Martin partner
Snapdragon (Qualcomm),Mercedes partner,"Cyber, IT & Hardware",19,Skyworks Solutions,skyworksinc.com,,RF/connectivity chips
Snapdragon (Qualcomm),Mercedes partner,"Cyber, IT & Hardware",20,Qorvo,qorvo.com,,RF/connectivity chips
Snapdragon (Qualcomm),Mercedes partner,"Cyber, IT & Hardware",21,Analog Devices,analog.com,,mixed-signal chips
Snapdragon (Qualcomm),Mercedes partner,"Cyber, IT & Hardware",22,Cirrus Logic,cirrus.com,,audio/mixed-signal chips
Snapdragon (Qualcomm),Mercedes partner,"Cyber, IT & Hardware",23,Synaptics,synaptics.com,,connectivity/sensor chips
Snapdragon (Qualcomm),Mercedes partner,"Cyber, IT & Hardware",24,Nordic Semiconductor,nordicsemi.com,,low-power wireless chips
Snapdragon (Qualcomm),Mercedes partner,"Cyber, IT & Hardware",25,Silicon Labs,silabs.com,,IoT wireless chips
Snapdragon (Qualcomm),Mercedes partner,"Cyber, IT & Hardware",26,Espressif Systems,espressif.com,,IoT wireless SoCs
Snapdragon (Qualcomm),Mercedes partner,"Cyber, IT & Hardware",27,u-blox,u-blox.com,,wireless/positioning modules
Snapdragon (Qualcomm),Mercedes partner,"Cyber, IT & Hardware",28,Semtech,semtech.com,,wireless connectivity chips
Snapdragon (Qualcomm),Mercedes partner,"Cyber, IT & Hardware",29,MaxLinear,maxlinear.com,,connectivity/broadband chips
Snapdragon (Qualcomm),Mercedes partner,"Cyber, IT & Hardware",30,Murata Manufacturing,murata.com,,RF/connectivity modules
Solera,Mercedes partner,"Cyber, IT & Hardware",1,Verisk Analytics,verisk.com,,risk/claims data analytics
Solera,Mercedes partner,"Cyber, IT & Hardware",2,CCC Intelligent Solutions,cccis.com,,auto claims/repair software
Solera,Mercedes partner,"Cyber, IT & Hardware",3,Mitchell International (Enlyte),mitchell.com,,auto claims/repair software
Solera,Mercedes partner,"Cyber, IT & Hardware",4,LexisNexis Risk Solutions,risk.lexisnexis.com,,risk/insurance data solutions
Solera,Mercedes partner,"Cyber, IT & Hardware",5,Guidewire Software,guidewire.com,,insurance core systems
Solera,Mercedes partner,"Cyber, IT & Hardware",6,Cox Automotive,coxautoinc.com,,automotive dealer/data solutions
Solera,Mercedes partner,"Cyber, IT & Hardware",7,CDK Global,cdkglobal.com,,automotive dealer software
Solera,Mercedes partner,"Cyber, IT & Hardware",8,Snap-on,snapon.com,,vehicle diagnostics tools
Solera,Mercedes partner,"Cyber, IT & Hardware",9,Bosch Automotive Service Solutions,boschaftermarket.com,,vehicle diagnostics/repair tech
Solera,Mercedes partner,"Cyber, IT & Hardware",10,ALLDATA,alldata.com,,automotive repair information software
Solera,Mercedes partner,"Cyber, IT & Hardware",11,Identifix,identifix.com,,automotive repair diagnostics
Solera,Mercedes partner,"Cyber, IT & Hardware",12,Autodata Ltd,autodata-group.com,,vehicle repair/technical data
Solera,Mercedes partner,"Cyber, IT & Hardware",13,Tractable,tractable.ai,,AI for claims/repair estimation
Solera,Mercedes partner,"Cyber, IT & Hardware",14,Element Fleet Management,elementfleet.com,,fleet management software
Solera,Mercedes partner,"Cyber, IT & Hardware",15,WEX Inc,wexinc.com,,fleet/payments technology
Solera,Mercedes partner,"Cyber, IT & Hardware",16,Geotab,geotab.com,,fleet telematics
Solera,Mercedes partner,"Cyber, IT & Hardware",17,Samsara,samsara.com,,fleet/IoT telematics
Solera,Mercedes partner,"Cyber, IT & Hardware",18,Fleetio,fleetio.com,,fleet management software
Solera,Mercedes partner,"Cyber, IT & Hardware",19,Verizon Connect,verizonconnect.com,,fleet telematics
Solera,Mercedes partner,"Cyber, IT & Hardware",20,Trimble Transportation,trimble.com,,fleet/transportation software
Solera,Mercedes partner,"Cyber, IT & Hardware",21,Teletrac Navman,teletracnavman.com,,fleet telematics
Solera,Mercedes partner,"Cyber, IT & Hardware",22,Motive (KeepTruckin),gomotive.com,,fleet management/telematics
Solera,Mercedes partner,"Cyber, IT & Hardware",23,Karmak,karmak.com,,dealer/fleet management software
Solera,Mercedes partner,"Cyber, IT & Hardware",24,Reynolds and Reynolds,reyrey.com,,automotive dealer software
Solera,Mercedes partner,"Cyber, IT & Hardware",25,Dealertrack (Cox Automotive),dealertrack.com,,automotive dealer software
Solera,Mercedes partner,"Cyber, IT & Hardware",26,Auto/Mate Dealership Systems,automate.com,,dealer management software
Solera,Mercedes partner,"Cyber, IT & Hardware",27,PBS Systems,pbssystems.com,,dealer management software
Solera,Mercedes partner,"Cyber, IT & Hardware",28,Innova Electronics,innova.com,,vehicle diagnostics tools
Solera,Mercedes partner,"Cyber, IT & Hardware",29,Autosoft Inc,autosoftdms.com,,dealer management software
Solera,Mercedes partner,"Cyber, IT & Hardware",30,Cambridge Mobile Telematics,cmtelematics.com,,telematics/insurance data
Xerox,Aston Martin partner,"Cyber, IT & Hardware",1,Canon,canon.com,,printers/imaging
Xerox,Aston Martin partner,"Cyber, IT & Hardware",2,HP Inc,hp.com,YES,Ferrari title partner
Xerox,Aston Martin partner,"Cyber, IT & Hardware",3,Ricoh,ricoh.com,,printers/imaging
Xerox,Aston Martin partner,"Cyber, IT & Hardware",4,Konica Minolta,konicaminolta.com,,printers/imaging
Xerox,Aston Martin partner,"Cyber, IT & Hardware",5,Kyocera,kyocera.com,,printers/document solutions
Xerox,Aston Martin partner,"Cyber, IT & Hardware",6,Brother Industries,brother.com,,printers
Xerox,Aston Martin partner,"Cyber, IT & Hardware",7,Epson,epson.com,,printers/imaging
Xerox,Aston Martin partner,"Cyber, IT & Hardware",8,Lexmark,lexmark.com,,printers/imaging
Xerox,Aston Martin partner,"Cyber, IT & Hardware",9,Sharp Corporation,sharp-world.com,,printers/displays
Xerox,Aston Martin partner,"Cyber, IT & Hardware",10,Toshiba TEC,toshibatec.com,,printers/POS systems
Xerox,Aston Martin partner,"Cyber, IT & Hardware",11,Fujifilm Business Innovation,fujifilm.com,,printers/document solutions
Xerox,Aston Martin partner,"Cyber, IT & Hardware",12,Pitney Bowes,pitneybowes.com,,mailing/shipping/print tech
Xerox,Aston Martin partner,"Cyber, IT & Hardware",13,OKI Data,oki.com,,printers/imaging
Xerox,Aston Martin partner,"Cyber, IT & Hardware",14,Panasonic,panasonic.com,,print/imaging hardware
Xerox,Aston Martin partner,"Cyber, IT & Hardware",15,Zebra Technologies,zebra.com,,print/scan enterprise devices
Xerox,Aston Martin partner,"Cyber, IT & Hardware",16,NEC Corporation,nec.com,,printers/enterprise hardware
Xerox,Aston Martin partner,"Cyber, IT & Hardware",17,Muratec (Murata Machinery),muratec.net,,multifunction printers
Xerox,Aston Martin partner,"Cyber, IT & Hardware",18,Riso Kagaku,riso.co.jp,,digital duplicators/printers
Xerox,Aston Martin partner,"Cyber, IT & Hardware",19,Conduent (Xerox spinoff),conduent.com,,business process/document services
Xerox,Aston Martin partner,"Cyber, IT & Hardware",20,Iron Mountain,ironmountain.com,YES,McLaren partner
Xerox,Aston Martin partner,"Cyber, IT & Hardware",21,DXC Technology,dxc.com,YES,Ferrari partner
Xerox,Aston Martin partner,"Cyber, IT & Hardware",22,Cognizant,cognizant.com,YES,Aston Martin partner
Xerox,Aston Martin partner,"Cyber, IT & Hardware",23,Accenture,accenture.com,,IT/consulting services
Xerox,Aston Martin partner,"Cyber, IT & Hardware",24,Genpact,genpact.com,,IT/BPO services
Xerox,Aston Martin partner,"Cyber, IT & Hardware",25,WNS Global Services,wns.com,,BPO services
Xerox,Aston Martin partner,"Cyber, IT & Hardware",26,IBM,ibm.com,YES,Ferrari partner
Xerox,Aston Martin partner,"Cyber, IT & Hardware",27,ARC Document Solutions,e-arc.com,,document management services
Xerox,Aston Martin partner,"Cyber, IT & Hardware",28,Xeikon,xeikon.com,,digital printing technology
Xerox,Aston Martin partner,"Cyber, IT & Hardware",29,UTAX (Kyocera Document Solutions),utax.com,,printers/document solutions
Xerox,Aston Martin partner,"Cyber, IT & Hardware",30,Quadient (Neopost),quadient.com,,mail/document automation
Aggreko,F1 official provider (energy),"Energy, Industrial & Automotive",1,Caterpillar Rental Power,cat.com,,Temporary power/generator rental
Aggreko,F1 official provider (energy),"Energy, Industrial & Automotive",2,Cummins Power Generation,cummins.com,,Generators/power systems
Aggreko,F1 official provider (energy),"Energy, Industrial & Automotive",3,Atlas Copco Power Technique,atlascopco.com,,Portable power/compressors
Aggreko,F1 official provider (energy),"Energy, Industrial & Automotive",4,Generac Mobile,generac.com,,Mobile generators
Aggreko,F1 official provider (energy),"Energy, Industrial & Automotive",5,Herc Rentals,hercrentals.com,,Equipment/power rental
Aggreko,F1 official provider (energy),"Energy, Industrial & Automotive",6,United Rentals,unitedrentals.com,,Equipment/power rental major
Aggreko,F1 official provider (energy),"Energy, Industrial & Automotive",7,Sunbelt Rentals,sunbeltrentals.com,,Equipment/power rental
Aggreko,F1 official provider (energy),"Energy, Industrial & Automotive",8,Himoinsa,himoinsa.com,,Generator manufacturer
Aggreko,F1 official provider (energy),"Energy, Industrial & Automotive",9,Wacker Neuson,wackerneuson.com,,Light equipment/power
Aggreko,F1 official provider (energy),"Energy, Industrial & Automotive",10,APR Energy,aprenergy.com,,Fast-track temporary power
AkzoNobel (Sikkens),McLaren paint partner,"Energy, Industrial & Automotive",1,PPG Industries,ppg.com,,Global paints/coatings major
AkzoNobel (Sikkens),McLaren paint partner,"Energy, Industrial & Automotive",2,Sherwin-Williams,sherwin-williams.com,YES,Mercedes partner
AkzoNobel (Sikkens),McLaren paint partner,"Energy, Industrial & Automotive",3,Axalta Coating Systems,axalta.com,,Coatings/automotive refinish
AkzoNobel (Sikkens),McLaren paint partner,"Energy, Industrial & Automotive",4,RPM International,rpminc.com,,Specialty coatings conglomerate
AkzoNobel (Sikkens),McLaren paint partner,"Energy, Industrial & Automotive",5,Nippon Paint Holdings,nipponpaint-holdings.com,,Asian paints major
AkzoNobel (Sikkens),McLaren paint partner,"Energy, Industrial & Automotive",6,Kansai Paint,kansai.co.jp,,Japanese paints major
AkzoNobel (Sikkens),McLaren paint partner,"Energy, Industrial & Automotive",7,BASF Coatings,basf.com,YES,Audi F1 partner (Glasurit)
AkzoNobel (Sikkens),McLaren paint partner,"Energy, Industrial & Automotive",8,Sika,sika.com,,Specialty construction chemicals/coatings
AkzoNobel (Sikkens),McLaren paint partner,"Energy, Industrial & Automotive",9,Jotun,jotun.com,,Marine/protective coatings
AkzoNobel (Sikkens),McLaren paint partner,"Energy, Industrial & Automotive",10,Hempel,hempel.com,,Marine/protective coatings
AkzoNobel (Sikkens),McLaren paint partner,"Energy, Industrial & Automotive",11,KCC Corporation,kccworld.co.kr,,Korean paints/materials major
AkzoNobel (Sikkens),McLaren paint partner,"Energy, Industrial & Automotive",12,Asian Paints,asianpaints.com,,Indian paints major
AkzoNobel (Sikkens),McLaren paint partner,"Energy, Industrial & Automotive",13,Berger Paints,bergerpaints.com,,South Asian paints major
AkzoNobel (Sikkens),McLaren paint partner,"Energy, Industrial & Automotive",14,Behr (Masco),behr.com,,US retail paint brand
AkzoNobel (Sikkens),McLaren paint partner,"Energy, Industrial & Automotive",15,Benjamin Moore,benjaminmoore.com,,US premium paint brand
AkzoNobel (Sikkens),McLaren paint partner,"Energy, Industrial & Automotive",16,Diamond Vogel,diamondvogel.com,,US paint manufacturer
AkzoNobel (Sikkens),McLaren paint partner,"Energy, Industrial & Automotive",17,Tikkurila (PPG),tikkurila.com,,Nordic paints brand
Alpine / Renault Group,Alpine works team owner,"Energy, Industrial & Automotive",1,Toyota,toyota.com,YES,Haas technical partner
Alpine / Renault Group,Alpine works team owner,"Energy, Industrial & Automotive",2,Honda,honda.com,YES,Aston Martin power unit partner
Alpine / Renault Group,Alpine works team owner,"Energy, Industrial & Automotive",3,Ford,ford.com,YES,RBR/Racing Bulls power unit partner
Alpine / Renault Group,Alpine works team owner,"Energy, Industrial & Automotive",4,General Motors / Cadillac,gm.com,YES,Cadillac F1 works team owner
Alpine / Renault Group,Alpine works team owner,"Energy, Industrial & Automotive",5,Nissan,nissan-global.com,,Mass-market automaker (Alliance partner)
Alpine / Renault Group,Alpine works team owner,"Energy, Industrial & Automotive",6,Hyundai Motor Group,hyundai.com,,Mass-market automaker
Alpine / Renault Group,Alpine works team owner,"Energy, Industrial & Automotive",7,Volkswagen Group,volkswagenag.com,YES,Parent of Audi F1 works team
Alpine / Renault Group,Alpine works team owner,"Energy, Industrial & Automotive",8,BMW Group,bmwgroup.com,,Luxury/performance automaker
Alpine / Renault Group,Alpine works team owner,"Energy, Industrial & Automotive",9,Mercedes-Benz,mercedes-benz.com,,Automaker/F1 works team manufacturer
Alpine / Renault Group,Alpine works team owner,"Energy, Industrial & Automotive",10,Audi,audi.com,YES,Audi F1 works team
Alpine / Renault Group,Alpine works team owner,"Energy, Industrial & Automotive",11,Stellantis,stellantis.com,,Multi-brand automaker
Alpine / Renault Group,Alpine works team owner,"Energy, Industrial & Automotive",12,Tesla,tesla.com,,EV automaker
Alpine / Renault Group,Alpine works team owner,"Energy, Industrial & Automotive",13,Suzuki,globalsuzuki.com,,Mass-market automaker
Alpine / Renault Group,Alpine works team owner,"Energy, Industrial & Automotive",14,Mazda,mazda.com,,Mass-market automaker
Alpine / Renault Group,Alpine works team owner,"Energy, Industrial & Automotive",15,Aston Martin,astonmartin.com,YES,Aston Martin F1 works team
Alpine / Renault Group,Alpine works team owner,"Energy, Industrial & Automotive",16,Volvo Cars,volvocars.com,,Premium automaker
Alpine / Renault Group,Alpine works team owner,"Energy, Industrial & Automotive",17,BYD,byd.com,,Chinese EV automaker
Alpine / Renault Group,Alpine works team owner,"Energy, Industrial & Automotive",18,Geely,geelyauto.com,,Chinese automaker group
Alpinestars,McLaren partner; Alpine/Haas/Cadillac racewear partner,"Energy, Industrial & Automotive",1,Sparco,sparco-official.com,YES,RBR/Williams racewear partner
Alpinestars,McLaren partner; Alpine/Haas/Cadillac racewear partner,"Energy, Industrial & Automotive",2,OMP Racing,omp.it,,Motorsport racewear
Alpinestars,McLaren partner; Alpine/Haas/Cadillac racewear partner,"Energy, Industrial & Automotive",3,Stand21,stand21.com,,Motorsport racewear/safety
Alpinestars,McLaren partner; Alpine/Haas/Cadillac racewear partner,"Energy, Industrial & Automotive",4,Dainese,dainese.com,,Moto/racewear protective gear
Alpinestars,McLaren partner; Alpine/Haas/Cadillac racewear partner,"Energy, Industrial & Automotive",5,Puma Motorsport,puma.com,YES,F1 official apparel provider
Alpinestars,McLaren partner; Alpine/Haas/Cadillac racewear partner,"Energy, Industrial & Automotive",6,Bell Racing,bellracing.com,YES,Ferrari/Audi helmet partner
Alpinestars,McLaren partner; Alpine/Haas/Cadillac racewear partner,"Energy, Industrial & Automotive",7,Schuberth,schuberth.com,YES,Haas helmet partner
Alpinestars,McLaren partner; Alpine/Haas/Cadillac racewear partner,"Energy, Industrial & Automotive",8,Arai Helmet,araiamericas.com,,Premium helmet maker
Alpinestars,McLaren partner; Alpine/Haas/Cadillac racewear partner,"Energy, Industrial & Automotive",9,Shoei,shoei.com,,Premium helmet maker
Alpinestars,McLaren partner; Alpine/Haas/Cadillac racewear partner,"Energy, Industrial & Automotive",10,Stilo,stilo.it,,Motorsport helmets/gear
Alpinestars,McLaren partner; Alpine/Haas/Cadillac racewear partner,"Energy, Industrial & Automotive",11,HJC Helmets,hjchelmets.com,,Helmet manufacturer
Alpinestars,McLaren partner; Alpine/Haas/Cadillac racewear partner,"Energy, Industrial & Automotive",12,AGV,agv.com,,Helmet manufacturer (Dainese/Piaggio)
Alpinestars,McLaren partner; Alpine/Haas/Cadillac racewear partner,"Energy, Industrial & Automotive",13,Simpson Race Products,simpsonraceproducts.com,,Motorsport safety gear
Alpinestars,McLaren partner; Alpine/Haas/Cadillac racewear partner,"Energy, Industrial & Automotive",14,Sabelt,sabelt.com,YES,Ferrari/Audi safety gear partner
Alpinestars,McLaren partner; Alpine/Haas/Cadillac racewear partner,"Energy, Industrial & Automotive",15,RECARO,recaro-automotive.com,,Motorsport seats/gear
Alpinestars,McLaren partner; Alpine/Haas/Cadillac racewear partner,"Energy, Industrial & Automotive",16,Sidi,sidi.com,,Racing boots/footwear
Alpinestars,McLaren partner; Alpine/Haas/Cadillac racewear partner,"Energy, Industrial & Automotive",17,Rev'it,revitsport.com,,Moto/racewear apparel
Aramco,F1 global partner; Aston Martin title partner; Japanese GP title; F2/F3 fuel; F1 Academy partner,"Energy, Industrial & Automotive",1,Shell,shell.com,YES,Ferrari fuel/lubricants partner
Aramco,F1 global partner; Aston Martin title partner; Japanese GP title; F2/F3 fuel; F1 Academy partner,"Energy, Industrial & Automotive",2,bp,bp.com,YES,Audi F1 partner (Castrol)
Aramco,F1 global partner; Aston Martin title partner; Japanese GP title; F2/F3 fuel; F1 Academy partner,"Energy, Industrial & Automotive",3,ExxonMobil,exxonmobil.com,YES,RBR partner (Esso/Mobil 1)
Aramco,F1 global partner; Aston Martin title partner; Japanese GP title; F2/F3 fuel; F1 Academy partner,"Energy, Industrial & Automotive",4,Chevron,chevron.com,,US oil major
Aramco,F1 global partner; Aston Martin title partner; Japanese GP title; F2/F3 fuel; F1 Academy partner,"Energy, Industrial & Automotive",5,TotalEnergies,totalenergies.com,,French oil major
Aramco,F1 global partner; Aston Martin title partner; Japanese GP title; F2/F3 fuel; F1 Academy partner,"Energy, Industrial & Automotive",6,Eni,eni.com,YES,Alpine fuel partner
Aramco,F1 global partner; Aston Martin title partner; Japanese GP title; F2/F3 fuel; F1 Academy partner,"Energy, Industrial & Automotive",7,ConocoPhillips,conocophillips.com,,US E&P major
Aramco,F1 global partner; Aston Martin title partner; Japanese GP title; F2/F3 fuel; F1 Academy partner,"Energy, Industrial & Automotive",8,Petronas,petronas.com,YES,Mercedes title partner
Aramco,F1 global partner; Aston Martin title partner; Japanese GP title; F2/F3 fuel; F1 Academy partner,"Energy, Industrial & Automotive",9,PetroChina,petrochina.com.cn,,China NOC
Aramco,F1 global partner; Aston Martin title partner; Japanese GP title; F2/F3 fuel; F1 Academy partner,"Energy, Industrial & Automotive",10,Sinopec,sinopec.com,,China NOC
Aramco,F1 global partner; Aston Martin title partner; Japanese GP title; F2/F3 fuel; F1 Academy partner,"Energy, Industrial & Automotive",11,CNOOC,cnoocltd.com,,China offshore NOC
Aramco,F1 global partner; Aston Martin title partner; Japanese GP title; F2/F3 fuel; F1 Academy partner,"Energy, Industrial & Automotive",12,Equinor,equinor.com,,Norwegian NOC
Aramco,F1 global partner; Aston Martin title partner; Japanese GP title; F2/F3 fuel; F1 Academy partner,"Energy, Industrial & Automotive",13,Repsol,repsol.com,,Spanish energy major
Aramco,F1 global partner; Aston Martin title partner; Japanese GP title; F2/F3 fuel; F1 Academy partner,"Energy, Industrial & Automotive",14,OMV,omv.com,,Austrian energy major
Aramco,F1 global partner; Aston Martin title partner; Japanese GP title; F2/F3 fuel; F1 Academy partner,"Energy, Industrial & Automotive",15,Lukoil,lukoil.com,,Russian oil major
Aramco,F1 global partner; Aston Martin title partner; Japanese GP title; F2/F3 fuel; F1 Academy partner,"Energy, Industrial & Automotive",16,Rosneft,rosneft.com,,Russian state oil co
Aramco,F1 global partner; Aston Martin title partner; Japanese GP title; F2/F3 fuel; F1 Academy partner,"Energy, Industrial & Automotive",17,Gazprom Neft,gazprom-neft.com,,Russian oil co
Aramco,F1 global partner; Aston Martin title partner; Japanese GP title; F2/F3 fuel; F1 Academy partner,"Energy, Industrial & Automotive",18,ADNOC,adnoc.ae,,UAE NOC
Aramco,F1 global partner; Aston Martin title partner; Japanese GP title; F2/F3 fuel; F1 Academy partner,"Energy, Industrial & Automotive",19,QatarEnergy,qatarenergy.qa,,Qatari NOC
Aramco,F1 global partner; Aston Martin title partner; Japanese GP title; F2/F3 fuel; F1 Academy partner,"Energy, Industrial & Automotive",20,Kuwait Petroleum Corporation,kpc.com.kw,,Kuwaiti NOC
Aramco,F1 global partner; Aston Martin title partner; Japanese GP title; F2/F3 fuel; F1 Academy partner,"Energy, Industrial & Automotive",21,Pemex,pemex.com,,Mexican NOC
Aramco,F1 global partner; Aston Martin title partner; Japanese GP title; F2/F3 fuel; F1 Academy partner,"Energy, Industrial & Automotive",22,Petrobras,petrobras.com.br,,Brazilian NOC
Aramco,F1 global partner; Aston Martin title partner; Japanese GP title; F2/F3 fuel; F1 Academy partner,"Energy, Industrial & Automotive",23,Occidental Petroleum,oxy.com,,US E&P major
Aramco,F1 global partner; Aston Martin title partner; Japanese GP title; F2/F3 fuel; F1 Academy partner,"Energy, Industrial & Automotive",24,Phillips 66,phillips66.com,,US refiner/marketer
Aramco,F1 global partner; Aston Martin title partner; Japanese GP title; F2/F3 fuel; F1 Academy partner,"Energy, Industrial & Automotive",25,Valero Energy,valero.com,,US refiner
Aramco,F1 global partner; Aston Martin title partner; Japanese GP title; F2/F3 fuel; F1 Academy partner,"Energy, Industrial & Automotive",26,Marathon Petroleum,marathonpetroleum.com,,US refiner
Aramco,F1 global partner; Aston Martin title partner; Japanese GP title; F2/F3 fuel; F1 Academy partner,"Energy, Industrial & Automotive",27,Woodside Energy,woodside.com,,Australian E&P
Aramco,F1 global partner; Aston Martin title partner; Japanese GP title; F2/F3 fuel; F1 Academy partner,"Energy, Industrial & Automotive",28,Reliance Industries,ril.com,,Indian refining conglomerate
Aramco,F1 global partner; Aston Martin title partner; Japanese GP title; F2/F3 fuel; F1 Academy partner,"Energy, Industrial & Automotive",29,Indian Oil Corporation,iocl.com,,Indian state oil co
Aramco,F1 global partner; Aston Martin title partner; Japanese GP title; F2/F3 fuel; F1 Academy partner,"Energy, Industrial & Automotive",30,PTT,pttplc.com,,Thai NOC
Aston Martin Lagonda,Team parent brand,"Energy, Industrial & Automotive",1,Ferrari,ferrari.com,,Luxury sports car maker/F1 works team
Aston Martin Lagonda,Team parent brand,"Energy, Industrial & Automotive",2,Porsche,porsche.com,,Luxury sports car maker
Aston Martin Lagonda,Team parent brand,"Energy, Industrial & Automotive",3,Lamborghini,lamborghini.com,,Luxury sports car maker
Aston Martin Lagonda,Team parent brand,"Energy, Industrial & Automotive",4,McLaren Automotive,mclaren.com,,Luxury sports car maker (sister to F1 team)
Aston Martin Lagonda,Team parent brand,"Energy, Industrial & Automotive",5,Bentley,bentleymotors.com,,Luxury grand tourer maker
Aston Martin Lagonda,Team parent brand,"Energy, Industrial & Automotive",6,Rolls-Royce Motor Cars,rolls-roycemotorcars.com,,Ultra-luxury automaker
Aston Martin Lagonda,Team parent brand,"Energy, Industrial & Automotive",7,Maserati,maserati.com,,Luxury sports car maker
Aston Martin Lagonda,Team parent brand,"Energy, Industrial & Automotive",8,Bugatti,bugatti.com,,Ultra-luxury hypercar maker
Aston Martin Lagonda,Team parent brand,"Energy, Industrial & Automotive",9,Koenigsegg,koenigsegg.com,,Hypercar maker
Aston Martin Lagonda,Team parent brand,"Energy, Industrial & Automotive",10,Pagani,pagani.com,,Hypercar maker
Aston Martin Lagonda,Team parent brand,"Energy, Industrial & Automotive",11,Lotus Cars,lotuscars.com,,Sports car maker
Aston Martin Lagonda,Team parent brand,"Energy, Industrial & Automotive",12,BMW M,bmw.com,,Performance sub-brand
Aston Martin Lagonda,Team parent brand,"Energy, Industrial & Automotive",13,Mercedes-AMG,mercedes-amg.com,,Performance sub-brand
Aston Martin Lagonda,Team parent brand,"Energy, Industrial & Automotive",14,Audi Sport,audi.com,YES,Audi F1 works team performance arm
Aston Martin Lagonda,Team parent brand,"Energy, Industrial & Automotive",15,Jaguar,jaguar.com,,Premium sports/luxury automaker
Audi (Volkswagen Group),Works team owner,"Energy, Industrial & Automotive",1,BMW Group,bmwgroup.com,,Luxury/performance automaker
Audi (Volkswagen Group),Works team owner,"Energy, Industrial & Automotive",2,Mercedes-Benz,mercedes-benz.com,,Automaker/F1 works team manufacturer
Audi (Volkswagen Group),Works team owner,"Energy, Industrial & Automotive",3,Porsche,porsche.com,,Luxury/performance automaker (VW Group sister)
Audi (Volkswagen Group),Works team owner,"Energy, Industrial & Automotive",4,Volvo Cars,volvocars.com,,Premium automaker
Audi (Volkswagen Group),Works team owner,"Energy, Industrial & Automotive",5,Jaguar Land Rover,jaguarlandrover.com,,Premium automaker
Audi (Volkswagen Group),Works team owner,"Energy, Industrial & Automotive",6,Lexus,lexus.com,,Toyota luxury brand
Audi (Volkswagen Group),Works team owner,"Energy, Industrial & Automotive",7,Cadillac,cadillac.com,YES,GM's F1 works team brand
Audi (Volkswagen Group),Works team owner,"Energy, Industrial & Automotive",8,Ford,ford.com,YES,RBR/Racing Bulls power unit partner
Audi (Volkswagen Group),Works team owner,"Energy, Industrial & Automotive",9,General Motors,gm.com,YES,Cadillac F1 works team owner
Audi (Volkswagen Group),Works team owner,"Energy, Industrial & Automotive",10,Toyota,toyota.com,YES,Haas technical partner
Audi (Volkswagen Group),Works team owner,"Energy, Industrial & Automotive",11,Honda,honda.com,YES,Aston Martin power unit partner
Audi (Volkswagen Group),Works team owner,"Energy, Industrial & Automotive",12,Nissan,nissan-global.com,,Mass-market automaker
Audi (Volkswagen Group),Works team owner,"Energy, Industrial & Automotive",13,Hyundai Motor Group,hyundai.com,,Mass-market automaker
Audi (Volkswagen Group),Works team owner,"Energy, Industrial & Automotive",14,Tesla,tesla.com,,EV automaker
Audi (Volkswagen Group),Works team owner,"Energy, Industrial & Automotive",15,Renault Group,renaultgroup.com,YES,Alpine F1 works team owner
Audi (Volkswagen Group),Works team owner,"Energy, Industrial & Automotive",16,Stellantis,stellantis.com,,Multi-brand automaker
Audi (Volkswagen Group),Works team owner,"Energy, Industrial & Automotive",17,Aston Martin,astonmartin.com,YES,Aston Martin F1 works team
Audi (Volkswagen Group),Works team owner,"Energy, Industrial & Automotive",18,Bentley,bentleymotors.com,,Luxury automaker (VW Group sister)
Audi (Volkswagen Group),Works team owner,"Energy, Industrial & Automotive",19,Genesis (Hyundai),genesis.com,,Luxury automaker
Audi (Volkswagen Group),Works team owner,"Energy, Industrial & Automotive",20,Polestar,polestar.com,,Premium EV automaker
BBS Wheels,Ferrari partner (wheels),"Energy, Industrial & Automotive",1,OZ Racing,oz.it,,Performance wheels
BBS Wheels,Ferrari partner (wheels),"Energy, Industrial & Automotive",2,Rays Engineering (Volk Racing),rayswheels.co.jp,,Performance wheels
BBS Wheels,Ferrari partner (wheels),"Energy, Industrial & Automotive",3,Enkei,enkei.com,,Performance/OEM wheels
BBS Wheels,Ferrari partner (wheels),"Energy, Industrial & Automotive",4,HRE Performance Wheels,hrewheels.com,,Forged performance wheels
BBS Wheels,Ferrari partner (wheels),"Energy, Industrial & Automotive",5,Work Wheels,workwheels.jp,,Japanese performance wheels
BBS Wheels,Ferrari partner (wheels),"Energy, Industrial & Automotive",6,Advan (Yokohama Wheel),advan.jp,,Performance wheels
BBS Wheels,Ferrari partner (wheels),"Energy, Industrial & Automotive",7,Konig Wheels,konigwheels.com,,Aftermarket wheels
BBS Wheels,Ferrari partner (wheels),"Energy, Industrial & Automotive",8,Fondmetal,fondmetal.it,,Motorsport/performance wheels
BBS Wheels,Ferrari partner (wheels),"Energy, Industrial & Automotive",9,Speedline Corse,speedline-corse.com,,Motorsport wheels
BBS Wheels,Ferrari partner (wheels),"Energy, Industrial & Automotive",10,American Racing,americanracing.com,,Aftermarket wheels
BBS Wheels,Ferrari partner (wheels),"Energy, Industrial & Automotive",11,Vossen,vossenwheels.com,,Aftermarket performance wheels
BBS Wheels,Ferrari partner (wheels),"Energy, Industrial & Automotive",12,ATS Racing Wheels,ats-wheel.co.jp,,Japanese racing wheels
Bell Racing Helmets,Ferrari partner; Audi partner,"Energy, Industrial & Automotive",1,Schuberth,schuberth.com,YES,Haas helmet partner
Bell Racing Helmets,Ferrari partner; Audi partner,"Energy, Industrial & Automotive",2,Arai Helmet,araiamericas.com,,Premium helmet maker
Bell Racing Helmets,Ferrari partner; Audi partner,"Energy, Industrial & Automotive",3,Shoei,shoei.com,,Premium helmet maker
Bell Racing Helmets,Ferrari partner; Audi partner,"Energy, Industrial & Automotive",4,Stilo,stilo.it,,Motorsport helmets
Bell Racing Helmets,Ferrari partner; Audi partner,"Energy, Industrial & Automotive",5,HJC Helmets,hjchelmets.com,,Helmet manufacturer
Bell Racing Helmets,Ferrari partner; Audi partner,"Energy, Industrial & Automotive",6,AGV,agv.com,,Helmet manufacturer
Bell Racing Helmets,Ferrari partner; Audi partner,"Energy, Industrial & Automotive",7,Simpson Race Products,simpsonraceproducts.com,,Motorsport safety helmets
Bell Racing Helmets,Ferrari partner; Audi partner,"Energy, Industrial & Automotive",8,RaceQuip,racequip.com,,Budget motorsport safety gear
Bell Racing Helmets,Ferrari partner; Audi partner,"Energy, Industrial & Automotive",9,Zamp,zamphelmets.com,,Motorsport helmets
Bell Racing Helmets,Ferrari partner; Audi partner,"Energy, Industrial & Automotive",10,Impact Racing,impactraceproducts.com,,Motorsport safety gear
bp / Castrol,Audi F1 fuel & lubricants partner,"Energy, Industrial & Automotive",1,Shell,shell.com,YES,Ferrari fuel/lube partner
bp / Castrol,Audi F1 fuel & lubricants partner,"Energy, Industrial & Automotive",2,ExxonMobil (Mobil 1/Esso),exxonmobil.com,YES,RBR partner
bp / Castrol,Audi F1 fuel & lubricants partner,"Energy, Industrial & Automotive",3,TotalEnergies,totalenergies.com,,French oil major
bp / Castrol,Audi F1 fuel & lubricants partner,"Energy, Industrial & Automotive",4,Chevron,chevron.com,,US oil major
bp / Castrol,Audi F1 fuel & lubricants partner,"Energy, Industrial & Automotive",5,Eni,eni.com,YES,Alpine fuel partner
bp / Castrol,Audi F1 fuel & lubricants partner,"Energy, Industrial & Automotive",6,Saudi Aramco,aramco.com,YES,F1 global/Aston Martin partner
bp / Castrol,Audi F1 fuel & lubricants partner,"Energy, Industrial & Automotive",7,Petronas,petronas.com,YES,Mercedes title partner
bp / Castrol,Audi F1 fuel & lubricants partner,"Energy, Industrial & Automotive",8,ConocoPhillips,conocophillips.com,,US E&P major
bp / Castrol,Audi F1 fuel & lubricants partner,"Energy, Industrial & Automotive",9,Equinor,equinor.com,,Norwegian NOC
bp / Castrol,Audi F1 fuel & lubricants partner,"Energy, Industrial & Automotive",10,Repsol,repsol.com,,Spanish energy major
bp / Castrol,Audi F1 fuel & lubricants partner,"Energy, Industrial & Automotive",11,OMV,omv.com,,Austrian energy major
bp / Castrol,Audi F1 fuel & lubricants partner,"Energy, Industrial & Automotive",12,Valvoline,valvolineglobal.com,YES,Aston Martin partner
bp / Castrol,Audi F1 fuel & lubricants partner,"Energy, Industrial & Automotive",13,Motul,motul.com,YES,McLaren partner
bp / Castrol,Audi F1 fuel & lubricants partner,"Energy, Industrial & Automotive",14,Liqui Moly,liqui-moly.com,YES,F1 official partner
bp / Castrol,Audi F1 fuel & lubricants partner,"Energy, Industrial & Automotive",15,Lucas Oil,lucasoil.com,YES,F2/F3 team sponsor
bp / Castrol,Audi F1 fuel & lubricants partner,"Energy, Industrial & Automotive",16,Gulf Oil,gulfoilltd.com,YES,Williams partner
bp / Castrol,Audi F1 fuel & lubricants partner,"Energy, Industrial & Automotive",17,Amsoil,amsoil.com,,Synthetic lubricants brand
bp / Castrol,Audi F1 fuel & lubricants partner,"Energy, Industrial & Automotive",18,Red Line Oil,redlineoil.com,,Performance synthetic oil
bp / Castrol,Audi F1 fuel & lubricants partner,"Energy, Industrial & Automotive",19,Fuchs Petrolub,fuchs.com,,Lubricants specialist
bp / Castrol,Audi F1 fuel & lubricants partner,"Energy, Industrial & Automotive",20,Idemitsu,idemitsu.com,,Japanese lubricants co
bp / Castrol,Audi F1 fuel & lubricants partner,"Energy, Industrial & Automotive",21,ENEOS,eneos.co.jp,,Japanese lubricants co
bp / Castrol,Audi F1 fuel & lubricants partner,"Energy, Industrial & Automotive",22,Pennzoil,pennzoil.com,,Shell-owned oil brand
bp / Castrol,Audi F1 fuel & lubricants partner,"Energy, Industrial & Automotive",23,Quaker State,quakerstate.com,,Shell-owned oil brand
bp / Castrol,Audi F1 fuel & lubricants partner,"Energy, Industrial & Automotive",24,PetroChina,petrochina.com.cn,,China NOC
bp / Castrol,Audi F1 fuel & lubricants partner,"Energy, Industrial & Automotive",25,Sinopec,sinopec.com,,China NOC
bp / Castrol,Audi F1 fuel & lubricants partner,"Energy, Industrial & Automotive",26,QatarEnergy,qatarenergy.qa,,Qatari NOC
bp / Castrol,Audi F1 fuel & lubricants partner,"Energy, Industrial & Automotive",27,ADNOC,adnoc.ae,,UAE NOC
bp / Castrol,Audi F1 fuel & lubricants partner,"Energy, Industrial & Automotive",28,Woodside Energy,woodside.com,,Australian E&P
Brembo,Ferrari partner (brakes),"Energy, Industrial & Automotive",1,AP Racing (Alcon),apracing.com,,Performance brake systems
Brembo,Ferrari partner (brakes),"Energy, Industrial & Automotive",2,Wilwood Engineering,wilwood.com,,Performance brake systems
Brembo,Ferrari partner (brakes),"Energy, Industrial & Automotive",3,EBC Brakes,ebcbrakes.com,,Aftermarket brake components
Brembo,Ferrari partner (brakes),"Energy, Industrial & Automotive",4,Akebono Brake Industry,akebono-brake.com,,OEM/aftermarket brakes
Brembo,Ferrari partner (brakes),"Energy, Industrial & Automotive",5,ZF (TRW brakes),zf.com,,OEM brake systems
Brembo,Ferrari partner (brakes),"Energy, Industrial & Automotive",6,Continental (ATE),continental.com,,OEM brake systems
Brembo,Ferrari partner (brakes),"Energy, Industrial & Automotive",7,Bosch (brakes),bosch.com,,OEM brake systems
Brembo,Ferrari partner (brakes),"Energy, Industrial & Automotive",8,Girodisc,girodisc.com,,Performance brake rotors
Brembo,Ferrari partner (brakes),"Energy, Industrial & Automotive",9,StopTech,stoptech.com,,Performance brake systems
Brembo,Ferrari partner (brakes),"Energy, Industrial & Automotive",10,Bendix,bendix.com,,Commercial/aftermarket brakes
Brembo,Ferrari partner (brakes),"Energy, Industrial & Automotive",11,Alcon Components,alcon.co.uk,,Racing brake systems
BWT,Alpine title partner,"Energy, Industrial & Automotive",1,Culligan,culligan.com,,Water treatment/filtration
BWT,Alpine title partner,"Energy, Industrial & Automotive",2,Brita,brita.com,,Water filtration brand
BWT,Alpine title partner,"Energy, Industrial & Automotive",3,Veolia Water Technologies,veolia.com,,Water treatment major
BWT,Alpine title partner,"Energy, Industrial & Automotive",4,SUEZ Water Technologies,suez.com,,Water treatment major
BWT,Alpine title partner,"Energy, Industrial & Automotive",5,Pentair,pentair.com,,Water treatment/filtration
BWT,Alpine title partner,"Energy, Industrial & Automotive",6,Grundfos,grundfos.com,,Pumps/water systems
BWT,Alpine title partner,"Energy, Industrial & Automotive",7,Xylem,xylem.com,,Water technology major
BWT,Alpine title partner,"Energy, Industrial & Automotive",8,Evoqua Water Technologies,evoqua.com,,Water treatment (now Xylem)
BWT,Alpine title partner,"Energy, Industrial & Automotive",9,A.O. Smith,aosmith.com,,Water heating/treatment
BWT,Alpine title partner,"Energy, Industrial & Automotive",10,Kinetico,kinetico.com,,Water treatment systems
BWT,Alpine title partner,"Energy, Industrial & Automotive",11,Ecolab (Nalco Water),ecolab.com,YES,McLaren partner
BWT,Alpine title partner,"Energy, Industrial & Automotive",12,Danaher (Hach),danaher.com,,Water quality instrumentation
BWT,Alpine title partner,"Energy, Industrial & Automotive",13,3M Water Filtration,3m.com,,Water filtration products
BWT,Alpine title partner,"Energy, Industrial & Automotive",14,Judo Water Treatment,judo.eu,,German water conditioning
Delphi (PHINIA),Alpine partner,"Energy, Industrial & Automotive",1,Bosch Mobility,bosch-mobility.com,,Fuel injection/powertrain components
Delphi (PHINIA),Alpine partner,"Energy, Industrial & Automotive",2,Denso,denso.com,,Fuel injection/powertrain components
Delphi (PHINIA),Alpine partner,"Energy, Industrial & Automotive",3,Continental (Vitesco Technologies),vitesco-technologies.com,,Powertrain electronics
Delphi (PHINIA),Alpine partner,"Energy, Industrial & Automotive",4,Marelli,marelli.com,,Automotive components supplier
Delphi (PHINIA),Alpine partner,"Energy, Industrial & Automotive",5,Valeo,valeo.com,,Automotive systems supplier
Delphi (PHINIA),Alpine partner,"Energy, Industrial & Automotive",6,Hitachi Astemo,hitachiastemo.com,,Fuel injection/chassis systems
Delphi (PHINIA),Alpine partner,"Energy, Industrial & Automotive",7,ZF Friedrichshafen,zf.com,,Powertrain/chassis systems major
Delphi (PHINIA),Alpine partner,"Energy, Industrial & Automotive",8,Mahle,mahle.com,,Powertrain/thermal components major
Delphi (PHINIA),Alpine partner,"Energy, Industrial & Automotive",9,Aisin,aisin.com,,Powertrain components major
Delphi (PHINIA),Alpine partner,"Energy, Industrial & Automotive",10,BorgWarner,borgwarner.com,,Powertrain components major
Delphi (PHINIA),Alpine partner,"Energy, Industrial & Automotive",11,Standard Motor Products,smpcorp.com,,Aftermarket fuel/ignition parts
Delphi (PHINIA),Alpine partner,"Energy, Industrial & Automotive",12,Walker Products,walkerproducts.com,,Aftermarket fuel/ignition parts
DeWalt (Stanley Black & Decker),McLaren partner,"Energy, Industrial & Automotive",1,Milwaukee Tool (TTI),milwaukeetool.com,,Professional power tools
DeWalt (Stanley Black & Decker),McLaren partner,"Energy, Industrial & Automotive",2,Bosch Power Tools,bosch-professional.com,,Professional power tools
DeWalt (Stanley Black & Decker),McLaren partner,"Energy, Industrial & Automotive",3,Makita,makita.com,,Professional power tools
DeWalt (Stanley Black & Decker),McLaren partner,"Energy, Industrial & Automotive",4,Ryobi (TTI),ryobitools.com,,Consumer/DIY power tools
DeWalt (Stanley Black & Decker),McLaren partner,"Energy, Industrial & Automotive",5,Metabo,metabo.com,,Professional power tools
DeWalt (Stanley Black & Decker),McLaren partner,"Energy, Industrial & Automotive",6,Metabo HPT,metabohpt.com,,Professional power tools
DeWalt (Stanley Black & Decker),McLaren partner,"Energy, Industrial & Automotive",7,Hilti,hilti.com,,Professional construction tools
DeWalt (Stanley Black & Decker),McLaren partner,"Energy, Industrial & Automotive",8,Einhell,einhell.com,YES,Mercedes partner
DeWalt (Stanley Black & Decker),McLaren partner,"Energy, Industrial & Automotive",9,Craftsman (Stanley Black & Decker),craftsman.com,,Sister DIY tool brand
DeWalt (Stanley Black & Decker),McLaren partner,"Energy, Industrial & Automotive",10,Ridgid (Emerson/TTI),ridgid.com,,Professional tools
DeWalt (Stanley Black & Decker),McLaren partner,"Energy, Industrial & Automotive",11,Festool,festool.com,,Premium power tools
DeWalt (Stanley Black & Decker),McLaren partner,"Energy, Industrial & Automotive",12,Worx (Positec),worx.com,,Consumer/DIY power tools
DeWalt (Stanley Black & Decker),McLaren partner,"Energy, Industrial & Automotive",13,Panasonic Power Tools,panasonic.com,,Professional power tools
DeWalt (Stanley Black & Decker),McLaren partner,"Energy, Industrial & Automotive",14,Kobalt (Lowe's),kobalttools.com,,Retail power tools brand
DeWalt (Stanley Black & Decker),McLaren partner,"Energy, Industrial & Automotive",15,Skil,skil.com,,Consumer/DIY power tools
DeWalt (Stanley Black & Decker),McLaren partner,"Energy, Industrial & Automotive",16,Chicago Pneumatic,cp.com,,Pneumatic/industrial tools
DMG Mori,Red Bull Racing partner,"Energy, Industrial & Automotive",1,Haas Automation,haascnc.com,YES,Haas team owner brand
DMG Mori,Red Bull Racing partner,"Energy, Industrial & Automotive",2,Mazak (Yamazaki Mazak),mazakusa.com,,CNC machine tools major
DMG Mori,Red Bull Racing partner,"Energy, Industrial & Automotive",3,Okuma Corporation,okuma.com,,CNC machine tools major
DMG Mori,Red Bull Racing partner,"Energy, Industrial & Automotive",4,Makino,makino.com,,Precision CNC machine tools
DMG Mori,Red Bull Racing partner,"Energy, Industrial & Automotive",5,Doosan Machine Tools,doosanmachinetools.com,,CNC machine tools
DMG Mori,Red Bull Racing partner,"Energy, Industrial & Automotive",6,Hyundai WIA,hyundai-wia.com,,CNC machine tools
DMG Mori,Red Bull Racing partner,"Energy, Industrial & Automotive",7,GF Machining Solutions,gfms.com,,Precision machining systems
DMG Mori,Red Bull Racing partner,"Energy, Industrial & Automotive",8,Grob-Werke,grobgroup.com,,CNC/production systems
DMG Mori,Red Bull Racing partner,"Energy, Industrial & Automotive",9,Fanuc,fanuc.com,,CNC controls/robotics
DMG Mori,Red Bull Racing partner,"Energy, Industrial & Automotive",10,Trumpf,trumpf.com,,Machine tools/laser systems
DMG Mori,Red Bull Racing partner,"Energy, Industrial & Automotive",11,Hardinge,hardinge.com,,Precision CNC lathes
DMG Mori,Red Bull Racing partner,"Energy, Industrial & Automotive",12,Chiron Group,chiron-group.com,,CNC machining centers
DMG Mori,Red Bull Racing partner,"Energy, Industrial & Automotive",13,Index-Werke,index-werke.de,,CNC lathes
DMG Mori,Red Bull Racing partner,"Energy, Industrial & Automotive",14,Amada,amada.co.jp,,Machine tools/sheet metal
Ecolab,McLaren partner,"Energy, Industrial & Automotive",1,Diversey,diversey.com,,Hygiene/cleaning chemicals
Ecolab,McLaren partner,"Energy, Industrial & Automotive",2,Veolia Water Technologies,veolia.com,,Water treatment major
Ecolab,McLaren partner,"Energy, Industrial & Automotive",3,SUEZ Water Technologies,suez.com,,Water treatment major
Ecolab,McLaren partner,"Energy, Industrial & Automotive",4,Kemira,kemira.com,,Water/process chemicals
Ecolab,McLaren partner,"Energy, Industrial & Automotive",5,BASF,basf.com,YES,Audi F1 partner (via Glasurit)
Ecolab,McLaren partner,"Energy, Industrial & Automotive",6,Solenis,solenis.com,,Water/process chemicals
Ecolab,McLaren partner,"Energy, Industrial & Automotive",7,Evoqua Water Technologies,evoqua.com,,Water treatment (now Xylem)
Ecolab,McLaren partner,"Energy, Industrial & Automotive",8,Pentair,pentair.com,,Water treatment/filtration
Ecolab,McLaren partner,"Energy, Industrial & Automotive",9,Xylem,xylem.com,,Water technology major
Ecolab,McLaren partner,"Energy, Industrial & Automotive",10,Grundfos,grundfos.com,,Pumps/water systems
Ecolab,McLaren partner,"Energy, Industrial & Automotive",11,Clariant,clariant.com,,Specialty chemicals
Ecolab,McLaren partner,"Energy, Industrial & Automotive",12,Univar Solutions,univarsolutions.com,,Chemicals distributor
Ecolab,McLaren partner,"Energy, Industrial & Automotive",13,Chemours,chemours.com,,Specialty chemicals
Ecolab,McLaren partner,"Energy, Industrial & Automotive",14,Danaher (Hach),danaher.com,,Water quality instrumentation
Ecolab,McLaren partner,"Energy, Industrial & Automotive",15,3M (industrial cleaning),3m.com,,Industrial/cleaning products
Ecolab,McLaren partner,"Energy, Industrial & Automotive",16,Cortec Corporation,cortecvci.com,,Corrosion protection chemicals
Ecolab,McLaren partner,"Energy, Industrial & Automotive",17,Buckman,buckman.com,,Process/water chemicals
Ecolab,McLaren partner,"Energy, Industrial & Automotive",18,Christeyns,christeyns.com,,Industrial/institutional hygiene
Einhell,Mercedes partner,"Energy, Industrial & Automotive",1,DeWalt (Stanley Black & Decker),dewalt.com,YES,McLaren partner
Einhell,Mercedes partner,"Energy, Industrial & Automotive",2,Milwaukee Tool (TTI),milwaukeetool.com,,Professional power tools
Einhell,Mercedes partner,"Energy, Industrial & Automotive",3,Bosch Power Tools,bosch-professional.com,,Professional power tools
Einhell,Mercedes partner,"Energy, Industrial & Automotive",4,Makita,makita.com,,Professional power tools
Einhell,Mercedes partner,"Energy, Industrial & Automotive",5,Ryobi (TTI),ryobitools.com,,Consumer/DIY power tools
Einhell,Mercedes partner,"Energy, Industrial & Automotive",6,Metabo,metabo.com,,Professional power tools
Einhell,Mercedes partner,"Energy, Industrial & Automotive",7,Hilti,hilti.com,,Professional construction tools
Einhell,Mercedes partner,"Energy, Industrial & Automotive",8,Craftsman,craftsman.com,,DIY tool brand
Einhell,Mercedes partner,"Energy, Industrial & Automotive",9,Ridgid,ridgid.com,,Professional tools
Einhell,Mercedes partner,"Energy, Industrial & Automotive",10,Festool,festool.com,,Premium power tools
Einhell,Mercedes partner,"Energy, Industrial & Automotive",11,Worx (Positec),worx.com,,Consumer/DIY power tools
Einhell,Mercedes partner,"Energy, Industrial & Automotive",12,Skil,skil.com,,Consumer/DIY power tools
Einhell,Mercedes partner,"Energy, Industrial & Automotive",13,Parkside (Lidl),parkside-diy.com,,Retail DIY tool brand
Einhell,Mercedes partner,"Energy, Industrial & Automotive",14,Kärcher,kaercher.com,,Cleaning/outdoor power equipment adjacent
Eni,Alpine fuel partner,"Energy, Industrial & Automotive",1,Saudi Aramco,aramco.com,YES,F1 global/Aston Martin partner
Eni,Alpine fuel partner,"Energy, Industrial & Automotive",2,Shell,shell.com,YES,Ferrari partner
Eni,Alpine fuel partner,"Energy, Industrial & Automotive",3,bp,bp.com,YES,Audi F1 partner
Eni,Alpine fuel partner,"Energy, Industrial & Automotive",4,ExxonMobil,exxonmobil.com,YES,RBR partner
Eni,Alpine fuel partner,"Energy, Industrial & Automotive",5,Chevron,chevron.com,,US oil major
Eni,Alpine fuel partner,"Energy, Industrial & Automotive",6,TotalEnergies,totalenergies.com,,French oil major
Eni,Alpine fuel partner,"Energy, Industrial & Automotive",7,ConocoPhillips,conocophillips.com,,US E&P major
Eni,Alpine fuel partner,"Energy, Industrial & Automotive",8,Petronas,petronas.com,YES,Mercedes title partner
Eni,Alpine fuel partner,"Energy, Industrial & Automotive",9,Equinor,equinor.com,,Norwegian NOC
Eni,Alpine fuel partner,"Energy, Industrial & Automotive",10,Repsol,repsol.com,,Spanish energy major
Eni,Alpine fuel partner,"Energy, Industrial & Automotive",11,OMV,omv.com,,Austrian energy major
Eni,Alpine fuel partner,"Energy, Industrial & Automotive",12,Lukoil,lukoil.com,,Russian oil major
Eni,Alpine fuel partner,"Energy, Industrial & Automotive",13,PetroChina,petrochina.com.cn,,China NOC
Eni,Alpine fuel partner,"Energy, Industrial & Automotive",14,Sinopec,sinopec.com,,China NOC
Eni,Alpine fuel partner,"Energy, Industrial & Automotive",15,ADNOC,adnoc.ae,,UAE NOC
Eni,Alpine fuel partner,"Energy, Industrial & Automotive",16,QatarEnergy,qatarenergy.qa,,Qatari NOC
Eni,Alpine fuel partner,"Energy, Industrial & Automotive",17,Pemex,pemex.com,,Mexican NOC
Eni,Alpine fuel partner,"Energy, Industrial & Automotive",18,Petrobras,petrobras.com.br,,Brazilian NOC
Eni,Alpine fuel partner,"Energy, Industrial & Automotive",19,PTT,pttplc.com,,Thai NOC
Eni,Alpine fuel partner,"Energy, Industrial & Automotive",20,Woodside Energy,woodside.com,,Australian E&P
Eni,Alpine fuel partner,"Energy, Industrial & Automotive",21,Reliance Industries,ril.com,,Indian refining conglomerate
Eni,Alpine fuel partner,"Energy, Industrial & Automotive",22,Castrol,castrol.com,YES,Audi F1 lubricants partner
Eni,Alpine fuel partner,"Energy, Industrial & Automotive",23,Motul,motul.com,YES,McLaren lubricants partner
Eni,Alpine fuel partner,"Energy, Industrial & Automotive",24,Valvoline,valvolineglobal.com,YES,Aston Martin lubricants partner
Esso (ExxonMobil),Red Bull Racing partner,"Energy, Industrial & Automotive",1,Shell,shell.com,YES,Fuel retail rival
Esso (ExxonMobil),Red Bull Racing partner,"Energy, Industrial & Automotive",2,bp,bp.com,YES,Fuel retail rival
Esso (ExxonMobil),Red Bull Racing partner,"Energy, Industrial & Automotive",3,TotalEnergies,totalenergies.com,,Fuel retail rival
Esso (ExxonMobil),Red Bull Racing partner,"Energy, Industrial & Automotive",4,Chevron (Texaco),chevron.com,,Fuel retail rival
Esso (ExxonMobil),Red Bull Racing partner,"Energy, Industrial & Automotive",5,Eni (Agip),eni.com,YES,Alpine fuel partner
Esso (ExxonMobil),Red Bull Racing partner,"Energy, Industrial & Automotive",6,Petronas,petronas.com,YES,Mercedes title partner
Esso (ExxonMobil),Red Bull Racing partner,"Energy, Industrial & Automotive",7,Repsol,repsol.com,,Fuel retail rival
Esso (ExxonMobil),Red Bull Racing partner,"Energy, Industrial & Automotive",8,OMV,omv.com,,Fuel retail rival
Esso (ExxonMobil),Red Bull Racing partner,"Energy, Industrial & Automotive",9,Q8 (Kuwait Petroleum),kpc.com.kw,,European fuel retail brand
Esso (ExxonMobil),Red Bull Racing partner,"Energy, Industrial & Automotive",10,Gulf (fuel retail),gulfoilltd.com,YES,Williams partner brand
Esso (ExxonMobil),Red Bull Racing partner,"Energy, Industrial & Automotive",11,Caltex (Chevron),chevron.com,,Fuel retail brand
Esso (ExxonMobil),Red Bull Racing partner,"Energy, Industrial & Automotive",12,Circle K (Couche-Tard),circlek.com,,Fuel/convenience retail
Esso (ExxonMobil),Red Bull Racing partner,"Energy, Industrial & Automotive",13,Phillips 66 (76),phillips66.com,,US fuel retail brand
Esso (ExxonMobil),Red Bull Racing partner,"Energy, Industrial & Automotive",14,Valero,valero.com,,US refiner/retailer
Esso (ExxonMobil),Red Bull Racing partner,"Energy, Industrial & Automotive",15,Marathon,marathonpetroleum.com,,US refiner/retailer
Esso (ExxonMobil),Red Bull Racing partner,"Energy, Industrial & Automotive",16,PTT,pttplc.com,,Thai fuel retail brand
Esso (ExxonMobil),Red Bull Racing partner,"Energy, Industrial & Automotive",17,ADNOC,adnoc.ae,,UAE fuel retail brand
Esso (ExxonMobil),Red Bull Racing partner,"Energy, Industrial & Automotive",18,QatarEnergy,qatarenergy.qa,,Qatari NOC
Esso (ExxonMobil),Red Bull Racing partner,"Energy, Industrial & Automotive",19,Saudi Aramco,aramco.com,YES,F1 global/Aston Martin partner
Esso (ExxonMobil),Red Bull Racing partner,"Energy, Industrial & Automotive",20,Sinopec,sinopec.com,,China fuel retail
Esso (ExxonMobil),Red Bull Racing partner,"Energy, Industrial & Automotive",21,PetroChina,petrochina.com.cn,,China fuel retail
Ford,Red Bull Racing / Racing Bulls power unit partner (Red Bull Ford Powertrains),"Energy, Industrial & Automotive",1,General Motors / Cadillac,gm.com,YES,Cadillac F1 works team owner
Ford,Red Bull Racing / Racing Bulls power unit partner (Red Bull Ford Powertrains),"Energy, Industrial & Automotive",2,Stellantis,stellantis.com,,Multi-brand automaker (Jeep/Chrysler/Peugeot)
Ford,Red Bull Racing / Racing Bulls power unit partner (Red Bull Ford Powertrains),"Energy, Industrial & Automotive",3,Volkswagen Group,volkswagenag.com,YES,Parent of Audi F1 works team
Ford,Red Bull Racing / Racing Bulls power unit partner (Red Bull Ford Powertrains),"Energy, Industrial & Automotive",4,BMW Group,bmwgroup.com,,Luxury/performance automaker
Ford,Red Bull Racing / Racing Bulls power unit partner (Red Bull Ford Powertrains),"Energy, Industrial & Automotive",5,Mercedes-Benz,mercedes-benz.com,,Automaker/F1 works team manufacturer
Ford,Red Bull Racing / Racing Bulls power unit partner (Red Bull Ford Powertrains),"Energy, Industrial & Automotive",6,Toyota,toyota.com,YES,Haas technical partner (Gazoo Racing)
Ford,Red Bull Racing / Racing Bulls power unit partner (Red Bull Ford Powertrains),"Energy, Industrial & Automotive",7,Honda,honda.com,YES,Aston Martin power unit partner
Ford,Red Bull Racing / Racing Bulls power unit partner (Red Bull Ford Powertrains),"Energy, Industrial & Automotive",8,Nissan,nissan-global.com,,Mass-market automaker
Ford,Red Bull Racing / Racing Bulls power unit partner (Red Bull Ford Powertrains),"Energy, Industrial & Automotive",9,Hyundai Motor Group,hyundai.com,,Mass-market automaker
Ford,Red Bull Racing / Racing Bulls power unit partner (Red Bull Ford Powertrains),"Energy, Industrial & Automotive",10,Tesla,tesla.com,,EV automaker
Ford,Red Bull Racing / Racing Bulls power unit partner (Red Bull Ford Powertrains),"Energy, Industrial & Automotive",11,Renault Group,renaultgroup.com,YES,Alpine F1 works team owner
Ford,Red Bull Racing / Racing Bulls power unit partner (Red Bull Ford Powertrains),"Energy, Industrial & Automotive",12,Suzuki,globalsuzuki.com,,Mass-market automaker
Ford,Red Bull Racing / Racing Bulls power unit partner (Red Bull Ford Powertrains),"Energy, Industrial & Automotive",13,Mazda,mazda.com,,Mass-market automaker
Ford,Red Bull Racing / Racing Bulls power unit partner (Red Bull Ford Powertrains),"Energy, Industrial & Automotive",14,Subaru,subaru.co.jp,,Mass-market automaker
Ford,Red Bull Racing / Racing Bulls power unit partner (Red Bull Ford Powertrains),"Energy, Industrial & Automotive",15,Mitsubishi Motors,mitsubishi-motors.com,,Mass-market automaker
Ford,Red Bull Racing / Racing Bulls power unit partner (Red Bull Ford Powertrains),"Energy, Industrial & Automotive",16,Audi,audi.com,YES,Audi F1 works team
Ford,Red Bull Racing / Racing Bulls power unit partner (Red Bull Ford Powertrains),"Energy, Industrial & Automotive",17,Aston Martin,astonmartin.com,YES,Aston Martin F1 works team
Ford,Red Bull Racing / Racing Bulls power unit partner (Red Bull Ford Powertrains),"Energy, Industrial & Automotive",18,Volvo Cars,volvocars.com,,Premium automaker
Ford,Red Bull Racing / Racing Bulls power unit partner (Red Bull Ford Powertrains),"Energy, Industrial & Automotive",19,Jaguar Land Rover,jaguarlandrover.com,,Premium automaker
Ford,Red Bull Racing / Racing Bulls power unit partner (Red Bull Ford Powertrains),"Energy, Industrial & Automotive",20,BYD,byd.com,,Chinese EV automaker
Garrett Motion,Ferrari partner,"Energy, Industrial & Automotive",1,BorgWarner,borgwarner.com,,Turbocharger/powertrain major
Garrett Motion,Ferrari partner,"Energy, Industrial & Automotive",2,Mitsubishi Turbocharger,mhi.com,,Turbocharger manufacturer
Garrett Motion,Ferrari partner,"Energy, Industrial & Automotive",3,IHI Corporation,ihi.co.jp,,Turbocharger manufacturer
Garrett Motion,Ferrari partner,"Energy, Industrial & Automotive",4,Cummins Turbo Technologies,cummins.com,,Turbocharger manufacturer
Garrett Motion,Ferrari partner,"Energy, Industrial & Automotive",5,Continental (Vitesco Technologies),vitesco-technologies.com,,Turbo/powertrain electronics
Garrett Motion,Ferrari partner,"Energy, Industrial & Automotive",6,Bosch Mobility,bosch-mobility.com,,Powertrain components major
Garrett Motion,Ferrari partner,"Energy, Industrial & Automotive",7,Denso,denso.com,,Powertrain/turbo components
Garrett Motion,Ferrari partner,"Energy, Industrial & Automotive",8,Precision Turbo & Engine,precisionturbo.net,,Aftermarket performance turbos
Garrett Motion,Ferrari partner,"Energy, Industrial & Automotive",9,Turbonetics,turbonetics.com,,Aftermarket performance turbos
Garrett Motion,Ferrari partner,"Energy, Industrial & Automotive",10,Holset (Cummins),cummins.com,,Heavy-duty turbocharger brand
General Motors / Cadillac,Works team owner,"Energy, Industrial & Automotive",1,Ford,ford.com,YES,RBR/Racing Bulls power unit partner
General Motors / Cadillac,Works team owner,"Energy, Industrial & Automotive",2,Stellantis,stellantis.com,,Multi-brand automaker
General Motors / Cadillac,Works team owner,"Energy, Industrial & Automotive",3,Volkswagen Group,volkswagenag.com,YES,Parent of Audi F1 works team
General Motors / Cadillac,Works team owner,"Energy, Industrial & Automotive",4,BMW Group,bmwgroup.com,,Luxury/performance automaker
General Motors / Cadillac,Works team owner,"Energy, Industrial & Automotive",5,Mercedes-Benz,mercedes-benz.com,,Automaker/F1 works team manufacturer
General Motors / Cadillac,Works team owner,"Energy, Industrial & Automotive",6,Toyota,toyota.com,YES,Haas technical partner
General Motors / Cadillac,Works team owner,"Energy, Industrial & Automotive",7,Honda,honda.com,YES,Aston Martin power unit partner
General Motors / Cadillac,Works team owner,"Energy, Industrial & Automotive",8,Nissan,nissan-global.com,,Mass-market automaker
General Motors / Cadillac,Works team owner,"Energy, Industrial & Automotive",9,Hyundai Motor Group,hyundai.com,,Mass-market automaker
General Motors / Cadillac,Works team owner,"Energy, Industrial & Automotive",10,Tesla,tesla.com,,EV automaker
General Motors / Cadillac,Works team owner,"Energy, Industrial & Automotive",11,Renault Group,renaultgroup.com,YES,Alpine F1 works team owner
General Motors / Cadillac,Works team owner,"Energy, Industrial & Automotive",12,Audi,audi.com,YES,Audi F1 works team
General Motors / Cadillac,Works team owner,"Energy, Industrial & Automotive",13,Aston Martin,astonmartin.com,YES,Aston Martin F1 works team
General Motors / Cadillac,Works team owner,"Energy, Industrial & Automotive",14,Volvo Cars,volvocars.com,,Premium automaker
General Motors / Cadillac,Works team owner,"Energy, Industrial & Automotive",15,Jaguar Land Rover,jaguarlandrover.com,,Premium automaker
General Motors / Cadillac,Works team owner,"Energy, Industrial & Automotive",16,Lexus,lexus.com,,Toyota luxury brand
General Motors / Cadillac,Works team owner,"Energy, Industrial & Automotive",17,Porsche,porsche.com,,Luxury/performance automaker
General Motors / Cadillac,Works team owner,"Energy, Industrial & Automotive",18,BYD,byd.com,,Chinese EV automaker
General Motors / Cadillac,Works team owner,"Energy, Industrial & Automotive",19,Chery,chery.cn,,Chinese automaker
General Motors / Cadillac,Works team owner,"Energy, Industrial & Automotive",20,Geely,geelyauto.com,,Chinese automaker group
Glasurit (BASF),Audi F1 partner,"Energy, Industrial & Automotive",1,AkzoNobel (Sikkens),akzonobel.com,YES,McLaren paint partner
Glasurit (BASF),Audi F1 partner,"Energy, Industrial & Automotive",2,Axalta (Standox/Spies Hecker),axalta.com,,Automotive refinish paint
Glasurit (BASF),Audi F1 partner,"Energy, Industrial & Automotive",3,PPG (Nexa Autocolor/Envirobase),ppg.com,,Automotive refinish paint
Glasurit (BASF),Audi F1 partner,"Energy, Industrial & Automotive",4,Sherwin-Williams Automotive Finishes,sherwin-williams.com,YES,Mercedes partner
Glasurit (BASF),Audi F1 partner,"Energy, Industrial & Automotive",5,Nippon Paint Automotive,nipponpaint-holdings.com,,Automotive refinish paint
Glasurit (BASF),Audi F1 partner,"Energy, Industrial & Automotive",6,Kansai Paint Automotive,kansai.co.jp,,Automotive refinish paint
Glasurit (BASF),Audi F1 partner,"Energy, Industrial & Automotive",7,Lechler,lechler.eu,,Italian automotive refinish paint
Glasurit (BASF),Audi F1 partner,"Energy, Industrial & Automotive",8,Cromax (Axalta),cromax.com,,Automotive refinish brand
Glasurit (BASF),Audi F1 partner,"Energy, Industrial & Automotive",9,Standox (Axalta),standox.com,,Automotive refinish brand
Glasurit (BASF),Audi F1 partner,"Energy, Industrial & Automotive",10,Valspar Refinish (PPG),valsparautorefinish.com,,Automotive refinish brand
Gulf Oil International,Williams partner,"Energy, Industrial & Automotive",1,Castrol,castrol.com,YES,Audi F1 lubricants partner
Gulf Oil International,Williams partner,"Energy, Industrial & Automotive",2,Mobil 1,mobil.com,YES,RBR lubricants partner
Gulf Oil International,Williams partner,"Energy, Industrial & Automotive",3,Shell,shell.com,YES,Ferrari lubricants partner
Gulf Oil International,Williams partner,"Energy, Industrial & Automotive",4,Valvoline,valvolineglobal.com,YES,Aston Martin partner
Gulf Oil International,Williams partner,"Energy, Industrial & Automotive",5,Motul,motul.com,YES,McLaren partner
Gulf Oil International,Williams partner,"Energy, Industrial & Automotive",6,Liqui Moly,liqui-moly.com,YES,F1 official partner
Gulf Oil International,Williams partner,"Energy, Industrial & Automotive",7,Lucas Oil,lucasoil.com,YES,F2/F3 team sponsor
Gulf Oil International,Williams partner,"Energy, Industrial & Automotive",8,Pennzoil,pennzoil.com,,Shell-owned oil brand
Gulf Oil International,Williams partner,"Energy, Industrial & Automotive",9,Quaker State,quakerstate.com,,Shell-owned oil brand
Gulf Oil International,Williams partner,"Energy, Industrial & Automotive",10,Amsoil,amsoil.com,,Synthetic lubricants brand
Gulf Oil International,Williams partner,"Energy, Industrial & Automotive",11,Red Line Oil,redlineoil.com,,Performance synthetic oil
Gulf Oil International,Williams partner,"Energy, Industrial & Automotive",12,Royal Purple,royalpurple.com,,bp-owned synthetic oil brand
Gulf Oil International,Williams partner,"Energy, Industrial & Automotive",13,Total Quartz,totalenergies.com,,TotalEnergies lubricants line
Gulf Oil International,Williams partner,"Energy, Industrial & Automotive",14,Repsol Lubricantes,repsol.com,,Spanish lubricants brand
Gulf Oil International,Williams partner,"Energy, Industrial & Automotive",15,Petronas Lubricants International,pli-petronas.com,YES,Petronas lubricants arm
Gulf Oil International,Williams partner,"Energy, Industrial & Automotive",16,Fuchs Petrolub,fuchs.com,,Lubricants specialist
Gulf Oil International,Williams partner,"Energy, Industrial & Automotive",17,Idemitsu,idemitsu.com,,Japanese lubricants co
Gulf Oil International,Williams partner,"Energy, Industrial & Automotive",18,ENEOS,eneos.co.jp,,Japanese lubricants co
Gulf Oil International,Williams partner,"Energy, Industrial & Automotive",19,Kendall Motor Oil,kendallmotoroil.com,,Phillips 66-owned oil brand
Gulf Oil International,Williams partner,"Energy, Industrial & Automotive",20,STP,stp.com,,Additives/oil brand
Gulf Oil International,Williams partner,"Energy, Industrial & Automotive",21,Eni,eni.com,YES,Alpine fuel/lube partner
Haas Automation / Haas Tooling,Haas team owner brand,"Energy, Industrial & Automotive",1,DMG Mori,dmgmori.com,YES,RBR partner
Haas Automation / Haas Tooling,Haas team owner brand,"Energy, Industrial & Automotive",2,Mazak (Yamazaki Mazak),mazakusa.com,,CNC machine tools major
Haas Automation / Haas Tooling,Haas team owner brand,"Energy, Industrial & Automotive",3,Okuma Corporation,okuma.com,,CNC machine tools major
Haas Automation / Haas Tooling,Haas team owner brand,"Energy, Industrial & Automotive",4,Makino,makino.com,,Precision CNC machine tools
Haas Automation / Haas Tooling,Haas team owner brand,"Energy, Industrial & Automotive",5,Doosan Machine Tools,doosanmachinetools.com,,CNC machine tools
Haas Automation / Haas Tooling,Haas team owner brand,"Energy, Industrial & Automotive",6,Hyundai WIA,hyundai-wia.com,,CNC machine tools
Haas Automation / Haas Tooling,Haas team owner brand,"Energy, Industrial & Automotive",7,GF Machining Solutions,gfms.com,,Precision machining systems
Haas Automation / Haas Tooling,Haas team owner brand,"Energy, Industrial & Automotive",8,Grob-Werke,grobgroup.com,,CNC/production systems
Haas Automation / Haas Tooling,Haas team owner brand,"Energy, Industrial & Automotive",9,Fanuc,fanuc.com,,CNC controls/robotics
Haas Automation / Haas Tooling,Haas team owner brand,"Energy, Industrial & Automotive",10,Trumpf,trumpf.com,,Machine tools/laser systems
Haas Automation / Haas Tooling,Haas team owner brand,"Energy, Industrial & Automotive",11,Hardinge,hardinge.com,,Precision CNC lathes
Haas Automation / Haas Tooling,Haas team owner brand,"Energy, Industrial & Automotive",12,Chiron Group,chiron-group.com,,CNC machining centers
Haas Automation / Haas Tooling,Haas team owner brand,"Energy, Industrial & Automotive",13,Index-Werke,index-werke.de,,CNC lathes
Haas Automation / Haas Tooling,Haas team owner brand,"Energy, Industrial & Automotive",14,Amada,amada.co.jp,,Machine tools/sheet metal
Honda (HRC),Aston Martin works power unit partner,"Energy, Industrial & Automotive",1,Toyota,toyota.com,YES,Haas technical partner
Honda (HRC),Aston Martin works power unit partner,"Energy, Industrial & Automotive",2,Ford,ford.com,YES,RBR/Racing Bulls power unit partner
Honda (HRC),Aston Martin works power unit partner,"Energy, Industrial & Automotive",3,General Motors / Cadillac,gm.com,YES,Cadillac F1 works team owner
Honda (HRC),Aston Martin works power unit partner,"Energy, Industrial & Automotive",4,Nissan,nissan-global.com,,Mass-market automaker
Honda (HRC),Aston Martin works power unit partner,"Energy, Industrial & Automotive",5,Hyundai Motor Group,hyundai.com,,Mass-market automaker
Honda (HRC),Aston Martin works power unit partner,"Energy, Industrial & Automotive",6,Volkswagen Group,volkswagenag.com,YES,Parent of Audi F1 works team
Honda (HRC),Aston Martin works power unit partner,"Energy, Industrial & Automotive",7,BMW Group,bmwgroup.com,,Luxury/performance automaker
Honda (HRC),Aston Martin works power unit partner,"Energy, Industrial & Automotive",8,Mercedes-Benz,mercedes-benz.com,,Automaker/F1 works team manufacturer
Honda (HRC),Aston Martin works power unit partner,"Energy, Industrial & Automotive",9,Renault Group,renaultgroup.com,YES,Alpine F1 works team owner
Honda (HRC),Aston Martin works power unit partner,"Energy, Industrial & Automotive",10,Audi,audi.com,YES,Audi F1 works team
Honda (HRC),Aston Martin works power unit partner,"Energy, Industrial & Automotive",11,Suzuki,globalsuzuki.com,,Mass-market automaker
Honda (HRC),Aston Martin works power unit partner,"Energy, Industrial & Automotive",12,Mazda,mazda.com,,Mass-market automaker
Honda (HRC),Aston Martin works power unit partner,"Energy, Industrial & Automotive",13,Subaru,subaru.co.jp,,Mass-market automaker
Honda (HRC),Aston Martin works power unit partner,"Energy, Industrial & Automotive",14,Mitsubishi Motors,mitsubishi-motors.com,,Mass-market automaker
Honda (HRC),Aston Martin works power unit partner,"Energy, Industrial & Automotive",15,Tesla,tesla.com,,EV automaker
Honda (HRC),Aston Martin works power unit partner,"Energy, Industrial & Automotive",16,Stellantis,stellantis.com,,Multi-brand automaker
Honda (HRC),Aston Martin works power unit partner,"Energy, Industrial & Automotive",17,BYD,byd.com,,Chinese EV automaker
Honda (HRC),Aston Martin works power unit partner,"Energy, Industrial & Automotive",18,Geely,geelyauto.com,,Chinese automaker group
INEOS,Mercedes principal partner / co-owner,"Energy, Industrial & Automotive",1,BASF,basf.com,YES,Audi F1 partner (Glasurit parent)
INEOS,Mercedes principal partner / co-owner,"Energy, Industrial & Automotive",2,Dow,dow.com,,US petrochemicals major
INEOS,Mercedes principal partner / co-owner,"Energy, Industrial & Automotive",3,DuPont,dupont.com,,US materials/chemicals major
INEOS,Mercedes principal partner / co-owner,"Energy, Industrial & Automotive",4,LyondellBasell,lyondellbasell.com,,Polyolefins major
INEOS,Mercedes principal partner / co-owner,"Energy, Industrial & Automotive",5,SABIC,sabic.com,,Saudi petrochemicals major
INEOS,Mercedes principal partner / co-owner,"Energy, Industrial & Automotive",6,Shell Chemicals,shell.com,YES,Ferrari partner's chemicals arm
INEOS,Mercedes principal partner / co-owner,"Energy, Industrial & Automotive",7,ExxonMobil Chemical,exxonmobil.com,YES,RBR partner's chemicals arm
INEOS,Mercedes principal partner / co-owner,"Energy, Industrial & Automotive",8,Covestro,covestro.com,,Polymers producer
INEOS,Mercedes principal partner / co-owner,"Energy, Industrial & Automotive",9,Evonik,evonik.com,,Specialty chemicals
INEOS,Mercedes principal partner / co-owner,"Energy, Industrial & Automotive",10,Solvay,solvay.com,,Specialty chemicals
INEOS,Mercedes principal partner / co-owner,"Energy, Industrial & Automotive",11,Huntsman,huntsman.com,,Specialty chemicals
INEOS,Mercedes principal partner / co-owner,"Energy, Industrial & Automotive",12,Clariant,clariant.com,,Specialty chemicals
INEOS,Mercedes principal partner / co-owner,"Energy, Industrial & Automotive",13,Wacker Chemie,wacker.com,,Silicones/polymers
INEOS,Mercedes principal partner / co-owner,"Energy, Industrial & Automotive",14,Lanxess,lanxess.com,,Specialty chemicals
INEOS,Mercedes principal partner / co-owner,"Energy, Industrial & Automotive",15,Sasol,sasol.com,,Chemicals/synfuels
INEOS,Mercedes principal partner / co-owner,"Energy, Industrial & Automotive",16,Braskem,braskem.com,,Petrochemicals (Brazil)
INEOS,Mercedes principal partner / co-owner,"Energy, Industrial & Automotive",17,Formosa Plastics,fpg.com.tw,,Petrochemicals conglomerate
INEOS,Mercedes principal partner / co-owner,"Energy, Industrial & Automotive",18,Reliance Industries,ril.com,,Petrochemicals conglomerate
INEOS,Mercedes principal partner / co-owner,"Energy, Industrial & Automotive",19,TotalEnergies (petrochemicals),totalenergies.com,,Integrated energy/chemicals
INEOS,Mercedes principal partner / co-owner,"Energy, Industrial & Automotive",20,Chevron Phillips Chemical,cpchem.com,,US petrochemicals JV
INEOS,Mercedes principal partner / co-owner,"Energy, Industrial & Automotive",21,Celanese,celanese.com,,Specialty materials
INEOS,Mercedes principal partner / co-owner,"Energy, Industrial & Automotive",22,Westlake Chemical,westlake.com,,Petrochemicals/PVC
INEOS,Mercedes principal partner / co-owner,"Energy, Industrial & Automotive",23,Arkema,arkema.com,,Specialty chemicals
INEOS,Mercedes principal partner / co-owner,"Energy, Industrial & Automotive",24,Eastman Chemical,eastman.com,,Specialty chemicals
INEOS,Mercedes principal partner / co-owner,"Energy, Industrial & Automotive",25,Borealis,borealisgroup.com,,Polyolefins producer
Iveco,Ferrari partner,"Energy, Industrial & Automotive",1,Volvo Trucks,volvotrucks.com,,Commercial truck major
Iveco,Ferrari partner,"Energy, Industrial & Automotive",2,Scania,scania.com,,Commercial truck major
Iveco,Ferrari partner,"Energy, Industrial & Automotive",3,MAN Truck & Bus,man.eu,,Commercial truck major
Iveco,Ferrari partner,"Energy, Industrial & Automotive",4,Mercedes-Benz Trucks,mercedes-benz-trucks.com,,Commercial truck major
Iveco,Ferrari partner,"Energy, Industrial & Automotive",5,DAF Trucks,daf.com,,Commercial truck major
Iveco,Ferrari partner,"Energy, Industrial & Automotive",6,Renault Trucks,renault-trucks.com,YES,Renault Group (Alpine owner) commercial arm
Iveco,Ferrari partner,"Energy, Industrial & Automotive",7,Isuzu,isuzu.co.jp,,Commercial truck major
Iveco,Ferrari partner,"Energy, Industrial & Automotive",8,Hino Motors,hino.com,,Commercial truck major (Toyota)
Iveco,Ferrari partner,"Energy, Industrial & Automotive",9,Navistar/International,internationaltrucks.com,,US commercial truck major
Iveco,Ferrari partner,"Energy, Industrial & Automotive",10,Kenworth (PACCAR),kenworth.com,,US commercial truck brand
Iveco,Ferrari partner,"Energy, Industrial & Automotive",11,Peterbilt (PACCAR),peterbilt.com,,US commercial truck brand
Iveco,Ferrari partner,"Energy, Industrial & Automotive",12,FAW,faw.com,,Chinese commercial truck major
Iveco,Ferrari partner,"Energy, Industrial & Automotive",13,Tata Motors (commercial),tatamotors.com,,Indian commercial vehicle major
JCB,Aston Martin partner,"Energy, Industrial & Automotive",1,Caterpillar,caterpillar.com,,Global construction/mining equipment leader
JCB,Aston Martin partner,"Energy, Industrial & Automotive",2,Komatsu,komatsu.com,YES,Williams partner
JCB,Aston Martin partner,"Energy, Industrial & Automotive",3,Volvo Construction Equipment,volvoce.com,,Construction equipment major
JCB,Aston Martin partner,"Energy, Industrial & Automotive",4,Liebherr,liebherr.com,,Construction/crane equipment major
JCB,Aston Martin partner,"Energy, Industrial & Automotive",5,Hitachi Construction Machinery,hitachicm.com,,Construction/mining equipment
JCB,Aston Martin partner,"Energy, Industrial & Automotive",6,Case Construction (CNH Industrial),casece.com,,Construction equipment
JCB,Aston Martin partner,"Energy, Industrial & Automotive",7,Kubota,kubota.com,,Compact construction equipment
JCB,Aston Martin partner,"Energy, Industrial & Automotive",8,Doosan Bobcat,bobcat.com,,Compact construction equipment
JCB,Aston Martin partner,"Energy, Industrial & Automotive",9,SANY,sanyglobal.com,,Chinese construction equipment major
JCB,Aston Martin partner,"Energy, Industrial & Automotive",10,XCMG,xcmg.com,,Chinese construction equipment major
JCB,Aston Martin partner,"Energy, Industrial & Automotive",11,Terex,terex.com,,Construction/materials handling equipment
JCB,Aston Martin partner,"Energy, Industrial & Automotive",12,Kobelco,kobelco-kenki.com,,Excavators/construction equipment
JCB,Aston Martin partner,"Energy, Industrial & Automotive",13,Hyundai Construction Equipment,hyundai-ce.com,,Construction equipment
JCB,Aston Martin partner,"Energy, Industrial & Automotive",14,John Deere (construction),deere.com,,Construction/agricultural equipment
Komatsu,Williams partner,"Energy, Industrial & Automotive",1,Caterpillar,caterpillar.com,,Global construction/mining equipment leader
Komatsu,Williams partner,"Energy, Industrial & Automotive",2,JCB,jcb.com,YES,Aston Martin partner
Komatsu,Williams partner,"Energy, Industrial & Automotive",3,Volvo Construction Equipment,volvoce.com,,Construction equipment major
Komatsu,Williams partner,"Energy, Industrial & Automotive",4,Liebherr,liebherr.com,,Construction/crane equipment major
Komatsu,Williams partner,"Energy, Industrial & Automotive",5,Hitachi Construction Machinery,hitachicm.com,,Construction/mining equipment
Komatsu,Williams partner,"Energy, Industrial & Automotive",6,Case Construction (CNH Industrial),casece.com,,Construction equipment
Komatsu,Williams partner,"Energy, Industrial & Automotive",7,Kubota,kubota.com,,Compact construction equipment
Komatsu,Williams partner,"Energy, Industrial & Automotive",8,Doosan Bobcat,bobcat.com,,Compact construction equipment
Komatsu,Williams partner,"Energy, Industrial & Automotive",9,SANY,sanyglobal.com,,Chinese construction equipment major
Komatsu,Williams partner,"Energy, Industrial & Automotive",10,XCMG,xcmg.com,,Chinese construction equipment major
Komatsu,Williams partner,"Energy, Industrial & Automotive",11,Terex,terex.com,,Construction/materials handling equipment
Komatsu,Williams partner,"Energy, Industrial & Automotive",12,Kobelco,kobelco-kenki.com,,Excavators/construction equipment
Komatsu,Williams partner,"Energy, Industrial & Automotive",13,Hyundai Construction Equipment,hyundai-ce.com,,Construction equipment
Komatsu,Williams partner,"Energy, Industrial & Automotive",14,John Deere (construction),deere.com,,Construction/agricultural equipment
Liqui Moly,F1 official partner,"Energy, Industrial & Automotive",1,Castrol,castrol.com,YES,Audi F1 lubricants partner
Liqui Moly,F1 official partner,"Energy, Industrial & Automotive",2,Mobil 1,mobil.com,YES,RBR lubricants partner
Liqui Moly,F1 official partner,"Energy, Industrial & Automotive",3,Shell,shell.com,YES,Ferrari lubricants partner
Liqui Moly,F1 official partner,"Energy, Industrial & Automotive",4,Valvoline,valvolineglobal.com,YES,Aston Martin partner
Liqui Moly,F1 official partner,"Energy, Industrial & Automotive",5,Motul,motul.com,YES,McLaren partner
Liqui Moly,F1 official partner,"Energy, Industrial & Automotive",6,Lucas Oil,lucasoil.com,YES,F2/F3 team sponsor
Liqui Moly,F1 official partner,"Energy, Industrial & Automotive",7,Gulf Oil,gulfoilltd.com,YES,Williams partner
Liqui Moly,F1 official partner,"Energy, Industrial & Automotive",8,Amsoil,amsoil.com,,Synthetic lubricants brand
Liqui Moly,F1 official partner,"Energy, Industrial & Automotive",9,Red Line Oil,redlineoil.com,,Performance synthetic oil
Liqui Moly,F1 official partner,"Energy, Industrial & Automotive",10,Royal Purple,royalpurple.com,,bp-owned synthetic oil brand
Liqui Moly,F1 official partner,"Energy, Industrial & Automotive",11,Fuchs Petrolub,fuchs.com,,German lubricants specialist
Liqui Moly,F1 official partner,"Energy, Industrial & Automotive",12,Wynn's,wynns.eu,,Additives/lubricants brand
Liqui Moly,F1 official partner,"Energy, Industrial & Automotive",13,Millers Oils,millersoils.co.uk,,UK performance lubricants
Liqui Moly,F1 official partner,"Energy, Industrial & Automotive",14,Ravenol,ravenol.de,,German lubricants brand
Liqui Moly,F1 official partner,"Energy, Industrial & Automotive",15,Bardahl,bardahl.com,,Additives/lubricants brand
Liqui Moly,F1 official partner,"Energy, Industrial & Automotive",16,STP,stp.com,,Additives/oil brand
Liqui Moly,F1 official partner,"Energy, Industrial & Automotive",17,Motorex,motorex.com,,Swiss lubricants brand
Liqui Moly,F1 official partner,"Energy, Industrial & Automotive",18,Eni,eni.com,YES,Alpine fuel/lube partner
Liqui Moly,F1 official partner,"Energy, Industrial & Automotive",19,Repsol Lubricantes,repsol.com,,Spanish lubricants brand
Liqui Moly,F1 official partner,"Energy, Industrial & Automotive",20,Petronas Lubricants International,pli-petronas.com,YES,Petronas lubricants arm
Liqui Moly,F1 official partner,"Energy, Industrial & Automotive",21,ENEOS,eneos.co.jp,,Japanese lubricants co
Liqui Moly,F1 official partner,"Energy, Industrial & Automotive",22,Total Quartz,totalenergies.com,,TotalEnergies lubricants line
Liqui Moly,F1 official partner,"Energy, Industrial & Automotive",23,Klotz,klotzlube.com,,US performance lubricants
Liqui Moly,F1 official partner,"Energy, Industrial & Automotive",24,Yacco,yacco.com,,French lubricants brand
Lucas Oil,F2/F3 team title sponsor (DAMS Lucas Oil),"Energy, Industrial & Automotive",1,Castrol,castrol.com,YES,Audi F1 lubricants partner
Lucas Oil,F2/F3 team title sponsor (DAMS Lucas Oil),"Energy, Industrial & Automotive",2,Mobil 1,mobil.com,YES,RBR lubricants partner
Lucas Oil,F2/F3 team title sponsor (DAMS Lucas Oil),"Energy, Industrial & Automotive",3,Shell,shell.com,YES,Ferrari lubricants partner
Lucas Oil,F2/F3 team title sponsor (DAMS Lucas Oil),"Energy, Industrial & Automotive",4,Valvoline,valvolineglobal.com,YES,Aston Martin partner
Lucas Oil,F2/F3 team title sponsor (DAMS Lucas Oil),"Energy, Industrial & Automotive",5,Motul,motul.com,YES,McLaren partner
Lucas Oil,F2/F3 team title sponsor (DAMS Lucas Oil),"Energy, Industrial & Automotive",6,Liqui Moly,liqui-moly.com,YES,F1 official partner
Lucas Oil,F2/F3 team title sponsor (DAMS Lucas Oil),"Energy, Industrial & Automotive",7,Gulf Oil,gulfoilltd.com,YES,Williams partner
Lucas Oil,F2/F3 team title sponsor (DAMS Lucas Oil),"Energy, Industrial & Automotive",8,Pennzoil,pennzoil.com,,Shell-owned oil brand
Lucas Oil,F2/F3 team title sponsor (DAMS Lucas Oil),"Energy, Industrial & Automotive",9,Quaker State,quakerstate.com,,Shell-owned oil brand
Lucas Oil,F2/F3 team title sponsor (DAMS Lucas Oil),"Energy, Industrial & Automotive",10,Amsoil,amsoil.com,,Synthetic lubricants brand
Lucas Oil,F2/F3 team title sponsor (DAMS Lucas Oil),"Energy, Industrial & Automotive",11,Red Line Oil,redlineoil.com,,Performance synthetic oil
Lucas Oil,F2/F3 team title sponsor (DAMS Lucas Oil),"Energy, Industrial & Automotive",12,Royal Purple,royalpurple.com,,bp-owned synthetic oil brand
Lucas Oil,F2/F3 team title sponsor (DAMS Lucas Oil),"Energy, Industrial & Automotive",13,Fuchs Petrolub,fuchs.com,,Lubricants specialist
Lucas Oil,F2/F3 team title sponsor (DAMS Lucas Oil),"Energy, Industrial & Automotive",14,STP,stp.com,,Additives/oil brand
Lucas Oil,F2/F3 team title sponsor (DAMS Lucas Oil),"Energy, Industrial & Automotive",15,Wynn's,wynns.eu,,Additives/lubricants brand
Lucas Oil,F2/F3 team title sponsor (DAMS Lucas Oil),"Energy, Industrial & Automotive",16,Bardahl,bardahl.com,,Additives/lubricants brand
Lucas Oil,F2/F3 team title sponsor (DAMS Lucas Oil),"Energy, Industrial & Automotive",17,Ravenol,ravenol.de,,German lubricants brand
Lucas Oil,F2/F3 team title sponsor (DAMS Lucas Oil),"Energy, Industrial & Automotive",18,K&N,knfilters.com,,Performance filters/adjacent aftermarket
Lucas Oil,F2/F3 team title sponsor (DAMS Lucas Oil),"Energy, Industrial & Automotive",19,Klotz,klotzlube.com,,US performance lubricants
Ma'aden,Aston Martin partner,"Energy, Industrial & Automotive",1,BHP,bhp.com,,Global mining major
Ma'aden,Aston Martin partner,"Energy, Industrial & Automotive",2,Rio Tinto,riotinto.com,,Global mining major
Ma'aden,Aston Martin partner,"Energy, Industrial & Automotive",3,Vale,vale.com,,Iron ore/mining major
Ma'aden,Aston Martin partner,"Energy, Industrial & Automotive",4,Glencore,glencore.com,,Mining/commodities major
Ma'aden,Aston Martin partner,"Energy, Industrial & Automotive",5,Anglo American,angloamerican.com,,Global mining major
Ma'aden,Aston Martin partner,"Energy, Industrial & Automotive",6,Freeport-McMoRan,fcx.com,,Copper/gold miner
Ma'aden,Aston Martin partner,"Energy, Industrial & Automotive",7,Norilsk Nickel,nornickel.com,,Russian metals miner
Ma'aden,Aston Martin partner,"Energy, Industrial & Automotive",8,OCP Group,ocpgroup.ma,,Phosphate mining (Morocco)
Ma'aden,Aston Martin partner,"Energy, Industrial & Automotive",9,Nutrien,nutrien.com,,Fertilizer/mining major
Ma'aden,Aston Martin partner,"Energy, Industrial & Automotive",10,Mosaic Company,mosaicco.com,,Phosphate/potash producer
Ma'aden,Aston Martin partner,"Energy, Industrial & Automotive",11,K+S Group,k-plus-s.com,,Potash/salt producer
Ma'aden,Aston Martin partner,"Energy, Industrial & Automotive",12,ICL Group,icl-group.com,,Specialty minerals/fertilizer
Ma'aden,Aston Martin partner,"Energy, Industrial & Automotive",13,Yara International,yara.com,,Fertilizer/chemicals major
Ma'aden,Aston Martin partner,"Energy, Industrial & Automotive",14,CF Industries,cfindustries.com,,Nitrogen fertilizer major
Ma'aden,Aston Martin partner,"Energy, Industrial & Automotive",15,First Quantum Minerals,first-quantum.com,,Copper miner
Ma'aden,Aston Martin partner,"Energy, Industrial & Automotive",16,Barrick Mining,barrick.com,,Gold/copper miner
Ma'aden,Aston Martin partner,"Energy, Industrial & Automotive",17,Fortescue,fortescue.com,,Iron ore miner
Ma'aden,Aston Martin partner,"Energy, Industrial & Automotive",18,Vedanta Resources,vedantaresources.com,,Diversified mining
Ma'aden,Aston Martin partner,"Energy, Industrial & Automotive",19,Sibanye-Stillwater,sibanyestillwater.com,,PGM/gold miner
Ma'aden,Aston Martin partner,"Energy, Industrial & Automotive",20,Codelco,codelco.com,,Chilean state copper miner
Mammoet,Audi F1 partner,"Energy, Industrial & Automotive",1,ALE Heavylift,ale-heavylift.com,,Heavy lifting/transport
Mammoet,Audi F1 partner,"Energy, Industrial & Automotive",2,Sarens,sarens.com,,Heavy lifting/engineered transport
Mammoet,Audi F1 partner,"Energy, Industrial & Automotive",3,Fagioli,fagioli.com,,Heavy lifting/transport
Mammoet,Audi F1 partner,"Energy, Industrial & Automotive",4,Barnhart Crane & Rigging,barnhartcrane.com,,Crane/heavy rigging services
Mammoet,Audi F1 partner,"Energy, Industrial & Automotive",5,Bigge Crane and Rigging,bigge.com,,Crane/heavy rigging services
Mammoet,Audi F1 partner,"Energy, Industrial & Automotive",6,Deep South Crane & Rigging,deepsouthcrane.com,,Crane/heavy rigging services
Mammoet,Audi F1 partner,"Energy, Industrial & Automotive",7,Al Faris Heavy Lift,alfaris.com,,Heavy lift/transport (Middle East)
Mobil 1 (ExxonMobil),Red Bull Racing / Racing Bulls fuel & lubricants partner,"Energy, Industrial & Automotive",1,Castrol,castrol.com,YES,Audi F1 lubricants partner
Mobil 1 (ExxonMobil),Red Bull Racing / Racing Bulls fuel & lubricants partner,"Energy, Industrial & Automotive",2,Shell (Helix),shell.com,YES,Ferrari lubricants partner
Mobil 1 (ExxonMobil),Red Bull Racing / Racing Bulls fuel & lubricants partner,"Energy, Industrial & Automotive",3,Valvoline,valvolineglobal.com,YES,Aston Martin partner
Mobil 1 (ExxonMobil),Red Bull Racing / Racing Bulls fuel & lubricants partner,"Energy, Industrial & Automotive",4,Motul,motul.com,YES,McLaren partner
Mobil 1 (ExxonMobil),Red Bull Racing / Racing Bulls fuel & lubricants partner,"Energy, Industrial & Automotive",5,Liqui Moly,liqui-moly.com,YES,F1 official partner
Mobil 1 (ExxonMobil),Red Bull Racing / Racing Bulls fuel & lubricants partner,"Energy, Industrial & Automotive",6,Lucas Oil,lucasoil.com,YES,F2/F3 team sponsor
Mobil 1 (ExxonMobil),Red Bull Racing / Racing Bulls fuel & lubricants partner,"Energy, Industrial & Automotive",7,Gulf Oil,gulfoilltd.com,YES,Williams partner
Mobil 1 (ExxonMobil),Red Bull Racing / Racing Bulls fuel & lubricants partner,"Energy, Industrial & Automotive",8,Pennzoil,pennzoil.com,,Shell-owned motor oil brand
Mobil 1 (ExxonMobil),Red Bull Racing / Racing Bulls fuel & lubricants partner,"Energy, Industrial & Automotive",9,Quaker State,quakerstate.com,,Shell-owned motor oil brand
Mobil 1 (ExxonMobil),Red Bull Racing / Racing Bulls fuel & lubricants partner,"Energy, Industrial & Automotive",10,Amsoil,amsoil.com,,Synthetic lubricants brand
Mobil 1 (ExxonMobil),Red Bull Racing / Racing Bulls fuel & lubricants partner,"Energy, Industrial & Automotive",11,Red Line Oil,redlineoil.com,,Performance synthetic oil
Mobil 1 (ExxonMobil),Red Bull Racing / Racing Bulls fuel & lubricants partner,"Energy, Industrial & Automotive",12,Royal Purple,royalpurple.com,,bp-owned synthetic oil brand
Mobil 1 (ExxonMobil),Red Bull Racing / Racing Bulls fuel & lubricants partner,"Energy, Industrial & Automotive",13,Total Quartz,totalenergies.com,,TotalEnergies lubricants line
Mobil 1 (ExxonMobil),Red Bull Racing / Racing Bulls fuel & lubricants partner,"Energy, Industrial & Automotive",14,Repsol Lubricantes,repsol.com,,Spanish lubricants brand
Mobil 1 (ExxonMobil),Red Bull Racing / Racing Bulls fuel & lubricants partner,"Energy, Industrial & Automotive",15,Petronas Lubricants International,pli-petronas.com,YES,Petronas lubricants arm
Mobil 1 (ExxonMobil),Red Bull Racing / Racing Bulls fuel & lubricants partner,"Energy, Industrial & Automotive",16,Fuchs Petrolub,fuchs.com,,Lubricants specialist
Mobil 1 (ExxonMobil),Red Bull Racing / Racing Bulls fuel & lubricants partner,"Energy, Industrial & Automotive",17,Idemitsu,idemitsu.com,,Japanese lubricants co
Mobil 1 (ExxonMobil),Red Bull Racing / Racing Bulls fuel & lubricants partner,"Energy, Industrial & Automotive",18,ENEOS,eneos.co.jp,,Japanese lubricants co
Mobil 1 (ExxonMobil),Red Bull Racing / Racing Bulls fuel & lubricants partner,"Energy, Industrial & Automotive",19,Kendall Motor Oil,kendallmotoroil.com,,Phillips 66-owned oil brand
Mobil 1 (ExxonMobil),Red Bull Racing / Racing Bulls fuel & lubricants partner,"Energy, Industrial & Automotive",20,STP,stp.com,,Additives/oil brand
Mobil 1 (ExxonMobil),Red Bull Racing / Racing Bulls fuel & lubricants partner,"Energy, Industrial & Automotive",21,Wynn's,wynns.eu,,Additives/lubricants brand
Mobil 1 (ExxonMobil),Red Bull Racing / Racing Bulls fuel & lubricants partner,"Energy, Industrial & Automotive",22,Millers Oils,millersoils.co.uk,,UK performance lubricants
Mobil 1 (ExxonMobil),Red Bull Racing / Racing Bulls fuel & lubricants partner,"Energy, Industrial & Automotive",23,Ravenol,ravenol.de,,German lubricants brand
Mobil 1 (ExxonMobil),Red Bull Racing / Racing Bulls fuel & lubricants partner,"Energy, Industrial & Automotive",24,Bardahl,bardahl.com,,Additives/lubricants brand
Mobil 1 (ExxonMobil),Red Bull Racing / Racing Bulls fuel & lubricants partner,"Energy, Industrial & Automotive",25,Eni (i-Sint),eni.com,YES,Alpine fuel/lube partner
Motul,McLaren partner,"Energy, Industrial & Automotive",1,Castrol,castrol.com,YES,Audi F1 lubricants partner
Motul,McLaren partner,"Energy, Industrial & Automotive",2,Mobil 1,mobil.com,YES,RBR lubricants partner
Motul,McLaren partner,"Energy, Industrial & Automotive",3,Shell,shell.com,YES,Ferrari lubricants partner
Motul,McLaren partner,"Energy, Industrial & Automotive",4,Valvoline,valvolineglobal.com,YES,Aston Martin partner
Motul,McLaren partner,"Energy, Industrial & Automotive",5,Liqui Moly,liqui-moly.com,YES,F1 official partner
Motul,McLaren partner,"Energy, Industrial & Automotive",6,Lucas Oil,lucasoil.com,YES,F2/F3 team sponsor
Motul,McLaren partner,"Energy, Industrial & Automotive",7,Gulf Oil,gulfoilltd.com,YES,Williams partner
Motul,McLaren partner,"Energy, Industrial & Automotive",8,Amsoil,amsoil.com,,Synthetic lubricants brand
Motul,McLaren partner,"Energy, Industrial & Automotive",9,Red Line Oil,redlineoil.com,,Performance synthetic oil
Motul,McLaren partner,"Energy, Industrial & Automotive",10,Royal Purple,royalpurple.com,,bp-owned synthetic oil brand
Motul,McLaren partner,"Energy, Industrial & Automotive",11,Fuchs Petrolub,fuchs.com,,Lubricants specialist
Motul,McLaren partner,"Energy, Industrial & Automotive",12,Wynn's,wynns.eu,,Additives/lubricants brand
Motul,McLaren partner,"Energy, Industrial & Automotive",13,Millers Oils,millersoils.co.uk,,UK performance lubricants
Motul,McLaren partner,"Energy, Industrial & Automotive",14,Ravenol,ravenol.de,,German lubricants brand
Motul,McLaren partner,"Energy, Industrial & Automotive",15,Bardahl,bardahl.com,,Additives/lubricants brand
Motul,McLaren partner,"Energy, Industrial & Automotive",16,Ipone,ipone.com,,French moto lubricants brand
Motul,McLaren partner,"Energy, Industrial & Automotive",17,Klotz,klotzlube.com,,US performance lubricants
Motul,McLaren partner,"Energy, Industrial & Automotive",18,ENEOS,eneos.co.jp,,Japanese lubricants co
Motul,McLaren partner,"Energy, Industrial & Automotive",19,Total Quartz,totalenergies.com,,TotalEnergies lubricants line
Motul,McLaren partner,"Energy, Industrial & Automotive",20,Eni,eni.com,YES,Alpine fuel/lube partner
Motul,McLaren partner,"Energy, Industrial & Automotive",21,Repsol Lubricantes,repsol.com,,Spanish lubricants brand
Motul,McLaren partner,"Energy, Industrial & Automotive",22,STP,stp.com,,Additives/oil brand
NexGen,"Aston Martin partner (as listed on 2026 roster) — identified as NexGen Energy Ltd, uranium mining/clean energy","Energy, Industrial & Automotive",1,Cameco,cameco.com,,Major uranium producer
NexGen,"Aston Martin partner (as listed on 2026 roster) — identified as NexGen Energy Ltd, uranium mining/clean energy","Energy, Industrial & Automotive",2,Kazatomprom,kazatomprom.kz,,World's largest uranium producer
NexGen,"Aston Martin partner (as listed on 2026 roster) — identified as NexGen Energy Ltd, uranium mining/clean energy","Energy, Industrial & Automotive",3,Uranium Energy Corp,uraniumenergy.com,,US uranium miner
NexGen,"Aston Martin partner (as listed on 2026 roster) — identified as NexGen Energy Ltd, uranium mining/clean energy","Energy, Industrial & Automotive",4,Denison Mines,denisonmines.com,,Canadian uranium developer
NexGen,"Aston Martin partner (as listed on 2026 roster) — identified as NexGen Energy Ltd, uranium mining/clean energy","Energy, Industrial & Automotive",5,Paladin Energy,paladinenergy.com.au,,Uranium producer
NexGen,"Aston Martin partner (as listed on 2026 roster) — identified as NexGen Energy Ltd, uranium mining/clean energy","Energy, Industrial & Automotive",6,Boss Energy,bossenergy.com,,Uranium producer (Australia)
NexGen,"Aston Martin partner (as listed on 2026 roster) — identified as NexGen Energy Ltd, uranium mining/clean energy","Energy, Industrial & Automotive",7,enCore Energy,encoreuranium.com,,US ISR uranium producer
NexGen,"Aston Martin partner (as listed on 2026 roster) — identified as NexGen Energy Ltd, uranium mining/clean energy","Energy, Industrial & Automotive",8,Ur-Energy,ur-energy.com,,US uranium producer
NexGen,"Aston Martin partner (as listed on 2026 roster) — identified as NexGen Energy Ltd, uranium mining/clean energy","Energy, Industrial & Automotive",9,Energy Fuels,energyfuels.com,,US uranium/rare earths
NexGen,"Aston Martin partner (as listed on 2026 roster) — identified as NexGen Energy Ltd, uranium mining/clean energy","Energy, Industrial & Automotive",10,Global Atomic,globalatomiccorp.com,,Uranium developer (Niger)
NexGen,"Aston Martin partner (as listed on 2026 roster) — identified as NexGen Energy Ltd, uranium mining/clean energy","Energy, Industrial & Automotive",11,Bannerman Energy,bannermanenergy.com,,Uranium developer (Namibia)
NexGen,"Aston Martin partner (as listed on 2026 roster) — identified as NexGen Energy Ltd, uranium mining/clean energy","Energy, Industrial & Automotive",12,Deep Yellow,deepyellow.com.au,,Uranium developer
NexGen,"Aston Martin partner (as listed on 2026 roster) — identified as NexGen Energy Ltd, uranium mining/clean energy","Energy, Industrial & Automotive",13,Peninsula Energy,pel.net.au,,US uranium producer
NexGen,"Aston Martin partner (as listed on 2026 roster) — identified as NexGen Energy Ltd, uranium mining/clean energy","Energy, Industrial & Automotive",14,F3 Uranium,f3uranium.com,,Athabasca Basin explorer
NexGen,"Aston Martin partner (as listed on 2026 roster) — identified as NexGen Energy Ltd, uranium mining/clean energy","Energy, Industrial & Automotive",15,IsoEnergy,isoenergy.ca,,Athabasca Basin explorer
NexGen,"Aston Martin partner (as listed on 2026 roster) — identified as NexGen Energy Ltd, uranium mining/clean energy","Energy, Industrial & Automotive",16,Consolidated Uranium,uraniumco.com,,Uranium developer
NexGen,"Aston Martin partner (as listed on 2026 roster) — identified as NexGen Energy Ltd, uranium mining/clean energy","Energy, Industrial & Automotive",17,Lotus Resources,lotusresources.com.au,,Uranium developer (Malawi)
NexGen,"Aston Martin partner (as listed on 2026 roster) — identified as NexGen Energy Ltd, uranium mining/clean energy","Energy, Industrial & Automotive",18,Forsys Metals,forsysmetals.com,,Uranium developer (Namibia)
NGK Spark Plugs (Niterra),Ferrari partner,"Energy, Industrial & Automotive",1,Denso,denso.com,,Spark plugs/ignition components
NGK Spark Plugs (Niterra),Ferrari partner,"Energy, Industrial & Automotive",2,Bosch,bosch.com,,Spark plugs/ignition components
NGK Spark Plugs (Niterra),Ferrari partner,"Energy, Industrial & Automotive",3,Champion (Federal-Mogul/Tenneco),championautoparts.com,,Spark plugs brand
NGK Spark Plugs (Niterra),Ferrari partner,"Energy, Industrial & Automotive",4,Autolite,autolite.com,,Spark plugs brand
NGK Spark Plugs (Niterra),Ferrari partner,"Energy, Industrial & Automotive",5,Brisk Racing,brisk-racing.com,,Performance spark plugs
NGK Spark Plugs (Niterra),Ferrari partner,"Energy, Industrial & Automotive",6,E3 Spark Plugs,e3sparkplugs.com,,Performance spark plugs
NGK Spark Plugs (Niterra),Ferrari partner,"Energy, Industrial & Automotive",7,ACDelco (GM),acdelco.com,,OEM spark plugs/parts brand
NGK Spark Plugs (Niterra),Ferrari partner,"Energy, Industrial & Automotive",8,Beru (BorgWarner),borgwarner.com,,Ignition components brand
NGK Spark Plugs (Niterra),Ferrari partner,"Energy, Industrial & Automotive",9,Motorcraft (Ford),motorcraft.com,YES,Ford OEM parts brand
Nouryon,Racing Bulls partner,"Energy, Industrial & Automotive",1,BASF,basf.com,YES,Audi F1 partner (via Glasurit)
Nouryon,Racing Bulls partner,"Energy, Industrial & Automotive",2,Dow,dow.com,,US petrochemicals major
Nouryon,Racing Bulls partner,"Energy, Industrial & Automotive",3,Evonik,evonik.com,,Specialty chemicals
Nouryon,Racing Bulls partner,"Energy, Industrial & Automotive",4,Solvay,solvay.com,,Specialty chemicals
Nouryon,Racing Bulls partner,"Energy, Industrial & Automotive",5,Clariant,clariant.com,,Specialty chemicals
Nouryon,Racing Bulls partner,"Energy, Industrial & Automotive",6,Wacker Chemie,wacker.com,,Silicones/polymers
Nouryon,Racing Bulls partner,"Energy, Industrial & Automotive",7,Lanxess,lanxess.com,,Specialty chemicals
Nouryon,Racing Bulls partner,"Energy, Industrial & Automotive",8,Huntsman,huntsman.com,,Specialty chemicals
Nouryon,Racing Bulls partner,"Energy, Industrial & Automotive",9,Croda International,croda.com,,Specialty/performance chemicals
Nouryon,Racing Bulls partner,"Energy, Industrial & Automotive",10,Stepan Company,stepan.com,,Surfactants/specialty chemicals
Nouryon,Racing Bulls partner,"Energy, Industrial & Automotive",11,Ashland,ashland.com,,Specialty additives/chemicals
Nouryon,Racing Bulls partner,"Energy, Industrial & Automotive",12,Innospec,innospecinc.com,,Specialty chemicals
Nouryon,Racing Bulls partner,"Energy, Industrial & Automotive",13,Kemira,kemira.com,,Process/water chemicals
Nouryon,Racing Bulls partner,"Energy, Industrial & Automotive",14,Arkema,arkema.com,,Specialty chemicals
Nouryon,Racing Bulls partner,"Energy, Industrial & Automotive",15,Eastman Chemical,eastman.com,,Specialty chemicals
Nouryon,Racing Bulls partner,"Energy, Industrial & Automotive",16,Chemours,chemours.com,,Specialty chemicals
Nouryon,Racing Bulls partner,"Energy, Industrial & Automotive",17,DuPont,dupont.com,,Materials/specialty chemicals
Nouryon,Racing Bulls partner,"Energy, Industrial & Automotive",18,LyondellBasell,lyondellbasell.com,,Polyolefins major
Nouryon,Racing Bulls partner,"Energy, Industrial & Automotive",19,INEOS,ineos.com,YES,Mercedes principal partner
Nouryon,Racing Bulls partner,"Energy, Industrial & Automotive",20,Cabot Corporation,cabotcorp.com,,Specialty chemicals/carbon black
Ohlins,Ferrari partner,"Energy, Industrial & Automotive",1,Bilstein (ZF),bilstein.com,,Performance suspension/dampers
Ohlins,Ferrari partner,"Energy, Industrial & Automotive",2,KW Automotive,kwsuspensions.com,,Performance suspension
Ohlins,Ferrari partner,"Energy, Industrial & Automotive",3,WP Suspension,wp-suspension.com,,Motorsport suspension (Pierer Mobility)
Ohlins,Ferrari partner,"Energy, Industrial & Automotive",4,Reiger Suspension Engineering,reiger.nl,,Motorsport dampers
Ohlins,Ferrari partner,"Energy, Industrial & Automotive",5,Fox Factory,ridefox.com,,Performance suspension/dampers
Ohlins,Ferrari partner,"Energy, Industrial & Automotive",6,Sachs (ZF),zf.com,,Suspension/damper systems
Ohlins,Ferrari partner,"Energy, Industrial & Automotive",7,Penske Racing Shocks,penskeshocks.com,,Motorsport dampers
Ohlins,Ferrari partner,"Energy, Industrial & Automotive",8,Multimatic,multimatic.com,,Motorsport dampers (DSSV)
Ohlins,Ferrari partner,"Energy, Industrial & Automotive",9,Koni,koni.com,,Performance dampers
Ohlins,Ferrari partner,"Energy, Industrial & Automotive",10,JRZ Suspension Engineering,jrzsuspension.com,,Motorsport dampers
Petronas,Mercedes title partner,"Energy, Industrial & Automotive",1,Saudi Aramco,aramco.com,YES,F1 global/Aston Martin partner
Petronas,Mercedes title partner,"Energy, Industrial & Automotive",2,Shell,shell.com,YES,Ferrari partner
Petronas,Mercedes title partner,"Energy, Industrial & Automotive",3,bp,bp.com,YES,Audi F1 partner
Petronas,Mercedes title partner,"Energy, Industrial & Automotive",4,ExxonMobil,exxonmobil.com,YES,RBR partner
Petronas,Mercedes title partner,"Energy, Industrial & Automotive",5,Chevron,chevron.com,,US oil major
Petronas,Mercedes title partner,"Energy, Industrial & Automotive",6,TotalEnergies,totalenergies.com,,French oil major
Petronas,Mercedes title partner,"Energy, Industrial & Automotive",7,Eni,eni.com,YES,Alpine fuel partner
Petronas,Mercedes title partner,"Energy, Industrial & Automotive",8,ConocoPhillips,conocophillips.com,,US E&P major
Petronas,Mercedes title partner,"Energy, Industrial & Automotive",9,PetroChina,petrochina.com.cn,,China NOC
Petronas,Mercedes title partner,"Energy, Industrial & Automotive",10,Sinopec,sinopec.com,,China NOC
Petronas,Mercedes title partner,"Energy, Industrial & Automotive",11,CNOOC,cnoocltd.com,,China offshore NOC
Petronas,Mercedes title partner,"Energy, Industrial & Automotive",12,Equinor,equinor.com,,Norwegian NOC
Petronas,Mercedes title partner,"Energy, Industrial & Automotive",13,Repsol,repsol.com,,Spanish energy major
Petronas,Mercedes title partner,"Energy, Industrial & Automotive",14,OMV,omv.com,,Austrian energy major
Petronas,Mercedes title partner,"Energy, Industrial & Automotive",15,ADNOC,adnoc.ae,,UAE NOC
Petronas,Mercedes title partner,"Energy, Industrial & Automotive",16,QatarEnergy,qatarenergy.qa,,Qatari NOC
Petronas,Mercedes title partner,"Energy, Industrial & Automotive",17,Pemex,pemex.com,,Mexican NOC
Petronas,Mercedes title partner,"Energy, Industrial & Automotive",18,Petrobras,petrobras.com.br,,Brazilian NOC
Petronas,Mercedes title partner,"Energy, Industrial & Automotive",19,PTT,pttplc.com,,Thai NOC
Petronas,Mercedes title partner,"Energy, Industrial & Automotive",20,Reliance Industries,ril.com,,Indian refining conglomerate
Petronas,Mercedes title partner,"Energy, Industrial & Automotive",21,Indian Oil Corporation,iocl.com,,Indian state oil co
Petronas,Mercedes title partner,"Energy, Industrial & Automotive",22,Fuchs Petrolub,fuchs.com,,Lubricants specialist
Petronas,Mercedes title partner,"Energy, Industrial & Automotive",23,Idemitsu,idemitsu.com,,Japanese energy/lubricants co
Petronas,Mercedes title partner,"Energy, Industrial & Automotive",24,ENEOS,eneos.co.jp,,Japanese energy/lubricants co
Petronas,Mercedes title partner,"Energy, Industrial & Automotive",25,Castrol,castrol.com,YES,Audi F1 lubricants partner
Philips,Red Bull Racing partner,"Energy, Industrial & Automotive",1,Siemens Healthineers,siemens-healthineers.com,YES,Siemens medical imaging arm
Philips,Red Bull Racing partner,"Energy, Industrial & Automotive",2,GE HealthCare,gehealthcare.com,,Medical devices/imaging major
Philips,Red Bull Racing partner,"Energy, Industrial & Automotive",3,Medtronic,medtronic.com,,Medical devices major
Philips,Red Bull Racing partner,"Energy, Industrial & Automotive",4,Canon Medical Systems,canon.com,,Medical imaging
Philips,Red Bull Racing partner,"Energy, Industrial & Automotive",5,Samsung Electronics,samsung.com,,Consumer electronics/health tech
Philips,Red Bull Racing partner,"Energy, Industrial & Automotive",6,LG Electronics,lg.com,,Consumer electronics
Philips,Red Bull Racing partner,"Energy, Industrial & Automotive",7,Panasonic,panasonic.com,,Consumer/industrial electronics
Philips,Red Bull Racing partner,"Energy, Industrial & Automotive",8,Sony,sony.com,,Consumer electronics
Philips,Red Bull Racing partner,"Energy, Industrial & Automotive",9,Bosch (BSH Hausgeräte),bosch.com,,Home appliances/electronics
Philips,Red Bull Racing partner,"Energy, Industrial & Automotive",10,Braun (P&G),braun.com,,Personal care electronics
Philips,Red Bull Racing partner,"Energy, Industrial & Automotive",11,Dyson,dyson.com,,Consumer/personal care electronics
Philips,Red Bull Racing partner,"Energy, Industrial & Automotive",12,SharkNinja,sharkninja.com,,Home/personal appliances
Philips,Red Bull Racing partner,"Energy, Industrial & Automotive",13,Xiaomi,mi.com,,Consumer electronics
Philips,Red Bull Racing partner,"Energy, Industrial & Automotive",14,Beurer,beurer.com,,Personal health devices
Philips,Red Bull Racing partner,"Energy, Industrial & Automotive",15,Omron Healthcare,omronhealthcare.com,,Personal health devices
Philips,Red Bull Racing partner,"Energy, Industrial & Automotive",16,ResMed,resmed.com,,Sleep/respiratory health tech
Philips,Red Bull Racing partner,"Energy, Industrial & Automotive",17,Garmin,garmin.com,,Wearables/health tech
Philips,Red Bull Racing partner,"Energy, Industrial & Automotive",18,Withings,withings.com,,Connected health devices
Philips,Red Bull Racing partner,"Energy, Industrial & Automotive",19,Electrolux,electroluxgroup.com,,Home appliances
Philips,Red Bull Racing partner,"Energy, Industrial & Automotive",20,De'Longhi,delonghigroup.com,,Home appliances
PWR,Red Bull Racing partner,"Energy, Industrial & Automotive",1,Mishimoto,mishimoto.com,,Performance cooling systems
PWR,Red Bull Racing partner,"Energy, Industrial & Automotive",2,CSF Radiators,csfrace.com,,Performance/racing radiators
PWR,Red Bull Racing partner,"Energy, Industrial & Automotive",3,Setrab,setrab.se,,Motorsport oil coolers
PWR,Red Bull Racing partner,"Energy, Industrial & Automotive",4,C&R Racing,crracing.com,,Motorsport cooling systems
PWR,Red Bull Racing partner,"Energy, Industrial & Automotive",5,Koyo Radiators,koyorad.com,,Performance radiators
PWR,Red Bull Racing partner,"Energy, Industrial & Automotive",6,AFCO Racing Products,afcoracing.com,,Motorsport cooling/suspension
PWR,Red Bull Racing partner,"Energy, Industrial & Automotive",7,Griffin Thermal Products,griffinrad.com,,Performance radiators
PWR,Red Bull Racing partner,"Energy, Industrial & Automotive",8,Laminova,laminova.se,,Heat exchanger manufacturer
Schneider Electric,McLaren partner,"Energy, Industrial & Automotive",1,Siemens,siemens.com,YES,RBR/Racing Bulls partner
Schneider Electric,McLaren partner,"Energy, Industrial & Automotive",2,ABB,abb.com,,Industrial automation/electrification
Schneider Electric,McLaren partner,"Energy, Industrial & Automotive",3,Eaton,eaton.com,,Power management/electrical
Schneider Electric,McLaren partner,"Energy, Industrial & Automotive",4,Legrand,legrand.com,,Electrical/digital infrastructure
Schneider Electric,McLaren partner,"Energy, Industrial & Automotive",5,Honeywell,honeywell.com,,Industrial/building automation
Schneider Electric,McLaren partner,"Energy, Industrial & Automotive",6,Rockwell Automation,rockwellautomation.com,,Industrial automation
Schneider Electric,McLaren partner,"Energy, Industrial & Automotive",7,Mitsubishi Electric,mitsubishielectric.com,,Industrial automation/electrical
Schneider Electric,McLaren partner,"Energy, Industrial & Automotive",8,Emerson Electric,emerson.com,,Industrial automation
Schneider Electric,McLaren partner,"Energy, Industrial & Automotive",9,GE Vernova,gevernova.com,,Power/grid equipment
Schneider Electric,McLaren partner,"Energy, Industrial & Automotive",10,Hitachi Energy,hitachienergy.com,,Power grid technology
Schneider Electric,McLaren partner,"Energy, Industrial & Automotive",11,Vertiv,vertiv.com,,Critical digital infrastructure/data center power
Schneider Electric,McLaren partner,"Energy, Industrial & Automotive",12,Delta Electronics,deltaww.com,,Power/automation electronics
Schneider Electric,McLaren partner,"Energy, Industrial & Automotive",13,Fuji Electric,fujielectric.com,,Industrial electrical equipment
Schneider Electric,McLaren partner,"Energy, Industrial & Automotive",14,Yokogawa,yokogawa.com,,Industrial control/instrumentation
Schneider Electric,McLaren partner,"Energy, Industrial & Automotive",15,Rittal (Friedhelm Loh Group),rittal.com,,Enclosures/electrical infrastructure
Schuberth,Haas partner,"Energy, Industrial & Automotive",1,Bell Racing,bellracing.com,YES,Ferrari/Audi helmet partner
Schuberth,Haas partner,"Energy, Industrial & Automotive",2,Arai Helmet,araiamericas.com,,Premium helmet maker
Schuberth,Haas partner,"Energy, Industrial & Automotive",3,Shoei,shoei.com,,Premium helmet maker
Schuberth,Haas partner,"Energy, Industrial & Automotive",4,Stilo,stilo.it,,Motorsport helmets
Schuberth,Haas partner,"Energy, Industrial & Automotive",5,HJC Helmets,hjchelmets.com,,Helmet manufacturer
Schuberth,Haas partner,"Energy, Industrial & Automotive",6,AGV,agv.com,,Helmet manufacturer
Schuberth,Haas partner,"Energy, Industrial & Automotive",7,Simpson Race Products,simpsonraceproducts.com,,Motorsport safety helmets
Schuberth,Haas partner,"Energy, Industrial & Automotive",8,X-lite (Nolan Group),x-lite.com,,Premium moto helmet brand
Schuberth,Haas partner,"Energy, Industrial & Automotive",9,Nolan Helmets,nolan.it,,Helmet manufacturer
Schuberth,Haas partner,"Energy, Industrial & Automotive",10,RaceQuip,racequip.com,,Budget motorsport safety gear
Shell,Ferrari fuel/lubricants partner,"Energy, Industrial & Automotive",1,bp,bp.com,YES,Audi F1 partner
Shell,Ferrari fuel/lubricants partner,"Energy, Industrial & Automotive",2,TotalEnergies,totalenergies.com,,French oil major
Shell,Ferrari fuel/lubricants partner,"Energy, Industrial & Automotive",3,ExxonMobil,exxonmobil.com,YES,RBR partner
Shell,Ferrari fuel/lubricants partner,"Energy, Industrial & Automotive",4,Chevron,chevron.com,,US oil major
Shell,Ferrari fuel/lubricants partner,"Energy, Industrial & Automotive",5,Saudi Aramco,aramco.com,YES,F1 global/Aston Martin partner
Shell,Ferrari fuel/lubricants partner,"Energy, Industrial & Automotive",6,Eni,eni.com,YES,Alpine fuel partner
Shell,Ferrari fuel/lubricants partner,"Energy, Industrial & Automotive",7,ConocoPhillips,conocophillips.com,,US E&P major
Shell,Ferrari fuel/lubricants partner,"Energy, Industrial & Automotive",8,Equinor,equinor.com,,Norwegian NOC
Shell,Ferrari fuel/lubricants partner,"Energy, Industrial & Automotive",9,Repsol,repsol.com,,Spanish energy major
Shell,Ferrari fuel/lubricants partner,"Energy, Industrial & Automotive",10,OMV,omv.com,,Austrian energy major
Shell,Ferrari fuel/lubricants partner,"Energy, Industrial & Automotive",11,Petronas,petronas.com,YES,Mercedes title partner
Shell,Ferrari fuel/lubricants partner,"Energy, Industrial & Automotive",12,PetroChina,petrochina.com.cn,,China NOC
Shell,Ferrari fuel/lubricants partner,"Energy, Industrial & Automotive",13,Sinopec,sinopec.com,,China NOC
Shell,Ferrari fuel/lubricants partner,"Energy, Industrial & Automotive",14,Phillips 66,phillips66.com,,US refiner/marketer
Shell,Ferrari fuel/lubricants partner,"Energy, Industrial & Automotive",15,Valero Energy,valero.com,,US refiner
Shell,Ferrari fuel/lubricants partner,"Energy, Industrial & Automotive",16,Marathon Petroleum,marathonpetroleum.com,,US refiner
Shell,Ferrari fuel/lubricants partner,"Energy, Industrial & Automotive",17,Woodside Energy,woodside.com,,Australian E&P
Shell,Ferrari fuel/lubricants partner,"Energy, Industrial & Automotive",18,Lukoil,lukoil.com,,Russian oil major
Shell,Ferrari fuel/lubricants partner,"Energy, Industrial & Automotive",19,QatarEnergy,qatarenergy.qa,,Qatari NOC
Shell,Ferrari fuel/lubricants partner,"Energy, Industrial & Automotive",20,ADNOC,adnoc.ae,,UAE NOC
Shell,Ferrari fuel/lubricants partner,"Energy, Industrial & Automotive",21,PTT,pttplc.com,,Thai NOC
Shell,Ferrari fuel/lubricants partner,"Energy, Industrial & Automotive",22,Reliance Industries,ril.com,,Indian refining conglomerate
Shell,Ferrari fuel/lubricants partner,"Energy, Industrial & Automotive",23,Mobil 1,mobil.com,YES,RBR lubricants partner
Shell,Ferrari fuel/lubricants partner,"Energy, Industrial & Automotive",24,Castrol,castrol.com,YES,Audi F1 lubricants partner
Shell,Ferrari fuel/lubricants partner,"Energy, Industrial & Automotive",25,Valvoline,valvolineglobal.com,YES,Aston Martin lubricants partner
Shell,Ferrari fuel/lubricants partner,"Energy, Industrial & Automotive",26,Motul,motul.com,YES,McLaren lubricants partner
Shell,Ferrari fuel/lubricants partner,"Energy, Industrial & Automotive",27,Liqui Moly,liqui-moly.com,YES,F1 official partner
Shell,Ferrari fuel/lubricants partner,"Energy, Industrial & Automotive",28,Gulf Oil,gulfoilltd.com,YES,Williams lubricants partner
Sherwin-Williams,Mercedes partner,"Energy, Industrial & Automotive",1,PPG Industries,ppg.com,,Global paints/coatings major
Sherwin-Williams,Mercedes partner,"Energy, Industrial & Automotive",2,AkzoNobel,akzonobel.com,YES,McLaren paint partner
Sherwin-Williams,Mercedes partner,"Energy, Industrial & Automotive",3,Axalta Coating Systems,axalta.com,,Coatings/automotive refinish
Sherwin-Williams,Mercedes partner,"Energy, Industrial & Automotive",4,RPM International,rpminc.com,,Specialty coatings conglomerate
Sherwin-Williams,Mercedes partner,"Energy, Industrial & Automotive",5,Nippon Paint Holdings,nipponpaint-holdings.com,,Asian paints major
Sherwin-Williams,Mercedes partner,"Energy, Industrial & Automotive",6,Kansai Paint,kansai.co.jp,,Japanese paints major
Sherwin-Williams,Mercedes partner,"Energy, Industrial & Automotive",7,Benjamin Moore,benjaminmoore.com,,US premium paint brand
Sherwin-Williams,Mercedes partner,"Energy, Industrial & Automotive",8,Behr (Masco),behr.com,,US retail paint brand
Sherwin-Williams,Mercedes partner,"Energy, Industrial & Automotive",9,Jotun,jotun.com,,Marine/protective coatings
Sherwin-Williams,Mercedes partner,"Energy, Industrial & Automotive",10,Hempel,hempel.com,,Marine/protective coatings
Sherwin-Williams,Mercedes partner,"Energy, Industrial & Automotive",11,Asian Paints,asianpaints.com,,Indian paints major
Sherwin-Williams,Mercedes partner,"Energy, Industrial & Automotive",12,Berger Paints,bergerpaints.com,,South Asian paints major
Sherwin-Williams,Mercedes partner,"Energy, Industrial & Automotive",13,KCC Corporation,kccworld.co.kr,,Korean paints/materials major
Sherwin-Williams,Mercedes partner,"Energy, Industrial & Automotive",14,BASF Coatings,basf.com,YES,Audi F1 partner (Glasurit)
Sherwin-Williams,Mercedes partner,"Energy, Industrial & Automotive",15,Diamond Vogel,diamondvogel.com,,US paint manufacturer
Sherwin-Williams,Mercedes partner,"Energy, Industrial & Automotive",16,Dulux (AkzoNobel),dulux.com,YES,AkzoNobel consumer paint brand
Sherwin-Williams,Mercedes partner,"Energy, Industrial & Automotive",17,Farrow & Ball,farrow-ball.com,,UK premium paint brand
Sherwin-Williams,Mercedes partner,"Energy, Industrial & Automotive",18,Dunn-Edwards,dunnedwards.com,,US regional paint manufacturer
Sherwin-Williams,Mercedes partner,"Energy, Industrial & Automotive",19,PPG Comex,comex.com.mx,,Latin American paint brand
Sherwin-Williams,Mercedes partner,"Energy, Industrial & Automotive",20,Glidden (PPG),glidden.com,,US retail paint brand
Siemens,Red Bull Racing partner; Racing Bulls partner,"Energy, Industrial & Automotive",1,ABB,abb.com,,Industrial automation/electrification
Siemens,Red Bull Racing partner; Racing Bulls partner,"Energy, Industrial & Automotive",2,Schneider Electric,se.com,YES,McLaren partner
Siemens,Red Bull Racing partner; Racing Bulls partner,"Energy, Industrial & Automotive",3,Rockwell Automation,rockwellautomation.com,,Industrial automation
Siemens,Red Bull Racing partner; Racing Bulls partner,"Energy, Industrial & Automotive",4,Honeywell,honeywell.com,,Industrial/building automation
Siemens,Red Bull Racing partner; Racing Bulls partner,"Energy, Industrial & Automotive",5,Mitsubishi Electric,mitsubishielectric.com,,Industrial automation/electrical
Siemens,Red Bull Racing partner; Racing Bulls partner,"Energy, Industrial & Automotive",6,Emerson Electric,emerson.com,,Industrial automation
Siemens,Red Bull Racing partner; Racing Bulls partner,"Energy, Industrial & Automotive",7,GE Vernova,gevernova.com,,Power/grid equipment
Siemens,Red Bull Racing partner; Racing Bulls partner,"Energy, Industrial & Automotive",8,Eaton,eaton.com,,Power management/electrical
Siemens,Red Bull Racing partner; Racing Bulls partner,"Energy, Industrial & Automotive",9,Legrand,legrand.com,,Electrical/digital infrastructure
Siemens,Red Bull Racing partner; Racing Bulls partner,"Energy, Industrial & Automotive",10,Hitachi Energy,hitachienergy.com,,Power grid technology
Siemens,Red Bull Racing partner; Racing Bulls partner,"Energy, Industrial & Automotive",11,Bosch Rexroth,boschrexroth.com,,Industrial drive/automation
Siemens,Red Bull Racing partner; Racing Bulls partner,"Energy, Industrial & Automotive",12,Yokogawa,yokogawa.com,,Industrial control/instrumentation
Siemens,Red Bull Racing partner; Racing Bulls partner,"Energy, Industrial & Automotive",13,Fuji Electric,fujielectric.com,,Industrial electrical equipment
Siemens,Red Bull Racing partner; Racing Bulls partner,"Energy, Industrial & Automotive",14,Delta Electronics,deltaww.com,,Power/automation electronics
Siemens,Red Bull Racing partner; Racing Bulls partner,"Energy, Industrial & Automotive",15,Dassault Systèmes,3ds.com,,PLM/engineering software
Siemens,Red Bull Racing partner; Racing Bulls partner,"Energy, Industrial & Automotive",16,PTC,ptc.com,,PLM/CAD software
Siemens,Red Bull Racing partner; Racing Bulls partner,"Energy, Industrial & Automotive",17,Autodesk,autodesk.com,,Design/engineering software
Siemens,Red Bull Racing partner; Racing Bulls partner,"Energy, Industrial & Automotive",18,Hexagon AB,hexagon.com,YES,RBR partner (metrology/software)
Siemens,Red Bull Racing partner; Racing Bulls partner,"Energy, Industrial & Automotive",19,ANSYS (Synopsys),ansys.com,YES,RBR simulation software partner
Siemens,Red Bull Racing partner; Racing Bulls partner,"Energy, Industrial & Automotive",20,Vertiv,vertiv.com,,Critical digital infrastructure
Signify,Mercedes partner,"Energy, Industrial & Automotive",1,OSRAM,osram.com,,Global lighting/optoelectronics major
Signify,Mercedes partner,"Energy, Industrial & Automotive",2,Zumtobel Group,zumtobelgroup.com,,Professional lighting
Signify,Mercedes partner,"Energy, Industrial & Automotive",3,Acuity Brands,acuitybrands.com,,US commercial lighting major
Signify,Mercedes partner,"Energy, Industrial & Automotive",4,Eaton (Cooper Lighting Solutions),eaton.com,,Commercial lighting
Signify,Mercedes partner,"Energy, Industrial & Automotive",5,Legrand,legrand.com,,Electrical/lighting infrastructure
Signify,Mercedes partner,"Energy, Industrial & Automotive",6,LEDVANCE,ledvance.com,,LED lighting (ex-Osram GLS)
Signify,Mercedes partner,"Energy, Industrial & Automotive",7,GE Current,gecurrent.com,,Commercial LED lighting
Signify,Mercedes partner,"Energy, Industrial & Automotive",8,Wipro Lighting,wiprolighting.com,,Indian lighting major
Signify,Mercedes partner,"Energy, Industrial & Automotive",9,Havells,havells.com,,Indian electrical/lighting major
Signify,Mercedes partner,"Energy, Industrial & Automotive",10,Hubbell Lighting,hubbell.com,,US lighting manufacturer
Signify,Mercedes partner,"Energy, Industrial & Automotive",11,Fagerhult,fagerhultgroup.com,,Nordic professional lighting
Signify,Mercedes partner,"Energy, Industrial & Automotive",12,Cree Lighting (IDEAL),creelighting.com,,LED lighting manufacturer
Signify,Mercedes partner,"Energy, Industrial & Automotive",13,Panasonic Lighting,panasonic.com,,Consumer/commercial lighting
Signify,Mercedes partner,"Energy, Industrial & Automotive",14,Toshiba Lighting,toshiba-lighting.co.jp,,Commercial lighting
Signify,Mercedes partner,"Energy, Industrial & Automotive",15,Schréder,schreder.com,,Outdoor/public lighting
SKF,Ferrari partner,"Energy, Industrial & Automotive",1,Schaeffler (FAG/INA),schaeffler.com,,Bearings/driveline major
SKF,Ferrari partner,"Energy, Industrial & Automotive",2,NTN Corporation,ntnglobal.com,,Japanese bearings major
SKF,Ferrari partner,"Energy, Industrial & Automotive",3,NSK Ltd,nsk.com,,Japanese bearings major
SKF,Ferrari partner,"Energy, Industrial & Automotive",4,Timken Company,timken.com,,US bearings/power transmission
SKF,Ferrari partner,"Energy, Industrial & Automotive",5,JTEKT Corporation,jtekt.co.jp,,Japanese bearings/steering
SKF,Ferrari partner,"Energy, Industrial & Automotive",6,NACHI-FUJIKOSHI,nachi-fujikoshi.co.jp,,Japanese bearings/machine tools
SKF,Ferrari partner,"Energy, Industrial & Automotive",7,Minebea Mitsumi,minebeamitsumi.com,,Precision bearings/components
SKF,Ferrari partner,"Energy, Industrial & Automotive",8,RBC Bearings,rbcbearings.com,,Precision/aerospace bearings
Sparco,Red Bull Racing partner; Williams partner,"Energy, Industrial & Automotive",1,Alpinestars,alpinestars.com,YES,McLaren/Alpine/Haas/Cadillac racewear partner
Sparco,Red Bull Racing partner; Williams partner,"Energy, Industrial & Automotive",2,OMP Racing,omp.it,,Motorsport racewear
Sparco,Red Bull Racing partner; Williams partner,"Energy, Industrial & Automotive",3,Stand21,stand21.com,,Motorsport racewear/safety
Sparco,Red Bull Racing partner; Williams partner,"Energy, Industrial & Automotive",4,Puma Motorsport,puma.com,YES,F1 official apparel provider
Sparco,Red Bull Racing partner; Williams partner,"Energy, Industrial & Automotive",5,Bell Racing,bellracing.com,YES,Ferrari/Audi helmet partner
Sparco,Red Bull Racing partner; Williams partner,"Energy, Industrial & Automotive",6,Schuberth,schuberth.com,YES,Haas helmet partner
Sparco,Red Bull Racing partner; Williams partner,"Energy, Industrial & Automotive",7,Arai Helmet,araiamericas.com,,Premium helmet maker
Sparco,Red Bull Racing partner; Williams partner,"Energy, Industrial & Automotive",8,Shoei,shoei.com,,Premium helmet maker
Sparco,Red Bull Racing partner; Williams partner,"Energy, Industrial & Automotive",9,Stilo,stilo.it,,Motorsport helmets/gear
Sparco,Red Bull Racing partner; Williams partner,"Energy, Industrial & Automotive",10,HJC Helmets,hjchelmets.com,,Helmet manufacturer
Sparco,Red Bull Racing partner; Williams partner,"Energy, Industrial & Automotive",11,AGV,agv.com,,Helmet manufacturer
Sparco,Red Bull Racing partner; Williams partner,"Energy, Industrial & Automotive",12,Simpson Race Products,simpsonraceproducts.com,,Motorsport safety gear
Sparco,Red Bull Racing partner; Williams partner,"Energy, Industrial & Automotive",13,Sabelt,sabelt.com,YES,Ferrari/Audi safety gear partner
Sparco,Red Bull Racing partner; Williams partner,"Energy, Industrial & Automotive",14,RECARO,recaro-automotive.com,,Motorsport seats/gear
Sparco,Red Bull Racing partner; Williams partner,"Energy, Industrial & Automotive",15,Momo,momo.it,,Motorsport steering wheels/gear
Tenneco,Cadillac partner,"Energy, Industrial & Automotive",1,Mahle,mahle.com,,Powertrain/thermal components major
Tenneco,Cadillac partner,"Energy, Industrial & Automotive",2,ZF Friedrichshafen,zf.com,,Chassis/driveline systems major
Tenneco,Cadillac partner,"Energy, Industrial & Automotive",3,Forvia (Faurecia),forvia.com,,Automotive systems supplier
Tenneco,Cadillac partner,"Energy, Industrial & Automotive",4,BorgWarner,borgwarner.com,,Powertrain components major
Tenneco,Cadillac partner,"Energy, Industrial & Automotive",5,Delphi (PHINIA),delphiautoparts.com,YES,Alpine partner
Tenneco,Cadillac partner,"Energy, Industrial & Automotive",6,Eberspächer,eberspaecher.com,,Exhaust/emissions systems
Tenneco,Cadillac partner,"Energy, Industrial & Automotive",7,Bosal,bosal.com,,Exhaust/suspension systems
Tenneco,Cadillac partner,"Energy, Industrial & Automotive",8,Continental,continental.com,,Automotive components major
Tenneco,Cadillac partner,"Energy, Industrial & Automotive",9,Valeo,valeo.com,,Automotive systems supplier
Tenneco,Cadillac partner,"Energy, Industrial & Automotive",10,Hitachi Astemo,hitachiastemo.com,,Chassis/powertrain systems
Tenneco,Cadillac partner,"Energy, Industrial & Automotive",11,Marelli,marelli.com,,Automotive components supplier
Tenneco,Cadillac partner,"Energy, Industrial & Automotive",12,Akebono,akebono-brake.com,,Brake components
Toyota Gazoo Racing (Toyota),Haas title/technical partner,"Energy, Industrial & Automotive",1,Honda,honda.com,YES,Aston Martin power unit partner
Toyota Gazoo Racing (Toyota),Haas title/technical partner,"Energy, Industrial & Automotive",2,Ford,ford.com,YES,RBR/Racing Bulls power unit partner
Toyota Gazoo Racing (Toyota),Haas title/technical partner,"Energy, Industrial & Automotive",3,General Motors / Cadillac,gm.com,YES,Cadillac F1 works team owner
Toyota Gazoo Racing (Toyota),Haas title/technical partner,"Energy, Industrial & Automotive",4,Nissan,nissan-global.com,,Mass-market automaker
Toyota Gazoo Racing (Toyota),Haas title/technical partner,"Energy, Industrial & Automotive",5,Hyundai Motor Group,hyundai.com,,Mass-market automaker (WRC rival)
Toyota Gazoo Racing (Toyota),Haas title/technical partner,"Energy, Industrial & Automotive",6,Volkswagen Group,volkswagenag.com,YES,Parent of Audi F1 works team
Toyota Gazoo Racing (Toyota),Haas title/technical partner,"Energy, Industrial & Automotive",7,BMW Group,bmwgroup.com,,Luxury/performance automaker
Toyota Gazoo Racing (Toyota),Haas title/technical partner,"Energy, Industrial & Automotive",8,Mercedes-Benz,mercedes-benz.com,,Automaker/F1 works team manufacturer
Toyota Gazoo Racing (Toyota),Haas title/technical partner,"Energy, Industrial & Automotive",9,Renault Group,renaultgroup.com,YES,Alpine F1 works team owner
Toyota Gazoo Racing (Toyota),Haas title/technical partner,"Energy, Industrial & Automotive",10,Audi,audi.com,YES,Audi F1 works team
Toyota Gazoo Racing (Toyota),Haas title/technical partner,"Energy, Industrial & Automotive",11,Suzuki,globalsuzuki.com,,Mass-market automaker
Toyota Gazoo Racing (Toyota),Haas title/technical partner,"Energy, Industrial & Automotive",12,Mazda,mazda.com,,Mass-market automaker
Toyota Gazoo Racing (Toyota),Haas title/technical partner,"Energy, Industrial & Automotive",13,Subaru,subaru.co.jp,,Mass-market automaker
Toyota Gazoo Racing (Toyota),Haas title/technical partner,"Energy, Industrial & Automotive",14,Mitsubishi Motors,mitsubishi-motors.com,,Mass-market automaker
Toyota Gazoo Racing (Toyota),Haas title/technical partner,"Energy, Industrial & Automotive",15,Tesla,tesla.com,,EV automaker
Toyota Gazoo Racing (Toyota),Haas title/technical partner,"Energy, Industrial & Automotive",16,Stellantis,stellantis.com,,Multi-brand automaker
Toyota Gazoo Racing (Toyota),Haas title/technical partner,"Energy, Industrial & Automotive",17,BYD,byd.com,,Chinese EV automaker
Toyota Gazoo Racing (Toyota),Haas title/technical partner,"Energy, Industrial & Automotive",18,Geely,geelyauto.com,,Chinese automaker group
Valvoline (Aramco),Aston Martin partner,"Energy, Industrial & Automotive",1,Castrol,castrol.com,YES,Audi F1 lubricants partner
Valvoline (Aramco),Aston Martin partner,"Energy, Industrial & Automotive",2,Mobil 1,mobil.com,YES,RBR lubricants partner
Valvoline (Aramco),Aston Martin partner,"Energy, Industrial & Automotive",3,Shell,shell.com,YES,Ferrari lubricants partner
Valvoline (Aramco),Aston Martin partner,"Energy, Industrial & Automotive",4,Motul,motul.com,YES,McLaren partner
Valvoline (Aramco),Aston Martin partner,"Energy, Industrial & Automotive",5,Liqui Moly,liqui-moly.com,YES,F1 official partner
Valvoline (Aramco),Aston Martin partner,"Energy, Industrial & Automotive",6,Lucas Oil,lucasoil.com,YES,F2/F3 team sponsor
Valvoline (Aramco),Aston Martin partner,"Energy, Industrial & Automotive",7,Gulf Oil,gulfoilltd.com,YES,Williams partner
Valvoline (Aramco),Aston Martin partner,"Energy, Industrial & Automotive",8,Pennzoil,pennzoil.com,,Shell-owned oil brand
Valvoline (Aramco),Aston Martin partner,"Energy, Industrial & Automotive",9,Quaker State,quakerstate.com,,Shell-owned oil brand
Valvoline (Aramco),Aston Martin partner,"Energy, Industrial & Automotive",10,Amsoil,amsoil.com,,Synthetic lubricants brand
Valvoline (Aramco),Aston Martin partner,"Energy, Industrial & Automotive",11,Red Line Oil,redlineoil.com,,Performance synthetic oil
Valvoline (Aramco),Aston Martin partner,"Energy, Industrial & Automotive",12,Royal Purple,royalpurple.com,,bp-owned synthetic oil brand
Valvoline (Aramco),Aston Martin partner,"Energy, Industrial & Automotive",13,Fuchs Petrolub,fuchs.com,,Lubricants specialist
Valvoline (Aramco),Aston Martin partner,"Energy, Industrial & Automotive",14,Total Quartz,totalenergies.com,,TotalEnergies lubricants line
Valvoline (Aramco),Aston Martin partner,"Energy, Industrial & Automotive",15,Repsol Lubricantes,repsol.com,,Spanish lubricants brand
Valvoline (Aramco),Aston Martin partner,"Energy, Industrial & Automotive",16,Petronas Lubricants International,pli-petronas.com,YES,Petronas lubricants arm
Valvoline (Aramco),Aston Martin partner,"Energy, Industrial & Automotive",17,Idemitsu,idemitsu.com,,Japanese lubricants co
Valvoline (Aramco),Aston Martin partner,"Energy, Industrial & Automotive",18,ENEOS,eneos.co.jp,,Japanese lubricants co
Valvoline (Aramco),Aston Martin partner,"Energy, Industrial & Automotive",19,Kendall Motor Oil,kendallmotoroil.com,,Phillips 66-owned oil brand
Valvoline (Aramco),Aston Martin partner,"Energy, Industrial & Automotive",20,STP,stp.com,,Additives/oil brand
Valvoline (Aramco),Aston Martin partner,"Energy, Industrial & Automotive",21,Wynn's,wynns.eu,,Additives/lubricants brand
Valvoline (Aramco),Aston Martin partner,"Energy, Industrial & Automotive",22,Ravenol,ravenol.de,,German lubricants brand
Valvoline (Aramco),Aston Martin partner,"Energy, Industrial & Automotive",23,Bardahl,bardahl.com,,Additives/lubricants brand
Valvoline (Aramco),Aston Martin partner,"Energy, Industrial & Automotive",24,Eni,eni.com,YES,Alpine fuel/lube partner
Airtasker,Racing Bulls partner,"Health, Betting & Services",1,TaskRabbit (IKEA),taskrabbit.com,,Gig task marketplace
Airtasker,Racing Bulls partner,"Health, Betting & Services",2,Thumbtack,thumbtack.com,,Local services marketplace
Airtasker,Racing Bulls partner,"Health, Betting & Services",3,Handy,handy.com,,Home services marketplace
Airtasker,Racing Bulls partner,"Health, Betting & Services",4,Fiverr,fiverr.com,,Freelance gig marketplace
Airtasker,Racing Bulls partner,"Health, Betting & Services",5,Upwork,upwork.com,,Freelance gig marketplace
Airtasker,Racing Bulls partner,"Health, Betting & Services",6,Freelancer.com,freelancer.com,,Freelance gig marketplace
Airtasker,Racing Bulls partner,"Health, Betting & Services",7,Angi (HomeAdvisor),angi.com,,Home services marketplace
Airtasker,Racing Bulls partner,"Health, Betting & Services",8,Bark.com,bark.com,,Local services marketplace
Airtasker,Racing Bulls partner,"Health, Betting & Services",9,Zaarly,zaarly.com,,Home services marketplace
Airtasker,Racing Bulls partner,"Health, Betting & Services",10,MyBuilder,mybuilder.com,,UK trades marketplace
Airtasker,Racing Bulls partner,"Health, Betting & Services",11,Care.com,care.com,,Care/task services marketplace
Airtasker,Racing Bulls partner,"Health, Betting & Services",12,Gigwalk,gigwalk.com,,On-demand task workforce
Allwyn,F1 official partner; McLaren partner,"Health, Betting & Services",1,IGT,igt.com,,Global lottery/gaming systems
Allwyn,F1 official partner; McLaren partner,"Health, Betting & Services",2,Light & Wonder (Scientific Games),lnw.com,,Lottery & gaming supplier
Allwyn,F1 official partner; McLaren partner,"Health, Betting & Services",3,Intralot,intralot.com,,Lottery operator/technology
Allwyn,F1 official partner; McLaren partner,"Health, Betting & Services",4,Française des Jeux (FDJ),groupefdj.com,,French national lottery operator
Allwyn,F1 official partner; McLaren partner,"Health, Betting & Services",5,OPAP,opap.gr,,Greek lottery/betting operator
Allwyn,F1 official partner; McLaren partner,"Health, Betting & Services",6,Novomatic,novomatic.com,,Lottery/gaming technology
Allwyn,F1 official partner; McLaren partner,"Health, Betting & Services",7,Camelot UK Lotteries,camelotgroup.co.uk,,Former UK National Lottery operator
Allwyn,F1 official partner; McLaren partner,"Health, Betting & Services",8,International Lottery & Totalizator Systems (ILTS),ilts.com,,Lottery systems supplier
Allwyn,F1 official partner; McLaren partner,"Health, Betting & Services",9,Pollard Banknote,pollardbanknote.com,,Instant/scratch lottery supplier
Allwyn,F1 official partner; McLaren partner,"Health, Betting & Services",10,Loterias y Apuestas del Estado,loteriasyapuestas.es,,Spanish state lottery
Allwyn,F1 official partner; McLaren partner,"Health, Betting & Services",11,Hong Kong Jockey Club,hkjc.com,,Lottery/betting operator
Allwyn,F1 official partner; McLaren partner,"Health, Betting & Services",12,Svenska Spel,svenskaspel.se,,Swedish state lottery
Allwyn,F1 official partner; McLaren partner,"Health, Betting & Services",13,Veikkaus,veikkaus.fi,,Finnish state lottery/gaming
Ashurst,McLaren partner,"Health, Betting & Services",1,Clifford Chance,cliffordchance.com,,Magic Circle law firm
Ashurst,McLaren partner,"Health, Betting & Services",2,Linklaters,linklaters.com,,Magic Circle law firm
Ashurst,McLaren partner,"Health, Betting & Services",3,A&O Shearman,aoshearman.com,,Magic Circle-origin global law firm
Ashurst,McLaren partner,"Health, Betting & Services",4,Freshfields Bruckhaus Deringer,freshfields.com,,Magic Circle law firm
Ashurst,McLaren partner,"Health, Betting & Services",5,Herbert Smith Freehills,hsf.com,,Global law firm
Ashurst,McLaren partner,"Health, Betting & Services",6,Norton Rose Fulbright,nortonrosefulbright.com,,Global law firm
Ashurst,McLaren partner,"Health, Betting & Services",7,DLA Piper,dlapiper.com,,Global law firm
Ashurst,McLaren partner,"Health, Betting & Services",8,Baker McKenzie,bakermckenzie.com,,Global law firm
Ashurst,McLaren partner,"Health, Betting & Services",9,Hogan Lovells,hoganlovells.com,,Global law firm
Ashurst,McLaren partner,"Health, Betting & Services",10,White & Case,whitecase.com,,Global law firm
Ashurst,McLaren partner,"Health, Betting & Services",11,Latham & Watkins,lw.com,,Global law firm
Ashurst,McLaren partner,"Health, Betting & Services",12,Kirkland & Ellis,kirkland.com,,Global law firm
Ashurst,McLaren partner,"Health, Betting & Services",13,Skadden Arps,skadden.com,,Global law firm
Ashurst,McLaren partner,"Health, Betting & Services",14,Slaughter and May,slaughterandmay.com,,Magic Circle law firm
Ashurst,McLaren partner,"Health, Betting & Services",15,King & Wood Mallesons,kwm.com,,Global law firm
Ashurst,McLaren partner,"Health, Betting & Services",16,Simpson Thacher,stblaw.com,,Global law firm
Ashurst,McLaren partner,"Health, Betting & Services",17,Sidley Austin,sidley.com,,Global law firm
Ashurst,McLaren partner,"Health, Betting & Services",18,Morrison Foerster,mofo.com,YES,Aston Martin partner
BetterUp,Mercedes partner; Mercedes F1 Academy entry sponsor,"Health, Betting & Services",1,CoachHub,coachhub.com,,Digital coaching platform
BetterUp,Mercedes partner; Mercedes F1 Academy entry sponsor,"Health, Betting & Services",2,Torch,torch.io,,Leadership coaching platform
BetterUp,Mercedes partner; Mercedes F1 Academy entry sponsor,"Health, Betting & Services",3,Ezra Coaching,helloezra.com,,1:1 executive coaching
BetterUp,Mercedes partner; Mercedes F1 Academy entry sponsor,"Health, Betting & Services",4,Sounding Board,soundingboardinc.com,,Leadership coaching platform
BetterUp,Mercedes partner; Mercedes F1 Academy entry sponsor,"Health, Betting & Services",5,Modern Health,modernhealth.com,,Workforce mental health platform
BetterUp,Mercedes partner; Mercedes F1 Academy entry sponsor,"Health, Betting & Services",6,Lyra Health,lyrahealth.com,,Workforce mental health platform
BetterUp,Mercedes partner; Mercedes F1 Academy entry sponsor,"Health, Betting & Services",7,Headspace (Headspace Health),headspace.com,,"Mental wellbeing/coaching, absorbed Ginger"
BetterUp,Mercedes partner; Mercedes F1 Academy entry sponsor,"Health, Betting & Services",8,Calm for Business,calm.com,,Enterprise wellbeing app
BetterUp,Mercedes partner; Mercedes F1 Academy entry sponsor,"Health, Betting & Services",9,Spring Health,springhealth.com,,Workforce mental health platform
BetterUp,Mercedes partner; Mercedes F1 Academy entry sponsor,"Health, Betting & Services",10,Talkspace,talkspace.com,,Teletherapy/coaching
BetterUp,Mercedes partner; Mercedes F1 Academy entry sponsor,"Health, Betting & Services",11,Vida Health,vida.com,,Virtual health coaching
BetterUp,Mercedes partner; Mercedes F1 Academy entry sponsor,"Health, Betting & Services",12,Virgin Pulse (Personify Health),virginpulse.com,,Employee wellbeing platform
BetterUp,Mercedes partner; Mercedes F1 Academy entry sponsor,"Health, Betting & Services",13,Limeade,limeade.com,,Employee wellbeing platform
BetterUp,Mercedes partner; Mercedes F1 Academy entry sponsor,"Health, Betting & Services",14,Wellable,wellable.co,,Corporate wellness platform
BetterUp,Mercedes partner; Mercedes F1 Academy entry sponsor,"Health, Betting & Services",15,Thrive Global,thriveglobal.com,,Behavior-change/wellbeing platform
BetterUp,Mercedes partner; Mercedes F1 Academy entry sponsor,"Health, Betting & Services",16,TELUS Health (LifeWorks),telushealth.com,,EAP/wellbeing services
BetterUp,Mercedes partner; Mercedes F1 Academy entry sponsor,"Health, Betting & Services",17,Grow Therapy,growtherapy.com,,Therapy access platform
Betway (Super Group),F1 official betting operator; Williams partner,"Health, Betting & Services",1,Bet365,bet365.com,,Global sportsbook
Betway (Super Group),F1 official betting operator; Williams partner,"Health, Betting & Services",2,William Hill,williamhill.com,,UK sportsbook
Betway (Super Group),F1 official betting operator; Williams partner,"Health, Betting & Services",3,Ladbrokes (Entain),ladbrokes.com,,UK sportsbook
Betway (Super Group),F1 official betting operator; Williams partner,"Health, Betting & Services",4,Coral (Entain),coral.co.uk,,UK sportsbook
Betway (Super Group),F1 official betting operator; Williams partner,"Health, Betting & Services",5,Paddy Power (Flutter),paddypower.com,,UK/IE sportsbook
Betway (Super Group),F1 official betting operator; Williams partner,"Health, Betting & Services",6,Sky Bet (Flutter),skybet.com,,UK sportsbook
Betway (Super Group),F1 official betting operator; Williams partner,"Health, Betting & Services",7,Betfair (Flutter),betfair.com,,Exchange/sportsbook
Betway (Super Group),F1 official betting operator; Williams partner,"Health, Betting & Services",8,888 Holdings (888sport),888sport.com,,Global sportsbook/casino
Betway (Super Group),F1 official betting operator; Williams partner,"Health, Betting & Services",9,Betfred,betfred.com,,UK sportsbook
Betway (Super Group),F1 official betting operator; Williams partner,"Health, Betting & Services",10,Unibet (Kindred Group),unibet.com,,European sportsbook
Betway (Super Group),F1 official betting operator; Williams partner,"Health, Betting & Services",11,Bwin (Entain),bwin.com,,European sportsbook
Betway (Super Group),F1 official betting operator; Williams partner,"Health, Betting & Services",12,LeoVegas (MGM),leovegas.com,,Mobile-first sportsbook/casino
Betway (Super Group),F1 official betting operator; Williams partner,"Health, Betting & Services",13,DraftKings,draftkings.com,,US sportsbook/DFS
Betway (Super Group),F1 official betting operator; Williams partner,"Health, Betting & Services",14,FanDuel (Flutter),fanduel.com,YES,F1 official betting operator
Betway (Super Group),F1 official betting operator; Williams partner,"Health, Betting & Services",15,BetMGM,betmgm.com,,US sportsbook
Betway (Super Group),F1 official betting operator; Williams partner,"Health, Betting & Services",16,Caesars Sportsbook,caesars.com,,US sportsbook
Betway (Super Group),F1 official betting operator; Williams partner,"Health, Betting & Services",17,PointsBet,pointsbet.com,,Sportsbook
Betway (Super Group),F1 official betting operator; Williams partner,"Health, Betting & Services",18,BetRivers (Rush Street Interactive),betrivers.com,,US sportsbook
Betway (Super Group),F1 official betting operator; Williams partner,"Health, Betting & Services",19,Betsson,betssongroup.com,,European sportsbook/casino group
Betway (Super Group),F1 official betting operator; Williams partner,"Health, Betting & Services",20,Stake.com,stake.com,YES,F1 budget-holding/departing sponsor
CLEAR,Red Bull Racing partner,"Health, Betting & Services",1,TSA PreCheck,tsa.gov,,Expedited airport screening program
CLEAR,Red Bull Racing partner,"Health, Betting & Services",2,Global Entry (CBP),cbp.gov,,Expedited border/travel program
CLEAR,Red Bull Racing partner,"Health, Betting & Services",3,Idemia,idemia.com,,Biometric identity technology
CLEAR,Red Bull Racing partner,"Health, Betting & Services",4,Daon,daon.com,,Biometric identity verification
CLEAR,Red Bull Racing partner,"Health, Betting & Services",5,Onfido,onfido.com,,Identity verification
CLEAR,Red Bull Racing partner,"Health, Betting & Services",6,Yoti,yoti.com,,Digital identity verification
CLEAR,Red Bull Racing partner,"Health, Betting & Services",7,Amazon One,amazon.com,,Palm biometric identity/payment
CLEAR,Red Bull Racing partner,"Health, Betting & Services",8,Incode,incode.com,,Identity verification platform
CLEAR,Red Bull Racing partner,"Health, Betting & Services",9,ID.me,id.me,,Identity verification platform
CLEAR,Red Bull Racing partner,"Health, Betting & Services",10,Socure,socure.com,,Identity verification platform
CLEAR,Red Bull Racing partner,"Health, Betting & Services",11,Jumio,jumio.com,,Identity verification platform
CLEAR,Red Bull Racing partner,"Health, Betting & Services",12,Veridas,veridas.com,,Biometric identity verification
Deloitte,McLaren partner,"Health, Betting & Services",1,PwC,pwc.com,YES,F1 official partner
Deloitte,McLaren partner,"Health, Betting & Services",2,EY,ey.com,,Big Four professional services
Deloitte,McLaren partner,"Health, Betting & Services",3,KPMG,kpmg.com,,Big Four professional services
Deloitte,McLaren partner,"Health, Betting & Services",4,Accenture,accenture.com,,Consulting/tech services
Deloitte,McLaren partner,"Health, Betting & Services",5,McKinsey & Company,mckinsey.com,,Management consulting
Deloitte,McLaren partner,"Health, Betting & Services",6,Boston Consulting Group,bcg.com,,Management consulting
Deloitte,McLaren partner,"Health, Betting & Services",7,Bain & Company,bain.com,,Management consulting
Deloitte,McLaren partner,"Health, Betting & Services",8,Capgemini,capgemini.com,,Consulting/tech services
Deloitte,McLaren partner,"Health, Betting & Services",9,Cognizant,cognizant.com,YES,Aston Martin partner
Deloitte,McLaren partner,"Health, Betting & Services",10,Infosys,infosys.com,,IT consulting/services
Deloitte,McLaren partner,"Health, Betting & Services",11,Tata Consultancy Services (TCS),tcs.com,,IT consulting/services
Deloitte,McLaren partner,"Health, Betting & Services",12,Wipro,wipro.com,,IT consulting/services
Deloitte,McLaren partner,"Health, Betting & Services",13,IBM Consulting,ibm.com,YES,Ferrari partner
Deloitte,McLaren partner,"Health, Betting & Services",14,DXC Technology,dxc.com,YES,Ferrari partner
Deloitte,McLaren partner,"Health, Betting & Services",15,Genpact,genpact.com,,Consulting/business services
Deloitte,McLaren partner,"Health, Betting & Services",16,Booz Allen Hamilton,boozallen.com,,Consulting
Deloitte,McLaren partner,"Health, Betting & Services",17,Oliver Wyman,oliverwyman.com,,Management consulting
Deloitte,McLaren partner,"Health, Betting & Services",18,Alvarez & Marsal,alvarezandmarsal.com,,Consulting/restructuring
Eight Sleep,Aston Martin partner,"Health, Betting & Services",1,Sleep Number,sleepnumber.com,,Smart adjustable mattress
Eight Sleep,Aston Martin partner,"Health, Betting & Services",2,Tempur-Pedic (Tempur Sealy),tempurpedic.com,,Premium mattress
Eight Sleep,Aston Martin partner,"Health, Betting & Services",3,Purple Innovation,purple.com,,DTC mattress brand
Eight Sleep,Aston Martin partner,"Health, Betting & Services",4,Casper Sleep,casper.com,,DTC mattress brand
Eight Sleep,Aston Martin partner,"Health, Betting & Services",5,Nectar Sleep,nectarsleep.com,,DTC mattress brand
Eight Sleep,Aston Martin partner,"Health, Betting & Services",6,Emma Sleep,emma-sleep.com,,DTC mattress brand (EU)
Eight Sleep,Aston Martin partner,"Health, Betting & Services",7,Simba Sleep,simbasleep.com,,DTC mattress brand (UK)
Eight Sleep,Aston Martin partner,"Health, Betting & Services",8,Bear Mattress,bearmattress.com,,Recovery-focused mattress
Eight Sleep,Aston Martin partner,"Health, Betting & Services",9,Saatva,saatva.com,,Premium DTC mattress
Eight Sleep,Aston Martin partner,"Health, Betting & Services",10,Helix Sleep,helixsleep.com,,DTC mattress brand
Eight Sleep,Aston Martin partner,"Health, Betting & Services",11,Leesa,leesa.com,,DTC mattress brand
Eight Sleep,Aston Martin partner,"Health, Betting & Services",12,Ghostbed,ghostbed.com,,DTC mattress brand
Eight Sleep,Aston Martin partner,"Health, Betting & Services",13,Amerisleep,amerisleep.com,,DTC mattress brand
Eight Sleep,Aston Martin partner,"Health, Betting & Services",14,Bryte,bryte.com,,"AI-driven smart bed, direct rival"
Eight Sleep,Aston Martin partner,"Health, Betting & Services",15,Sleepme (Chilisleep),sleep.me,,Temperature-regulating sleep tech
Eight Sleep,Aston Martin partner,"Health, Betting & Services",16,Moonbird,moonbird.life,,Sleep/breathing wearable
Eight Sleep,Aston Martin partner,"Health, Betting & Services",17,SleepScore Labs,sleepscore.com,,Sleep tracking tech
Eight Sleep,Aston Martin partner,"Health, Betting & Services",18,WHOOP,whoop.com,YES,Sleep tracking overlap; Ferrari partner
Eight Sleep,Aston Martin partner,"Health, Betting & Services",19,Oura,ouraring.com,YES,Sleep tracking overlap; Red Bull 2026
FanDuel (Flutter Entertainment),F1 official betting operator,"Health, Betting & Services",1,DraftKings,draftkings.com,,US sportsbook/DFS leader
FanDuel (Flutter Entertainment),F1 official betting operator,"Health, Betting & Services",2,BetMGM,betmgm.com,,US sportsbook
FanDuel (Flutter Entertainment),F1 official betting operator,"Health, Betting & Services",3,Caesars Sportsbook,caesars.com,,US sportsbook
FanDuel (Flutter Entertainment),F1 official betting operator,"Health, Betting & Services",4,ESPN Bet (Penn Entertainment),espnbet.com,,US sportsbook
FanDuel (Flutter Entertainment),F1 official betting operator,"Health, Betting & Services",5,Bet365,bet365.com,,"Global sportsbook, growing US presence"
FanDuel (Flutter Entertainment),F1 official betting operator,"Health, Betting & Services",6,Bally Bet,ballybet.com,,US sportsbook
FanDuel (Flutter Entertainment),F1 official betting operator,"Health, Betting & Services",7,Fanatics Sportsbook,fanatics.com,,US sportsbook
FanDuel (Flutter Entertainment),F1 official betting operator,"Health, Betting & Services",8,PointsBet,pointsbet.com,,Sportsbook
FanDuel (Flutter Entertainment),F1 official betting operator,"Health, Betting & Services",9,BetRivers (Rush Street Interactive),betrivers.com,,US sportsbook
FanDuel (Flutter Entertainment),F1 official betting operator,"Health, Betting & Services",10,WynnBET,wynnbet.com,,US sportsbook
FanDuel (Flutter Entertainment),F1 official betting operator,"Health, Betting & Services",11,Betway (Super Group),betway.com,YES,F1 official betting operator; Williams partner
FanDuel (Flutter Entertainment),F1 official betting operator,"Health, Betting & Services",12,Stake.com,stake.com,YES,F1 budget-holding/departing sponsor
FanDuel (Flutter Entertainment),F1 official betting operator,"Health, Betting & Services",13,Hard Rock Bet,hardrock.com,YES,Hard Rock International is a Red Bull Racing partner
FanDuel (Flutter Entertainment),F1 official betting operator,"Health, Betting & Services",14,888sport,888sport.com,,Global sportsbook
FanDuel (Flutter Entertainment),F1 official betting operator,"Health, Betting & Services",15,Unibet,unibet.com,,"European sportsbook, US expansion"
FanDuel (Flutter Entertainment),F1 official betting operator,"Health, Betting & Services",16,William Hill US,williamhill.com,,US sportsbook
FanDuel (Flutter Entertainment),F1 official betting operator,"Health, Betting & Services",17,SuperBook,superbook.com,,US sportsbook
JackpotCity Casino,Williams partner,"Health, Betting & Services",1,LeoVegas,leovegas.com,,Online casino
JackpotCity Casino,Williams partner,"Health, Betting & Services",2,888casino,888casino.com,,Online casino
JackpotCity Casino,Williams partner,"Health, Betting & Services",3,PartyCasino,partycasino.com,,Online casino
JackpotCity Casino,Williams partner,"Health, Betting & Services",4,Casumo,casumo.com,,Online casino
JackpotCity Casino,Williams partner,"Health, Betting & Services",5,Spin Casino,spincasino.com,,"Online casino, same operator family"
JackpotCity Casino,Williams partner,"Health, Betting & Services",6,Royal Vegas,royalvegascasino.com,,Online casino
JackpotCity Casino,Williams partner,"Health, Betting & Services",7,Ruby Fortune,rubyfortune.com,,Online casino
JackpotCity Casino,Williams partner,"Health, Betting & Services",8,All Slots Casino,allslots.com,,Online casino
JackpotCity Casino,Williams partner,"Health, Betting & Services",9,Betway Casino,betway.com,YES,F1 official betting operator; Williams partner
JackpotCity Casino,Williams partner,"Health, Betting & Services",10,Genesis Casino,genesiscasino.com,,Online casino
JackpotCity Casino,Williams partner,"Health, Betting & Services",11,Mr Green,mrgreen.com,,Online casino
JackpotCity Casino,Williams partner,"Health, Betting & Services",12,PlayOJO,playojo.com,,Online casino
JackpotCity Casino,Williams partner,"Health, Betting & Services",13,Golden Nugget Online Casino,goldennuggetcasino.com,,US online casino
JackpotCity Casino,Williams partner,"Health, Betting & Services",14,BetMGM Casino,betmgm.com,,US online casino
JackpotCity Casino,Williams partner,"Health, Betting & Services",15,Stake Casino,stake.com,YES,F1 budget-holding/departing sponsor
Juss Sports (Juss Group),F1 Academy wildcard entry sponsor (Shanghai),"Health, Betting & Services",1,IMG,img.com,,Sports management/marketing agency
Juss Sports (Juss Group),F1 Academy wildcard entry sponsor (Shanghai),"Health, Betting & Services",2,Wasserman,teamwasserman.com,,Sports/talent management agency
Juss Sports (Juss Group),F1 Academy wildcard entry sponsor (Shanghai),"Health, Betting & Services",3,CAA Sports,caa.com,,Sports management agency
Juss Sports (Juss Group),F1 Academy wildcard entry sponsor (Shanghai),"Health, Betting & Services",4,Octagon,octagon.com,,Sports marketing agency
Juss Sports (Juss Group),F1 Academy wildcard entry sponsor (Shanghai),"Health, Betting & Services",5,Roc Nation Sports,rocnation.com,,Athlete management agency
Juss Sports (Juss Group),F1 Academy wildcard entry sponsor (Shanghai),"Health, Betting & Services",6,Base,base-uk.com,,Sports management agency
Juss Sports (Juss Group),F1 Academy wildcard entry sponsor (Shanghai),"Health, Betting & Services",7,Excel Sports Management,excelsm.com,,Sports management agency
Juss Sports (Juss Group),F1 Academy wildcard entry sponsor (Shanghai),"Health, Betting & Services",8,GSE Worldwide,gseworldwide.com,,Sports marketing/talent agency
KAUST,McLaren partner,"Health, Betting & Services",1,MIT,mit.edu,,STEM research university
KAUST,McLaren partner,"Health, Betting & Services",2,Stanford University,stanford.edu,,STEM research university
KAUST,McLaren partner,"Health, Betting & Services",3,Caltech,caltech.edu,,STEM research university
KAUST,McLaren partner,"Health, Betting & Services",4,ETH Zurich,ethz.ch,,STEM research university
KAUST,McLaren partner,"Health, Betting & Services",5,Khalifa University,ku.ac.ae,,UAE STEM research university
KAUST,McLaren partner,"Health, Betting & Services",6,Mohamed bin Zayed University of AI (MBZUAI),mbzuai.ac.ae,,UAE AI-focused university
KAUST,McLaren partner,"Health, Betting & Services",7,NYU Abu Dhabi,nyuad.nyu.edu,,Gulf research university
KAUST,McLaren partner,"Health, Betting & Services",8,Hamad Bin Khalifa University,hbku.edu.qa,,Qatar Foundation research university
KAUST,McLaren partner,"Health, Betting & Services",9,Weill Cornell Medicine Qatar,qatar-weill.cornell.edu,,Gulf medical research institution
KAUST,McLaren partner,"Health, Betting & Services",10,American University of Sharjah,aus.edu,,Gulf university
KAUST,McLaren partner,"Health, Betting & Services",11,King Fahd University of Petroleum and Minerals,kfupm.edu.sa,,Saudi STEM research university
KAUST,McLaren partner,"Health, Betting & Services",12,King Saud University,ksu.edu.sa,,Saudi research university
KAUST,McLaren partner,"Health, Betting & Services",13,Imperial College London,imperial.ac.uk,,STEM research university
KAUST,McLaren partner,"Health, Betting & Services",14,EPFL,epfl.ch,,STEM research university
KAUST,McLaren partner,"Health, Betting & Services",15,Technion,technion.ac.il,,STEM research university
ManpowerGroup,Ferrari partner,"Health, Betting & Services",1,Randstad,randstad.com,YES,Racing Bulls partner
ManpowerGroup,Ferrari partner,"Health, Betting & Services",2,Adecco Group,adeccogroup.com,,Global staffing leader
ManpowerGroup,Ferrari partner,"Health, Betting & Services",3,Robert Half,roberthalf.com,,Professional staffing
ManpowerGroup,Ferrari partner,"Health, Betting & Services",4,Kelly Services,kellyservices.com,,Staffing
ManpowerGroup,Ferrari partner,"Health, Betting & Services",5,Allegis Group,allegisgroup.com,,Staffing/talent solutions
ManpowerGroup,Ferrari partner,"Health, Betting & Services",6,Recruit Holdings,recruit-holdings.com,,Staffing/HR tech
ManpowerGroup,Ferrari partner,"Health, Betting & Services",7,Gi Group,gigroup.com,,Global staffing
ManpowerGroup,Ferrari partner,"Health, Betting & Services",8,Hays plc,hays.com,,Global recruitment
ManpowerGroup,Ferrari partner,"Health, Betting & Services",9,PageGroup (Michael Page),page.com,,Recruitment
ManpowerGroup,Ferrari partner,"Health, Betting & Services",10,Korn Ferry,kornferry.com,,Executive search/talent consulting
ManpowerGroup,Ferrari partner,"Health, Betting & Services",11,TrueBlue,trueblue.com,,Staffing
ManpowerGroup,Ferrari partner,"Health, Betting & Services",12,Insight Global,insightglobal.com,,Staffing
ManpowerGroup,Ferrari partner,"Health, Betting & Services",13,ASGN Incorporated,asgn.com,,IT/professional staffing
ManpowerGroup,Ferrari partner,"Health, Betting & Services",14,Akkodis (Adecco Group),akkodis.com,YES,Mercedes partner
ManpowerGroup,Ferrari partner,"Health, Betting & Services",15,Cielo,cielotalent.com,,RPO/talent solutions
ManpowerGroup,Ferrari partner,"Health, Betting & Services",16,Express Employment Professionals,expresspros.com,,Staffing franchise network
Modo Casino,Alpine partner,"Health, Betting & Services",1,Chumba Casino (VGW),chumbacasino.com,,US sweepstakes casino
Modo Casino,Alpine partner,"Health, Betting & Services",2,LuckyLand Slots (VGW),luckylandslots.com,,US sweepstakes casino
Modo Casino,Alpine partner,"Health, Betting & Services",3,Stake.us,stake.us,YES,US sweepstakes arm; Stake is F1 budget-holder
Modo Casino,Alpine partner,"Health, Betting & Services",4,Pulsz,pulsz.com,,US sweepstakes casino
Modo Casino,Alpine partner,"Health, Betting & Services",5,Fortune Coins,fortunecoins.com,,US sweepstakes casino
Modo Casino,Alpine partner,"Health, Betting & Services",6,WOW Vegas,wowvegas.com,,US sweepstakes casino
Modo Casino,Alpine partner,"Health, Betting & Services",7,McLuck,mcluck.com,,US sweepstakes casino
Modo Casino,Alpine partner,"Health, Betting & Services",8,Funzpoints,funzpoints.com,,US sweepstakes casino
Modo Casino,Alpine partner,"Health, Betting & Services",9,High 5 Casino,high5casino.com,,US sweepstakes casino
Modo Casino,Alpine partner,"Health, Betting & Services",10,Global Poker,globalpoker.com,,US sweepstakes poker
Modo Casino,Alpine partner,"Health, Betting & Services",11,Crown Coins Casino,crowncoinscasino.com,,US sweepstakes casino
Modo Casino,Alpine partner,"Health, Betting & Services",12,RealPrize,realprize.com,,US sweepstakes casino
Morrison Foerster,Aston Martin partner,"Health, Betting & Services",1,Latham & Watkins,lw.com,,Global law firm
Morrison Foerster,Aston Martin partner,"Health, Betting & Services",2,Kirkland & Ellis,kirkland.com,,Global law firm
Morrison Foerster,Aston Martin partner,"Health, Betting & Services",3,Skadden Arps,skadden.com,,Global law firm
Morrison Foerster,Aston Martin partner,"Health, Betting & Services",4,Gibson Dunn,gibsondunn.com,,Global law firm
Morrison Foerster,Aston Martin partner,"Health, Betting & Services",5,Sidley Austin,sidley.com,,Global law firm
Morrison Foerster,Aston Martin partner,"Health, Betting & Services",6,Cooley LLP,cooley.com,,Tech-focused law firm
Morrison Foerster,Aston Martin partner,"Health, Betting & Services",7,Wilson Sonsini,wsgr.com,,Tech-focused law firm
Morrison Foerster,Aston Martin partner,"Health, Betting & Services",8,Fenwick & West,fenwick.com,,Tech-focused law firm
Morrison Foerster,Aston Martin partner,"Health, Betting & Services",9,Orrick,orrick.com,,Global law firm
Morrison Foerster,Aston Martin partner,"Health, Betting & Services",10,Cleary Gottlieb,clearygottlieb.com,,Global law firm
Morrison Foerster,Aston Martin partner,"Health, Betting & Services",11,Davis Polk,davispolk.com,,Global law firm
Morrison Foerster,Aston Martin partner,"Health, Betting & Services",12,Simpson Thacher,stblaw.com,,Global law firm
Morrison Foerster,Aston Martin partner,"Health, Betting & Services",13,White & Case,whitecase.com,,Global law firm
Morrison Foerster,Aston Martin partner,"Health, Betting & Services",14,DLA Piper,dlapiper.com,,Global law firm
Morrison Foerster,Aston Martin partner,"Health, Betting & Services",15,Baker McKenzie,bakermckenzie.com,,Global law firm
Morrison Foerster,Aston Martin partner,"Health, Betting & Services",16,Ashurst,ashurst.com,YES,McLaren partner
Morrison Foerster,Aston Martin partner,"Health, Betting & Services",17,Ropes & Gray,ropesgray.com,,Global law firm
Neat,Red Bull Racing partner,"Health, Betting & Services",1,Logitech,logitech.com,,Video conferencing hardware
Neat,Red Bull Racing partner,"Health, Betting & Services",2,Poly (HP),poly.com,YES,HP is the Ferrari title partner
Neat,Red Bull Racing partner,"Health, Betting & Services",3,Yealink,yealink.com,,Video conferencing hardware
Neat,Red Bull Racing partner,"Health, Betting & Services",4,Jabra (GN Group),jabra.com,,Video/audio conferencing hardware
Neat,Red Bull Racing partner,"Health, Betting & Services",5,AVer,avermedia.com,,Video conferencing hardware
Neat,Red Bull Racing partner,"Health, Betting & Services",6,Huddly,huddly.com,,AI conferencing cameras
Neat,Red Bull Racing partner,"Health, Betting & Services",7,Owl Labs,owllabs.com,,360-degree conferencing devices
Neat,Red Bull Racing partner,"Health, Betting & Services",8,Crestron,crestron.com,,Room/conferencing systems
Neat,Red Bull Racing partner,"Health, Betting & Services",9,Cisco (Webex devices),cisco.com,YES,McLaren partner
Neat,Red Bull Racing partner,"Health, Betting & Services",10,Barco,barco.com,,Meeting-room collaboration tech
Neat,Red Bull Racing partner,"Health, Betting & Services",11,ClearOne,clearone.com,,Conferencing audio/video hardware
Oura,"Not on 2026 roster file; Red Bull 2026 sponsor (smart ring), included per brief","Health, Betting & Services",1,WHOOP,whoop.com,YES,Ferrari partner
Oura,"Not on 2026 roster file; Red Bull 2026 sponsor (smart ring), included per brief","Health, Betting & Services",2,Samsung Galaxy Ring,samsung.com,,Smart ring
Oura,"Not on 2026 roster file; Red Bull 2026 sponsor (smart ring), included per brief","Health, Betting & Services",3,RingConn,ringconn.com,,Smart ring
Oura,"Not on 2026 roster file; Red Bull 2026 sponsor (smart ring), included per brief","Health, Betting & Services",4,Circular,circular.co,,Smart ring
Oura,"Not on 2026 roster file; Red Bull 2026 sponsor (smart ring), included per brief","Health, Betting & Services",5,Ultrahuman Ring Air,ultrahuman.com,,Smart ring
Oura,"Not on 2026 roster file; Red Bull 2026 sponsor (smart ring), included per brief","Health, Betting & Services",6,Motiv Ring,mymotiv.com,,Smart ring
Oura,"Not on 2026 roster file; Red Bull 2026 sponsor (smart ring), included per brief","Health, Betting & Services",7,Amazfit Helio Ring,amazfit.com,,Smart ring
Oura,"Not on 2026 roster file; Red Bull 2026 sponsor (smart ring), included per brief","Health, Betting & Services",8,Movano Ring (Evie),movano.com,,Women's health smart ring
Oura,"Not on 2026 roster file; Red Bull 2026 sponsor (smart ring), included per brief","Health, Betting & Services",9,Fitbit (Google),fitbit.com,YES,Google is a McLaren partner
Oura,"Not on 2026 roster file; Red Bull 2026 sponsor (smart ring), included per brief","Health, Betting & Services",10,Apple Watch,apple.com,,Smartwatch health tracking
Oura,"Not on 2026 roster file; Red Bull 2026 sponsor (smart ring), included per brief","Health, Betting & Services",11,Garmin,garmin.com,,Fitness watches/wearables
Oura,"Not on 2026 roster file; Red Bull 2026 sponsor (smart ring), included per brief","Health, Betting & Services",12,Withings,withings.com,,Health/sleep wearables
Oura,"Not on 2026 roster file; Red Bull 2026 sponsor (smart ring), included per brief","Health, Betting & Services",13,Polar,polar.com,,Heart-rate/fitness wearables
Oura,"Not on 2026 roster file; Red Bull 2026 sponsor (smart ring), included per brief","Health, Betting & Services",14,Coros,coros.com,,Endurance sports watches
PwC,F1 official partner,"Health, Betting & Services",1,Deloitte,deloitte.com,YES,McLaren partner
PwC,F1 official partner,"Health, Betting & Services",2,EY,ey.com,,Big Four professional services
PwC,F1 official partner,"Health, Betting & Services",3,KPMG,kpmg.com,,Big Four professional services
PwC,F1 official partner,"Health, Betting & Services",4,Accenture,accenture.com,,Consulting/tech services
PwC,F1 official partner,"Health, Betting & Services",5,McKinsey & Company,mckinsey.com,,Management consulting
PwC,F1 official partner,"Health, Betting & Services",6,Boston Consulting Group,bcg.com,,Management consulting
PwC,F1 official partner,"Health, Betting & Services",7,Bain & Company,bain.com,,Management consulting
PwC,F1 official partner,"Health, Betting & Services",8,Grant Thornton,grantthornton.com,,Mid-tier audit/advisory
PwC,F1 official partner,"Health, Betting & Services",9,BDO,bdo.global,,Mid-tier audit/advisory
PwC,F1 official partner,"Health, Betting & Services",10,RSM International,rsm.global,,Mid-tier audit/advisory
PwC,F1 official partner,"Health, Betting & Services",11,Mazars,mazars.com,,Audit/advisory
PwC,F1 official partner,"Health, Betting & Services",12,Crowe,crowe.com,,Audit/advisory
PwC,F1 official partner,"Health, Betting & Services",13,Baker Tilly,bakertilly.com,,Audit/advisory
PwC,F1 official partner,"Health, Betting & Services",14,Cognizant,cognizant.com,YES,Aston Martin partner
PwC,F1 official partner,"Health, Betting & Services",15,IBM Consulting,ibm.com,YES,Ferrari partner
Randstad,Racing Bulls partner,"Health, Betting & Services",1,Adecco Group,adeccogroup.com,,Global staffing leader
Randstad,Racing Bulls partner,"Health, Betting & Services",2,ManpowerGroup,manpowergroup.com,YES,Ferrari partner
Randstad,Racing Bulls partner,"Health, Betting & Services",3,Robert Half,roberthalf.com,,Professional staffing
Randstad,Racing Bulls partner,"Health, Betting & Services",4,Kelly Services,kellyservices.com,,Staffing
Randstad,Racing Bulls partner,"Health, Betting & Services",5,Allegis Group,allegisgroup.com,,Staffing/talent solutions
Randstad,Racing Bulls partner,"Health, Betting & Services",6,Insight Global,insightglobal.com,,Staffing
Randstad,Racing Bulls partner,"Health, Betting & Services",7,Aerotek,aerotek.com,,Industrial/technical staffing
Randstad,Racing Bulls partner,"Health, Betting & Services",8,TrueBlue,trueblue.com,,Staffing
Randstad,Racing Bulls partner,"Health, Betting & Services",9,Hays plc,hays.com,,Global recruitment
Randstad,Racing Bulls partner,"Health, Betting & Services",10,ASGN Incorporated,asgn.com,,IT/professional staffing
Randstad,Racing Bulls partner,"Health, Betting & Services",11,Gi Group,gigroup.com,,Global staffing
Randstad,Racing Bulls partner,"Health, Betting & Services",12,Recruit Holdings,recruit-holdings.com,,Staffing/HR tech (Indeed parent)
Randstad,Racing Bulls partner,"Health, Betting & Services",13,PageGroup (Michael Page),page.com,,Recruitment
Randstad,Racing Bulls partner,"Health, Betting & Services",14,Korn Ferry,kornferry.com,,Executive search/talent consulting
Randstad,Racing Bulls partner,"Health, Betting & Services",15,Akkodis (Adecco Group),akkodis.com,YES,Mercedes partner
Randstad,Racing Bulls partner,"Health, Betting & Services",16,Cielo,cielotalent.com,,RPO/talent solutions
Randstad,Racing Bulls partner,"Health, Betting & Services",17,Kforce,kforce.com,,IT/finance staffing
Randstad,Racing Bulls partner,"Health, Betting & Services",18,Express Employment Professionals,expresspros.com,,Staffing franchise network
Stake (departing but budget-holder),"Not on 2026 roster file; crypto-casino sportsbook previously an F1-linked betting brand, included per brief as departing budget-holder","Health, Betting & Services",1,Roobet,roobet.com,,Crypto casino
Stake (departing but budget-holder),"Not on 2026 roster file; crypto-casino sportsbook previously an F1-linked betting brand, included per brief as departing budget-holder","Health, Betting & Services",2,BC.Game,bc.game,,Crypto casino/sportsbook
Stake (departing but budget-holder),"Not on 2026 roster file; crypto-casino sportsbook previously an F1-linked betting brand, included per brief as departing budget-holder","Health, Betting & Services",3,Rollbit,rollbit.com,,Crypto casino/sportsbook
Stake (departing but budget-holder),"Not on 2026 roster file; crypto-casino sportsbook previously an F1-linked betting brand, included per brief as departing budget-holder","Health, Betting & Services",4,Duelbits,duelbits.com,,Crypto casino/sportsbook
Stake (departing but budget-holder),"Not on 2026 roster file; crypto-casino sportsbook previously an F1-linked betting brand, included per brief as departing budget-holder","Health, Betting & Services",5,Gamdom,gamdom.com,,Crypto casino
Stake (departing but budget-holder),"Not on 2026 roster file; crypto-casino sportsbook previously an F1-linked betting brand, included per brief as departing budget-holder","Health, Betting & Services",6,Shuffle.com,shuffle.com,,Crypto casino
Stake (departing but budget-holder),"Not on 2026 roster file; crypto-casino sportsbook previously an F1-linked betting brand, included per brief as departing budget-holder","Health, Betting & Services",7,Cloudbet,cloudbet.com,,Crypto sportsbook/casino
Stake (departing but budget-holder),"Not on 2026 roster file; crypto-casino sportsbook previously an F1-linked betting brand, included per brief as departing budget-holder","Health, Betting & Services",8,Bitcasino.io,bitcasino.io,,Crypto casino
Stake (departing but budget-holder),"Not on 2026 roster file; crypto-casino sportsbook previously an F1-linked betting brand, included per brief as departing budget-holder","Health, Betting & Services",9,1xBit,1xbit.com,,Crypto sportsbook
Stake (departing but budget-holder),"Not on 2026 roster file; crypto-casino sportsbook previously an F1-linked betting brand, included per brief as departing budget-holder","Health, Betting & Services",10,Sportsbet.io,sportsbet.io,,"Crypto sportsbook, ex-F1 sponsor (Leicester/Southampton style deals)"
Stake (departing but budget-holder),"Not on 2026 roster file; crypto-casino sportsbook previously an F1-linked betting brand, included per brief as departing budget-holder","Health, Betting & Services",11,Metaspins,metaspins.com,,Crypto casino
Stake (departing but budget-holder),"Not on 2026 roster file; crypto-casino sportsbook previously an F1-linked betting brand, included per brief as departing budget-holder","Health, Betting & Services",12,TrustDice,trustdice.win,,Crypto casino/sportsbook
Stake (departing but budget-holder),"Not on 2026 roster file; crypto-casino sportsbook previously an F1-linked betting brand, included per brief as departing budget-holder","Health, Betting & Services",13,Vave,vave.com,,Crypto casino/sportsbook
Stake (departing but budget-holder),"Not on 2026 roster file; crypto-casino sportsbook previously an F1-linked betting brand, included per brief as departing budget-holder","Health, Betting & Services",14,FanDuel (Flutter),fanduel.com,YES,F1 official betting operator
Stake (departing but budget-holder),"Not on 2026 roster file; crypto-casino sportsbook previously an F1-linked betting brand, included per brief as departing budget-holder","Health, Betting & Services",15,Betway (Super Group),betway.com,YES,F1 official betting operator; Williams partner
Therabody,"Not on 2026 roster file; Red Bull 2026 sponsor (recovery tech), included per brief","Health, Betting & Services",1,Hyperice,hyperice.com,,Direct rival percussion/recovery tech
Therabody,"Not on 2026 roster file; Red Bull 2026 sponsor (recovery tech), included per brief","Health, Betting & Services",2,Compex (DJO),compex.com,,Muscle stimulation recovery tech
Therabody,"Not on 2026 roster file; Red Bull 2026 sponsor (recovery tech), included per brief","Health, Betting & Services",3,RENPHO,renpho.com,,Budget massage-gun recovery tech
Therabody,"Not on 2026 roster file; Red Bull 2026 sponsor (recovery tech), included per brief","Health, Betting & Services",4,Bob and Brad,bobandbrad.com,,Recovery/massage tech
Therabody,"Not on 2026 roster file; Red Bull 2026 sponsor (recovery tech), included per brief","Health, Betting & Services",5,Achedaway,achedaway.com,,Percussion massage devices
Therabody,"Not on 2026 roster file; Red Bull 2026 sponsor (recovery tech), included per brief","Health, Betting & Services",6,Ekrin Athletics,ekrinathletics.com,,Percussion massage devices
Therabody,"Not on 2026 roster file; Red Bull 2026 sponsor (recovery tech), included per brief","Health, Betting & Services",7,TimTam,timtampower.com,,Percussion massage devices
Therabody,"Not on 2026 roster file; Red Bull 2026 sponsor (recovery tech), included per brief","Health, Betting & Services",8,Pulseroll,pulseroll.com,,Recovery/massage tech
Therabody,"Not on 2026 roster file; Red Bull 2026 sponsor (recovery tech), included per brief","Health, Betting & Services",9,MyoStorm,myostorm.com,,Percussion massage devices
Therabody,"Not on 2026 roster file; Red Bull 2026 sponsor (recovery tech), included per brief","Health, Betting & Services",10,LifePro,lifeprofitness.com,,Budget massage-gun recovery tech
Therabody,"Not on 2026 roster file; Red Bull 2026 sponsor (recovery tech), included per brief","Health, Betting & Services",11,Marc Pro,marcpro.com,,Muscle recovery stimulation
Therabody,"Not on 2026 roster file; Red Bull 2026 sponsor (recovery tech), included per brief","Health, Betting & Services",12,Addaday,addaday.com,,Massage/recovery tools
UChicago Medicine,Haas partner,"Health, Betting & Services",1,Mayo Clinic,mayoclinic.org,,Academic health system
UChicago Medicine,Haas partner,"Health, Betting & Services",2,Cleveland Clinic,clevelandclinic.org,,Academic health system
UChicago Medicine,Haas partner,"Health, Betting & Services",3,Johns Hopkins Medicine,hopkinsmedicine.org,,Academic health system
UChicago Medicine,Haas partner,"Health, Betting & Services",4,Mass General Brigham,massgeneralbrigham.org,,Academic health system
UChicago Medicine,Haas partner,"Health, Betting & Services",5,NewYork-Presbyterian,nyp.org,,Academic health system
UChicago Medicine,Haas partner,"Health, Betting & Services",6,Northwestern Medicine,nm.org,,Chicago-area rival health system
UChicago Medicine,Haas partner,"Health, Betting & Services",7,Cedars-Sinai,cedars-sinai.org,,Academic health system
UChicago Medicine,Haas partner,"Health, Betting & Services",8,Stanford Health Care,stanfordhealthcare.org,,Academic health system
UChicago Medicine,Haas partner,"Health, Betting & Services",9,UCLA Health,uclahealth.org,,Academic health system
UChicago Medicine,Haas partner,"Health, Betting & Services",10,NYU Langone Health,nyulangone.org,,Academic health system
UChicago Medicine,Haas partner,"Health, Betting & Services",11,Penn Medicine,pennmedicine.org,,Academic health system
UChicago Medicine,Haas partner,"Health, Betting & Services",12,Duke Health,dukehealth.org,,Academic health system
UChicago Medicine,Haas partner,"Health, Betting & Services",13,Vanderbilt University Medical Center,vumc.org,,Academic health system
UChicago Medicine,Haas partner,"Health, Betting & Services",14,Rush University Medical Center,rush.edu,,Chicago-area rival
UChicago Medicine,Haas partner,"Health, Betting & Services",15,Advocate Health,advocatehealth.com,,Chicago-area rival system
UChicago Medicine,Haas partner,"Health, Betting & Services",16,Ann & Robert H. Lurie Children's Hospital,luriechildrens.org,,Chicago pediatric rival
UChicago Medicine,Haas partner,"Health, Betting & Services",17,University of Michigan Health,uofmhealth.org,,Academic health system
UChicago Medicine,Haas partner,"Health, Betting & Services",18,Yale New Haven Health,ynhhs.org,,Academic health system
UChicago Medicine,Haas partner,"Health, Betting & Services",19,Houston Methodist,houstonmethodist.org,,Academic-affiliated health system
UChicago Medicine,Haas partner,"Health, Betting & Services",20,Kaiser Permanente,kaiserpermanente.org,,Integrated health system
Udemy,McLaren partner,"Health, Betting & Services",1,Coursera,coursera.org,,Online learning platform
Udemy,McLaren partner,"Health, Betting & Services",2,LinkedIn Learning (Microsoft),linkedin.com,YES,Microsoft is a Mercedes/Alpine partner
Udemy,McLaren partner,"Health, Betting & Services",3,Skillshare,skillshare.com,,Creative-skills learning platform
Udemy,McLaren partner,"Health, Betting & Services",4,Pluralsight,pluralsight.com,,Tech-skills learning platform
Udemy,McLaren partner,"Health, Betting & Services",5,edX (2U),edx.org,,Online learning platform
Udemy,McLaren partner,"Health, Betting & Services",6,MasterClass,masterclass.com,,Celebrity-led learning platform
Udemy,McLaren partner,"Health, Betting & Services",7,Codecademy,codecademy.com,,Coding education platform
Udemy,McLaren partner,"Health, Betting & Services",8,DataCamp,datacamp.com,,Data-skills learning platform
Udemy,McLaren partner,"Health, Betting & Services",9,Udacity,udacity.com,,Tech nanodegree platform
Udemy,McLaren partner,"Health, Betting & Services",10,FutureLearn,futurelearn.com,,Online learning platform
Udemy,McLaren partner,"Health, Betting & Services",11,Khan Academy,khanacademy.org,,Free education platform
Udemy,McLaren partner,"Health, Betting & Services",12,Treehouse,teamtreehouse.com,,Tech-skills learning platform
Udemy,McLaren partner,"Health, Betting & Services",13,Duolingo,duolingo.com,,Language learning platform
Udemy,McLaren partner,"Health, Betting & Services",14,Thinkific,thinkific.com,,Course-creation platform
Udemy,McLaren partner,"Health, Betting & Services",15,Teachable,teachable.com,,Course-creation platform
Udemy,McLaren partner,"Health, Betting & Services",16,Simplilearn,simplilearn.com,,Professional certification learning
Udemy,McLaren partner,"Health, Betting & Services",17,upGrad,upgrad.com,,Online degree/upskilling platform
WHOOP,Ferrari partner,"Health, Betting & Services",1,Oura,ouraring.com,YES,Smart ring; Red Bull 2026 sponsor
WHOOP,Ferrari partner,"Health, Betting & Services",2,Fitbit (Google),fitbit.com,YES,Google is a McLaren partner
WHOOP,Ferrari partner,"Health, Betting & Services",3,Garmin,garmin.com,,Fitness watches/wearables
WHOOP,Ferrari partner,"Health, Betting & Services",4,Apple Watch,apple.com,,Smartwatch health tracking
WHOOP,Ferrari partner,"Health, Betting & Services",5,Samsung Galaxy Watch,samsung.com,,Smartwatch health tracking
WHOOP,Ferrari partner,"Health, Betting & Services",6,Polar,polar.com,,Heart-rate/fitness wearables
WHOOP,Ferrari partner,"Health, Betting & Services",7,Suunto,suunto.com,,Sports watches
WHOOP,Ferrari partner,"Health, Betting & Services",8,Amazfit (Zepp Health),amazfit.com,,Budget fitness wearables
WHOOP,Ferrari partner,"Health, Betting & Services",9,Withings,withings.com,,Health/sleep wearables
WHOOP,Ferrari partner,"Health, Betting & Services",10,Coros,coros.com,,Endurance sports watches
WHOOP,Ferrari partner,"Health, Betting & Services",11,Xiaomi (Mi Band),mi.com,,Mass-market fitness band
WHOOP,Ferrari partner,"Health, Betting & Services",12,Ultrahuman,ultrahuman.com,,Ring + metabolic wearables
WHOOP,Ferrari partner,"Health, Betting & Services",13,RingConn,ringconn.com,,Smart ring
WHOOP,Ferrari partner,"Health, Betting & Services",14,Circular,circular.co,,Smart ring
WHOOP,Ferrari partner,"Health, Betting & Services",15,Motiv Ring,mymotiv.com,,Smart ring
WHOOP,Ferrari partner,"Health, Betting & Services",16,Biostrap,biostrap.com,,Recovery/sleep wearable
WHOOP,Ferrari partner,"Health, Betting & Services",17,Wahoo Fitness,wahoofitness.com,,Cycling/training wearables
WHOOP,Ferrari partner,"Health, Betting & Services",18,Movano Health (Evie),movano.com,,Women's health wearable
WHOOP,Ferrari partner,"Health, Betting & Services",19,Fossil (Wear OS),fossil.com,,Smartwatch line
adidas,Mercedes apparel partner; Audi F1 partner,"Luxury, Fashion & Beauty",1,Puma,puma.com,YES,F1 sponsor (Ferrari/McLaren/Aston Martin)
adidas,Mercedes apparel partner; Audi F1 partner,"Luxury, Fashion & Beauty",2,Nike,nike.com,,Global sportswear leader
adidas,Mercedes apparel partner; Audi F1 partner,"Luxury, Fashion & Beauty",3,Under Armour,underarmour.com,,Performance sportswear brand
adidas,Mercedes apparel partner; Audi F1 partner,"Luxury, Fashion & Beauty",4,New Balance,newbalance.com,,Performance footwear & apparel
adidas,Mercedes apparel partner; Audi F1 partner,"Luxury, Fashion & Beauty",5,ASICS,asics.com,,Japanese performance footwear brand
adidas,Mercedes apparel partner; Audi F1 partner,"Luxury, Fashion & Beauty",6,Reebok,reebok.com,,Global sportswear brand
adidas,Mercedes apparel partner; Audi F1 partner,"Luxury, Fashion & Beauty",7,Skechers,skechers.com,,Casual/performance footwear brand
adidas,Mercedes apparel partner; Audi F1 partner,"Luxury, Fashion & Beauty",8,Fila,fila.com,,Sportswear/lifestyle brand
adidas,Mercedes apparel partner; Audi F1 partner,"Luxury, Fashion & Beauty",9,Lululemon,lululemon.com,,Athletic apparel brand
adidas,Mercedes apparel partner; Audi F1 partner,"Luxury, Fashion & Beauty",10,Champion,champion.com,,Athletic apparel brand
adidas,Mercedes apparel partner; Audi F1 partner,"Luxury, Fashion & Beauty",11,Converse,converse.com,,Nike-owned lifestyle footwear brand
adidas,Mercedes apparel partner; Audi F1 partner,"Luxury, Fashion & Beauty",12,Vans,vans.com,,VF Corp lifestyle footwear brand
adidas,Mercedes apparel partner; Audi F1 partner,"Luxury, Fashion & Beauty",13,Kappa,kappa.com,,Italian sportswear brand
adidas,Mercedes apparel partner; Audi F1 partner,"Luxury, Fashion & Beauty",14,Diadora,diadora.com,,Italian sportswear brand
adidas,Mercedes apparel partner; Audi F1 partner,"Luxury, Fashion & Beauty",15,Mizuno,mizuno.com,,Japanese performance sportswear brand
adidas,Mercedes apparel partner; Audi F1 partner,"Luxury, Fashion & Beauty",16,Hoka,hoka.com,,Deckers-owned performance running brand
adidas,Mercedes apparel partner; Audi F1 partner,"Luxury, Fashion & Beauty",17,On Running,on-running.com,,Swiss performance running brand
adidas,Mercedes apparel partner; Audi F1 partner,"Luxury, Fashion & Beauty",18,Castore,castore.com,YES,F1 sponsor (Red Bull Racing teamwear)
adidas,Mercedes apparel partner; Audi F1 partner,"Luxury, Fashion & Beauty",19,Le Coq Sportif,lecoqsportif.com,,French sportswear heritage brand
adidas,Mercedes apparel partner; Audi F1 partner,"Luxury, Fashion & Beauty",20,Joma,joma-sport.com,,Spanish sportswear brand
adidas,Mercedes apparel partner; Audi F1 partner,"Luxury, Fashion & Beauty",21,Umbro,umbro.com,,Football-focused sportswear brand
adidas,Mercedes apparel partner; Audi F1 partner,"Luxury, Fashion & Beauty",22,Macron,macron.com,,Italian teamwear/sportswear brand
adidas,Mercedes apparel partner; Audi F1 partner,"Luxury, Fashion & Beauty",23,Gymshark,gymshark.com,,Fitness apparel brand
adidas,Mercedes apparel partner; Audi F1 partner,"Luxury, Fashion & Beauty",24,Alpinestars,alpinestars.com,YES,F1 sponsor (McLaren/Alpine/Haas racewear); motorsport apparel crossover
Athletic Propulsion Labs (APL),Red Bull Racing partner,"Luxury, Fashion & Beauty",1,Nike,nike.com,,Global performance/lifestyle footwear leader
Athletic Propulsion Labs (APL),Red Bull Racing partner,"Luxury, Fashion & Beauty",2,adidas,adidas.com,YES,F1 sponsor (Mercedes)
Athletic Propulsion Labs (APL),Red Bull Racing partner,"Luxury, Fashion & Beauty",3,Puma,puma.com,YES,F1 sponsor (Ferrari/McLaren)
Athletic Propulsion Labs (APL),Red Bull Racing partner,"Luxury, Fashion & Beauty",4,On Running,on-running.com,,Swiss performance running footwear brand
Athletic Propulsion Labs (APL),Red Bull Racing partner,"Luxury, Fashion & Beauty",5,Hoka,hoka.com,,Deckers-owned performance running footwear brand
Athletic Propulsion Labs (APL),Red Bull Racing partner,"Luxury, Fashion & Beauty",6,New Balance,newbalance.com,,Performance/lifestyle footwear brand
Athletic Propulsion Labs (APL),Red Bull Racing partner,"Luxury, Fashion & Beauty",7,Allbirds,allbirds.com,,Sustainable lifestyle footwear brand
Athletic Propulsion Labs (APL),Red Bull Racing partner,"Luxury, Fashion & Beauty",8,Brooks Running,brooksrunning.com,,Performance running footwear brand
Athletic Propulsion Labs (APL),Red Bull Racing partner,"Luxury, Fashion & Beauty",9,Veja,veja-store.com,,Sustainable lifestyle footwear brand
Athletic Propulsion Labs (APL),Red Bull Racing partner,"Luxury, Fashion & Beauty",10,Under Armour,underarmour.com,,Performance footwear & apparel brand
Athletic Propulsion Labs (APL),Red Bull Racing partner,"Luxury, Fashion & Beauty",11,ASICS,asics.com,,Japanese performance footwear brand
Athletic Propulsion Labs (APL),Red Bull Racing partner,"Luxury, Fashion & Beauty",12,Reebok,reebok.com,,Global performance/lifestyle footwear brand
Bang & Olufsen,"Williams 2026 partner (audio/electronics); not listed in current roster file, included per category brief","Luxury, Fashion & Beauty",1,Bose,bose.com,,American premium audio brand
Bang & Olufsen,"Williams 2026 partner (audio/electronics); not listed in current roster file, included per category brief","Luxury, Fashion & Beauty",2,Sonos,sonos.com,,American premium wireless audio brand
Bang & Olufsen,"Williams 2026 partner (audio/electronics); not listed in current roster file, included per category brief","Luxury, Fashion & Beauty",3,Sennheiser,sennheiser.com,,German premium audio brand
Bang & Olufsen,"Williams 2026 partner (audio/electronics); not listed in current roster file, included per category brief","Luxury, Fashion & Beauty",4,Bowers & Wilkins,bowerswilkins.com,,British premium audio brand
Bang & Olufsen,"Williams 2026 partner (audio/electronics); not listed in current roster file, included per category brief","Luxury, Fashion & Beauty",5,Devialet,devialet.com,,French luxury audio brand
Bang & Olufsen,"Williams 2026 partner (audio/electronics); not listed in current roster file, included per category brief","Luxury, Fashion & Beauty",6,Naim Audio,naimaudio.com,,British high-end audio brand
Bang & Olufsen,"Williams 2026 partner (audio/electronics); not listed in current roster file, included per category brief","Luxury, Fashion & Beauty",7,Marshall,marshallheadphones.com,,British heritage audio brand
Bang & Olufsen,"Williams 2026 partner (audio/electronics); not listed in current roster file, included per category brief","Luxury, Fashion & Beauty",8,JBL,jbl.com,,Harman/Samsung mainstream audio brand
Bang & Olufsen,"Williams 2026 partner (audio/electronics); not listed in current roster file, included per category brief","Luxury, Fashion & Beauty",9,Harman Kardon,harmankardon.com,,Samsung premium audio brand
Bang & Olufsen,"Williams 2026 partner (audio/electronics); not listed in current roster file, included per category brief","Luxury, Fashion & Beauty",10,Master & Dynamic,masterdynamic.com,,Premium lifestyle audio brand
Bang & Olufsen,"Williams 2026 partner (audio/electronics); not listed in current roster file, included per category brief","Luxury, Fashion & Beauty",11,Klipsch,klipsch.com,,American premium audio brand
Bang & Olufsen,"Williams 2026 partner (audio/electronics); not listed in current roster file, included per category brief","Luxury, Fashion & Beauty",12,KEF,kef.com,,British high-end audio brand
Bang & Olufsen,"Williams 2026 partner (audio/electronics); not listed in current roster file, included per category brief","Luxury, Fashion & Beauty",13,Focal,focal.com,,French high-end audio brand
Bang & Olufsen,"Williams 2026 partner (audio/electronics); not listed in current roster file, included per category brief","Luxury, Fashion & Beauty",14,Beats by Dre,beatsbydre.com,,Apple-owned lifestyle audio brand
Bang & Olufsen,"Williams 2026 partner (audio/electronics); not listed in current roster file, included per category brief","Luxury, Fashion & Beauty",15,Denon,denon.com,,Japanese high-end audio brand
Breitling,Aston Martin partner,"Luxury, Fashion & Beauty",1,TAG Heuer,tagheuer.com,YES,F1 sponsor & official timekeeper
Breitling,Aston Martin partner,"Luxury, Fashion & Beauty",2,Omega,omegawatches.com,,Swatch Group prestige sport watches
Breitling,Aston Martin partner,"Luxury, Fashion & Beauty",3,IWC Schaffhausen,iwc.com,YES,F1 sponsor (Mercedes)
Breitling,Aston Martin partner,"Luxury, Fashion & Beauty",4,Tudor,tudorwatch.com,YES,F1 sponsor (Racing Bulls)
Breitling,Aston Martin partner,"Luxury, Fashion & Beauty",5,Rolex,rolex.com,YES,F1 sponsor (Australian GP)
Breitling,Aston Martin partner,"Luxury, Fashion & Beauty",6,Zenith,zenith-watches.com,,LVMH chronograph specialist
Breitling,Aston Martin partner,"Luxury, Fashion & Beauty",7,Hublot,hublot.com,,LVMH fusion/sport luxury watches
Breitling,Aston Martin partner,"Luxury, Fashion & Beauty",8,Panerai,panerai.com,,Richemont sport-luxury watches
Breitling,Aston Martin partner,"Luxury, Fashion & Beauty",9,Bell & Ross,bellross.com,,Aviation-inspired luxury watches
Breitling,Aston Martin partner,"Luxury, Fashion & Beauty",10,Longines,longines.com,,Swatch Group heritage sport watches
Breitling,Aston Martin partner,"Luxury, Fashion & Beauty",11,Tissot,tissot.ch,,Swatch Group accessible sport watches
Breitling,Aston Martin partner,"Luxury, Fashion & Beauty",12,Oris,oris.ch,,Independent Swiss watchmaker
Breitling,Aston Martin partner,"Luxury, Fashion & Beauty",13,Sinn,sinn.de,,German tool-watch specialist
Breitling,Aston Martin partner,"Luxury, Fashion & Beauty",14,Fortis,fortis-watches.com,,Swiss aviation tool-watch specialist
Breitling,Aston Martin partner,"Luxury, Fashion & Beauty",15,Chopard,chopard.com,,Independent Swiss luxury watches
Breitling,Aston Martin partner,"Luxury, Fashion & Beauty",16,Girard-Perregaux,girard-perregaux.com,YES,F1 sponsor (Williams)
Breitling,Aston Martin partner,"Luxury, Fashion & Beauty",17,Richard Mille,richardmille.com,YES,F1 sponsor (Ferrari/McLaren)
Breitling,Aston Martin partner,"Luxury, Fashion & Beauty",18,Bulova,bulova.com,,Citizen Group accessible watches
Breitling,Aston Martin partner,"Luxury, Fashion & Beauty",19,Hamilton,hamiltonwatch.com,,Swatch Group aviation-heritage watches
Breitling,Aston Martin partner,"Luxury, Fashion & Beauty",20,Seiko,seikowatches.com,,Japanese watch & movement maker
Breitling,Aston Martin partner,"Luxury, Fashion & Beauty",21,Citizen,citizenwatch.com,,Japanese watch & movement maker
Breitling,Aston Martin partner,"Luxury, Fashion & Beauty",22,Invicta,invictawatch.com,YES,F1 sponsor (Invicta Racing F2)
Castore,Red Bull Racing teamwear; Alpine and Haas partner,"Luxury, Fashion & Beauty",1,Nike,nike.com,,Global sportswear leader
Castore,Red Bull Racing teamwear; Alpine and Haas partner,"Luxury, Fashion & Beauty",2,adidas,adidas.com,YES,F1 sponsor (Mercedes apparel)
Castore,Red Bull Racing teamwear; Alpine and Haas partner,"Luxury, Fashion & Beauty",3,Puma,puma.com,YES,F1 sponsor (Ferrari/McLaren/Aston Martin)
Castore,Red Bull Racing teamwear; Alpine and Haas partner,"Luxury, Fashion & Beauty",4,Under Armour,underarmour.com,,Performance sportswear brand
Castore,Red Bull Racing teamwear; Alpine and Haas partner,"Luxury, Fashion & Beauty",5,New Balance,newbalance.com,,Performance footwear & apparel
Castore,Red Bull Racing teamwear; Alpine and Haas partner,"Luxury, Fashion & Beauty",6,Umbro,umbro.com,,Football-focused sportswear brand
Castore,Red Bull Racing teamwear; Alpine and Haas partner,"Luxury, Fashion & Beauty",7,Kappa,kappa.com,,Italian sportswear brand
Castore,Red Bull Racing teamwear; Alpine and Haas partner,"Luxury, Fashion & Beauty",8,Macron,macron.com,,Italian teamwear/sportswear brand
Castore,Red Bull Racing teamwear; Alpine and Haas partner,"Luxury, Fashion & Beauty",9,Joma,joma-sport.com,,Spanish sportswear brand
Castore,Red Bull Racing teamwear; Alpine and Haas partner,"Luxury, Fashion & Beauty",10,Hummel,hummel.net,,Danish sportswear/teamwear brand
Castore,Red Bull Racing teamwear; Alpine and Haas partner,"Luxury, Fashion & Beauty",11,Errea,errea.com,,Italian teamwear brand
Castore,Red Bull Racing teamwear; Alpine and Haas partner,"Luxury, Fashion & Beauty",12,Le Coq Sportif,lecoqsportif.com,,French sportswear heritage brand
Castore,Red Bull Racing teamwear; Alpine and Haas partner,"Luxury, Fashion & Beauty",13,Canterbury,canterbury.com,,Rugby/performance teamwear brand
Castore,Red Bull Racing teamwear; Alpine and Haas partner,"Luxury, Fashion & Beauty",14,O'Neills,oneills.com,,Irish teamwear brand
Castore,Red Bull Racing teamwear; Alpine and Haas partner,"Luxury, Fashion & Beauty",15,Rapha,rapha.cc,,Premium cycling performance apparel
Charlotte Tilbury (Puig),F1 Academy car sponsor (2025; verify 2026 status),"Luxury, Fashion & Beauty",1,Estee Lauder,esteelauder.com,,Prestige color cosmetics & skincare brand
Charlotte Tilbury (Puig),F1 Academy car sponsor (2025; verify 2026 status),"Luxury, Fashion & Beauty",2,MAC Cosmetics,maccosmetics.com,,Estee Lauder Companies prestige makeup brand
Charlotte Tilbury (Puig),F1 Academy car sponsor (2025; verify 2026 status),"Luxury, Fashion & Beauty",3,NARS,narscosmetics.com,,Shiseido prestige makeup brand
Charlotte Tilbury (Puig),F1 Academy car sponsor (2025; verify 2026 status),"Luxury, Fashion & Beauty",4,Fenty Beauty,fentybeauty.com,,LVMH prestige makeup brand
Charlotte Tilbury (Puig),F1 Academy car sponsor (2025; verify 2026 status),"Luxury, Fashion & Beauty",5,Rare Beauty,rarebeauty.com,,Celebrity-founded prestige makeup brand
Charlotte Tilbury (Puig),F1 Academy car sponsor (2025; verify 2026 status),"Luxury, Fashion & Beauty",6,Pat McGrath Labs,patmcgrath.com,,Independent prestige makeup brand
Charlotte Tilbury (Puig),F1 Academy car sponsor (2025; verify 2026 status),"Luxury, Fashion & Beauty",7,Huda Beauty,hudabeauty.com,,Independent prestige makeup brand
Charlotte Tilbury (Puig),F1 Academy car sponsor (2025; verify 2026 status),"Luxury, Fashion & Beauty",8,Too Faced,toofaced.com,,Estee Lauder Companies prestige makeup brand
Charlotte Tilbury (Puig),F1 Academy car sponsor (2025; verify 2026 status),"Luxury, Fashion & Beauty",9,Urban Decay,urbandecay.com,,L'Oreal prestige makeup brand
Charlotte Tilbury (Puig),F1 Academy car sponsor (2025; verify 2026 status),"Luxury, Fashion & Beauty",10,Bobbi Brown,bobbibrown.com,,Estee Lauder Companies prestige makeup brand
Charlotte Tilbury (Puig),F1 Academy car sponsor (2025; verify 2026 status),"Luxury, Fashion & Beauty",11,Laura Mercier,lauramercier.com,,Prestige makeup brand
Charlotte Tilbury (Puig),F1 Academy car sponsor (2025; verify 2026 status),"Luxury, Fashion & Beauty",12,Dior Beauty,dior.com,,LVMH prestige beauty brand
Charlotte Tilbury (Puig),F1 Academy car sponsor (2025; verify 2026 status),"Luxury, Fashion & Beauty",13,Chanel Beauty,chanel.com,,Prestige beauty house
Charlotte Tilbury (Puig),F1 Academy car sponsor (2025; verify 2026 status),"Luxury, Fashion & Beauty",14,YSL Beauty,yslbeauty.com,,L'Oreal prestige beauty brand
Charlotte Tilbury (Puig),F1 Academy car sponsor (2025; verify 2026 status),"Luxury, Fashion & Beauty",15,Tom Ford Beauty,tomford.com,,Estee Lauder Companies prestige beauty brand
Charlotte Tilbury (Puig),F1 Academy car sponsor (2025; verify 2026 status),"Luxury, Fashion & Beauty",16,Hourglass Cosmetics,hourglasscosmetics.com,,Unilever prestige makeup brand
Charlotte Tilbury (Puig),F1 Academy car sponsor (2025; verify 2026 status),"Luxury, Fashion & Beauty",17,Merit Beauty,meritbeauty.com,,Independent prestige makeup brand
ELEMIS (L'Occitane Group),Aston Martin partner,"Luxury, Fashion & Beauty",1,La Mer,cremedelamer.com,,Estee Lauder Companies ultra-prestige skincare brand
ELEMIS (L'Occitane Group),Aston Martin partner,"Luxury, Fashion & Beauty",2,Clarins,clarins.com,,French prestige skincare brand
ELEMIS (L'Occitane Group),Aston Martin partner,"Luxury, Fashion & Beauty",3,Sisley Paris,sisley-paris.com,,French luxury skincare brand
ELEMIS (L'Occitane Group),Aston Martin partner,"Luxury, Fashion & Beauty",4,Kiehl's,kiehls.com,,L'Oreal prestige skincare brand
ELEMIS (L'Occitane Group),Aston Martin partner,"Luxury, Fashion & Beauty",5,Origins,origins.com,,Estee Lauder Companies natural skincare brand
ELEMIS (L'Occitane Group),Aston Martin partner,"Luxury, Fashion & Beauty",6,REN Clean Skincare,renskincare.com,,Unilever clean-skincare brand
ELEMIS (L'Occitane Group),Aston Martin partner,"Luxury, Fashion & Beauty",7,Aesop,aesop.com,,L'Oreal prestige skincare brand
ELEMIS (L'Occitane Group),Aston Martin partner,"Luxury, Fashion & Beauty",8,Molton Brown,moltonbrown.com,,British prestige bath & body brand
ELEMIS (L'Occitane Group),Aston Martin partner,"Luxury, Fashion & Beauty",9,Neal's Yard Remedies,nealsyardremedies.com,,British natural skincare brand
ELEMIS (L'Occitane Group),Aston Martin partner,"Luxury, Fashion & Beauty",10,Dermalogica,dermalogica.com,,Unilever professional skincare brand
ELEMIS (L'Occitane Group),Aston Martin partner,"Luxury, Fashion & Beauty",11,Murad,murad.com,,Unilever prestige skincare brand
ELEMIS (L'Occitane Group),Aston Martin partner,"Luxury, Fashion & Beauty",12,Peter Thomas Roth,peterthomasroth.com,,American prestige skincare brand
ELEMIS (L'Occitane Group),Aston Martin partner,"Luxury, Fashion & Beauty",13,Biologique Recherche,biologique-recherche.com,,French clinical skincare brand
ELEMIS (L'Occitane Group),Aston Martin partner,"Luxury, Fashion & Beauty",14,111Skin,111skin.com,,British luxury skincare brand
ELEMIS (L'Occitane Group),Aston Martin partner,"Luxury, Fashion & Beauty",15,Omorovicza,omorovicza.com,,Hungarian luxury skincare brand
ELEMIS (L'Occitane Group),Aston Martin partner,"Luxury, Fashion & Beauty",16,SK-II,sk-ii.com,,P&G prestige skincare brand
Girard-Perregaux,Williams partner,"Luxury, Fashion & Beauty",1,Jaeger-LeCoultre,jaeger-lecoultre.com,,Richemont fine watchmaking
Girard-Perregaux,Williams partner,"Luxury, Fashion & Beauty",2,Vacheron Constantin,vacheron-constantin.com,,Richemont haute horlogerie
Girard-Perregaux,Williams partner,"Luxury, Fashion & Beauty",3,Audemars Piguet,audemarspiguet.com,,Independent haute horlogerie
Girard-Perregaux,Williams partner,"Luxury, Fashion & Beauty",4,Patek Philippe,patek.com,,Independent haute horlogerie
Girard-Perregaux,Williams partner,"Luxury, Fashion & Beauty",5,Blancpain,blancpain.com,,Swatch Group haute horlogerie
Girard-Perregaux,Williams partner,"Luxury, Fashion & Beauty",6,Breguet,breguet.com,,Swatch Group haute horlogerie
Girard-Perregaux,Williams partner,"Luxury, Fashion & Beauty",7,Piaget,piaget.com,,Richemont luxury watches & jewellery
Girard-Perregaux,Williams partner,"Luxury, Fashion & Beauty",8,Zenith,zenith-watches.com,,LVMH chronograph specialist
Girard-Perregaux,Williams partner,"Luxury, Fashion & Beauty",9,Ulysse Nardin,ulysse-nardin.com,,Independent Swiss watchmaker
Girard-Perregaux,Williams partner,"Luxury, Fashion & Beauty",10,Chopard,chopard.com,,Independent Swiss luxury watches
Girard-Perregaux,Williams partner,"Luxury, Fashion & Beauty",11,IWC Schaffhausen,iwc.com,YES,F1 sponsor (Mercedes)
Girard-Perregaux,Williams partner,"Luxury, Fashion & Beauty",12,H. Moser & Cie,h-moser.com,YES,F1 sponsor (Alpine)
Girard-Perregaux,Williams partner,"Luxury, Fashion & Beauty",13,Richard Mille,richardmille.com,YES,F1 sponsor (Ferrari/McLaren)
Girard-Perregaux,Williams partner,"Luxury, Fashion & Beauty",14,A. Lange & Sohne,alange-soehne.com,,Richemont German haute horlogerie
Girard-Perregaux,Williams partner,"Luxury, Fashion & Beauty",15,Bovet,bovet.com,,Independent haute horlogerie
Girard-Perregaux,Williams partner,"Luxury, Fashion & Beauty",16,Roger Dubuis,rogerdubuis.com,,Richemont avant-garde haute horlogerie
Girard-Perregaux,Williams partner,"Luxury, Fashion & Beauty",17,Parmigiani Fleurier,parmigiani.com,,Independent haute horlogerie
Girard-Perregaux,Williams partner,"Luxury, Fashion & Beauty",18,Jaquet Droz,jaquet-droz.com,,Swatch Group haute horlogerie
Girard-Perregaux,Williams partner,"Luxury, Fashion & Beauty",19,Glashutte Original,glashuette-original.com,,Swatch Group German haute horlogerie
Girard-Perregaux,Williams partner,"Luxury, Fashion & Beauty",20,Frederique Constant,frederiqueconstant.com,,Citizen Group accessible luxury watches
Girard-Perregaux,Williams partner,"Luxury, Fashion & Beauty",21,Rolex,rolex.com,YES,F1 sponsor (Australian GP)
Girard-Perregaux,Williams partner,"Luxury, Fashion & Beauty",22,Hublot,hublot.com,,LVMH fusion/sport luxury watches
Girard-Perregaux,Williams partner,"Luxury, Fashion & Beauty",23,Panerai,panerai.com,,Richemont sport-luxury watches
Girard-Perregaux,Williams partner,"Luxury, Fashion & Beauty",24,Omega,omegawatches.com,,Swatch Group prestige sport watches
H. Moser & Cie,Alpine partner,"Luxury, Fashion & Beauty",1,Girard-Perregaux,girard-perregaux.com,YES,F1 sponsor (Williams)
H. Moser & Cie,Alpine partner,"Luxury, Fashion & Beauty",2,MB&F,mbandf.com,,Independent concept watchmaker
H. Moser & Cie,Alpine partner,"Luxury, Fashion & Beauty",3,Urwerk,urwerk.com,,Independent avant-garde watchmaker
H. Moser & Cie,Alpine partner,"Luxury, Fashion & Beauty",4,Greubel Forsey,greubelforsey.com,,Independent ultra-high-end watchmaker
H. Moser & Cie,Alpine partner,"Luxury, Fashion & Beauty",5,F.P. Journe,fpjourne.com,,Independent haute horlogerie
H. Moser & Cie,Alpine partner,"Luxury, Fashion & Beauty",6,Parmigiani Fleurier,parmigiani.com,,Independent haute horlogerie
H. Moser & Cie,Alpine partner,"Luxury, Fashion & Beauty",7,Jaquet Droz,jaquet-droz.com,,Swatch Group haute horlogerie
H. Moser & Cie,Alpine partner,"Luxury, Fashion & Beauty",8,Ressence,ressence.com,,Independent avant-garde watchmaker
H. Moser & Cie,Alpine partner,"Luxury, Fashion & Beauty",9,De Bethune,debethune.ch,,Independent haute horlogerie
H. Moser & Cie,Alpine partner,"Luxury, Fashion & Beauty",10,Voutilainen,voutilainen.com,,Independent haute horlogerie
H. Moser & Cie,Alpine partner,"Luxury, Fashion & Beauty",11,Akrivia,akrivia.ch,,Independent haute horlogerie
H. Moser & Cie,Alpine partner,"Luxury, Fashion & Beauty",12,A. Lange & Sohne,alange-soehne.com,,Richemont German haute horlogerie
H. Moser & Cie,Alpine partner,"Luxury, Fashion & Beauty",13,Vacheron Constantin,vacheron-constantin.com,,Richemont haute horlogerie
H. Moser & Cie,Alpine partner,"Luxury, Fashion & Beauty",14,Patek Philippe,patek.com,,Independent haute horlogerie
H. Moser & Cie,Alpine partner,"Luxury, Fashion & Beauty",15,Audemars Piguet,audemarspiguet.com,,Independent haute horlogerie
H. Moser & Cie,Alpine partner,"Luxury, Fashion & Beauty",16,Richard Mille,richardmille.com,YES,F1 sponsor (Ferrari/McLaren)
H. Moser & Cie,Alpine partner,"Luxury, Fashion & Beauty",17,Glashutte Original,glashuette-original.com,,Swatch Group German haute horlogerie
H. Moser & Cie,Alpine partner,"Luxury, Fashion & Beauty",18,Nomos Glashutte,nomos-glashuette.com,,Independent German watchmaker
H. Moser & Cie,Alpine partner,"Luxury, Fashion & Beauty",19,Chopard,chopard.com,,Independent Swiss luxury watches (L.U.C line)
H. Moser & Cie,Alpine partner,"Luxury, Fashion & Beauty",20,Breguet,breguet.com,,Swatch Group haute horlogerie
Hugo Boss (BOSS / HUGO / Hugo Eyewear),Racing Bulls apparel partner (HUGO/Hugo Eyewear); Aston Martin apparel partner (BOSS),"Luxury, Fashion & Beauty",1,Ralph Lauren,ralphlauren.com,,American premium fashion house
Hugo Boss (BOSS / HUGO / Hugo Eyewear),Racing Bulls apparel partner (HUGO/Hugo Eyewear); Aston Martin apparel partner (BOSS),"Luxury, Fashion & Beauty",2,Tommy Hilfiger,tommy.com,YES,F1 sponsor (Cadillac)
Hugo Boss (BOSS / HUGO / Hugo Eyewear),Racing Bulls apparel partner (HUGO/Hugo Eyewear); Aston Martin apparel partner (BOSS),"Luxury, Fashion & Beauty",3,Calvin Klein,calvinklein.com,,PVH Corp premium fashion brand
Hugo Boss (BOSS / HUGO / Hugo Eyewear),Racing Bulls apparel partner (HUGO/Hugo Eyewear); Aston Martin apparel partner (BOSS),"Luxury, Fashion & Beauty",4,Emporio Armani,armani.com,,Italian premium fashion brand
Hugo Boss (BOSS / HUGO / Hugo Eyewear),Racing Bulls apparel partner (HUGO/Hugo Eyewear); Aston Martin apparel partner (BOSS),"Luxury, Fashion & Beauty",5,Ted Baker,tedbaker.com,,British contemporary fashion brand
Hugo Boss (BOSS / HUGO / Hugo Eyewear),Racing Bulls apparel partner (HUGO/Hugo Eyewear); Aston Martin apparel partner (BOSS),"Luxury, Fashion & Beauty",6,Lacoste,lacoste.com,,French premium sportswear-fashion brand
Hugo Boss (BOSS / HUGO / Hugo Eyewear),Racing Bulls apparel partner (HUGO/Hugo Eyewear); Aston Martin apparel partner (BOSS),"Luxury, Fashion & Beauty",7,Ermenegildo Zegna,zegna.com,,Italian luxury menswear house
Hugo Boss (BOSS / HUGO / Hugo Eyewear),Racing Bulls apparel partner (HUGO/Hugo Eyewear); Aston Martin apparel partner (BOSS),"Luxury, Fashion & Beauty",8,Diesel,diesel.com,,OTB Group premium denim/fashion brand
Hugo Boss (BOSS / HUGO / Hugo Eyewear),Racing Bulls apparel partner (HUGO/Hugo Eyewear); Aston Martin apparel partner (BOSS),"Luxury, Fashion & Beauty",9,Superdry,superdry.com,,British casualwear brand
Hugo Boss (BOSS / HUGO / Hugo Eyewear),Racing Bulls apparel partner (HUGO/Hugo Eyewear); Aston Martin apparel partner (BOSS),"Luxury, Fashion & Beauty",10,G-Star RAW,g-star.com,,Dutch premium denim brand
Hugo Boss (BOSS / HUGO / Hugo Eyewear),Racing Bulls apparel partner (HUGO/Hugo Eyewear); Aston Martin apparel partner (BOSS),"Luxury, Fashion & Beauty",11,Massimo Dutti,massimodutti.com,,Inditex premium contemporary brand
Hugo Boss (BOSS / HUGO / Hugo Eyewear),Racing Bulls apparel partner (HUGO/Hugo Eyewear); Aston Martin apparel partner (BOSS),"Luxury, Fashion & Beauty",12,Banana Republic,bananarepublic.com,,Gap Inc. premium casualwear brand
Hugo Boss (BOSS / HUGO / Hugo Eyewear),Racing Bulls apparel partner (HUGO/Hugo Eyewear); Aston Martin apparel partner (BOSS),"Luxury, Fashion & Beauty",13,Reiss,reiss.com,YES,F1 sponsor (McLaren)
Hugo Boss (BOSS / HUGO / Hugo Eyewear),Racing Bulls apparel partner (HUGO/Hugo Eyewear); Aston Martin apparel partner (BOSS),"Luxury, Fashion & Beauty",14,Michael Kors,michaelkors.com,,Capri Holdings accessible luxury brand
Hugo Boss (BOSS / HUGO / Hugo Eyewear),Racing Bulls apparel partner (HUGO/Hugo Eyewear); Aston Martin apparel partner (BOSS),"Luxury, Fashion & Beauty",15,Guess,guess.com,,American casualwear/fashion brand
Hugo Boss (BOSS / HUGO / Hugo Eyewear),Racing Bulls apparel partner (HUGO/Hugo Eyewear); Aston Martin apparel partner (BOSS),"Luxury, Fashion & Beauty",16,Brooks Brothers,brooksbrothers.com,,American premium menswear brand
Hugo Boss (BOSS / HUGO / Hugo Eyewear),Racing Bulls apparel partner (HUGO/Hugo Eyewear); Aston Martin apparel partner (BOSS),"Luxury, Fashion & Beauty",17,J.Lindeberg,jlindeberg.com,,Swedish premium sport-fashion brand
Hugo Boss (BOSS / HUGO / Hugo Eyewear),Racing Bulls apparel partner (HUGO/Hugo Eyewear); Aston Martin apparel partner (BOSS),"Luxury, Fashion & Beauty",18,Pepe Jeans,pepejeans.com,YES,F1 sponsor (Red Bull Racing)
ic! berlin,Audi F1 partner,"Luxury, Fashion & Beauty",1,Lindberg,lindberg.com,,Danish precision/minimalist eyewear brand
ic! berlin,Audi F1 partner,"Luxury, Fashion & Beauty",2,Mykita,mykita.com,,Berlin design-forward eyewear brand
ic! berlin,Audi F1 partner,"Luxury, Fashion & Beauty",3,Silhouette,silhouette.com,,Austrian precision/rimless eyewear brand
ic! berlin,Audi F1 partner,"Luxury, Fashion & Beauty",4,Theo Eyewear,theo.be,,Belgian design-forward eyewear brand
ic! berlin,Audi F1 partner,"Luxury, Fashion & Beauty",5,Ray-Ban,ray-ban.com,YES,F1 sponsor (Ferrari)
ic! berlin,Audi F1 partner,"Luxury, Fashion & Beauty",6,Oakley,oakley.com,YES,F1 sponsor (Aston Martin)
ic! berlin,Audi F1 partner,"Luxury, Fashion & Beauty",7,Persol,persol.com,,EssilorLuxottica premium eyewear brand
ic! berlin,Audi F1 partner,"Luxury, Fashion & Beauty",8,Prada Eyewear,prada.com,,Licensed luxury eyewear line
ic! berlin,Audi F1 partner,"Luxury, Fashion & Beauty",9,Gucci Eyewear,gucci.com,,Licensed luxury eyewear line
ic! berlin,Audi F1 partner,"Luxury, Fashion & Beauty",10,Tom Ford Eyewear,tomford.com,,Licensed luxury eyewear line
ic! berlin,Audi F1 partner,"Luxury, Fashion & Beauty",11,Barton Perreira,bartonperreira.com,,American luxury eyewear brand
ic! berlin,Audi F1 partner,"Luxury, Fashion & Beauty",12,Oliver Peoples,oliverpeoples.com,,EssilorLuxottica premium eyewear brand
ic! berlin,Audi F1 partner,"Luxury, Fashion & Beauty",13,Cutler and Gross,cutlerandgross.com,,British luxury eyewear brand
ic! berlin,Audi F1 partner,"Luxury, Fashion & Beauty",14,Andy Wolf Eyewear,andywolf.eu,,Austrian design-forward eyewear brand
Invicta Watch Group,F2 team title sponsor (Invicta Racing),"Luxury, Fashion & Beauty",1,Fossil,fossil.com,,Accessible fashion watches
Invicta Watch Group,F2 team title sponsor (Invicta Racing),"Luxury, Fashion & Beauty",2,Citizen,citizenwatch.com,,Japanese mainstream watch brand
Invicta Watch Group,F2 team title sponsor (Invicta Racing),"Luxury, Fashion & Beauty",3,Seiko,seikowatches.com,,Japanese mainstream watch brand
Invicta Watch Group,F2 team title sponsor (Invicta Racing),"Luxury, Fashion & Beauty",4,Bulova,bulova.com,,Citizen Group accessible watches
Invicta Watch Group,F2 team title sponsor (Invicta Racing),"Luxury, Fashion & Beauty",5,Movado,movado.com,,American accessible-luxury watch brand
Invicta Watch Group,F2 team title sponsor (Invicta Racing),"Luxury, Fashion & Beauty",6,Timex,timex.com,,Mass-market watch brand
Invicta Watch Group,F2 team title sponsor (Invicta Racing),"Luxury, Fashion & Beauty",7,Casio,casio.com,,Japanese mass-market watch/electronics brand
Invicta Watch Group,F2 team title sponsor (Invicta Racing),"Luxury, Fashion & Beauty",8,Skagen,skagen.com,,Fossil Group minimalist watch brand
Invicta Watch Group,F2 team title sponsor (Invicta Racing),"Luxury, Fashion & Beauty",9,Michael Kors Watches,michaelkors.com,,Fashion-house licensed watches
Invicta Watch Group,F2 team title sponsor (Invicta Racing),"Luxury, Fashion & Beauty",10,Guess Watches,guess.com,,Fashion-house licensed watches
Invicta Watch Group,F2 team title sponsor (Invicta Racing),"Luxury, Fashion & Beauty",11,Nixon,nixon.com,,Action-sports lifestyle watch brand
Invicta Watch Group,F2 team title sponsor (Invicta Racing),"Luxury, Fashion & Beauty",12,Diesel Watches,diesel.com,,Fossil Group fashion watch line
Invicta Watch Group,F2 team title sponsor (Invicta Racing),"Luxury, Fashion & Beauty",13,Armitron,armitron.com,,Budget fashion watch brand
Invicta Watch Group,F2 team title sponsor (Invicta Racing),"Luxury, Fashion & Beauty",14,Stuhrling Original,stuhrling.com,,Affordable dress-watch brand
Invicta Watch Group,F2 team title sponsor (Invicta Racing),"Luxury, Fashion & Beauty",15,Akribos XXIV,akribosxxiv.com,,Affordable fashion watch brand
Invicta Watch Group,F2 team title sponsor (Invicta Racing),"Luxury, Fashion & Beauty",16,Daniel Wellington,danielwellington.com,,Direct-to-consumer fashion watch brand
Invicta Watch Group,F2 team title sponsor (Invicta Racing),"Luxury, Fashion & Beauty",17,MVMT,mvmt.com,,Movado Group direct-to-consumer watch brand
Invicta Watch Group,F2 team title sponsor (Invicta Racing),"Luxury, Fashion & Beauty",18,Vincero,vincerocollective.com,,Direct-to-consumer fashion watch brand
Invicta Watch Group,F2 team title sponsor (Invicta Racing),"Luxury, Fashion & Beauty",19,Shinola,shinola.com,,American-made lifestyle watch brand
IWC Schaffhausen (Richemont),Mercedes partner,"Luxury, Fashion & Beauty",1,Jaeger-LeCoultre,jaeger-lecoultre.com,,Richemont fine watchmaking
IWC Schaffhausen (Richemont),Mercedes partner,"Luxury, Fashion & Beauty",2,Panerai,panerai.com,,Richemont sport-luxury watches
IWC Schaffhausen (Richemont),Mercedes partner,"Luxury, Fashion & Beauty",3,Vacheron Constantin,vacheron-constantin.com,,Richemont haute horlogerie
IWC Schaffhausen (Richemont),Mercedes partner,"Luxury, Fashion & Beauty",4,Cartier,cartier.com,,Richemont luxury watches & jewellery
IWC Schaffhausen (Richemont),Mercedes partner,"Luxury, Fashion & Beauty",5,Piaget,piaget.com,,Richemont luxury watches & jewellery
IWC Schaffhausen (Richemont),Mercedes partner,"Luxury, Fashion & Beauty",6,A. Lange & Sohne,alange-soehne.com,,Richemont German haute horlogerie
IWC Schaffhausen (Richemont),Mercedes partner,"Luxury, Fashion & Beauty",7,Breitling,breitling.com,YES,F1 sponsor (Aston Martin)
IWC Schaffhausen (Richemont),Mercedes partner,"Luxury, Fashion & Beauty",8,Omega,omegawatches.com,,Swatch Group prestige sport watches
IWC Schaffhausen (Richemont),Mercedes partner,"Luxury, Fashion & Beauty",9,TAG Heuer,tagheuer.com,YES,F1 sponsor & official timekeeper
IWC Schaffhausen (Richemont),Mercedes partner,"Luxury, Fashion & Beauty",10,Rolex,rolex.com,YES,F1 sponsor (Australian GP)
IWC Schaffhausen (Richemont),Mercedes partner,"Luxury, Fashion & Beauty",11,Zenith,zenith-watches.com,,LVMH chronograph specialist
IWC Schaffhausen (Richemont),Mercedes partner,"Luxury, Fashion & Beauty",12,Hublot,hublot.com,,LVMH fusion/sport luxury watches
IWC Schaffhausen (Richemont),Mercedes partner,"Luxury, Fashion & Beauty",13,Chopard,chopard.com,,Independent Swiss luxury watches
IWC Schaffhausen (Richemont),Mercedes partner,"Luxury, Fashion & Beauty",14,Girard-Perregaux,girard-perregaux.com,YES,F1 sponsor (Williams)
IWC Schaffhausen (Richemont),Mercedes partner,"Luxury, Fashion & Beauty",15,Richard Mille,richardmille.com,YES,F1 sponsor (Ferrari/McLaren)
IWC Schaffhausen (Richemont),Mercedes partner,"Luxury, Fashion & Beauty",16,Blancpain,blancpain.com,,Swatch Group haute horlogerie
IWC Schaffhausen (Richemont),Mercedes partner,"Luxury, Fashion & Beauty",17,Breguet,breguet.com,,Swatch Group haute horlogerie
IWC Schaffhausen (Richemont),Mercedes partner,"Luxury, Fashion & Beauty",18,Ulysse Nardin,ulysse-nardin.com,,Independent Swiss watchmaker
IWC Schaffhausen (Richemont),Mercedes partner,"Luxury, Fashion & Beauty",19,Baume & Mercier,baume-et-mercier.com,,Richemont accessible luxury watches
IWC Schaffhausen (Richemont),Mercedes partner,"Luxury, Fashion & Beauty",20,Montblanc,montblanc.com,,Richemont watches & writing instruments
IWC Schaffhausen (Richemont),Mercedes partner,"Luxury, Fashion & Beauty",21,Bulgari,bulgari.com,,LVMH jewellery & watch house
IWC Schaffhausen (Richemont),Mercedes partner,"Luxury, Fashion & Beauty",22,Tudor,tudorwatch.com,YES,F1 sponsor (Racing Bulls)
IWC Schaffhausen (Richemont),Mercedes partner,"Luxury, Fashion & Beauty",23,Longines,longines.com,,Swatch Group heritage sport watches
IWC Schaffhausen (Richemont),Mercedes partner,"Luxury, Fashion & Beauty",24,Oris,oris.ch,,Independent Swiss watchmaker
IWC Schaffhausen (Richemont),Mercedes partner,"Luxury, Fashion & Beauty",25,Grand Seiko,grand-seiko.com,,Japanese luxury watch line
Louis Vuitton (LVMH),F1 official partner; Monaco GP title partner,"Luxury, Fashion & Beauty",1,Gucci,gucci.com,,Kering luxury fashion/leather goods
Louis Vuitton (LVMH),F1 official partner; Monaco GP title partner,"Luxury, Fashion & Beauty",2,Chanel,chanel.com,,Privately held luxury fashion house
Louis Vuitton (LVMH),F1 official partner; Monaco GP title partner,"Luxury, Fashion & Beauty",3,Hermes,hermes.com,,Luxury leather goods house
Louis Vuitton (LVMH),F1 official partner; Monaco GP title partner,"Luxury, Fashion & Beauty",4,Prada,prada.com,,Prada Group luxury fashion
Louis Vuitton (LVMH),F1 official partner; Monaco GP title partner,"Luxury, Fashion & Beauty",5,Dior,dior.com,,LVMH sister luxury fashion house
Louis Vuitton (LVMH),F1 official partner; Monaco GP title partner,"Luxury, Fashion & Beauty",6,Fendi,fendi.com,,LVMH luxury leather goods
Louis Vuitton (LVMH),F1 official partner; Monaco GP title partner,"Luxury, Fashion & Beauty",7,Balenciaga,balenciaga.com,,Kering luxury fashion
Louis Vuitton (LVMH),F1 official partner; Monaco GP title partner,"Luxury, Fashion & Beauty",8,Saint Laurent,ysl.com,,Kering luxury fashion
Louis Vuitton (LVMH),F1 official partner; Monaco GP title partner,"Luxury, Fashion & Beauty",9,Burberry,burberry.com,,British luxury fashion house
Louis Vuitton (LVMH),F1 official partner; Monaco GP title partner,"Luxury, Fashion & Beauty",10,Bottega Veneta,bottegaveneta.com,,Kering luxury leather goods
Louis Vuitton (LVMH),F1 official partner; Monaco GP title partner,"Luxury, Fashion & Beauty",11,Loewe,loewe.com,,LVMH luxury leather goods
Louis Vuitton (LVMH),F1 official partner; Monaco GP title partner,"Luxury, Fashion & Beauty",12,Celine,celine.com,,LVMH luxury fashion
Louis Vuitton (LVMH),F1 official partner; Monaco GP title partner,"Luxury, Fashion & Beauty",13,Givenchy,givenchy.com,,LVMH luxury fashion
Louis Vuitton (LVMH),F1 official partner; Monaco GP title partner,"Luxury, Fashion & Beauty",14,Versace,versace.com,,Capri Holdings luxury fashion
Louis Vuitton (LVMH),F1 official partner; Monaco GP title partner,"Luxury, Fashion & Beauty",15,Moncler,moncler.com,,Luxury outerwear house
Louis Vuitton (LVMH),F1 official partner; Monaco GP title partner,"Luxury, Fashion & Beauty",16,Coach,coach.com,,Tapestry accessible luxury leather goods
Louis Vuitton (LVMH),F1 official partner; Monaco GP title partner,"Luxury, Fashion & Beauty",17,Michael Kors,michaelkors.com,,Capri Holdings accessible luxury
Louis Vuitton (LVMH),F1 official partner; Monaco GP title partner,"Luxury, Fashion & Beauty",18,Ralph Lauren,ralphlauren.com,,American luxury fashion house
Louis Vuitton (LVMH),F1 official partner; Monaco GP title partner,"Luxury, Fashion & Beauty",19,Salvatore Ferragamo,ferragamo.com,,Italian luxury leather goods
Louis Vuitton (LVMH),F1 official partner; Monaco GP title partner,"Luxury, Fashion & Beauty",20,Tod's,tods.com,,Italian luxury leather goods
Louis Vuitton (LVMH),F1 official partner; Monaco GP title partner,"Luxury, Fashion & Beauty",21,Valentino,valentino.com,,Italian luxury fashion house
Louis Vuitton (LVMH),F1 official partner; Monaco GP title partner,"Luxury, Fashion & Beauty",22,Alexander McQueen,alexandermcqueen.com,,Kering luxury fashion
Louis Vuitton (LVMH),F1 official partner; Monaco GP title partner,"Luxury, Fashion & Beauty",23,Longchamp,longchamp.com,,French leather goods house
Louis Vuitton (LVMH),F1 official partner; Monaco GP title partner,"Luxury, Fashion & Beauty",24,Kate Spade,katespade.com,,Tapestry accessible luxury
Louis Vuitton (LVMH),F1 official partner; Monaco GP title partner,"Luxury, Fashion & Beauty",25,Chloe,chloe.com,,Richemont luxury fashion house
Louis Vuitton (LVMH),F1 official partner; Monaco GP title partner,"Luxury, Fashion & Beauty",26,Brunello Cucinelli,brunellocucinelli.com,,Italian luxury cashmere/fashion
Louis Vuitton (LVMH),F1 official partner; Monaco GP title partner,"Luxury, Fashion & Beauty",27,Mulberry,mulberry.com,,British luxury leather goods
Louis Vuitton (LVMH),F1 official partner; Monaco GP title partner,"Luxury, Fashion & Beauty",28,Delvaux,delvaux.com,,Belgian luxury leather goods
Louis Vuitton (LVMH),F1 official partner; Monaco GP title partner,"Luxury, Fashion & Beauty",29,Goyard,goyard.com,,French luxury trunk/leather goods
LVMH,"F1 global partner (10-year deal; brands TAG Heuer, Louis Vuitton, Moet Hennessy, Sephora)","Luxury, Fashion & Beauty",1,Kering,kering.com,,Gucci/Saint Laurent/Bottega Veneta parent
LVMH,"F1 global partner (10-year deal; brands TAG Heuer, Louis Vuitton, Moet Hennessy, Sephora)","Luxury, Fashion & Beauty",2,Compagnie Financiere Richemont,richemont.com,YES,Owns IWC Schaffhausen (F1 sponsor via Mercedes)
LVMH,"F1 global partner (10-year deal; brands TAG Heuer, Louis Vuitton, Moet Hennessy, Sephora)","Luxury, Fashion & Beauty",3,EssilorLuxottica,essilorluxottica.com,YES,Owns Ray-Ban & Oakley (F1 sponsors)
LVMH,"F1 global partner (10-year deal; brands TAG Heuer, Louis Vuitton, Moet Hennessy, Sephora)","Luxury, Fashion & Beauty",4,Chanel,chanel.com,,Privately held luxury house
LVMH,"F1 global partner (10-year deal; brands TAG Heuer, Louis Vuitton, Moet Hennessy, Sephora)","Luxury, Fashion & Beauty",5,Hermes International,hermes.com,,Leather goods & fashion house
LVMH,"F1 global partner (10-year deal; brands TAG Heuer, Louis Vuitton, Moet Hennessy, Sephora)","Luxury, Fashion & Beauty",6,L'Oreal Group,loreal.com,,Beauty conglomerate
LVMH,"F1 global partner (10-year deal; brands TAG Heuer, Louis Vuitton, Moet Hennessy, Sephora)","Luxury, Fashion & Beauty",7,Estee Lauder Companies,elcompanies.com,,Prestige beauty conglomerate
LVMH,"F1 global partner (10-year deal; brands TAG Heuer, Louis Vuitton, Moet Hennessy, Sephora)","Luxury, Fashion & Beauty",8,Puig,puig.com,YES,Owns Charlotte Tilbury (F1 sponsor)
LVMH,"F1 global partner (10-year deal; brands TAG Heuer, Louis Vuitton, Moet Hennessy, Sephora)","Luxury, Fashion & Beauty",9,Capri Holdings,capriholdings.com,,Michael Kors/Versace/Jimmy Choo
LVMH,"F1 global partner (10-year deal; brands TAG Heuer, Louis Vuitton, Moet Hennessy, Sephora)","Luxury, Fashion & Beauty",10,Tapestry Inc.,tapestry.com,,Coach/Kate Spade/Stuart Weitzman
LVMH,"F1 global partner (10-year deal; brands TAG Heuer, Louis Vuitton, Moet Hennessy, Sephora)","Luxury, Fashion & Beauty",11,PVH Corp.,pvh.com,YES,Owns Tommy Hilfiger (F1 sponsor)
LVMH,"F1 global partner (10-year deal; brands TAG Heuer, Louis Vuitton, Moet Hennessy, Sephora)","Luxury, Fashion & Beauty",12,Ralph Lauren Corporation,ralphlauren.com,,American luxury fashion house
LVMH,"F1 global partner (10-year deal; brands TAG Heuer, Louis Vuitton, Moet Hennessy, Sephora)","Luxury, Fashion & Beauty",13,Prada Group,pradagroup.com,,Prada/Miu Miu
LVMH,"F1 global partner (10-year deal; brands TAG Heuer, Louis Vuitton, Moet Hennessy, Sephora)","Luxury, Fashion & Beauty",14,Burberry Group,burberryplc.com,,British luxury fashion house
LVMH,"F1 global partner (10-year deal; brands TAG Heuer, Louis Vuitton, Moet Hennessy, Sephora)","Luxury, Fashion & Beauty",15,Moncler Group,monclergroup.com,,Luxury outerwear group
LVMH,"F1 global partner (10-year deal; brands TAG Heuer, Louis Vuitton, Moet Hennessy, Sephora)","Luxury, Fashion & Beauty",16,Swatch Group,swatchgroup.com,,Omega/Longines/Tissot watch conglomerate
LVMH,"F1 global partner (10-year deal; brands TAG Heuer, Louis Vuitton, Moet Hennessy, Sephora)","Luxury, Fashion & Beauty",17,Shiseido Company,shiseido.com,,Beauty conglomerate
LVMH,"F1 global partner (10-year deal; brands TAG Heuer, Louis Vuitton, Moet Hennessy, Sephora)","Luxury, Fashion & Beauty",18,Coty Inc.,coty.com,,Beauty & fragrance conglomerate
LVMH,"F1 global partner (10-year deal; brands TAG Heuer, Louis Vuitton, Moet Hennessy, Sephora)","Luxury, Fashion & Beauty",19,L'Occitane Group,loccitane-group.com,YES,Owns ELEMIS (F1 sponsor)
LVMH,"F1 global partner (10-year deal; brands TAG Heuer, Louis Vuitton, Moet Hennessy, Sephora)","Luxury, Fashion & Beauty",20,Samsonite International,samsonite.com,YES,Owns TUMI (F1 sponsor)
LVMH,"F1 global partner (10-year deal; brands TAG Heuer, Louis Vuitton, Moet Hennessy, Sephora)","Luxury, Fashion & Beauty",21,Topgolf Callaway Brands,topgolfcallawaybrands.com,YES,Owns OGIO & TravisMathew (F1 sponsors)
LVMH,"F1 global partner (10-year deal; brands TAG Heuer, Louis Vuitton, Moet Hennessy, Sephora)","Luxury, Fashion & Beauty",22,Hugo Boss AG,hugoboss.com,YES,F1 sponsor itself (BOSS/HUGO)
LVMH,"F1 global partner (10-year deal; brands TAG Heuer, Louis Vuitton, Moet Hennessy, Sephora)","Luxury, Fashion & Beauty",23,adidas AG,adidas.com,YES,F1 sponsor (Mercedes apparel)
LVMH,"F1 global partner (10-year deal; brands TAG Heuer, Louis Vuitton, Moet Hennessy, Sephora)","Luxury, Fashion & Beauty",24,Puma SE,puma.com,YES,F1 sponsor (Ferrari/McLaren/Aston Martin)
LVMH,"F1 global partner (10-year deal; brands TAG Heuer, Louis Vuitton, Moet Hennessy, Sephora)","Luxury, Fashion & Beauty",25,OTB Group,otb.net,,Diesel/Maison Margiela/Marni
LVMH,"F1 global partner (10-year deal; brands TAG Heuer, Louis Vuitton, Moet Hennessy, Sephora)","Luxury, Fashion & Beauty",26,Chow Tai Fook Jewellery Group,chowtaifook.com,,Jewellery & watch retail conglomerate
LVMH,"F1 global partner (10-year deal; brands TAG Heuer, Louis Vuitton, Moet Hennessy, Sephora)","Luxury, Fashion & Beauty",27,Christian Louboutin,christianlouboutin.com,,Luxury footwear & accessories
Maui Jim (Kering Eyewear),Red Bull Racing partner,"Luxury, Fashion & Beauty",1,Ray-Ban,ray-ban.com,YES,F1 sponsor (Ferrari)
Maui Jim (Kering Eyewear),Red Bull Racing partner,"Luxury, Fashion & Beauty",2,Oakley,oakley.com,YES,F1 sponsor (Aston Martin)
Maui Jim (Kering Eyewear),Red Bull Racing partner,"Luxury, Fashion & Beauty",3,Costa Del Mar,costadelmar.com,,EssilorLuxottica performance sunglasses brand
Maui Jim (Kering Eyewear),Red Bull Racing partner,"Luxury, Fashion & Beauty",4,Persol,persol.com,,EssilorLuxottica premium eyewear brand
Maui Jim (Kering Eyewear),Red Bull Racing partner,"Luxury, Fashion & Beauty",5,Serengeti,serengeti-eyewear.com,,Premium performance sunglasses brand
Maui Jim (Kering Eyewear),Red Bull Racing partner,"Luxury, Fashion & Beauty",6,Native Eyewear,nativeeyewear.com,,Performance sunglasses brand
Maui Jim (Kering Eyewear),Red Bull Racing partner,"Luxury, Fashion & Beauty",7,Kaenon,kaenon.com,,Premium polarized sunglasses brand
Maui Jim (Kering Eyewear),Red Bull Racing partner,"Luxury, Fashion & Beauty",8,ic! berlin,ic-berlin.de,YES,F1 sponsor (Audi)
Maui Jim (Kering Eyewear),Red Bull Racing partner,"Luxury, Fashion & Beauty",9,Randolph Engineering,randolphusa.com,,American heritage sunglasses brand
Maui Jim (Kering Eyewear),Red Bull Racing partner,"Luxury, Fashion & Beauty",10,Vuarnet,vuarnet.com,,French heritage sunglasses brand
Maui Jim (Kering Eyewear),Red Bull Racing partner,"Luxury, Fashion & Beauty",11,Wiley X,wileyx.com,,Performance/tactical eyewear brand
Maui Jim (Kering Eyewear),Red Bull Racing partner,"Luxury, Fashion & Beauty",12,Smith Optics,smithoptics.com,,Performance sport eyewear brand
Maui Jim (Kering Eyewear),Red Bull Racing partner,"Luxury, Fashion & Beauty",13,Revo,revo.com,,Premium polarized sunglasses brand
Mous,Mercedes partner,"Luxury, Fashion & Beauty",1,OtterBox,otterbox.com,,Protective phone case brand
Mous,Mercedes partner,"Luxury, Fashion & Beauty",2,Casetify,casetify.com,,Lifestyle/protective phone case brand
Mous,Mercedes partner,"Luxury, Fashion & Beauty",3,Spigen,spigen.com,,Protective phone case & accessories brand
Mous,Mercedes partner,"Luxury, Fashion & Beauty",4,UAG (Urban Armor Gear),urbanarmorgear.com,,Rugged protective case brand
Mous,Mercedes partner,"Luxury, Fashion & Beauty",5,Peak Design,peakdesign.com,,Premium tech accessories & cases brand
Mous,Mercedes partner,"Luxury, Fashion & Beauty",6,Nomad,nomadgoods.com,,Premium tech accessories & cases brand
Mous,Mercedes partner,"Luxury, Fashion & Beauty",7,Speck,speckproducts.com,,Protective phone case brand
Mous,Mercedes partner,"Luxury, Fashion & Beauty",8,LifeProof,lifeproof.com,,Otterbox-owned rugged case brand
Mous,Mercedes partner,"Luxury, Fashion & Beauty",9,Ringke,ringke.com,,Protective phone case brand
Mous,Mercedes partner,"Luxury, Fashion & Beauty",10,dbrand,dbrand.com,,Tech accessories & skins brand
Mous,Mercedes partner,"Luxury, Fashion & Beauty",11,ESR,esrgear.com,,Protective phone case & accessories brand
New Era,Red Bull Racing headwear; Alpine/Williams/Haas partner,"Luxury, Fashion & Beauty",1,'47 Brand,47brand.com,,Licensed sports headwear/apparel
New Era,Red Bull Racing headwear; Alpine/Williams/Haas partner,"Luxury, Fashion & Beauty",2,Mitchell & Ness,mitchellandness.com,,Vintage-licensed sports headwear/apparel
New Era,Red Bull Racing headwear; Alpine/Williams/Haas partner,"Luxury, Fashion & Beauty",3,Kangol,kangol.com,,Heritage headwear brand
New Era,Red Bull Racing headwear; Alpine/Williams/Haas partner,"Luxury, Fashion & Beauty",4,Flexfit,flexfit.com,,Fitted-cap headwear brand
New Era,Red Bull Racing headwear; Alpine/Williams/Haas partner,"Luxury, Fashion & Beauty",5,Nike,nike.com,,Sportswear brand with headwear line
New Era,Red Bull Racing headwear; Alpine/Williams/Haas partner,"Luxury, Fashion & Beauty",6,adidas,adidas.com,YES,F1 sponsor with headwear line (Mercedes)
New Era,Red Bull Racing headwear; Alpine/Williams/Haas partner,"Luxury, Fashion & Beauty",7,Puma,puma.com,YES,F1 sponsor with headwear line (Ferrari/McLaren)
New Era,Red Bull Racing headwear; Alpine/Williams/Haas partner,"Luxury, Fashion & Beauty",8,Champion,champion.com,,Athletic apparel/headwear brand
New Era,Red Bull Racing headwear; Alpine/Williams/Haas partner,"Luxury, Fashion & Beauty",9,American Needle,americanneedle.com,,Licensed sports headwear brand
New Era,Red Bull Racing headwear; Alpine/Williams/Haas partner,"Luxury, Fashion & Beauty",10,Ebbets Field Flannels,ebbets.com,,Vintage-style headwear/apparel brand
New Era,Red Bull Racing headwear; Alpine/Williams/Haas partner,"Luxury, Fashion & Beauty",11,Goorin Bros,goorin.com,,Heritage hat maker
Oakley (EssilorLuxottica),Aston Martin partner,"Luxury, Fashion & Beauty",1,Ray-Ban,ray-ban.com,YES,F1 sponsor (Ferrari); EssilorLuxottica sister brand
Oakley (EssilorLuxottica),Aston Martin partner,"Luxury, Fashion & Beauty",2,Maui Jim,mauijim.com,YES,F1 sponsor (Red Bull Racing)
Oakley (EssilorLuxottica),Aston Martin partner,"Luxury, Fashion & Beauty",3,Costa Del Mar,costadelmar.com,,EssilorLuxottica performance sunglasses brand
Oakley (EssilorLuxottica),Aston Martin partner,"Luxury, Fashion & Beauty",4,Smith Optics,smithoptics.com,,Performance sport eyewear brand
Oakley (EssilorLuxottica),Aston Martin partner,"Luxury, Fashion & Beauty",5,Nike Vision,nike.com,,Performance sport eyewear line
Oakley (EssilorLuxottica),Aston Martin partner,"Luxury, Fashion & Beauty",6,adidas Eyewear,adidas.com,YES,F1 sponsor (Mercedes); licensed sport eyewear line
Oakley (EssilorLuxottica),Aston Martin partner,"Luxury, Fashion & Beauty",7,100%,100percent.com,,Performance sport eyewear brand
Oakley (EssilorLuxottica),Aston Martin partner,"Luxury, Fashion & Beauty",8,POC Sports,pocsports.com,,Performance cycling/ski eyewear brand
Oakley (EssilorLuxottica),Aston Martin partner,"Luxury, Fashion & Beauty",9,Bolle,bolle.com,,Performance sport eyewear brand
Oakley (EssilorLuxottica),Aston Martin partner,"Luxury, Fashion & Beauty",10,Julbo,julbo.com,,French performance sport eyewear brand
Oakley (EssilorLuxottica),Aston Martin partner,"Luxury, Fashion & Beauty",11,Rudy Project,rudyproject.com,,Italian performance sport eyewear brand
Oakley (EssilorLuxottica),Aston Martin partner,"Luxury, Fashion & Beauty",12,Native Eyewear,nativeeyewear.com,,Performance sunglasses brand
Oakley (EssilorLuxottica),Aston Martin partner,"Luxury, Fashion & Beauty",13,Spy Optic,spyoptic.com,,Action-sports eyewear brand
Oakley (EssilorLuxottica),Aston Martin partner,"Luxury, Fashion & Beauty",14,Von Zipper,vonzipper.com,,Action-sports eyewear brand
Oakley (EssilorLuxottica),Aston Martin partner,"Luxury, Fashion & Beauty",15,ic! berlin,ic-berlin.de,YES,F1 sponsor (Audi)
Oakley (EssilorLuxottica),Aston Martin partner,"Luxury, Fashion & Beauty",16,Wiley X,wileyx.com,,Performance/tactical eyewear brand
OGIO (Topgolf Callaway Brands),Aston Martin partner,"Luxury, Fashion & Beauty",1,Vessel,vesselbags.com,,Premium golf bag brand
OGIO (Topgolf Callaway Brands),Aston Martin partner,"Luxury, Fashion & Beauty",2,Sun Mountain,sunmountain.com,,Golf bag & outerwear brand
OGIO (Topgolf Callaway Brands),Aston Martin partner,"Luxury, Fashion & Beauty",3,Titleist,titleist.com,,Golf equipment & bags brand
OGIO (Topgolf Callaway Brands),Aston Martin partner,"Luxury, Fashion & Beauty",4,Under Armour Golf,underarmour.com,,Golf bags & apparel line
OGIO (Topgolf Callaway Brands),Aston Martin partner,"Luxury, Fashion & Beauty",5,Nike Golf,nike.com,,Golf bags & apparel line (legacy)
OGIO (Topgolf Callaway Brands),Aston Martin partner,"Luxury, Fashion & Beauty",6,Datrek,datrek.com,,Golf bag brand
OGIO (Topgolf Callaway Brands),Aston Martin partner,"Luxury, Fashion & Beauty",7,Jones Golf Bags,jonesgolfbags.com,,Lifestyle golf bag brand
OGIO (Topgolf Callaway Brands),Aston Martin partner,"Luxury, Fashion & Beauty",8,Ping,ping.com,,Golf equipment & bags brand
OGIO (Topgolf Callaway Brands),Aston Martin partner,"Luxury, Fashion & Beauty",9,TaylorMade,taylormade.com,,Golf equipment & bags brand
OGIO (Topgolf Callaway Brands),Aston Martin partner,"Luxury, Fashion & Beauty",10,Cobra Golf,cobragolf.com,,Golf equipment & bags brand
OGIO (Topgolf Callaway Brands),Aston Martin partner,"Luxury, Fashion & Beauty",11,Osprey,osprey.com,,Performance backpack & bag brand
OGIO (Topgolf Callaway Brands),Aston Martin partner,"Luxury, Fashion & Beauty",12,Dakine,dakine.com,,Action-sports bag & luggage brand
Pepe Jeans,Red Bull Racing partner,"Luxury, Fashion & Beauty",1,Levi's,levi.com,,Global denim brand
Pepe Jeans,Red Bull Racing partner,"Luxury, Fashion & Beauty",2,Wrangler,wrangler.com,,Kontoor Brands denim brand
Pepe Jeans,Red Bull Racing partner,"Luxury, Fashion & Beauty",3,Lee,lee.com,,Kontoor Brands denim brand
Pepe Jeans,Red Bull Racing partner,"Luxury, Fashion & Beauty",4,Diesel,diesel.com,,OTB Group premium denim/fashion brand
Pepe Jeans,Red Bull Racing partner,"Luxury, Fashion & Beauty",5,Tommy Hilfiger,tommy.com,YES,F1 sponsor (Cadillac); denim/casualwear line
Pepe Jeans,Red Bull Racing partner,"Luxury, Fashion & Beauty",6,Calvin Klein,calvinklein.com,,PVH Corp denim/casualwear brand
Pepe Jeans,Red Bull Racing partner,"Luxury, Fashion & Beauty",7,G-Star RAW,g-star.com,,Dutch premium denim brand
Pepe Jeans,Red Bull Racing partner,"Luxury, Fashion & Beauty",8,Superdry,superdry.com,,British casualwear/denim brand
Pepe Jeans,Red Bull Racing partner,"Luxury, Fashion & Beauty",9,Guess,guess.com,,American casualwear/denim brand
Pepe Jeans,Red Bull Racing partner,"Luxury, Fashion & Beauty",10,Replay,replay.it,,Italian premium denim brand
Pepe Jeans,Red Bull Racing partner,"Luxury, Fashion & Beauty",11,True Religion,truereligion.com,,American premium denim brand
Pepe Jeans,Red Bull Racing partner,"Luxury, Fashion & Beauty",12,Mavi,mavi.com,,Turkish premium denim brand
Pepe Jeans,Red Bull Racing partner,"Luxury, Fashion & Beauty",13,Jack & Jones,jackjones.com,,Bestseller casualwear/denim brand
Perfect Moment,Alpine partner,"Luxury, Fashion & Beauty",1,Moncler Grenoble,moncler.com,,Luxury skiwear line
Perfect Moment,Alpine partner,"Luxury, Fashion & Beauty",2,Fusalp,fusalp.com,,French luxury skiwear brand
Perfect Moment,Alpine partner,"Luxury, Fashion & Beauty",3,Bogner,bogner.com,,German luxury skiwear/sportswear brand
Perfect Moment,Alpine partner,"Luxury, Fashion & Beauty",4,Erin Snow,erinsnow.com,,Luxury skiwear brand
Perfect Moment,Alpine partner,"Luxury, Fashion & Beauty",5,Cordova,cordovaskiwear.com,,Luxury skiwear brand
Perfect Moment,Alpine partner,"Luxury, Fashion & Beauty",6,Goldbergh,goldbergh.com,,Dutch luxury skiwear brand
Perfect Moment,Alpine partner,"Luxury, Fashion & Beauty",7,Rossignol,rossignol.com,,French ski equipment & apparel brand
Perfect Moment,Alpine partner,"Luxury, Fashion & Beauty",8,Peak Performance,peakperformance.com,,Scandinavian premium outdoor/skiwear brand
Perfect Moment,Alpine partner,"Luxury, Fashion & Beauty",9,Colmar,colmar.it,,Italian premium skiwear brand
Perfect Moment,Alpine partner,"Luxury, Fashion & Beauty",10,Yves Salomon,yvessalomon.fr,,French luxury outerwear brand
Perfect Moment,Alpine partner,"Luxury, Fashion & Beauty",11,Aztech Mountain,aztechmountain.com,,Luxury skiwear brand
Perfect Moment,Alpine partner,"Luxury, Fashion & Beauty",12,Templa,templa.com,,Luxury technical skiwear brand
Piquadro,Racing Bulls partner; Audi partner,"Luxury, Fashion & Beauty",1,TUMI,tumi.com,YES,F1 sponsor (McLaren)
Piquadro,Racing Bulls partner; Audi partner,"Luxury, Fashion & Beauty",2,Montblanc,montblanc.com,,Richemont premium leather goods brand
Piquadro,Racing Bulls partner; Audi partner,"Luxury, Fashion & Beauty",3,Bric's,brics.it,,Italian premium luggage brand
Piquadro,Racing Bulls partner; Audi partner,"Luxury, Fashion & Beauty",4,Mandarina Duck,mandarinaduck.com,,Italian bag & accessories brand
Piquadro,Racing Bulls partner; Audi partner,"Luxury, Fashion & Beauty",5,Samsonite,samsonite.com,,Global luggage & bag brand
Piquadro,Racing Bulls partner; Audi partner,"Luxury, Fashion & Beauty",6,Longchamp,longchamp.com,,French leather goods & bags
Piquadro,Racing Bulls partner; Audi partner,"Luxury, Fashion & Beauty",7,Trussardi,trussardi.com,,Italian leather goods & fashion house
Piquadro,Racing Bulls partner; Audi partner,"Luxury, Fashion & Beauty",8,Coach,coach.com,,Tapestry accessible-luxury leather goods
Piquadro,Racing Bulls partner; Audi partner,"Luxury, Fashion & Beauty",9,Fossil,fossil.com,,Accessible fashion accessories/bags
Piquadro,Racing Bulls partner; Audi partner,"Luxury, Fashion & Beauty",10,Braun Buffel,braun-buffel.de,,German premium leather goods brand
Puma,F1 official provider (retail/apparel); Ferrari/McLaren/Aston Martin kit; F1 Academy partner,"Luxury, Fashion & Beauty",1,adidas,adidas.com,YES,F1 sponsor (Mercedes apparel)
Puma,F1 official provider (retail/apparel); Ferrari/McLaren/Aston Martin kit; F1 Academy partner,"Luxury, Fashion & Beauty",2,Nike,nike.com,,Global sportswear leader
Puma,F1 official provider (retail/apparel); Ferrari/McLaren/Aston Martin kit; F1 Academy partner,"Luxury, Fashion & Beauty",3,Under Armour,underarmour.com,,Performance sportswear brand
Puma,F1 official provider (retail/apparel); Ferrari/McLaren/Aston Martin kit; F1 Academy partner,"Luxury, Fashion & Beauty",4,New Balance,newbalance.com,,Performance footwear & apparel
Puma,F1 official provider (retail/apparel); Ferrari/McLaren/Aston Martin kit; F1 Academy partner,"Luxury, Fashion & Beauty",5,ASICS,asics.com,,Japanese performance footwear brand
Puma,F1 official provider (retail/apparel); Ferrari/McLaren/Aston Martin kit; F1 Academy partner,"Luxury, Fashion & Beauty",6,Reebok,reebok.com,,Global sportswear brand
Puma,F1 official provider (retail/apparel); Ferrari/McLaren/Aston Martin kit; F1 Academy partner,"Luxury, Fashion & Beauty",7,Skechers,skechers.com,,Casual/performance footwear brand
Puma,F1 official provider (retail/apparel); Ferrari/McLaren/Aston Martin kit; F1 Academy partner,"Luxury, Fashion & Beauty",8,Fila,fila.com,,Sportswear/lifestyle brand
Puma,F1 official provider (retail/apparel); Ferrari/McLaren/Aston Martin kit; F1 Academy partner,"Luxury, Fashion & Beauty",9,Umbro,umbro.com,,Football-focused sportswear brand
Puma,F1 official provider (retail/apparel); Ferrari/McLaren/Aston Martin kit; F1 Academy partner,"Luxury, Fashion & Beauty",10,Lululemon,lululemon.com,,Athletic apparel brand
Puma,F1 official provider (retail/apparel); Ferrari/McLaren/Aston Martin kit; F1 Academy partner,"Luxury, Fashion & Beauty",11,Champion,champion.com,,Athletic apparel brand
Puma,F1 official provider (retail/apparel); Ferrari/McLaren/Aston Martin kit; F1 Academy partner,"Luxury, Fashion & Beauty",12,Converse,converse.com,,Nike-owned lifestyle footwear brand
Puma,F1 official provider (retail/apparel); Ferrari/McLaren/Aston Martin kit; F1 Academy partner,"Luxury, Fashion & Beauty",13,Vans,vans.com,,VF Corp lifestyle footwear brand
Puma,F1 official provider (retail/apparel); Ferrari/McLaren/Aston Martin kit; F1 Academy partner,"Luxury, Fashion & Beauty",14,Kappa,kappa.com,,Italian sportswear brand
Puma,F1 official provider (retail/apparel); Ferrari/McLaren/Aston Martin kit; F1 Academy partner,"Luxury, Fashion & Beauty",15,Diadora,diadora.com,,Italian sportswear brand
Puma,F1 official provider (retail/apparel); Ferrari/McLaren/Aston Martin kit; F1 Academy partner,"Luxury, Fashion & Beauty",16,Mizuno,mizuno.com,,Japanese performance sportswear brand
Puma,F1 official provider (retail/apparel); Ferrari/McLaren/Aston Martin kit; F1 Academy partner,"Luxury, Fashion & Beauty",17,Hoka,hoka.com,,Deckers-owned performance running brand
Puma,F1 official provider (retail/apparel); Ferrari/McLaren/Aston Martin kit; F1 Academy partner,"Luxury, Fashion & Beauty",18,On Running,on-running.com,,Swiss performance running brand
Puma,F1 official provider (retail/apparel); Ferrari/McLaren/Aston Martin kit; F1 Academy partner,"Luxury, Fashion & Beauty",19,Castore,castore.com,YES,F1 sponsor (Red Bull Racing teamwear)
Puma,F1 official provider (retail/apparel); Ferrari/McLaren/Aston Martin kit; F1 Academy partner,"Luxury, Fashion & Beauty",20,Le Coq Sportif,lecoqsportif.com,,French sportswear heritage brand
Puma,F1 official provider (retail/apparel); Ferrari/McLaren/Aston Martin kit; F1 Academy partner,"Luxury, Fashion & Beauty",21,Joma,joma-sport.com,,Spanish sportswear brand
Puma,F1 official provider (retail/apparel); Ferrari/McLaren/Aston Martin kit; F1 Academy partner,"Luxury, Fashion & Beauty",22,Macron,macron.com,,Italian teamwear/sportswear brand
Puma,F1 official provider (retail/apparel); Ferrari/McLaren/Aston Martin kit; F1 Academy partner,"Luxury, Fashion & Beauty",23,Gymshark,gymshark.com,,Fitness apparel brand
Ray-Ban (EssilorLuxottica),Ferrari partner,"Luxury, Fashion & Beauty",1,Oakley,oakley.com,YES,F1 sponsor (Aston Martin); EssilorLuxottica sister brand
Ray-Ban (EssilorLuxottica),Ferrari partner,"Luxury, Fashion & Beauty",2,Persol,persol.com,,EssilorLuxottica premium eyewear brand
Ray-Ban (EssilorLuxottica),Ferrari partner,"Luxury, Fashion & Beauty",3,Maui Jim,mauijim.com,YES,F1 sponsor (Red Bull Racing)
Ray-Ban (EssilorLuxottica),Ferrari partner,"Luxury, Fashion & Beauty",4,Prada Eyewear,prada.com,,Licensed luxury eyewear line
Ray-Ban (EssilorLuxottica),Ferrari partner,"Luxury, Fashion & Beauty",5,Gucci Eyewear,gucci.com,,Licensed luxury eyewear line
Ray-Ban (EssilorLuxottica),Ferrari partner,"Luxury, Fashion & Beauty",6,Versace Eyewear,versace.com,,Licensed luxury eyewear line
Ray-Ban (EssilorLuxottica),Ferrari partner,"Luxury, Fashion & Beauty",7,Dior Eyewear,dior.com,,Licensed luxury eyewear line
Ray-Ban (EssilorLuxottica),Ferrari partner,"Luxury, Fashion & Beauty",8,Tom Ford Eyewear,tomford.com,,Licensed luxury eyewear line
Ray-Ban (EssilorLuxottica),Ferrari partner,"Luxury, Fashion & Beauty",9,Warby Parker,warbyparker.com,,Direct-to-consumer eyewear brand
Ray-Ban (EssilorLuxottica),Ferrari partner,"Luxury, Fashion & Beauty",10,Costa Del Mar,costadelmar.com,,EssilorLuxottica performance sunglasses brand
Ray-Ban (EssilorLuxottica),Ferrari partner,"Luxury, Fashion & Beauty",11,ic! berlin,ic-berlin.de,YES,F1 sponsor (Audi)
Ray-Ban (EssilorLuxottica),Ferrari partner,"Luxury, Fashion & Beauty",12,Serengeti,serengeti-eyewear.com,,Premium performance sunglasses brand
Ray-Ban (EssilorLuxottica),Ferrari partner,"Luxury, Fashion & Beauty",13,Carrera,carreraworld.com,,Safilo sport/fashion eyewear brand
Ray-Ban (EssilorLuxottica),Ferrari partner,"Luxury, Fashion & Beauty",14,Vuarnet,vuarnet.com,,French heritage sunglasses brand
Ray-Ban (EssilorLuxottica),Ferrari partner,"Luxury, Fashion & Beauty",15,Quay Australia,quayaustralia.com,,Fashion sunglasses brand
Ray-Ban (EssilorLuxottica),Ferrari partner,"Luxury, Fashion & Beauty",16,Randolph Engineering,randolphusa.com,,American heritage sunglasses brand
Ray-Ban (EssilorLuxottica),Ferrari partner,"Luxury, Fashion & Beauty",17,Native Eyewear,nativeeyewear.com,,Performance sunglasses brand
Reiss,McLaren partner,"Luxury, Fashion & Beauty",1,Ted Baker,tedbaker.com,,British contemporary fashion brand
Reiss,McLaren partner,"Luxury, Fashion & Beauty",2,AllSaints,allsaints.com,,British contemporary fashion brand
Reiss,McLaren partner,"Luxury, Fashion & Beauty",3,Hugo Boss,hugoboss.com,YES,F1 sponsor (Racing Bulls/Aston Martin)
Reiss,McLaren partner,"Luxury, Fashion & Beauty",4,Massimo Dutti,massimodutti.com,,Inditex premium contemporary brand
Reiss,McLaren partner,"Luxury, Fashion & Beauty",5,COS,cosstores.com,,H&M Group premium contemporary brand
Reiss,McLaren partner,"Luxury, Fashion & Beauty",6,Whistles,whistles.com,,British contemporary fashion brand
Reiss,McLaren partner,"Luxury, Fashion & Beauty",7,Jigsaw,jigsaw-online.com,,British contemporary fashion brand
Reiss,McLaren partner,"Luxury, Fashion & Beauty",8,Club Monaco,clubmonaco.com,,Contemporary fashion brand
Reiss,McLaren partner,"Luxury, Fashion & Beauty",9,Theory,theory.com,,Contemporary fashion brand
Reiss,McLaren partner,"Luxury, Fashion & Beauty",10,J.Crew,jcrew.com,,American contemporary fashion brand
Reiss,McLaren partner,"Luxury, Fashion & Beauty",11,Banana Republic,bananarepublic.com,,Gap Inc. premium casualwear brand
Reiss,McLaren partner,"Luxury, Fashion & Beauty",12,Sandro,sandro-paris.com,,French contemporary fashion brand
Reiss,McLaren partner,"Luxury, Fashion & Beauty",13,Maje,maje.com,,French contemporary fashion brand
Reiss,McLaren partner,"Luxury, Fashion & Beauty",14,Ralph Lauren,ralphlauren.com,,American luxury fashion house
Reiss,McLaren partner,"Luxury, Fashion & Beauty",15,Tommy Hilfiger,tommy.com,YES,F1 sponsor (Cadillac)
Reiss,McLaren partner,"Luxury, Fashion & Beauty",16,Superdry,superdry.com,,British casualwear brand
Reiss,McLaren partner,"Luxury, Fashion & Beauty",17,Charles Tyrwhitt,ctshirts.com,,British smart menswear brand
Richard Mille,Ferrari partner; McLaren partner,"Luxury, Fashion & Beauty",1,Audemars Piguet,audemarspiguet.com,,Independent haute horlogerie
Richard Mille,Ferrari partner; McLaren partner,"Luxury, Fashion & Beauty",2,Patek Philippe,patek.com,,Independent haute horlogerie
Richard Mille,Ferrari partner; McLaren partner,"Luxury, Fashion & Beauty",3,Vacheron Constantin,vacheron-constantin.com,,Richemont haute horlogerie
Richard Mille,Ferrari partner; McLaren partner,"Luxury, Fashion & Beauty",4,Hublot,hublot.com,,LVMH fusion/sport luxury watches
Richard Mille,Ferrari partner; McLaren partner,"Luxury, Fashion & Beauty",5,Rolex,rolex.com,YES,F1 sponsor (Australian GP)
Richard Mille,Ferrari partner; McLaren partner,"Luxury, Fashion & Beauty",6,A. Lange & Sohne,alange-soehne.com,,Richemont German haute horlogerie
Richard Mille,Ferrari partner; McLaren partner,"Luxury, Fashion & Beauty",7,Jacob & Co,jacobandco.com,,Ultra-high-end jewelry watchmaker
Richard Mille,Ferrari partner; McLaren partner,"Luxury, Fashion & Beauty",8,Franck Muller,franckmuller.com,,Independent avant-garde haute horlogerie
Richard Mille,Ferrari partner; McLaren partner,"Luxury, Fashion & Beauty",9,Roger Dubuis,rogerdubuis.com,,Richemont avant-garde haute horlogerie
Richard Mille,Ferrari partner; McLaren partner,"Luxury, Fashion & Beauty",10,Greubel Forsey,greubelforsey.com,,Independent ultra-high-end watchmaker
Richard Mille,Ferrari partner; McLaren partner,"Luxury, Fashion & Beauty",11,Urwerk,urwerk.com,,Independent avant-garde watchmaker
Richard Mille,Ferrari partner; McLaren partner,"Luxury, Fashion & Beauty",12,MB&F,mbandf.com,,Independent concept watchmaker
Richard Mille,Ferrari partner; McLaren partner,"Luxury, Fashion & Beauty",13,Bovet,bovet.com,,Independent haute horlogerie
Richard Mille,Ferrari partner; McLaren partner,"Luxury, Fashion & Beauty",14,H. Moser & Cie,h-moser.com,YES,F1 sponsor (Alpine)
Richard Mille,Ferrari partner; McLaren partner,"Luxury, Fashion & Beauty",15,Girard-Perregaux,girard-perregaux.com,YES,F1 sponsor (Williams)
Richard Mille,Ferrari partner; McLaren partner,"Luxury, Fashion & Beauty",16,Breguet,breguet.com,,Swatch Group haute horlogerie
Richard Mille,Ferrari partner; McLaren partner,"Luxury, Fashion & Beauty",17,Piaget,piaget.com,,Richemont luxury watches & jewellery
Richard Mille,Ferrari partner; McLaren partner,"Luxury, Fashion & Beauty",18,Chopard,chopard.com,,Independent Swiss luxury watches
Richard Mille,Ferrari partner; McLaren partner,"Luxury, Fashion & Beauty",19,Bulgari,bulgari.com,,LVMH jewellery & watch house
Richard Mille,Ferrari partner; McLaren partner,"Luxury, Fashion & Beauty",20,Jaeger-LeCoultre,jaeger-lecoultre.com,,Richemont fine watchmaking
Richard Mille,Ferrari partner; McLaren partner,"Luxury, Fashion & Beauty",21,Ulysse Nardin,ulysse-nardin.com,,Independent Swiss watchmaker
Richard Mille,Ferrari partner; McLaren partner,"Luxury, Fashion & Beauty",22,Zenith,zenith-watches.com,,LVMH chronograph specialist
Richard Mille,Ferrari partner; McLaren partner,"Luxury, Fashion & Beauty",23,Panerai,panerai.com,,Richemont sport-luxury watches
Richard Mille,Ferrari partner; McLaren partner,"Luxury, Fashion & Beauty",24,Cartier,cartier.com,,Richemont luxury watches & jewellery
Rolex,Australian GP major partner (legacy F1 timing partner heritage); Tudor parent at Racing Bulls,"Luxury, Fashion & Beauty",1,Patek Philippe,patek.com,,Independent haute horlogerie
Rolex,Australian GP major partner (legacy F1 timing partner heritage); Tudor parent at Racing Bulls,"Luxury, Fashion & Beauty",2,Audemars Piguet,audemarspiguet.com,,Independent haute horlogerie
Rolex,Australian GP major partner (legacy F1 timing partner heritage); Tudor parent at Racing Bulls,"Luxury, Fashion & Beauty",3,Omega,omegawatches.com,,Swatch Group prestige sport watches
Rolex,Australian GP major partner (legacy F1 timing partner heritage); Tudor parent at Racing Bulls,"Luxury, Fashion & Beauty",4,Vacheron Constantin,vacheron-constantin.com,,Richemont haute horlogerie
Rolex,Australian GP major partner (legacy F1 timing partner heritage); Tudor parent at Racing Bulls,"Luxury, Fashion & Beauty",5,Jaeger-LeCoultre,jaeger-lecoultre.com,,Richemont fine watchmaking
Rolex,Australian GP major partner (legacy F1 timing partner heritage); Tudor parent at Racing Bulls,"Luxury, Fashion & Beauty",6,Cartier,cartier.com,,Richemont luxury watches & jewellery
Rolex,Australian GP major partner (legacy F1 timing partner heritage); Tudor parent at Racing Bulls,"Luxury, Fashion & Beauty",7,IWC Schaffhausen,iwc.com,YES,F1 sponsor (Mercedes)
Rolex,Australian GP major partner (legacy F1 timing partner heritage); Tudor parent at Racing Bulls,"Luxury, Fashion & Beauty",8,Breitling,breitling.com,YES,F1 sponsor (Aston Martin)
Rolex,Australian GP major partner (legacy F1 timing partner heritage); Tudor parent at Racing Bulls,"Luxury, Fashion & Beauty",9,TAG Heuer,tagheuer.com,YES,F1 sponsor & official timekeeper
Rolex,Australian GP major partner (legacy F1 timing partner heritage); Tudor parent at Racing Bulls,"Luxury, Fashion & Beauty",10,Panerai,panerai.com,,Richemont sport-luxury watches
Rolex,Australian GP major partner (legacy F1 timing partner heritage); Tudor parent at Racing Bulls,"Luxury, Fashion & Beauty",11,Hublot,hublot.com,,LVMH fusion/sport luxury watches
Rolex,Australian GP major partner (legacy F1 timing partner heritage); Tudor parent at Racing Bulls,"Luxury, Fashion & Beauty",12,Chopard,chopard.com,,Independent Swiss luxury watches
Rolex,Australian GP major partner (legacy F1 timing partner heritage); Tudor parent at Racing Bulls,"Luxury, Fashion & Beauty",13,Zenith,zenith-watches.com,,LVMH chronograph specialist
Rolex,Australian GP major partner (legacy F1 timing partner heritage); Tudor parent at Racing Bulls,"Luxury, Fashion & Beauty",14,Richard Mille,richardmille.com,YES,F1 sponsor (Ferrari/McLaren)
Rolex,Australian GP major partner (legacy F1 timing partner heritage); Tudor parent at Racing Bulls,"Luxury, Fashion & Beauty",15,Girard-Perregaux,girard-perregaux.com,YES,F1 sponsor (Williams)
Rolex,Australian GP major partner (legacy F1 timing partner heritage); Tudor parent at Racing Bulls,"Luxury, Fashion & Beauty",16,Bulgari,bulgari.com,,LVMH jewellery & watch house
Rolex,Australian GP major partner (legacy F1 timing partner heritage); Tudor parent at Racing Bulls,"Luxury, Fashion & Beauty",17,Blancpain,blancpain.com,,Swatch Group haute horlogerie
Rolex,Australian GP major partner (legacy F1 timing partner heritage); Tudor parent at Racing Bulls,"Luxury, Fashion & Beauty",18,Piaget,piaget.com,,Richemont luxury watches & jewellery
Rolex,Australian GP major partner (legacy F1 timing partner heritage); Tudor parent at Racing Bulls,"Luxury, Fashion & Beauty",19,A. Lange & Sohne,alange-soehne.com,,Richemont German haute horlogerie
Rolex,Australian GP major partner (legacy F1 timing partner heritage); Tudor parent at Racing Bulls,"Luxury, Fashion & Beauty",20,Breguet,breguet.com,,Swatch Group haute horlogerie
Rolex,Australian GP major partner (legacy F1 timing partner heritage); Tudor parent at Racing Bulls,"Luxury, Fashion & Beauty",21,Ulysse Nardin,ulysse-nardin.com,,Independent Swiss watchmaker
Rolex,Australian GP major partner (legacy F1 timing partner heritage); Tudor parent at Racing Bulls,"Luxury, Fashion & Beauty",22,Grand Seiko,grand-seiko.com,,Japanese luxury watch line
Rolex,Australian GP major partner (legacy F1 timing partner heritage); Tudor parent at Racing Bulls,"Luxury, Fashion & Beauty",23,Tudor,tudorwatch.com,YES,"F1 sponsor (Racing Bulls); Rolex-owned sister brand, different tier"
Rolex,Australian GP major partner (legacy F1 timing partner heritage); Tudor parent at Racing Bulls,"Luxury, Fashion & Beauty",24,H. Moser & Cie,h-moser.com,YES,F1 sponsor (Alpine)
Rolex,Australian GP major partner (legacy F1 timing partner heritage); Tudor parent at Racing Bulls,"Luxury, Fashion & Beauty",25,Longines,longines.com,,Swatch Group heritage sport watches
Sephora (LVMH),F1 Academy partner and car title sponsor,"Luxury, Fashion & Beauty",1,Ulta Beauty,ulta.com,,American multi-brand beauty retailer
Sephora (LVMH),F1 Academy partner and car title sponsor,"Luxury, Fashion & Beauty",2,Douglas,douglas.de,,European multi-brand beauty retailer
Sephora (LVMH),F1 Academy partner and car title sponsor,"Luxury, Fashion & Beauty",3,Boots,boots.com,,British pharmacy/beauty retailer
Sephora (LVMH),F1 Academy partner and car title sponsor,"Luxury, Fashion & Beauty",4,Marionnaud,marionnaud.com,,European beauty retailer
Sephora (LVMH),F1 Academy partner and car title sponsor,"Luxury, Fashion & Beauty",5,Space NK,spacenk.com,,British prestige beauty retailer
Sephora (LVMH),F1 Academy partner and car title sponsor,"Luxury, Fashion & Beauty",6,Nocibe,nocibe.fr,,French beauty retailer
Sephora (LVMH),F1 Academy partner and car title sponsor,"Luxury, Fashion & Beauty",7,ICI PARIS XL,iciparisxl.com,,Benelux beauty retailer
Sephora (LVMH),F1 Academy partner and car title sponsor,"Luxury, Fashion & Beauty",8,Kiko Milano,kikocosmetics.com,,Italian cosmetics retail brand
Sephora (LVMH),F1 Academy partner and car title sponsor,"Luxury, Fashion & Beauty",9,Cult Beauty,cultbeauty.com,,British online prestige beauty retailer
Sephora (LVMH),F1 Academy partner and car title sponsor,"Luxury, Fashion & Beauty",10,Credo Beauty,credobeauty.com,,American clean-beauty retailer
Sephora (LVMH),F1 Academy partner and car title sponsor,"Luxury, Fashion & Beauty",11,Superdrug,superdrug.com,,British health & beauty retailer
Sephora (LVMH),F1 Academy partner and car title sponsor,"Luxury, Fashion & Beauty",12,Watsons,watsons.com,,Asian health & beauty retailer
Shamir Optical,Alpine partner,"Luxury, Fashion & Beauty",1,Essilor,essilor.com,YES,F1 sponsor via parent EssilorLuxottica (Ray-Ban/Oakley); leading lens manufacturer
Shamir Optical,Alpine partner,"Luxury, Fashion & Beauty",2,Zeiss Vision Care,zeiss.com,,German precision optics/lens manufacturer
Shamir Optical,Alpine partner,"Luxury, Fashion & Beauty",3,Hoya Vision Care,hoyavision.com,,Japanese ophthalmic lens manufacturer
Shamir Optical,Alpine partner,"Luxury, Fashion & Beauty",4,Rodenstock,rodenstock.com,,German lens & eyewear manufacturer
Shamir Optical,Alpine partner,"Luxury, Fashion & Beauty",5,Nikon Lenswear,nikonlenswear.com,,Japanese ophthalmic lens brand
Shamir Optical,Alpine partner,"Luxury, Fashion & Beauty",6,Seiko Optical,seikoeyewear.com,,Japanese ophthalmic lens manufacturer
Shamir Optical,Alpine partner,"Luxury, Fashion & Beauty",7,Younger Optics,youngeroptics.com,,American ophthalmic lens manufacturer
Shamir Optical,Alpine partner,"Luxury, Fashion & Beauty",8,Indo Optical,indo.es,,Spanish ophthalmic lens manufacturer
TAG Heuer (LVMH),F1 official timekeeper; Spanish GP (Madrid) title; Red Bull Racing partner; F1 Academy car sponsor,"Luxury, Fashion & Beauty",1,Rolex,rolex.com,YES,F1 sponsor (Australian GP)
TAG Heuer (LVMH),F1 official timekeeper; Spanish GP (Madrid) title; Red Bull Racing partner; F1 Academy car sponsor,"Luxury, Fashion & Beauty",2,Omega,omegawatches.com,,Swatch Group prestige sport watches
TAG Heuer (LVMH),F1 official timekeeper; Spanish GP (Madrid) title; Red Bull Racing partner; F1 Academy car sponsor,"Luxury, Fashion & Beauty",3,Breitling,breitling.com,YES,F1 sponsor (Aston Martin)
TAG Heuer (LVMH),F1 official timekeeper; Spanish GP (Madrid) title; Red Bull Racing partner; F1 Academy car sponsor,"Luxury, Fashion & Beauty",4,IWC Schaffhausen,iwc.com,YES,F1 sponsor (Mercedes)
TAG Heuer (LVMH),F1 official timekeeper; Spanish GP (Madrid) title; Red Bull Racing partner; F1 Academy car sponsor,"Luxury, Fashion & Beauty",5,Tudor,tudorwatch.com,YES,F1 sponsor (Racing Bulls)
TAG Heuer (LVMH),F1 official timekeeper; Spanish GP (Madrid) title; Red Bull Racing partner; F1 Academy car sponsor,"Luxury, Fashion & Beauty",6,Longines,longines.com,,Swatch Group heritage sport watches
TAG Heuer (LVMH),F1 official timekeeper; Spanish GP (Madrid) title; Red Bull Racing partner; F1 Academy car sponsor,"Luxury, Fashion & Beauty",7,Tissot,tissot.ch,,Swatch Group accessible sport watches
TAG Heuer (LVMH),F1 official timekeeper; Spanish GP (Madrid) title; Red Bull Racing partner; F1 Academy car sponsor,"Luxury, Fashion & Beauty",8,Zenith,zenith-watches.com,,LVMH chronograph specialist
TAG Heuer (LVMH),F1 official timekeeper; Spanish GP (Madrid) title; Red Bull Racing partner; F1 Academy car sponsor,"Luxury, Fashion & Beauty",9,Hublot,hublot.com,,LVMH fusion/sport luxury watches
TAG Heuer (LVMH),F1 official timekeeper; Spanish GP (Madrid) title; Red Bull Racing partner; F1 Academy car sponsor,"Luxury, Fashion & Beauty",10,Panerai,panerai.com,,Richemont sport-luxury watches
TAG Heuer (LVMH),F1 official timekeeper; Spanish GP (Madrid) title; Red Bull Racing partner; F1 Academy car sponsor,"Luxury, Fashion & Beauty",11,Cartier,cartier.com,,Richemont luxury watches & jewellery
TAG Heuer (LVMH),F1 official timekeeper; Spanish GP (Madrid) title; Red Bull Racing partner; F1 Academy car sponsor,"Luxury, Fashion & Beauty",12,Chopard,chopard.com,,Independent Swiss luxury watches
TAG Heuer (LVMH),F1 official timekeeper; Spanish GP (Madrid) title; Red Bull Racing partner; F1 Academy car sponsor,"Luxury, Fashion & Beauty",13,Girard-Perregaux,girard-perregaux.com,YES,F1 sponsor (Williams)
TAG Heuer (LVMH),F1 official timekeeper; Spanish GP (Madrid) title; Red Bull Racing partner; F1 Academy car sponsor,"Luxury, Fashion & Beauty",14,Richard Mille,richardmille.com,YES,F1 sponsor (Ferrari/McLaren)
TAG Heuer (LVMH),F1 official timekeeper; Spanish GP (Madrid) title; Red Bull Racing partner; F1 Academy car sponsor,"Luxury, Fashion & Beauty",15,Audemars Piguet,audemarspiguet.com,,Independent haute horlogerie
TAG Heuer (LVMH),F1 official timekeeper; Spanish GP (Madrid) title; Red Bull Racing partner; F1 Academy car sponsor,"Luxury, Fashion & Beauty",16,Patek Philippe,patek.com,,Independent haute horlogerie
TAG Heuer (LVMH),F1 official timekeeper; Spanish GP (Madrid) title; Red Bull Racing partner; F1 Academy car sponsor,"Luxury, Fashion & Beauty",17,Vacheron Constantin,vacheron-constantin.com,,Richemont haute horlogerie
TAG Heuer (LVMH),F1 official timekeeper; Spanish GP (Madrid) title; Red Bull Racing partner; F1 Academy car sponsor,"Luxury, Fashion & Beauty",18,Jaeger-LeCoultre,jaeger-lecoultre.com,,Richemont fine watchmaking
TAG Heuer (LVMH),F1 official timekeeper; Spanish GP (Madrid) title; Red Bull Racing partner; F1 Academy car sponsor,"Luxury, Fashion & Beauty",19,Baume & Mercier,baume-et-mercier.com,,Richemont accessible luxury watches
TAG Heuer (LVMH),F1 official timekeeper; Spanish GP (Madrid) title; Red Bull Racing partner; F1 Academy car sponsor,"Luxury, Fashion & Beauty",20,Montblanc,montblanc.com,,Richemont watches & writing instruments
TAG Heuer (LVMH),F1 official timekeeper; Spanish GP (Madrid) title; Red Bull Racing partner; F1 Academy car sponsor,"Luxury, Fashion & Beauty",21,Bell & Ross,bellross.com,,Aviation-inspired luxury watches
TAG Heuer (LVMH),F1 official timekeeper; Spanish GP (Madrid) title; Red Bull Racing partner; F1 Academy car sponsor,"Luxury, Fashion & Beauty",22,Oris,oris.ch,,Independent Swiss watchmaker
TAG Heuer (LVMH),F1 official timekeeper; Spanish GP (Madrid) title; Red Bull Racing partner; F1 Academy car sponsor,"Luxury, Fashion & Beauty",23,Seiko,seikowatches.com,,Japanese watch & movement maker
TAG Heuer (LVMH),F1 official timekeeper; Spanish GP (Madrid) title; Red Bull Racing partner; F1 Academy car sponsor,"Luxury, Fashion & Beauty",24,Citizen,citizenwatch.com,,Japanese watch & movement maker
TAG Heuer (LVMH),F1 official timekeeper; Spanish GP (Madrid) title; Red Bull Racing partner; F1 Academy car sponsor,"Luxury, Fashion & Beauty",25,Invicta,invictawatch.com,YES,F1 sponsor (Invicta Racing F2)
TAG Heuer (LVMH),F1 official timekeeper; Spanish GP (Madrid) title; Red Bull Racing partner; F1 Academy car sponsor,"Luxury, Fashion & Beauty",26,H. Moser & Cie,h-moser.com,YES,F1 sponsor (Alpine)
TAG Heuer (LVMH),F1 official timekeeper; Spanish GP (Madrid) title; Red Bull Racing partner; F1 Academy car sponsor,"Luxury, Fashion & Beauty",27,Bulgari,bulgari.com,,LVMH jewellery & watch house
TAG Heuer (LVMH),F1 official timekeeper; Spanish GP (Madrid) title; Red Bull Racing partner; F1 Academy car sponsor,"Luxury, Fashion & Beauty",28,Ulysse Nardin,ulysse-nardin.com,,Independent Swiss watchmaker
TAG Heuer (LVMH),F1 official timekeeper; Spanish GP (Madrid) title; Red Bull Racing partner; F1 Academy car sponsor,"Luxury, Fashion & Beauty",29,Frederique Constant,frederiqueconstant.com,,Citizen Group accessible luxury watches
TAG Heuer (LVMH),F1 official timekeeper; Spanish GP (Madrid) title; Red Bull Racing partner; F1 Academy car sponsor,"Luxury, Fashion & Beauty",30,Grand Seiko,grand-seiko.com,,Japanese luxury watch line
The James Brand,Alpine partner,"Luxury, Fashion & Beauty",1,Benchmade,benchmade.com,,American premium EDC knife brand
The James Brand,Alpine partner,"Luxury, Fashion & Beauty",2,Gerber Gear,gerbergear.com,,American outdoor/EDC knife brand
The James Brand,Alpine partner,"Luxury, Fashion & Beauty",3,Victorinox,victorinox.com,,Swiss Army Knife & EDC tools brand
The James Brand,Alpine partner,"Luxury, Fashion & Beauty",4,Leatherman,leatherman.com,,American multi-tool & EDC brand
The James Brand,Alpine partner,"Luxury, Fashion & Beauty",5,CRKT,crkt.com,,American EDC knife brand
The James Brand,Alpine partner,"Luxury, Fashion & Beauty",6,Spyderco,spyderco.com,,American EDC knife brand
The James Brand,Alpine partner,"Luxury, Fashion & Beauty",7,Kershaw Knives,kershaw.kaiusaltd.com,,American EDC knife brand
The James Brand,Alpine partner,"Luxury, Fashion & Beauty",8,Opinel,opinel.com,,French heritage folding knife brand
The James Brand,Alpine partner,"Luxury, Fashion & Beauty",9,Buck Knives,buckknives.com,,American heritage knife brand
The James Brand,Alpine partner,"Luxury, Fashion & Beauty",10,Chris Reeve Knives,chrisreeve.com,,Premium American EDC knife brand
Tommy Hilfiger (PVH Corp),Cadillac partner (first official partner),"Luxury, Fashion & Beauty",1,Ralph Lauren,ralphlauren.com,,American premium fashion house
Tommy Hilfiger (PVH Corp),Cadillac partner (first official partner),"Luxury, Fashion & Beauty",2,Hugo Boss,hugoboss.com,YES,F1 sponsor (Racing Bulls/Aston Martin)
Tommy Hilfiger (PVH Corp),Cadillac partner (first official partner),"Luxury, Fashion & Beauty",3,Lacoste,lacoste.com,,French premium sportswear-fashion brand
Tommy Hilfiger (PVH Corp),Cadillac partner (first official partner),"Luxury, Fashion & Beauty",4,Nautica,nautica.com,,American nautical-inspired casualwear brand
Tommy Hilfiger (PVH Corp),Cadillac partner (first official partner),"Luxury, Fashion & Beauty",5,Guess,guess.com,,American casualwear/fashion brand
Tommy Hilfiger (PVH Corp),Cadillac partner (first official partner),"Luxury, Fashion & Beauty",6,GAP,gap.com,,American mass-premium casualwear brand
Tommy Hilfiger (PVH Corp),Cadillac partner (first official partner),"Luxury, Fashion & Beauty",7,Banana Republic,bananarepublic.com,,Gap Inc. premium casualwear brand
Tommy Hilfiger (PVH Corp),Cadillac partner (first official partner),"Luxury, Fashion & Beauty",8,J.Crew,jcrew.com,,American contemporary fashion brand
Tommy Hilfiger (PVH Corp),Cadillac partner (first official partner),"Luxury, Fashion & Beauty",9,Brooks Brothers,brooksbrothers.com,,American premium menswear brand
Tommy Hilfiger (PVH Corp),Cadillac partner (first official partner),"Luxury, Fashion & Beauty",10,Levi's,levi.com,,Global denim brand
Tommy Hilfiger (PVH Corp),Cadillac partner (first official partner),"Luxury, Fashion & Beauty",11,American Eagle,ae.com,,American casualwear brand
Tommy Hilfiger (PVH Corp),Cadillac partner (first official partner),"Luxury, Fashion & Beauty",12,Abercrombie & Fitch,abercrombie.com,,American casualwear brand
Tommy Hilfiger (PVH Corp),Cadillac partner (first official partner),"Luxury, Fashion & Beauty",13,Superdry,superdry.com,,British casualwear brand
Tommy Hilfiger (PVH Corp),Cadillac partner (first official partner),"Luxury, Fashion & Beauty",14,Pepe Jeans,pepejeans.com,YES,F1 sponsor (Red Bull Racing)
Tommy Hilfiger (PVH Corp),Cadillac partner (first official partner),"Luxury, Fashion & Beauty",15,Reiss,reiss.com,YES,F1 sponsor (McLaren)
Tommy Hilfiger (PVH Corp),Cadillac partner (first official partner),"Luxury, Fashion & Beauty",16,Ben Sherman,bensherman.com,,British heritage casualwear brand
Tommy Hilfiger (PVH Corp),Cadillac partner (first official partner),"Luxury, Fashion & Beauty",17,Perry Ellis,perryellis.com,,American premium casualwear brand
TravisMathew (Topgolf Callaway Brands),Haas partner,"Luxury, Fashion & Beauty",1,Peter Millar,petermillar.com,,Premium golf & lifestyle apparel brand
TravisMathew (Topgolf Callaway Brands),Haas partner,"Luxury, Fashion & Beauty",2,Puma Golf,puma.com,YES,F1 sponsor (Ferrari/McLaren); golf apparel line
TravisMathew (Topgolf Callaway Brands),Haas partner,"Luxury, Fashion & Beauty",3,Nike Golf,nike.com,,Golf apparel line
TravisMathew (Topgolf Callaway Brands),Haas partner,"Luxury, Fashion & Beauty",4,Under Armour Golf,underarmour.com,,Golf apparel line
TravisMathew (Topgolf Callaway Brands),Haas partner,"Luxury, Fashion & Beauty",5,adidas Golf,adidas.com,YES,F1 sponsor (Mercedes); golf apparel line
TravisMathew (Topgolf Callaway Brands),Haas partner,"Luxury, Fashion & Beauty",6,Greyson Clothiers,greyson.com,,Premium golf lifestyle apparel brand
TravisMathew (Topgolf Callaway Brands),Haas partner,"Luxury, Fashion & Beauty",7,FootJoy,footjoy.com,,Golf apparel & footwear brand
TravisMathew (Topgolf Callaway Brands),Haas partner,"Luxury, Fashion & Beauty",8,Bogner Golf,bogner.com,,Premium golf apparel line
TravisMathew (Topgolf Callaway Brands),Haas partner,"Luxury, Fashion & Beauty",9,G/FORE,gfore.com,,Premium golf lifestyle apparel brand
TravisMathew (Topgolf Callaway Brands),Haas partner,"Luxury, Fashion & Beauty",10,Johnnie-O,johnnie-o.com,,Golf & resort lifestyle apparel brand
TravisMathew (Topgolf Callaway Brands),Haas partner,"Luxury, Fashion & Beauty",11,Vineyard Vines,vineyardvines.com,,American preppy/golf lifestyle brand
TravisMathew (Topgolf Callaway Brands),Haas partner,"Luxury, Fashion & Beauty",12,RLX Ralph Lauren Golf,ralphlauren.com,,Ralph Lauren golf apparel line
TravisMathew (Topgolf Callaway Brands),Haas partner,"Luxury, Fashion & Beauty",13,Malbon Golf,malbongolf.com,,Streetwear-influenced golf apparel brand
Tudor (Rolex Group),Racing Bulls partner,"Luxury, Fashion & Beauty",1,Omega,omegawatches.com,,Swatch Group prestige sport watches
Tudor (Rolex Group),Racing Bulls partner,"Luxury, Fashion & Beauty",2,Longines,longines.com,,Swatch Group heritage sport watches
Tudor (Rolex Group),Racing Bulls partner,"Luxury, Fashion & Beauty",3,TAG Heuer,tagheuer.com,YES,F1 sponsor & official timekeeper
Tudor (Rolex Group),Racing Bulls partner,"Luxury, Fashion & Beauty",4,Breitling,breitling.com,YES,F1 sponsor (Aston Martin)
Tudor (Rolex Group),Racing Bulls partner,"Luxury, Fashion & Beauty",5,IWC Schaffhausen,iwc.com,YES,F1 sponsor (Mercedes)
Tudor (Rolex Group),Racing Bulls partner,"Luxury, Fashion & Beauty",6,Oris,oris.ch,,Independent Swiss watchmaker
Tudor (Rolex Group),Racing Bulls partner,"Luxury, Fashion & Beauty",7,Zenith,zenith-watches.com,,LVMH chronograph specialist
Tudor (Rolex Group),Racing Bulls partner,"Luxury, Fashion & Beauty",8,Tissot,tissot.ch,,Swatch Group accessible sport watches
Tudor (Rolex Group),Racing Bulls partner,"Luxury, Fashion & Beauty",9,Certina,certina.com,,Swatch Group accessible sport watches
Tudor (Rolex Group),Racing Bulls partner,"Luxury, Fashion & Beauty",10,Mido,mido.com,,Swatch Group accessible watches
Tudor (Rolex Group),Racing Bulls partner,"Luxury, Fashion & Beauty",11,Hamilton,hamiltonwatch.com,,Swatch Group accessible/aviation watches
Tudor (Rolex Group),Racing Bulls partner,"Luxury, Fashion & Beauty",12,Baume & Mercier,baume-et-mercier.com,,Richemont accessible luxury watches
Tudor (Rolex Group),Racing Bulls partner,"Luxury, Fashion & Beauty",13,Montblanc,montblanc.com,,Richemont watches & writing instruments
Tudor (Rolex Group),Racing Bulls partner,"Luxury, Fashion & Beauty",14,Bell & Ross,bellross.com,,Aviation-inspired luxury watches
Tudor (Rolex Group),Racing Bulls partner,"Luxury, Fashion & Beauty",15,Sinn,sinn.de,,German tool-watch specialist
Tudor (Rolex Group),Racing Bulls partner,"Luxury, Fashion & Beauty",16,Seiko,seikowatches.com,,Japanese watch & movement maker
Tudor (Rolex Group),Racing Bulls partner,"Luxury, Fashion & Beauty",17,Frederique Constant,frederiqueconstant.com,,Citizen Group accessible luxury watches
Tudor (Rolex Group),Racing Bulls partner,"Luxury, Fashion & Beauty",18,Nomos Glashutte,nomos-glashuette.com,,Independent German watchmaker
Tudor (Rolex Group),Racing Bulls partner,"Luxury, Fashion & Beauty",19,Panerai,panerai.com,,Richemont sport-luxury watches
Tudor (Rolex Group),Racing Bulls partner,"Luxury, Fashion & Beauty",20,Invicta,invictawatch.com,YES,F1 sponsor (Invicta Racing F2)
Tudor (Rolex Group),Racing Bulls partner,"Luxury, Fashion & Beauty",21,Girard-Perregaux,girard-perregaux.com,YES,F1 sponsor (Williams)
Tudor (Rolex Group),Racing Bulls partner,"Luxury, Fashion & Beauty",22,Chopard,chopard.com,,Independent Swiss luxury watches (Mille Miglia line)
Tudor (Rolex Group),Racing Bulls partner,"Luxury, Fashion & Beauty",23,Grand Seiko,grand-seiko.com,,Japanese luxury watch line
Tudor (Rolex Group),Racing Bulls partner,"Luxury, Fashion & Beauty",24,H. Moser & Cie,h-moser.com,YES,F1 sponsor (Alpine)
Tudor (Rolex Group),Racing Bulls partner,"Luxury, Fashion & Beauty",25,Doxa,doxawatches.com,,Independent Swiss dive-watch specialist
Tudor (Rolex Group),Racing Bulls partner,"Luxury, Fashion & Beauty",26,Christopher Ward,christopherward.com,,British direct-to-consumer watchmaker
TUMI (Samsonite),McLaren partner,"Luxury, Fashion & Beauty",1,Rimowa,rimowa.com,,LVMH premium hardside luggage brand
TUMI (Samsonite),McLaren partner,"Luxury, Fashion & Beauty",2,Briggs & Riley,briggs-riley.com,,American premium luggage brand
TUMI (Samsonite),McLaren partner,"Luxury, Fashion & Beauty",3,Away,awaytravel.com,,Direct-to-consumer premium luggage brand
TUMI (Samsonite),McLaren partner,"Luxury, Fashion & Beauty",4,Montblanc,montblanc.com,,Richemont premium leather goods & luggage
TUMI (Samsonite),McLaren partner,"Luxury, Fashion & Beauty",5,Delsey,delsey.com,,French luggage brand
TUMI (Samsonite),McLaren partner,"Luxury, Fashion & Beauty",6,Victorinox Travel Gear,victorinox.com,,Swiss travel gear & luggage brand
TUMI (Samsonite),McLaren partner,"Luxury, Fashion & Beauty",7,Globe-Trotter,globe-trotter.com,,British heritage luggage brand
TUMI (Samsonite),McLaren partner,"Luxury, Fashion & Beauty",8,Piquadro,piquadro.com,YES,F1 sponsor (Racing Bulls/Audi)
TUMI (Samsonite),McLaren partner,"Luxury, Fashion & Beauty",9,Bric's,brics.it,,Italian premium luggage brand
TUMI (Samsonite),McLaren partner,"Luxury, Fashion & Beauty",10,Antler,antler.co.uk,,British luggage brand
TUMI (Samsonite),McLaren partner,"Luxury, Fashion & Beauty",11,Travelpro,travelpro.com,,American travel luggage brand
TUMI (Samsonite),McLaren partner,"Luxury, Fashion & Beauty",12,Herschel Supply,herschel.com,,Lifestyle bags & luggage brand
TUMI (Samsonite),McLaren partner,"Luxury, Fashion & Beauty",13,Louis Vuitton,louisvuitton.com,YES,F1 sponsor (Monaco GP); luxury travel goods
TUMI (Samsonite),McLaren partner,"Luxury, Fashion & Beauty",14,Longchamp,longchamp.com,,French leather goods & travel bags
Yeti,Red Bull Racing partner,"Luxury, Fashion & Beauty",1,Stanley,stanley1913.com,,Premium drinkware & thermos brand
Yeti,Red Bull Racing partner,"Luxury, Fashion & Beauty",2,Hydro Flask,hydroflask.com,,Premium insulated drinkware brand
Yeti,Red Bull Racing partner,"Luxury, Fashion & Beauty",3,RTIC,rtic.com,,Coolers & drinkware brand
Yeti,Red Bull Racing partner,"Luxury, Fashion & Beauty",4,Igloo,igloocoolers.com,,Mass-market cooler brand
Yeti,Red Bull Racing partner,"Luxury, Fashion & Beauty",5,Coleman,coleman.com,,Outdoor/camping gear & cooler brand
Yeti,Red Bull Racing partner,"Luxury, Fashion & Beauty",6,Pelican,pelican.com,,Rugged case & cooler brand
Yeti,Red Bull Racing partner,"Luxury, Fashion & Beauty",7,CamelBak,camelbak.com,,Hydration gear brand
Yeti,Red Bull Racing partner,"Luxury, Fashion & Beauty",8,Klean Kanteen,kleankanteen.com,,Insulated drinkware brand
Yeti,Red Bull Racing partner,"Luxury, Fashion & Beauty",9,Contigo,gocontigo.com,,Insulated drinkware brand
Yeti,Red Bull Racing partner,"Luxury, Fashion & Beauty",10,Simple Modern,simplemodern.com,,Insulated drinkware brand
Yeti,Red Bull Racing partner,"Luxury, Fashion & Beauty",11,Corkcicle,corkcicle.com,,Insulated drinkware & cooler brand
Yeti,Red Bull Racing partner,"Luxury, Fashion & Beauty",12,ORCA Coolers,orcacoolers.com,,Premium cooler brand
Yeti,Red Bull Racing partner,"Luxury, Fashion & Beauty",13,Grizzly Coolers,grizzlycoolers.com,,Premium cooler brand
Yeti,Red Bull Racing partner,"Luxury, Fashion & Beauty",14,Engel Coolers,engelcoolers.com,,Premium cooler brand
Allianz,F1 global partner (missing from roster.json; added per task brief),"Payments, Banking & Insurance",1,AXA,axa.com,,Global insurer rival
Allianz,F1 global partner (missing from roster.json; added per task brief),"Payments, Banking & Insurance",2,Zurich Insurance Group,zurich.com,,Global commercial/personal insurer rival
Allianz,F1 global partner (missing from roster.json; added per task brief),"Payments, Banking & Insurance",3,Chubb Limited,chubb.com,,Global commercial/specialty insurer rival
Allianz,F1 global partner (missing from roster.json; added per task brief),"Payments, Banking & Insurance",4,AIG,aig.com,,Global commercial insurer rival
Allianz,F1 global partner (missing from roster.json; added per task brief),"Payments, Banking & Insurance",5,Munich Re,munichre.com,,Global reinsurance rival
Allianz,F1 global partner (missing from roster.json; added per task brief),"Payments, Banking & Insurance",6,Swiss Re,swissre.com,,Global reinsurance rival
Allianz,F1 global partner (missing from roster.json; added per task brief),"Payments, Banking & Insurance",7,Generali (Assicurazioni Generali),generali.com,,European insurer/asset manager rival
Allianz,F1 global partner (missing from roster.json; added per task brief),"Payments, Banking & Insurance",8,Prudential plc,prudentialplc.com,,Global life insurer/asset manager rival
Allianz,F1 global partner (missing from roster.json; added per task brief),"Payments, Banking & Insurance",9,MetLife,metlife.com,,Global life/employee benefits insurer rival
Allianz,F1 global partner (missing from roster.json; added per task brief),"Payments, Banking & Insurance",10,Aviva,aviva.com,,UK/European insurer rival
Allianz,F1 global partner (missing from roster.json; added per task brief),"Payments, Banking & Insurance",11,Legal & General,legalandgeneral.com,,UK life insurer/asset manager rival
Allianz,F1 global partner (missing from roster.json; added per task brief),"Payments, Banking & Insurance",12,Travelers Companies,travelers.com,,US commercial/personal insurer rival
Allianz,F1 global partner (missing from roster.json; added per task brief),"Payments, Banking & Insurance",13,Nationwide Mutual Insurance,nationwide.com,,US insurer rival
Allianz,F1 global partner (missing from roster.json; added per task brief),"Payments, Banking & Insurance",14,Liberty Mutual Insurance,libertymutual.com,,US insurer rival
Allianz,F1 global partner (missing from roster.json; added per task brief),"Payments, Banking & Insurance",15,Berkshire Hathaway (insurance operations),berkshirehathaway.com,YES,"Global insurance conglomerate rival; owns Duracell, a Williams partner"
Allianz,F1 global partner (missing from roster.json; added per task brief),"Payments, Banking & Insurance",16,Progressive Corporation,progressive.com,,US personal lines insurer rival
Allianz,F1 global partner (missing from roster.json; added per task brief),"Payments, Banking & Insurance",17,State Farm,statefarm.com,,US personal lines insurer rival
Allianz,F1 global partner (missing from roster.json; added per task brief),"Payments, Banking & Insurance",18,Allstate,allstate.com,,US personal lines insurer rival
Allianz,F1 global partner (missing from roster.json; added per task brief),"Payments, Banking & Insurance",19,Manulife,manulife.com,,Canadian/Asian life insurer/asset manager rival
Allianz,F1 global partner (missing from roster.json; added per task brief),"Payments, Banking & Insurance",20,Sun Life Financial,sunlife.com,,Canadian life insurer/asset manager rival
Allianz,F1 global partner (missing from roster.json; added per task brief),"Payments, Banking & Insurance",21,Ping An Insurance,pingan.com,,China's largest insurer rival
Allianz,F1 global partner (missing from roster.json; added per task brief),"Payments, Banking & Insurance",22,China Life Insurance,e-chinalife.com,,China life insurer rival
Allianz,F1 global partner (missing from roster.json; added per task brief),"Payments, Banking & Insurance",23,Tokio Marine Holdings,tokiomarinehd.com,,Japanese global insurer rival
Allianz,F1 global partner (missing from roster.json; added per task brief),"Payments, Banking & Insurance",24,Sompo Holdings,sompo-hd.com,,Japanese global insurer rival
Allianz,F1 global partner (missing from roster.json; added per task brief),"Payments, Banking & Insurance",25,MS&AD Insurance Group,ms-ad-hd.com,,Japanese global insurer rival
Allianz,F1 global partner (missing from roster.json; added per task brief),"Payments, Banking & Insurance",26,USAA,usaa.com,,US military-affiliated insurer rival
Allianz,F1 global partner (missing from roster.json; added per task brief),"Payments, Banking & Insurance",27,QBE Insurance Group,qbe.com,,Global commercial insurer rival
American Express,F1 official partner; F1 Academy partner (Amex-liveried car),"Payments, Banking & Insurance",1,Visa,visa.com,YES,Card network rival; Racing Bulls/Red Bull Racing partner
American Express,F1 official partner; F1 Academy partner (Amex-liveried car),"Payments, Banking & Insurance",2,Mastercard,mastercard.com,YES,Card network rival; McLaren title partner
American Express,F1 official partner; F1 Academy partner (Amex-liveried car),"Payments, Banking & Insurance",3,Discover Financial Services,discover.com,,Closed-loop US card network
American Express,F1 official partner; F1 Academy partner (Amex-liveried car),"Payments, Banking & Insurance",4,Diners Club International,dinersclub.com,,T&E charge-card heritage rival
American Express,F1 official partner; F1 Academy partner (Amex-liveried car),"Payments, Banking & Insurance",5,JCB Co.,global.jcb,,Japanese card network
American Express,F1 official partner; F1 Academy partner (Amex-liveried car),"Payments, Banking & Insurance",6,UnionPay,unionpay.com,,China card network
American Express,F1 official partner; F1 Academy partner (Amex-liveried car),"Payments, Banking & Insurance",7,Chase (JPMorgan Chase),chase.com,,Premium travel-rewards card issuer (Sapphire)
American Express,F1 official partner; F1 Academy partner (Amex-liveried car),"Payments, Banking & Insurance",8,Citigroup,citigroup.com,,Premium card issuer
American Express,F1 official partner; F1 Academy partner (Amex-liveried car),"Payments, Banking & Insurance",9,Capital One,capitalone.com,YES,Premium travel card issuer; parent of Velocity Black (Aston Martin partner)
American Express,F1 official partner; F1 Academy partner (Amex-liveried car),"Payments, Banking & Insurance",10,Bank of America,bankofamerica.com,,Premium rewards card issuer
American Express,F1 official partner; F1 Academy partner (Amex-liveried car),"Payments, Banking & Insurance",11,Wells Fargo,wellsfargo.com,,Rewards card issuer
American Express,F1 official partner; F1 Academy partner (Amex-liveried car),"Payments, Banking & Insurance",12,Synchrony Financial,synchrony.com,,Private-label/co-brand card issuer
American Express,F1 official partner; F1 Academy partner (Amex-liveried car),"Payments, Banking & Insurance",13,Barclays (Barclaycard US),barclays.com,YES,Co-brand card issuer; Williams partner
American Express,F1 official partner; F1 Academy partner (Amex-liveried car),"Payments, Banking & Insurance",14,HSBC,hsbc.com,,Premium card issuer
American Express,F1 official partner; F1 Academy partner (Amex-liveried car),"Payments, Banking & Insurance",15,PayPal,paypal.com,,Digital payments/checkout rival
American Express,F1 official partner; F1 Academy partner (Amex-liveried car),"Payments, Banking & Insurance",16,Cash App (Block),cash.app,YES,Consumer fintech rival; Racing Bulls title partner
American Express,F1 official partner; F1 Academy partner (Amex-liveried car),"Payments, Banking & Insurance",17,Revolut,revolut.com,YES,Premium neobank card rival; Audi F1 title partner
American Express,F1 official partner; F1 Academy partner (Amex-liveried car),"Payments, Banking & Insurance",18,Klarna,klarna.com,,BNPL alternative to charge cards
American Express,F1 official partner; F1 Academy partner (Amex-liveried car),"Payments, Banking & Insurance",19,Affirm Holdings,affirm.com,,BNPL alternative
American Express,F1 official partner; F1 Academy partner (Amex-liveried car),"Payments, Banking & Insurance",20,N26,n26.com,,Digital bank card rival
American Express,F1 official partner; F1 Academy partner (Amex-liveried car),"Payments, Banking & Insurance",21,Marqeta,marqeta.com,,Issuing/processing infrastructure
American Express,F1 official partner; F1 Academy partner (Amex-liveried car),"Payments, Banking & Insurance",22,Adyen,adyen.com,,Merchant payments infrastructure
American Express,F1 official partner; F1 Academy partner (Amex-liveried car),"Payments, Banking & Insurance",23,Stripe,stripe.com,,Payments infrastructure
American Express,F1 official partner; F1 Academy partner (Amex-liveried car),"Payments, Banking & Insurance",24,Wise,wise.com,,Cross-border spend card
American Express,F1 official partner; F1 Academy partner (Amex-liveried car),"Payments, Banking & Insurance",25,Curve,imaginecurve.com,,Card aggregation fintech
American Express,F1 official partner; F1 Academy partner (Amex-liveried car),"Payments, Banking & Insurance",26,Apple Card (Goldman Sachs),apple.com,YES,Premium consumer card; Goldman Sachs is issuer (McLaren partner)
American Express,F1 official partner; F1 Academy partner (Amex-liveried car),"Payments, Banking & Insurance",27,Deutsche Bank,db.com,,Premium corporate card issuer (Europe)
American Express,F1 official partner; F1 Academy partner (Amex-liveried car),"Payments, Banking & Insurance",28,U.S. Bank,usbank.com,,Travel rewards card issuer
American Express,F1 official partner; F1 Academy partner (Amex-liveried car),"Payments, Banking & Insurance",29,TD Bank,td.com,,Rewards card issuer
American Express,F1 official partner; F1 Academy partner (Amex-liveried car),"Payments, Banking & Insurance",30,Nu / Nubank,nubank.com.br,YES,Digital card issuer; Mercedes partner
Aon,Ferrari partner,"Payments, Banking & Insurance",1,Marsh (Marsh McLennan),marsh.com,YES,World's largest insurance broker rival; F1 official partner
Aon,Ferrari partner,"Payments, Banking & Insurance",2,Willis Towers Watson (WTW),wtwco.com,,Global insurance broker/risk advisory rival
Aon,Ferrari partner,"Payments, Banking & Insurance",3,Arthur J. Gallagher & Co.,ajg.com,,Global insurance broker rival
Aon,Ferrari partner,"Payments, Banking & Insurance",4,Brown & Brown,bbinsurance.com,,US insurance broker rival
Aon,Ferrari partner,"Payments, Banking & Insurance",5,Lockton Companies,lockton.com,,Largest private insurance broker rival
Aon,Ferrari partner,"Payments, Banking & Insurance",6,Hub International,hubinternational.com,,Insurance brokerage rival
Aon,Ferrari partner,"Payments, Banking & Insurance",7,Alliant Insurance Services,alliant.com,,Specialty insurance brokerage rival
Aon,Ferrari partner,"Payments, Banking & Insurance",8,USI Insurance Services,usi.com,,Insurance brokerage/consulting rival
Aon,Ferrari partner,"Payments, Banking & Insurance",9,NFP Corp,nfp.com,,Insurance broker/benefits consulting rival
Aon,Ferrari partner,"Payments, Banking & Insurance",10,Acrisure,acrisure.com,,Fast-growing insurance brokerage rival
Aon,Ferrari partner,"Payments, Banking & Insurance",11,Howden Group Holdings,howdengroup.com,,Global insurance broker rival
Aon,Ferrari partner,"Payments, Banking & Insurance",12,Ardonagh Group,ardonagh.com,,UK-based global insurance broker rival
Aon,Ferrari partner,"Payments, Banking & Insurance",13,BroadStreet Partners,broadstreetpartners.com,,Insurance brokerage rival
Aon,Ferrari partner,"Payments, Banking & Insurance",14,AssuredPartners,assuredpartners.com,,Insurance brokerage rival
Aon,Ferrari partner,"Payments, Banking & Insurance",15,Risk Strategies Company,risk-strategies.com,,Specialty insurance brokerage rival
Aon,Ferrari partner,"Payments, Banking & Insurance",16,Woodruff Sawyer,woodruffsawyer.com,,Insurance brokerage/risk management rival
Aon,Ferrari partner,"Payments, Banking & Insurance",17,EPIC Insurance Brokers & Consultants,epicbrokers.com,,Insurance brokerage rival
Aon,Ferrari partner,"Payments, Banking & Insurance",18,McGriff Insurance Services,mcgriff.com,,Insurance brokerage rival
Aon,Ferrari partner,"Payments, Banking & Insurance",19,World Insurance Associates,worldinsurance.com,,Insurance brokerage rival
Aon,Ferrari partner,"Payments, Banking & Insurance",20,Crawford & Company,crawco.com,,Claims management/TPA rival
Aon,Ferrari partner,"Payments, Banking & Insurance",21,Sedgwick,sedgwick.com,,Claims management/TPA rival
Aon,Ferrari partner,"Payments, Banking & Insurance",22,Zurich Insurance Group,zurich.com,,Global commercial insurer rival
Aon,Ferrari partner,"Payments, Banking & Insurance",23,Chubb Limited,chubb.com,,Global commercial/specialty insurer rival
Aon,Ferrari partner,"Payments, Banking & Insurance",24,AIG,aig.com,,Global commercial insurer rival
Aon,Ferrari partner,"Payments, Banking & Insurance",25,Allianz,allianz.com,YES,Global risk/insurance rival; F1 global partner
Aon,Ferrari partner,"Payments, Banking & Insurance",26,Munich Re,munichre.com,,Global reinsurance rival
Aon,Ferrari partner,"Payments, Banking & Insurance",27,Swiss Re,swissre.com,,Global reinsurance rival
Aon,Ferrari partner,"Payments, Banking & Insurance",28,Guy Carpenter (Marsh McLennan),guycarp.com,YES,"Reinsurance broking rival; sister brand of Marsh, F1 official partner"
Aon,Ferrari partner,"Payments, Banking & Insurance",29,Gallagher Re,ajg.com,,Reinsurance broking rival
Aon,Ferrari partner,"Payments, Banking & Insurance",30,CAC Specialty,cacspecialty.com,,Independent specialty insurance brokerage rival
Barclays,Williams partner (joined Feb 2026),"Payments, Banking & Insurance",1,HSBC Holdings,hsbc.com,,UK/global universal bank rival
Barclays,Williams partner (joined Feb 2026),"Payments, Banking & Insurance",2,Lloyds Banking Group,lloydsbankinggroup.com,,UK retail banking rival
Barclays,Williams partner (joined Feb 2026),"Payments, Banking & Insurance",3,NatWest Group,natwestgroup.com,,UK retail/commercial banking rival
Barclays,Williams partner (joined Feb 2026),"Payments, Banking & Insurance",4,Standard Chartered,sc.com,YES,UK-headquartered international bank rival; F1 official partner
Barclays,Williams partner (joined Feb 2026),"Payments, Banking & Insurance",5,Santander UK,santander.com,YES,UK retail banking rival; F1 official partner
Barclays,Williams partner (joined Feb 2026),"Payments, Banking & Insurance",6,Deutsche Bank,db.com,,European investment bank rival
Barclays,Williams partner (joined Feb 2026),"Payments, Banking & Insurance",7,BNP Paribas,bnpparibas.com,,European universal bank rival
Barclays,Williams partner (joined Feb 2026),"Payments, Banking & Insurance",8,Societe Generale,societegenerale.com,,European investment bank rival
Barclays,Williams partner (joined Feb 2026),"Payments, Banking & Insurance",9,JPMorgan Chase,chase.com,,Global investment bank rival
Barclays,Williams partner (joined Feb 2026),"Payments, Banking & Insurance",10,Goldman Sachs,goldmansachs.com,YES,Global investment bank rival; McLaren partner
Barclays,Williams partner (joined Feb 2026),"Payments, Banking & Insurance",11,Morgan Stanley,morganstanley.com,,Global investment bank rival
Barclays,Williams partner (joined Feb 2026),"Payments, Banking & Insurance",12,Citigroup,citigroup.com,,Global universal bank rival
Barclays,Williams partner (joined Feb 2026),"Payments, Banking & Insurance",13,Bank of America,bankofamerica.com,,Global investment bank rival
Barclays,Williams partner (joined Feb 2026),"Payments, Banking & Insurance",14,UBS Group,ubs.com,YES,Global investment bank rival; Mercedes partner
Barclays,Williams partner (joined Feb 2026),"Payments, Banking & Insurance",15,Nationwide Building Society,nationwide.co.uk,,UK retail banking (mutual) rival
Barclays,Williams partner (joined Feb 2026),"Payments, Banking & Insurance",16,TSB Bank,tsb.co.uk,,UK retail banking rival
Barclays,Williams partner (joined Feb 2026),"Payments, Banking & Insurance",17,Metro Bank,metrobankonline.co.uk,,UK challenger bank rival
Barclays,Williams partner (joined Feb 2026),"Payments, Banking & Insurance",18,Virgin Money UK,virginmoneyukplc.com,,UK retail banking rival
Barclays,Williams partner (joined Feb 2026),"Payments, Banking & Insurance",19,Investec,investec.com,,UK/SA specialist banking rival
Barclays,Williams partner (joined Feb 2026),"Payments, Banking & Insurance",20,Close Brothers Group,closebrothers.com,,UK merchant banking rival
Barclays,Williams partner (joined Feb 2026),"Payments, Banking & Insurance",21,Rabobank,rabobank.com,,European corporate/commercial bank rival
Barclays,Williams partner (joined Feb 2026),"Payments, Banking & Insurance",22,ING Group,ing.com,,European universal bank rival
Barclays,Williams partner (joined Feb 2026),"Payments, Banking & Insurance",23,Nomura Holdings,nomura.com,,Global investment bank rival
Barclays,Williams partner (joined Feb 2026),"Payments, Banking & Insurance",24,RBC Capital Markets,rbccm.com,,Global investment bank rival
Barclays,Williams partner (joined Feb 2026),"Payments, Banking & Insurance",25,Wells Fargo,wellsfargo.com,,US corporate/investment bank rival
Barclays,Williams partner (joined Feb 2026),"Payments, Banking & Insurance",26,Mizuho Financial Group,mizuhogroup.com,,Global investment bank rival
Barclays,Williams partner (joined Feb 2026),"Payments, Banking & Insurance",27,MUFG Bank,mufg.jp,,Global investment bank rival
Barclays,Williams partner (joined Feb 2026),"Payments, Banking & Insurance",28,Coutts (NatWest Group),coutts.com,,UK private banking rival
Barclays,Williams partner (joined Feb 2026),"Payments, Banking & Insurance",29,UniCredit,unicreditgroup.eu,YES,European universal bank rival; Ferrari partner
Barclays,Williams partner (joined Feb 2026),"Payments, Banking & Insurance",30,Revolut,revolut.com,YES,UK-based digital bank/card rival; Audi F1 title partner
BNY,Williams partner,"Payments, Banking & Insurance",1,State Street Corporation,statestreet.com,,Global custody bank rival
BNY,Williams partner,"Payments, Banking & Insurance",2,Northern Trust Corporation,northerntrust.com,,Custody/asset servicing rival
BNY,Williams partner,"Payments, Banking & Insurance",3,JPMorgan Chase (Securities Services),chase.com,,Custody/asset servicing rival
BNY,Williams partner,"Payments, Banking & Insurance",4,Citigroup (Securities Services),citigroup.com,,Custody/asset servicing rival
BNY,Williams partner,"Payments, Banking & Insurance",5,HSBC Securities Services,hsbc.com,,Global custody/asset servicing rival
BNY,Williams partner,"Payments, Banking & Insurance",6,Standard Chartered (Securities Services),sc.com,YES,Custody/asset servicing rival; F1 official partner
BNY,Williams partner,"Payments, Banking & Insurance",7,SS&C Technologies,ssctech.com,,Fund administration/asset-servicing technology rival
BNY,Williams partner,"Payments, Banking & Insurance",8,Brown Brothers Harriman,bbh.com,,Custody/investor services rival
BNY,Williams partner,"Payments, Banking & Insurance",9,RBC Investor & Treasury Services,rbcits.com,,Custody/asset servicing rival
BNY,Williams partner,"Payments, Banking & Insurance",10,Societe Generale Securities Services,societegenerale.com,,Custody/asset servicing rival
BNY,Williams partner,"Payments, Banking & Insurance",11,BNP Paribas Securities Services,bnpparibas.com,,Custody/asset servicing rival
BNY,Williams partner,"Payments, Banking & Insurance",12,Deutsche Bank Securities Services,db.com,,Custody/asset servicing rival
BNY,Williams partner,"Payments, Banking & Insurance",13,Apex Group,apexgroup.com,,Fund administration/asset servicing rival
BNY,Williams partner,"Payments, Banking & Insurance",14,US Bank Global Fund Services,usbank.com,,Fund administration/custody rival
BNY,Williams partner,"Payments, Banking & Insurance",15,UBS Asset Servicing,ubs.com,YES,Custody/asset servicing rival; Mercedes partner
BNY,Williams partner,"Payments, Banking & Insurance",16,Goldman Sachs Asset Management,goldmansachs.com,YES,Asset management/servicing rival; McLaren partner
BNY,Williams partner,"Payments, Banking & Insurance",17,Morgan Stanley,morganstanley.com,,Wealth/investment services rival
BNY,Williams partner,"Payments, Banking & Insurance",18,Wells Fargo,wellsfargo.com,,Corporate/institutional trust services rival
BNY,Williams partner,"Payments, Banking & Insurance",19,MUFG Investor Services,mufg-investorservices.com,,Fund administration rival
BNY,Williams partner,"Payments, Banking & Insurance",20,CACEIS (Credit Agricole / Santander),caceis.com,YES,"Asset servicing joint venture rival; co-owned by Santander, F1 official partner"
BNY,Williams partner,"Payments, Banking & Insurance",21,Clearstream (Deutsche Börse),clearstream.com,,Post-trade settlement/custody rival
BNY,Williams partner,"Payments, Banking & Insurance",22,Euroclear,euroclear.com,,Post-trade settlement/custody rival
BNY,Williams partner,"Payments, Banking & Insurance",23,Computershare,computershare.com,,Share registry/corporate trust rival
BNY,Williams partner,"Payments, Banking & Insurance",24,IQ-EQ,iqeq.com,,Fund/corporate services rival
BNY,Williams partner,"Payments, Banking & Insurance",25,Alter Domus,alterdomus.com,,Fund administration rival
BNY,Williams partner,"Payments, Banking & Insurance",26,Vistra Group,vistra.com,,Fund/corporate services rival
BNY,Williams partner,"Payments, Banking & Insurance",27,TMF Group,tmf-group.com,,Fund/corporate administration rival
BNY,Williams partner,"Payments, Banking & Insurance",28,Intertrust Group (CSC),cscgfm.com,,Fund/corporate services rival
BNY,Williams partner,"Payments, Banking & Insurance",29,Mitsubishi UFJ Fund Services,mufg-investorservices.com,,Fund administration rival
BNY,Williams partner,"Payments, Banking & Insurance",30,Barclays (Securities Services),barclays.com,YES,Custody-adjacent institutional banking rival; Williams partner
Businessolver,Alpine partner,"Payments, Banking & Insurance",1,Alight Solutions,alight.com,,Benefits administration platform rival
Businessolver,Alpine partner,"Payments, Banking & Insurance",2,Benefitfocus (Voya Financial),benefitfocus.com,,Benefits administration platform rival
Businessolver,Alpine partner,"Payments, Banking & Insurance",3,bswift (Willis Towers Watson),bswift.com,,Benefits administration platform rival
Businessolver,Alpine partner,"Payments, Banking & Insurance",4,PlanSource,plansource.com,,Benefits administration platform rival
Businessolver,Alpine partner,"Payments, Banking & Insurance",5,Empyrean Benefit Solutions,goempyrean.com,,Benefits administration platform rival
Businessolver,Alpine partner,"Payments, Banking & Insurance",6,Selerix Systems,selerix.com,,Benefits enrollment technology rival
Businessolver,Alpine partner,"Payments, Banking & Insurance",7,Employee Navigator,employeenavigator.com,,Benefits administration platform rival
Businessolver,Alpine partner,"Payments, Banking & Insurance",8,Workday,workday.com,YES,HCM/benefits platform rival; McLaren partner
Businessolver,Alpine partner,"Payments, Banking & Insurance",9,ADP,adp.com,,HR/payroll and benefits platform rival
Businessolver,Alpine partner,"Payments, Banking & Insurance",10,Paychex,paychex.com,,HR/payroll and benefits platform rival
Businessolver,Alpine partner,"Payments, Banking & Insurance",11,Ceridian Dayforce,dayforce.com,,HCM/benefits platform rival
Businessolver,Alpine partner,"Payments, Banking & Insurance",12,UKG (Ultimate Kronos Group),ukg.com,YES,HCM/benefits platform rival; Aston Martin partner
Businessolver,Alpine partner,"Payments, Banking & Insurance",13,Namely,namely.com,,HR/benefits platform rival (mid-market)
Businessolver,Alpine partner,"Payments, Banking & Insurance",14,Zenefits (TriNet),trinet.com,,HR/benefits platform rival
Businessolver,Alpine partner,"Payments, Banking & Insurance",15,Gusto,gusto.com,,Small-business HR/benefits platform rival
Businessolver,Alpine partner,"Payments, Banking & Insurance",16,Justworks,justworks.com,,PEO/benefits platform rival
Businessolver,Alpine partner,"Payments, Banking & Insurance",17,TriNet Group,trinet.com,,PEO/benefits administration rival
Businessolver,Alpine partner,"Payments, Banking & Insurance",18,Paycor,paycor.com,,HCM/benefits platform rival
Businessolver,Alpine partner,"Payments, Banking & Insurance",19,Paylocity,paylocity.com,,HCM/benefits platform rival
Businessolver,Alpine partner,"Payments, Banking & Insurance",20,Rippling,rippling.com,,HR/IT/benefits platform rival
Businessolver,Alpine partner,"Payments, Banking & Insurance",21,HealthEquity,healthequity.com,,HSA/benefits administration rival
Businessolver,Alpine partner,"Payments, Banking & Insurance",22,WEX Inc.,wexinc.com,,Benefits/HSA administration rival
Businessolver,Alpine partner,"Payments, Banking & Insurance",23,Optum (UnitedHealth Group),optum.com,,Benefits/health administration rival
Businessolver,Alpine partner,"Payments, Banking & Insurance",24,Voya Financial,voya.com,,Benefits/retirement administration rival
Businessolver,Alpine partner,"Payments, Banking & Insurance",25,Nayya,nayya.com,,Benefits decision-support technology rival
Businessolver,Alpine partner,"Payments, Banking & Insurance",26,League Inc.,league.com,,Benefits experience platform rival
Businessolver,Alpine partner,"Payments, Banking & Insurance",27,Flock (Flock Benefits),meetflock.com,,Group benefits platform rival
Businessolver,Alpine partner,"Payments, Banking & Insurance",28,Mercer Marketplace (Marsh McLennan),mercer.com,YES,"Benefits administration/consulting rival; sister brand of Marsh, F1 official partner"
Businessolver,Alpine partner,"Payments, Banking & Insurance",29,Sequoia Consulting Group,sequoia.com,,Benefits administration/brokerage rival
Businessolver,Alpine partner,"Payments, Banking & Insurance",30,Maestro Health (Marpai),marpaihealth.com,,Benefits administration/health plan rival
Carlyle,Red Bull Racing partner,"Payments, Banking & Insurance",1,Blackstone Inc.,blackstone.com,,Largest global alternative asset manager rival
Carlyle,Red Bull Racing partner,"Payments, Banking & Insurance",2,KKR & Co.,kkr.com,,Global private equity rival
Carlyle,Red Bull Racing partner,"Payments, Banking & Insurance",3,Apollo Global Management,apollo.com,,Global alternative asset manager rival
Carlyle,Red Bull Racing partner,"Payments, Banking & Insurance",4,TPG Inc.,tpg.com,,Global private equity rival
Carlyle,Red Bull Racing partner,"Payments, Banking & Insurance",5,Bain Capital,baincapital.com,,Global private equity rival
Carlyle,Red Bull Racing partner,"Payments, Banking & Insurance",6,Warburg Pincus,warburgpincus.com,,Global growth/private equity rival
Carlyle,Red Bull Racing partner,"Payments, Banking & Insurance",7,Silver Lake,silverlake.com,,Technology-focused private equity rival
Carlyle,Red Bull Racing partner,"Payments, Banking & Insurance",8,Vista Equity Partners,vistaequitypartners.com,,Software-focused private equity rival
Carlyle,Red Bull Racing partner,"Payments, Banking & Insurance",9,General Atlantic,generalatlantic.com,,Global growth equity rival
Carlyle,Red Bull Racing partner,"Payments, Banking & Insurance",10,Ares Management,aresmgmt.com,,Global alternative asset manager rival
Carlyle,Red Bull Racing partner,"Payments, Banking & Insurance",11,Advent International,adventinternational.com,,Global private equity rival
Carlyle,Red Bull Racing partner,"Payments, Banking & Insurance",12,EQT AB,eqtgroup.com,,European private equity rival
Carlyle,Red Bull Racing partner,"Payments, Banking & Insurance",13,CVC Capital Partners,cvc.com,,European private equity rival
Carlyle,Red Bull Racing partner,"Payments, Banking & Insurance",14,Permira,permira.com,,European private equity rival
Carlyle,Red Bull Racing partner,"Payments, Banking & Insurance",15,Brookfield Asset Management,brookfield.com,,Global alternative asset manager rival
Carlyle,Red Bull Racing partner,"Payments, Banking & Insurance",16,Thoma Bravo,thomabravo.com,,Software-focused private equity rival
Carlyle,Red Bull Racing partner,"Payments, Banking & Insurance",17,Hellman & Friedman,hf.com,,Global private equity rival
Carlyle,Red Bull Racing partner,"Payments, Banking & Insurance",18,"Clayton, Dubilier & Rice",cdr-inc.com,,Global private equity rival
Carlyle,Red Bull Racing partner,"Payments, Banking & Insurance",19,Leonard Green & Partners,leonardgreen.com,,Consumer/retail-focused private equity rival
Carlyle,Red Bull Racing partner,"Payments, Banking & Insurance",20,Oaktree Capital Management,oaktreecapital.com,,Distressed debt/credit-focused rival
Carlyle,Red Bull Racing partner,"Payments, Banking & Insurance",21,Cerberus Capital Management,cerberus.com,,Global alternative investment rival
Carlyle,Red Bull Racing partner,"Payments, Banking & Insurance",22,Fortress Investment Group,fortress.com,,Alternative asset manager rival
Carlyle,Red Bull Racing partner,"Payments, Banking & Insurance",23,Centerbridge Partners,centerbridge.com,,Private equity/credit rival
Carlyle,Red Bull Racing partner,"Payments, Banking & Insurance",24,Angelo Gordon (TPG AG),angelogordon.com,,Alternative credit/real estate rival
Carlyle,Red Bull Racing partner,"Payments, Banking & Insurance",25,Neuberger Berman,nb.com,,Private markets/asset management rival
Carlyle,Red Bull Racing partner,"Payments, Banking & Insurance",26,Blue Owl Capital,blueowl.com,,Alternative asset manager/direct lending rival
Carlyle,Red Bull Racing partner,"Payments, Banking & Insurance",27,Golden Gate Capital,goldengatecap.com,,US private equity rival
Carlyle,Red Bull Racing partner,"Payments, Banking & Insurance",28,H.I.G. Capital,higcapital.com,,Mid-market private equity rival
Carlyle,Red Bull Racing partner,"Payments, Banking & Insurance",29,Platinum Equity,platinumequity.com,,Operations-focused private equity rival
Carlyle,Red Bull Racing partner,"Payments, Banking & Insurance",30,ZCG,zcg.com,YES,Alternative credit/asset management rival; Ferrari partner
"Cash App (Block, Inc.)",Racing Bulls title partner (Visa Cash App Racing Bulls),"Payments, Banking & Insurance",1,PayPal Holdings,paypal.com,,Digital wallet/P2P rival
"Cash App (Block, Inc.)",Racing Bulls title partner (Visa Cash App Racing Bulls),"Payments, Banking & Insurance",2,Venmo (PayPal),venmo.com,,P2P payments rival
"Cash App (Block, Inc.)",Racing Bulls title partner (Visa Cash App Racing Bulls),"Payments, Banking & Insurance",3,Zelle (Early Warning Services),zellepay.com,,Bank-backed P2P rival
"Cash App (Block, Inc.)",Racing Bulls title partner (Visa Cash App Racing Bulls),"Payments, Banking & Insurance",4,Chime Financial,chime.com,,Neobank/consumer fintech rival
"Cash App (Block, Inc.)",Racing Bulls title partner (Visa Cash App Racing Bulls),"Payments, Banking & Insurance",5,Revolut,revolut.com,YES,Neobank rival; Audi F1 title partner
"Cash App (Block, Inc.)",Racing Bulls title partner (Visa Cash App Racing Bulls),"Payments, Banking & Insurance",6,Wise,wise.com,,Cross-border money movement rival
"Cash App (Block, Inc.)",Racing Bulls title partner (Visa Cash App Racing Bulls),"Payments, Banking & Insurance",7,Apple Cash (Apple/Goldman Sachs),apple.com,YES,Mobile wallet rival; issuer Goldman Sachs is McLaren partner
"Cash App (Block, Inc.)",Racing Bulls title partner (Visa Cash App Racing Bulls),"Payments, Banking & Insurance",8,Google Pay,pay.google.com,YES,Mobile wallet rival; Google/Alphabet is McLaren partner
"Cash App (Block, Inc.)",Racing Bulls title partner (Visa Cash App Racing Bulls),"Payments, Banking & Insurance",9,Klarna,klarna.com,,BNPL/consumer fintech rival
"Cash App (Block, Inc.)",Racing Bulls title partner (Visa Cash App Racing Bulls),"Payments, Banking & Insurance",10,Affirm Holdings,affirm.com,,BNPL rival
"Cash App (Block, Inc.)",Racing Bulls title partner (Visa Cash App Racing Bulls),"Payments, Banking & Insurance",11,SoFi Technologies,sofi.com,,Consumer neobank/investing rival
"Cash App (Block, Inc.)",Racing Bulls title partner (Visa Cash App Racing Bulls),"Payments, Banking & Insurance",12,Varo Bank,varomoney.com,,Mobile-first bank rival
"Cash App (Block, Inc.)",Racing Bulls title partner (Visa Cash App Racing Bulls),"Payments, Banking & Insurance",13,Current,current.com,,Neobank rival
"Cash App (Block, Inc.)",Racing Bulls title partner (Visa Cash App Racing Bulls),"Payments, Banking & Insurance",14,Dave Inc.,dave.com,,Neobank/cash advance app rival
"Cash App (Block, Inc.)",Racing Bulls title partner (Visa Cash App Racing Bulls),"Payments, Banking & Insurance",15,N26,n26.com,,European neobank rival
"Cash App (Block, Inc.)",Racing Bulls title partner (Visa Cash App Racing Bulls),"Payments, Banking & Insurance",16,Monzo,monzo.com,,UK neobank rival
"Cash App (Block, Inc.)",Racing Bulls title partner (Visa Cash App Racing Bulls),"Payments, Banking & Insurance",17,Starling Bank,starlingbank.com,,UK neobank rival
"Cash App (Block, Inc.)",Racing Bulls title partner (Visa Cash App Racing Bulls),"Payments, Banking & Insurance",18,Robinhood Markets,robinhood.com,,Adjacent consumer fintech (investing + cash card)
"Cash App (Block, Inc.)",Racing Bulls title partner (Visa Cash App Racing Bulls),"Payments, Banking & Insurance",19,Coinbase,coinbase.com,YES,Crypto wallet/exchange overlap; Aston Martin partner
"Cash App (Block, Inc.)",Racing Bulls title partner (Visa Cash App Racing Bulls),"Payments, Banking & Insurance",20,MoneyGram International,moneygram.com,YES,Money transfer overlap; Haas title partner
"Cash App (Block, Inc.)",Racing Bulls title partner (Visa Cash App Racing Bulls),"Payments, Banking & Insurance",21,Western Union,westernunion.com,,Remittance overlap
"Cash App (Block, Inc.)",Racing Bulls title partner (Visa Cash App Racing Bulls),"Payments, Banking & Insurance",22,Remitly,remitly.com,,Remittance overlap
"Cash App (Block, Inc.)",Racing Bulls title partner (Visa Cash App Racing Bulls),"Payments, Banking & Insurance",23,WorldRemit (Zepz),worldremit.com,,Remittance overlap
"Cash App (Block, Inc.)",Racing Bulls title partner (Visa Cash App Racing Bulls),"Payments, Banking & Insurance",24,Payoneer,payoneer.com,,Digital payments/cross-border rival
"Cash App (Block, Inc.)",Racing Bulls title partner (Visa Cash App Racing Bulls),"Payments, Banking & Insurance",25,Green Dot Corporation,greendot.com,,Prepaid/banking-as-a-service rival
"Cash App (Block, Inc.)",Racing Bulls title partner (Visa Cash App Racing Bulls),"Payments, Banking & Insurance",26,NetSpend (Global Payments),netspend.com,,Prepaid card rival
"Cash App (Block, Inc.)",Racing Bulls title partner (Visa Cash App Racing Bulls),"Payments, Banking & Insurance",27,Ria Money Transfer (Euronet),riamoneytransfer.com,,Remittance overlap
"Cash App (Block, Inc.)",Racing Bulls title partner (Visa Cash App Racing Bulls),"Payments, Banking & Insurance",28,PayNearMe,paynearme.com,,Cash-based digital payments rival
"Cash App (Block, Inc.)",Racing Bulls title partner (Visa Cash App Racing Bulls),"Payments, Banking & Insurance",29,Skrill (Paysafe),skrill.com,,Digital wallet rival
"Cash App (Block, Inc.)",Racing Bulls title partner (Visa Cash App Racing Bulls),"Payments, Banking & Insurance",30,Nu / Nubank,nubank.com.br,YES,Digital bank rival; Mercedes partner
Goldman Sachs,McLaren partner,"Payments, Banking & Insurance",1,Morgan Stanley,morganstanley.com,,Global investment bank rival
Goldman Sachs,McLaren partner,"Payments, Banking & Insurance",2,JPMorgan Chase,chase.com,,Global investment bank rival
Goldman Sachs,McLaren partner,"Payments, Banking & Insurance",3,Bank of America (BofA Securities),bankofamerica.com,,Global investment bank rival
Goldman Sachs,McLaren partner,"Payments, Banking & Insurance",4,Citigroup,citigroup.com,,Global investment bank rival
Goldman Sachs,McLaren partner,"Payments, Banking & Insurance",5,UBS,ubs.com,YES,Global investment bank rival; Mercedes partner
Goldman Sachs,McLaren partner,"Payments, Banking & Insurance",6,Barclays,barclays.com,YES,Global investment bank rival; Williams partner
Goldman Sachs,McLaren partner,"Payments, Banking & Insurance",7,Deutsche Bank,db.com,,Global investment bank rival
Goldman Sachs,McLaren partner,"Payments, Banking & Insurance",8,BNP Paribas,bnpparibas.com,,European investment bank rival
Goldman Sachs,McLaren partner,"Payments, Banking & Insurance",9,Societe Generale,societegenerale.com,,European investment bank rival
Goldman Sachs,McLaren partner,"Payments, Banking & Insurance",10,HSBC Holdings,hsbc.com,,Global investment bank rival
Goldman Sachs,McLaren partner,"Payments, Banking & Insurance",11,Wells Fargo,wellsfargo.com,,US corporate/investment bank rival
Goldman Sachs,McLaren partner,"Payments, Banking & Insurance",12,Lazard,lazard.com,,Independent advisory rival
Goldman Sachs,McLaren partner,"Payments, Banking & Insurance",13,Evercore,evercore.com,,Independent advisory rival
Goldman Sachs,McLaren partner,"Payments, Banking & Insurance",14,Moelis & Company,moelis.com,,Independent advisory rival
Goldman Sachs,McLaren partner,"Payments, Banking & Insurance",15,PJT Partners,pjtpartners.com,,Independent advisory rival
Goldman Sachs,McLaren partner,"Payments, Banking & Insurance",16,Rothschild & Co,rothschildandco.com,,Independent advisory rival
Goldman Sachs,McLaren partner,"Payments, Banking & Insurance",17,Jefferies Financial Group,jefferies.com,,Full-service investment bank rival
Goldman Sachs,McLaren partner,"Payments, Banking & Insurance",18,Centerview Partners,centerviewpartners.com,,Independent advisory rival
Goldman Sachs,McLaren partner,"Payments, Banking & Insurance",19,Houlihan Lokey,hl.com,,M&A/restructuring advisory rival
Goldman Sachs,McLaren partner,"Payments, Banking & Insurance",20,RBC Capital Markets,rbccm.com,,Global investment bank rival
Goldman Sachs,McLaren partner,"Payments, Banking & Insurance",21,Nomura Holdings,nomura.com,,Asia-based investment bank rival
Goldman Sachs,McLaren partner,"Payments, Banking & Insurance",22,Mizuho Financial Group,mizuhogroup.com,,Japanese investment bank rival
Goldman Sachs,McLaren partner,"Payments, Banking & Insurance",23,Macquarie Group,macquarie.com,,Investment bank/asset management rival
Goldman Sachs,McLaren partner,"Payments, Banking & Insurance",24,Blackstone Inc.,blackstone.com,,Alternative asset management rival
Goldman Sachs,McLaren partner,"Payments, Banking & Insurance",25,Carlyle Group,carlyle.com,YES,Alternative asset management rival; Red Bull Racing partner
Goldman Sachs,McLaren partner,"Payments, Banking & Insurance",26,KKR & Co.,kkr.com,,Alternative asset management rival
Goldman Sachs,McLaren partner,"Payments, Banking & Insurance",27,Apollo Global Management,apollo.com,,Alternative asset management rival
Goldman Sachs,McLaren partner,"Payments, Banking & Insurance",28,Perella Weinberg Partners,pwpartners.com,,Independent advisory rival
Goldman Sachs,McLaren partner,"Payments, Banking & Insurance",29,Guggenheim Partners,guggenheimpartners.com,,Investment bank/asset management rival
Goldman Sachs,McLaren partner,"Payments, Banking & Insurance",30,TD Securities,tdsecurities.com,,Corporate/investment bank rival
Marsh (Marsh McLennan),F1 official partner (insurance),"Payments, Banking & Insurance",1,Aon,aon.com,YES,World's #2 insurance broker rival; Ferrari partner
Marsh (Marsh McLennan),F1 official partner (insurance),"Payments, Banking & Insurance",2,Willis Towers Watson (WTW),wtwco.com,,Global insurance broker/risk advisory rival
Marsh (Marsh McLennan),F1 official partner (insurance),"Payments, Banking & Insurance",3,Arthur J. Gallagher & Co.,ajg.com,,Global insurance broker rival
Marsh (Marsh McLennan),F1 official partner (insurance),"Payments, Banking & Insurance",4,Brown & Brown,bbinsurance.com,,US insurance broker rival
Marsh (Marsh McLennan),F1 official partner (insurance),"Payments, Banking & Insurance",5,Lockton Companies,lockton.com,,Largest private insurance broker rival
Marsh (Marsh McLennan),F1 official partner (insurance),"Payments, Banking & Insurance",6,Hub International,hubinternational.com,,Insurance brokerage rival
Marsh (Marsh McLennan),F1 official partner (insurance),"Payments, Banking & Insurance",7,Alliant Insurance Services,alliant.com,,Specialty insurance brokerage rival
Marsh (Marsh McLennan),F1 official partner (insurance),"Payments, Banking & Insurance",8,USI Insurance Services,usi.com,,Insurance brokerage/consulting rival
Marsh (Marsh McLennan),F1 official partner (insurance),"Payments, Banking & Insurance",9,NFP Corp,nfp.com,,Insurance broker/benefits consulting rival
Marsh (Marsh McLennan),F1 official partner (insurance),"Payments, Banking & Insurance",10,Acrisure,acrisure.com,,Fast-growing insurance brokerage rival
Marsh (Marsh McLennan),F1 official partner (insurance),"Payments, Banking & Insurance",11,Howden Group Holdings,howdengroup.com,,Global insurance broker rival
Marsh (Marsh McLennan),F1 official partner (insurance),"Payments, Banking & Insurance",12,Ardonagh Group,ardonagh.com,,UK-based global insurance broker rival
Marsh (Marsh McLennan),F1 official partner (insurance),"Payments, Banking & Insurance",13,BroadStreet Partners,broadstreetpartners.com,,Insurance brokerage rival
Marsh (Marsh McLennan),F1 official partner (insurance),"Payments, Banking & Insurance",14,AssuredPartners,assuredpartners.com,,Insurance brokerage rival
Marsh (Marsh McLennan),F1 official partner (insurance),"Payments, Banking & Insurance",15,Risk Strategies Company,risk-strategies.com,,Specialty insurance brokerage rival
Marsh (Marsh McLennan),F1 official partner (insurance),"Payments, Banking & Insurance",16,Woodruff Sawyer,woodruffsawyer.com,,Insurance brokerage/risk management rival
Marsh (Marsh McLennan),F1 official partner (insurance),"Payments, Banking & Insurance",17,EPIC Insurance Brokers & Consultants,epicbrokers.com,,Insurance brokerage rival
Marsh (Marsh McLennan),F1 official partner (insurance),"Payments, Banking & Insurance",18,McGriff Insurance Services,mcgriff.com,,Insurance brokerage rival
Marsh (Marsh McLennan),F1 official partner (insurance),"Payments, Banking & Insurance",19,World Insurance Associates,worldinsurance.com,,Insurance brokerage rival
Marsh (Marsh McLennan),F1 official partner (insurance),"Payments, Banking & Insurance",20,Crawford & Company,crawco.com,,Claims management/TPA rival
Marsh (Marsh McLennan),F1 official partner (insurance),"Payments, Banking & Insurance",21,Sedgwick,sedgwick.com,,Claims management/TPA rival
Marsh (Marsh McLennan),F1 official partner (insurance),"Payments, Banking & Insurance",22,Zurich Insurance Group,zurich.com,,Global commercial insurer rival
Marsh (Marsh McLennan),F1 official partner (insurance),"Payments, Banking & Insurance",23,Chubb Limited,chubb.com,,Global commercial/specialty insurer rival
Marsh (Marsh McLennan),F1 official partner (insurance),"Payments, Banking & Insurance",24,AIG,aig.com,,Global commercial insurer rival
Marsh (Marsh McLennan),F1 official partner (insurance),"Payments, Banking & Insurance",25,Allianz,allianz.com,YES,Global risk/insurance rival; F1 global partner
Marsh (Marsh McLennan),F1 official partner (insurance),"Payments, Banking & Insurance",26,Munich Re,munichre.com,,Global reinsurance rival
Marsh (Marsh McLennan),F1 official partner (insurance),"Payments, Banking & Insurance",27,Swiss Re,swissre.com,,Global reinsurance rival
Marsh (Marsh McLennan),F1 official partner (insurance),"Payments, Banking & Insurance",28,Aon Reinsurance Solutions,aon.com,YES,"Reinsurance broking rival; sister to Aon, Ferrari partner"
Marsh (Marsh McLennan),F1 official partner (insurance),"Payments, Banking & Insurance",29,Integro Insurance Brokers,integrogroup.com,,Specialty insurance brokerage rival
Marsh (Marsh McLennan),F1 official partner (insurance),"Payments, Banking & Insurance",30,CAC Specialty,cacspecialty.com,,Independent specialty insurance brokerage rival
Mastercard,McLaren title partner,"Payments, Banking & Insurance",1,Visa,visa.com,YES,Direct card-network rival; Racing Bulls/Red Bull Racing partner
Mastercard,McLaren title partner,"Payments, Banking & Insurance",2,American Express,americanexpress.com,YES,Closed-loop network rival; F1 official partner
Mastercard,McLaren title partner,"Payments, Banking & Insurance",3,Discover Financial Services,discover.com,,US card network
Mastercard,McLaren title partner,"Payments, Banking & Insurance",4,Diners Club International,dinersclub.com,,Legacy charge network (Discover-owned)
Mastercard,McLaren title partner,"Payments, Banking & Insurance",5,JCB Co.,global.jcb,,Japanese card network
Mastercard,McLaren title partner,"Payments, Banking & Insurance",6,UnionPay,unionpay.com,,China's dominant card network
Mastercard,McLaren title partner,"Payments, Banking & Insurance",7,PayPal,paypal.com,,Digital wallet/checkout rival
Mastercard,McLaren title partner,"Payments, Banking & Insurance",8,"Block, Inc. (Cash App)",cash.app,YES,Wallet/P2P rival; Racing Bulls title partner
Mastercard,McLaren title partner,"Payments, Banking & Insurance",9,Stripe,stripe.com,,Payments infrastructure rival
Mastercard,McLaren title partner,"Payments, Banking & Insurance",10,Adyen,adyen.com,,Global payments platform
Mastercard,McLaren title partner,"Payments, Banking & Insurance",11,Fiserv,fiserv.com,,Issuer processing rival
Mastercard,McLaren title partner,"Payments, Banking & Insurance",12,FIS (Worldpay),fisglobal.com,,Merchant acquiring/processing rival
Mastercard,McLaren title partner,"Payments, Banking & Insurance",13,Global Payments Inc.,globalpayments.com,,Acquiring/processing rival
Mastercard,McLaren title partner,"Payments, Banking & Insurance",14,RuPay (NPCI),npci.org.in,,India's domestic card scheme
Mastercard,McLaren title partner,"Payments, Banking & Insurance",15,Interac,interac.ca,,Canada's debit network
Mastercard,McLaren title partner,"Payments, Banking & Insurance",16,Alipay (Ant Group),alipay.com,,China super-app payments rail
Mastercard,McLaren title partner,"Payments, Banking & Insurance",17,WeChat Pay (Tencent),pay.weixin.qq.com,,China mobile payments rail
Mastercard,McLaren title partner,"Payments, Banking & Insurance",18,Klarna,klarna.com,,BNPL/checkout rival
Mastercard,McLaren title partner,"Payments, Banking & Insurance",19,Affirm Holdings,affirm.com,,BNPL rival
Mastercard,McLaren title partner,"Payments, Banking & Insurance",20,Wise,wise.com,,Cross-border payments rival
Mastercard,McLaren title partner,"Payments, Banking & Insurance",21,Revolut,revolut.com,YES,Neobank/scheme aspirant; Audi F1 title partner
Mastercard,McLaren title partner,"Payments, Banking & Insurance",22,Marqeta,marqeta.com,,Card issuing platform
Mastercard,McLaren title partner,"Payments, Banking & Insurance",23,Nexi Group,nexi.it,,European payments/acquiring group
Mastercard,McLaren title partner,"Payments, Banking & Insurance",24,Worldline,worldline.com,,European payments processor
Mastercard,McLaren title partner,"Payments, Banking & Insurance",25,Checkout.com,checkout.com,,Global payment processor
Mastercard,McLaren title partner,"Payments, Banking & Insurance",26,Paysafe,paysafe.com,,Payments/digital wallet group
Mastercard,McLaren title partner,"Payments, Banking & Insurance",27,Braintree (PayPal),braintreepayments.com,,Merchant payments gateway
Mastercard,McLaren title partner,"Payments, Banking & Insurance",28,Venmo (PayPal),venmo.com,,P2P payments rival
Mastercard,McLaren title partner,"Payments, Banking & Insurance",29,Zelle (Early Warning Services),zellepay.com,,US bank-backed P2P network
Mastercard,McLaren title partner,"Payments, Banking & Insurance",30,GoCardless,gocardless.com,,Bank-to-bank/direct debit payments
Mobilize Financial Services (Renault Group),Alpine partner,"Payments, Banking & Insurance",1,Ford Motor Credit Company,ford.com,YES,Captive auto-finance rival; Ford is Red Bull Ford Powertrains partner
Mobilize Financial Services (Renault Group),Alpine partner,"Payments, Banking & Insurance",2,Stellantis Financial Services,stellantisfinancialservices.com,,Captive auto-finance rival
Mobilize Financial Services (Renault Group),Alpine partner,"Payments, Banking & Insurance",3,Volkswagen Financial Services,vwfs.com,YES,Captive auto-finance rival; VW Group owns Audi F1 works team
Mobilize Financial Services (Renault Group),Alpine partner,"Payments, Banking & Insurance",4,Toyota Financial Services,toyotafinancial.com,YES,Captive auto-finance rival; Toyota Gazoo Racing is Haas technical partner
Mobilize Financial Services (Renault Group),Alpine partner,"Payments, Banking & Insurance",5,BMW Financial Services,bmwusa.com,,Captive auto-finance rival
Mobilize Financial Services (Renault Group),Alpine partner,"Payments, Banking & Insurance",6,Mercedes-Benz Mobility,mercedes-benz-mobility.com,,Captive auto-finance rival
Mobilize Financial Services (Renault Group),Alpine partner,"Payments, Banking & Insurance",7,GM Financial,gmfinancial.com,YES,Captive auto-finance rival; GM/Cadillac is works team owner
Mobilize Financial Services (Renault Group),Alpine partner,"Payments, Banking & Insurance",8,Nissan Motor Acceptance Corporation,nissanusa.com,,Captive auto-finance rival
Mobilize Financial Services (Renault Group),Alpine partner,"Payments, Banking & Insurance",9,Honda Financial Services,hondafinancialservices.com,YES,Captive auto-finance rival; Honda (HRC) is Aston Martin power unit partner
Mobilize Financial Services (Renault Group),Alpine partner,"Payments, Banking & Insurance",10,Santander Consumer Finance,santanderconsumerusa.com,YES,Auto lending rival; Santander is F1 official partner
Mobilize Financial Services (Renault Group),Alpine partner,"Payments, Banking & Insurance",11,BNP Paribas Personal Finance,bnpparibas-pf.com,,European consumer/auto finance rival
Mobilize Financial Services (Renault Group),Alpine partner,"Payments, Banking & Insurance",12,Ally Financial,ally.com,,US auto finance rival
Mobilize Financial Services (Renault Group),Alpine partner,"Payments, Banking & Insurance",13,Volvo Car Financial Services,volvocars.com,,Captive auto-finance rival
Mobilize Financial Services (Renault Group),Alpine partner,"Payments, Banking & Insurance",14,Hyundai Capital Services,hyundaicapital.com,,Captive auto-finance rival
Mobilize Financial Services (Renault Group),Alpine partner,"Payments, Banking & Insurance",15,Kia Finance,kiafinance.com,,Captive auto-finance rival
Mobilize Financial Services (Renault Group),Alpine partner,"Payments, Banking & Insurance",16,PSA Banque France (Stellantis),stellantis.com,,European captive auto-finance rival
Mobilize Financial Services (Renault Group),Alpine partner,"Payments, Banking & Insurance",17,Arval (BNP Paribas),arval.com,,Fleet leasing/finance rival
Mobilize Financial Services (Renault Group),Alpine partner,"Payments, Banking & Insurance",18,ALD Automotive (Ayvens/Societe Generale),aldautomotive.com,,Fleet leasing/finance rival
Mobilize Financial Services (Renault Group),Alpine partner,"Payments, Banking & Insurance",19,LeasePlan,leaseplan.com,,Fleet leasing/finance rival
Mobilize Financial Services (Renault Group),Alpine partner,"Payments, Banking & Insurance",20,DLL Group (Rabobank),dllgroup.com,,Vendor/asset finance rival
Mobilize Financial Services (Renault Group),Alpine partner,"Payments, Banking & Insurance",21,Wells Fargo Auto,wellsfargo.com,,Auto lending rival
Mobilize Financial Services (Renault Group),Alpine partner,"Payments, Banking & Insurance",22,Chase Auto (JPMorgan Chase),chase.com,,Auto lending rival
Mobilize Financial Services (Renault Group),Alpine partner,"Payments, Banking & Insurance",23,Capital One Auto Finance,capitalone.com,YES,Auto lending rival; Capital One owns Velocity Black (Aston Martin partner)
Mobilize Financial Services (Renault Group),Alpine partner,"Payments, Banking & Insurance",24,Bank of America Auto Loans,bankofamerica.com,,Auto lending rival
Mobilize Financial Services (Renault Group),Alpine partner,"Payments, Banking & Insurance",25,Jaguar Land Rover Financial Services,jaguarlandroverfinancialservices.com,,Captive auto-finance rival
Mobilize Financial Services (Renault Group),Alpine partner,"Payments, Banking & Insurance",26,Subaru Motors Finance,subarumotorsfinance.com,,Captive auto-finance rival
Mobilize Financial Services (Renault Group),Alpine partner,"Payments, Banking & Insurance",27,Mitsubishi HC Capital,mitsubishi-hc-capital.com,,Captive auto/equipment finance rival
Mobilize Financial Services (Renault Group),Alpine partner,"Payments, Banking & Insurance",28,Suzuki Finance,suzuki.com,,Captive auto-finance rival
Mobilize Financial Services (Renault Group),Alpine partner,"Payments, Banking & Insurance",29,Daimler Truck Financial Services,daimlertruckfinancial.com,,Commercial vehicle finance rival
Mobilize Financial Services (Renault Group),Alpine partner,"Payments, Banking & Insurance",30,CarMax Auto Finance,carmax.com,,Used-vehicle finance rival
MoneyGram,Haas title partner,"Payments, Banking & Insurance",1,Western Union,westernunion.com,,Largest global remittance rival
MoneyGram,Haas title partner,"Payments, Banking & Insurance",2,Wise,wise.com,,Cross-border money transfer rival
MoneyGram,Haas title partner,"Payments, Banking & Insurance",3,Remitly,remitly.com,,Digital remittance rival
MoneyGram,Haas title partner,"Payments, Banking & Insurance",4,WorldRemit (Zepz),worldremit.com,,Digital remittance rival
MoneyGram,Haas title partner,"Payments, Banking & Insurance",5,Ria Money Transfer (Euronet),riamoneytransfer.com,,Global remittance network rival
MoneyGram,Haas title partner,"Payments, Banking & Insurance",6,Xoom (PayPal),xoom.com,,Digital remittance rival
MoneyGram,Haas title partner,"Payments, Banking & Insurance",7,Intermex (International Money Express),intermexonline.com,,US-Latin America remittance rival
MoneyGram,Haas title partner,"Payments, Banking & Insurance",8,Azimo,azimo.com,,European digital remittance rival
MoneyGram,Haas title partner,"Payments, Banking & Insurance",9,TransferGo,transfergo.com,,Digital remittance rival
MoneyGram,Haas title partner,"Payments, Banking & Insurance",10,Small World Financial Services,smallworldfs.com,,Global remittance network rival
MoneyGram,Haas title partner,"Payments, Banking & Insurance",11,OFX,ofx.com,,International money transfer rival
MoneyGram,Haas title partner,"Payments, Banking & Insurance",12,XE Money Transfer,xe.com,,FX/money transfer rival
MoneyGram,Haas title partner,"Payments, Banking & Insurance",13,InstaReM (Nium),nium.com,,Cross-border payments rival
MoneyGram,Haas title partner,"Payments, Banking & Insurance",14,Skrill (Paysafe),skrill.com,,Digital wallet/remittance rival
MoneyGram,Haas title partner,"Payments, Banking & Insurance",15,PayPal,paypal.com,,Cross-border payments overlap
MoneyGram,Haas title partner,"Payments, Banking & Insurance",16,Venmo (PayPal),venmo.com,,Domestic P2P overlap
MoneyGram,Haas title partner,"Payments, Banking & Insurance",17,Zelle (Early Warning Services),zellepay.com,,US domestic P2P overlap
MoneyGram,Haas title partner,"Payments, Banking & Insurance",18,Cash App (Block),cash.app,YES,P2P/remittance overlap; Racing Bulls title partner
MoneyGram,Haas title partner,"Payments, Banking & Insurance",19,Revolut,revolut.com,YES,Cross-border transfer overlap; Audi F1 title partner
MoneyGram,Haas title partner,"Payments, Banking & Insurance",20,WorldFirst (Ant Group),worldfirst.com,,Cross-border payments rival
MoneyGram,Haas title partner,"Payments, Banking & Insurance",21,Sigue Corporation,sigue.com,,Global remittance network rival
MoneyGram,Haas title partner,"Payments, Banking & Insurance",22,Uniteller,uniteller.com,,US-Latin America remittance rival
MoneyGram,Haas title partner,"Payments, Banking & Insurance",23,MoneyTrans,moneytrans.eu,,European remittance network
MoneyGram,Haas title partner,"Payments, Banking & Insurance",24,Payoneer,payoneer.com,,Cross-border payments rival
MoneyGram,Haas title partner,"Payments, Banking & Insurance",25,TapTapSend,taptapsend.com,,Digital remittance rival (diaspora corridors)
MoneyGram,Haas title partner,"Payments, Banking & Insurance",26,Wari,wari.com,,West Africa remittance/mobile money rival
MoneyGram,Haas title partner,"Payments, Banking & Insurance",27,Flutterwave,flutterwave.com,,Africa payments/remittance rival
MoneyGram,Haas title partner,"Payments, Banking & Insurance",28,MFS Africa,mfsafrica.com,,Africa mobile money interoperability rival
MoneyGram,Haas title partner,"Payments, Banking & Insurance",29,Wave Mobile Money,wave.com,,West Africa mobile money rival
MoneyGram,Haas title partner,"Payments, Banking & Insurance",30,M-Pesa (Safaricom/Vodafone),safaricom.co.ke,,Mobile money remittance rival
Nu (Nubank),Mercedes partner,"Payments, Banking & Insurance",1,Revolut,revolut.com,YES,Global neobank rival; Audi F1 title partner
Nu (Nubank),Mercedes partner,"Payments, Banking & Insurance",2,N26,n26.com,,European neobank rival
Nu (Nubank),Mercedes partner,"Payments, Banking & Insurance",3,Monzo,monzo.com,,UK neobank rival
Nu (Nubank),Mercedes partner,"Payments, Banking & Insurance",4,Starling Bank,starlingbank.com,,UK neobank rival
Nu (Nubank),Mercedes partner,"Payments, Banking & Insurance",5,Chime Financial,chime.com,,US neobank rival
Nu (Nubank),Mercedes partner,"Payments, Banking & Insurance",6,Varo Bank,varomoney.com,,US digital bank rival
Nu (Nubank),Mercedes partner,"Payments, Banking & Insurance",7,SoFi Technologies,sofi.com,,US neobank/investing rival
Nu (Nubank),Mercedes partner,"Payments, Banking & Insurance",8,Banco Inter,bancointer.com.br,,Brazil digital bank rival
Nu (Nubank),Mercedes partner,"Payments, Banking & Insurance",9,C6 Bank,c6bank.com.br,,Brazil digital bank rival
Nu (Nubank),Mercedes partner,"Payments, Banking & Insurance",10,PicPay,picpay.com,,Brazil digital wallet/bank rival
Nu (Nubank),Mercedes partner,"Payments, Banking & Insurance",11,Mercado Pago (Mercado Libre),mercadopago.com,,Latin America fintech/digital wallet rival
Nu (Nubank),Mercedes partner,"Payments, Banking & Insurance",12,Banco Original,original.com.br,,Brazil digital bank rival
Nu (Nubank),Mercedes partner,"Payments, Banking & Insurance",13,Neon,neon.com.br,,Brazil digital bank rival
Nu (Nubank),Mercedes partner,"Payments, Banking & Insurance",14,Will Bank,willbank.com.br,,Brazil digital bank rival
Nu (Nubank),Mercedes partner,"Payments, Banking & Insurance",15,Next (Bradesco),next.me,,Brazil digital bank rival
Nu (Nubank),Mercedes partner,"Payments, Banking & Insurance",16,Wise,wise.com,,Cross-border money transfer overlap
Nu (Nubank),Mercedes partner,"Payments, Banking & Insurance",17,Klarna,klarna.com,,Consumer fintech overlap
Nu (Nubank),Mercedes partner,"Payments, Banking & Insurance",18,Cash App (Block),cash.app,YES,Digital finance app rival; Racing Bulls title partner
Nu (Nubank),Mercedes partner,"Payments, Banking & Insurance",19,Current,current.com,,US neobank rival
Nu (Nubank),Mercedes partner,"Payments, Banking & Insurance",20,Dave Inc.,dave.com,,US neobank rival
Nu (Nubank),Mercedes partner,"Payments, Banking & Insurance",21,Ualá,ua.la,,Latin America (Argentina/Mexico) fintech rival
Nu (Nubank),Mercedes partner,"Payments, Banking & Insurance",22,Rappi Pay,rappi.com,,Latin America super-app fintech rival
Nu (Nubank),Mercedes partner,"Payments, Banking & Insurance",23,XP Inc.,xpinc.com,,Brazil financial services platform rival
Nu (Nubank),Mercedes partner,"Payments, Banking & Insurance",24,Itaú Unibanco,itau.com.br,,Brazil incumbent bank rival
Nu (Nubank),Mercedes partner,"Payments, Banking & Insurance",25,Bradesco,banco.bradesco,,Brazil incumbent bank rival
Nu (Nubank),Mercedes partner,"Payments, Banking & Insurance",26,Banco do Brasil,bb.com.br,,Brazil incumbent bank rival
Nu (Nubank),Mercedes partner,"Payments, Banking & Insurance",27,Konfío,konfio.mx,,Mexico SME fintech rival
Nu (Nubank),Mercedes partner,"Payments, Banking & Insurance",28,Clip,clip.mx,,Mexico payments fintech rival
Nu (Nubank),Mercedes partner,"Payments, Banking & Insurance",29,Stori Card,storicard.com,,Mexico digital credit card rival
Nu (Nubank),Mercedes partner,"Payments, Banking & Insurance",30,Ant Group / Alipay,alipay.com,,Global digital finance super-app rival
Nuveen (TIAA),Williams partner,"Payments, Banking & Insurance",1,BlackRock,blackrock.com,,Largest global asset manager rival
Nuveen (TIAA),Williams partner,"Payments, Banking & Insurance",2,Vanguard Group,vanguard.com,,Global asset management rival
Nuveen (TIAA),Williams partner,"Payments, Banking & Insurance",3,Fidelity Investments,fidelity.com,,Asset management/retirement rival
Nuveen (TIAA),Williams partner,"Payments, Banking & Insurance",4,State Street Global Advisors,ssga.com,,Institutional asset management rival
Nuveen (TIAA),Williams partner,"Payments, Banking & Insurance",5,Invesco,invesco.com,,Global asset management rival
Nuveen (TIAA),Williams partner,"Payments, Banking & Insurance",6,T. Rowe Price,troweprice.com,,Asset management/retirement rival
Nuveen (TIAA),Williams partner,"Payments, Banking & Insurance",7,Franklin Templeton,franklintempleton.com,,Global asset management rival
Nuveen (TIAA),Williams partner,"Payments, Banking & Insurance",8,PIMCO,pimco.com,,Fixed income asset management rival
Nuveen (TIAA),Williams partner,"Payments, Banking & Insurance",9,Capital Group,capitalgroup.com,,Active asset management rival
Nuveen (TIAA),Williams partner,"Payments, Banking & Insurance",10,J.P. Morgan Asset Management,am.jpmorgan.com,,Global asset management rival
Nuveen (TIAA),Williams partner,"Payments, Banking & Insurance",11,Wellington Management,wellington.com,,Institutional asset management rival
Nuveen (TIAA),Williams partner,"Payments, Banking & Insurance",12,MFS Investment Management,mfs.com,,Active asset management rival
Nuveen (TIAA),Williams partner,"Payments, Banking & Insurance",13,Janus Henderson,janushenderson.com,,Global asset management rival
Nuveen (TIAA),Williams partner,"Payments, Banking & Insurance",14,AllianceBernstein,alliancebernstein.com,,Global asset management rival
Nuveen (TIAA),Williams partner,"Payments, Banking & Insurance",15,Principal Financial Group,principal.com,,Retirement/asset management rival
Nuveen (TIAA),Williams partner,"Payments, Banking & Insurance",16,Voya Financial,voya.com,,Retirement services/asset management rival
Nuveen (TIAA),Williams partner,"Payments, Banking & Insurance",17,Prudential Financial,prudential.com,,Retirement/insurance-linked asset management rival
Nuveen (TIAA),Williams partner,"Payments, Banking & Insurance",18,MetLife Investment Management,metlife.com,,Institutional asset management rival
Nuveen (TIAA),Williams partner,"Payments, Banking & Insurance",19,PGIM (Prudential),pgim.com,,Global fixed income/real assets rival
Nuveen (TIAA),Williams partner,"Payments, Banking & Insurance",20,AXA Investment Managers,axa-im.com,,European asset management rival
Nuveen (TIAA),Williams partner,"Payments, Banking & Insurance",21,Allianz Global Investors,allianzgi.com,YES,Global asset management rival; Allianz is F1 global partner
Nuveen (TIAA),Williams partner,"Payments, Banking & Insurance",22,Amundi,amundi.com,,Europe's largest asset manager rival
Nuveen (TIAA),Williams partner,"Payments, Banking & Insurance",23,Schroders,schroders.com,,Global asset management rival
Nuveen (TIAA),Williams partner,"Payments, Banking & Insurance",24,abrdn,abrdn.com,,UK asset management rival
Nuveen (TIAA),Williams partner,"Payments, Banking & Insurance",25,DWS Group,dws.com,,German asset management rival
Nuveen (TIAA),Williams partner,"Payments, Banking & Insurance",26,Neuberger Berman,nb.com,,Employee-owned asset management rival
Nuveen (TIAA),Williams partner,"Payments, Banking & Insurance",27,Loomis Sayles,loomissayles.com,,Fixed income/equity asset management rival
Nuveen (TIAA),Williams partner,"Payments, Banking & Insurance",28,Northern Trust Asset Management,northerntrust.com,,Institutional asset management rival
Nuveen (TIAA),Williams partner,"Payments, Banking & Insurance",29,Legg Mason (Franklin Templeton),franklintempleton.com,,Multi-affiliate asset management rival
Nuveen (TIAA),Williams partner,"Payments, Banking & Insurance",30,Mercer Investments (Marsh McLennan),mercer.com,YES,"Institutional/OCIO investment rival; sister brand of Marsh, F1 official partner"
Orion180,Haas partner,"Payments, Banking & Insurance",1,Progressive Corporation,progressive.com,,Personal lines P&C insurer rival
Orion180,Haas partner,"Payments, Banking & Insurance",2,State Farm,statefarm.com,,Homeowners insurance rival
Orion180,Haas partner,"Payments, Banking & Insurance",3,Allstate,allstate.com,,Homeowners/personal lines insurer rival
Orion180,Haas partner,"Payments, Banking & Insurance",4,Universal Insurance Holdings,universalinsuranceholdings.com,,Florida-focused homeowners insurer rival
Orion180,Haas partner,"Payments, Banking & Insurance",5,Heritage Insurance Holdings,heritagepci.com,,Coastal property insurer rival
Orion180,Haas partner,"Payments, Banking & Insurance",6,United Insurance Holdings (UPC Insurance),upcinsurance.com,,Coastal property insurer rival
Orion180,Haas partner,"Payments, Banking & Insurance",7,American Integrity Insurance Group,aiiu.com,,Florida homeowners insurer rival
Orion180,Haas partner,"Payments, Banking & Insurance",8,Citizens Property Insurance Corporation,citizensfla.com,,Florida state-backed property insurer rival
Orion180,Haas partner,"Payments, Banking & Insurance",9,Slide Insurance,slideinsurance.com,,Insurtech homeowners insurer rival
Orion180,Haas partner,"Payments, Banking & Insurance",10,Kin Insurance,kin.com,,Insurtech coastal homeowners insurer rival
Orion180,Haas partner,"Payments, Banking & Insurance",11,Hippo Insurance,hippo.com,,Insurtech homeowners insurer rival
Orion180,Haas partner,"Payments, Banking & Insurance",12,Lemonade Inc.,lemonade.com,,Insurtech renters/homeowners insurer rival
Orion180,Haas partner,"Payments, Banking & Insurance",13,American Coastal Insurance Corporation,amcoastal.com,,Coastal commercial residential insurer rival
Orion180,Haas partner,"Payments, Banking & Insurance",14,Tower Hill Insurance Group,thig.com,,Florida homeowners insurer rival
Orion180,Haas partner,"Payments, Banking & Insurance",15,Florida Peninsula Insurance,floridapeninsula.com,,Florida homeowners insurer rival
Orion180,Haas partner,"Payments, Banking & Insurance",16,Security First Insurance,securityfirstflorida.com,,Florida homeowners insurer rival
Orion180,Haas partner,"Payments, Banking & Insurance",17,TypTap Insurance,typtap.com,,Insurtech homeowners insurer rival
Orion180,Haas partner,"Payments, Banking & Insurance",18,HCI Group,hcigroup.com,,Florida homeowners insurer holding rival
Orion180,Haas partner,"Payments, Banking & Insurance",19,Olympus Insurance Company,olympusinsurance.com,,Florida homeowners insurer rival
Orion180,Haas partner,"Payments, Banking & Insurance",20,People's Trust Insurance,ptic.com,,Florida homeowners insurer rival
Orion180,Haas partner,"Payments, Banking & Insurance",21,Southern Fidelity Insurance,southernfidelityinsurance.com,,Coastal property insurer rival
Orion180,Haas partner,"Payments, Banking & Insurance",22,First Protective Insurance,firstprotective.com,,Coastal homeowners insurer rival
Orion180,Haas partner,"Payments, Banking & Insurance",23,Cypress Property & Casualty,cypressig.com,,Florida homeowners insurer rival
Orion180,Haas partner,"Payments, Banking & Insurance",24,Farmers Insurance Group,farmers.com,,National homeowners insurer rival
Orion180,Haas partner,"Payments, Banking & Insurance",25,Travelers Companies,travelers.com,,National P&C insurer rival
Orion180,Haas partner,"Payments, Banking & Insurance",26,Nationwide Mutual Insurance,nationwide.com,,National P&C insurer rival
Orion180,Haas partner,"Payments, Banking & Insurance",27,Liberty Mutual Insurance,libertymutual.com,,National P&C insurer rival
Orion180,Haas partner,"Payments, Banking & Insurance",28,Allianz,allianz.com,YES,Global insurer rival; F1 global partner
Revolut,Audi F1 title partner,"Payments, Banking & Insurance",1,Nu / Nubank,nubank.com.br,YES,Global digital bank rival; Mercedes partner
Revolut,Audi F1 title partner,"Payments, Banking & Insurance",2,N26,n26.com,,European neobank rival
Revolut,Audi F1 title partner,"Payments, Banking & Insurance",3,Monzo,monzo.com,,UK neobank rival
Revolut,Audi F1 title partner,"Payments, Banking & Insurance",4,Starling Bank,starlingbank.com,,UK neobank rival
Revolut,Audi F1 title partner,"Payments, Banking & Insurance",5,Chime Financial,chime.com,,US neobank rival
Revolut,Audi F1 title partner,"Payments, Banking & Insurance",6,Wise,wise.com,,Cross-border/multi-currency rival
Revolut,Audi F1 title partner,"Payments, Banking & Insurance",7,Klarna,klarna.com,,Fintech super-app/BNPL overlap
Revolut,Audi F1 title partner,"Payments, Banking & Insurance",8,SoFi Technologies,sofi.com,,Neobank/investing rival
Revolut,Audi F1 title partner,"Payments, Banking & Insurance",9,Varo Bank,varomoney.com,,US mobile-first bank rival
Revolut,Audi F1 title partner,"Payments, Banking & Insurance",10,Current,current.com,,US neobank rival
Revolut,Audi F1 title partner,"Payments, Banking & Insurance",11,Dave Inc.,dave.com,,US neobank rival
Revolut,Audi F1 title partner,"Payments, Banking & Insurance",12,PayPal,paypal.com,,Digital wallet overlap
Revolut,Audi F1 title partner,"Payments, Banking & Insurance",13,Cash App (Block),cash.app,YES,Neobank/wallet rival; Racing Bulls title partner
Revolut,Audi F1 title partner,"Payments, Banking & Insurance",14,Venmo (PayPal),venmo.com,,P2P payments overlap
Revolut,Audi F1 title partner,"Payments, Banking & Insurance",15,bunq,bunq.com,,European neobank rival
Revolut,Audi F1 title partner,"Payments, Banking & Insurance",16,Monese,monese.com,,European neobank rival
Revolut,Audi F1 title partner,"Payments, Banking & Insurance",17,Tide,tide.co,,UK SME digital banking rival
Revolut,Audi F1 title partner,"Payments, Banking & Insurance",18,Atom Bank,atombank.co.uk,,UK digital-only bank
Revolut,Audi F1 title partner,"Payments, Banking & Insurance",19,First Direct (HSBC),firstdirect.com,,UK digital-first bank
Revolut,Audi F1 title partner,"Payments, Banking & Insurance",20,Marcus by Goldman Sachs,marcus.com,YES,Digital consumer bank; Goldman Sachs is McLaren partner
Revolut,Audi F1 title partner,"Payments, Banking & Insurance",21,Ally Bank,ally.com,,US digital bank rival
Revolut,Audi F1 title partner,"Payments, Banking & Insurance",22,Zopa Bank,zopa.com,,UK digital bank rival
Revolut,Audi F1 title partner,"Payments, Banking & Insurance",23,OakNorth Bank,oaknorth.com,,UK digital SME bank
Revolut,Audi F1 title partner,"Payments, Banking & Insurance",24,ClearBank,clear.bank,,UK clearing bank infrastructure rival
Revolut,Audi F1 title partner,"Payments, Banking & Insurance",25,Coinbase,coinbase.com,YES,Crypto trading overlap; Aston Martin partner
Revolut,Audi F1 title partner,"Payments, Banking & Insurance",26,Affirm Holdings,affirm.com,,BNPL overlap
Revolut,Audi F1 title partner,"Payments, Banking & Insurance",27,Robinhood Markets,robinhood.com,,Investing/cash-card overlap
Revolut,Audi F1 title partner,"Payments, Banking & Insurance",28,Curve,imaginecurve.com,,Card/wallet aggregation rival
Revolut,Audi F1 title partner,"Payments, Banking & Insurance",29,Green Dot Corporation,greendot.com,,Digital banking platform rival
Revolut,Audi F1 title partner,"Payments, Banking & Insurance",30,Wirex,wirexapp.com,,Crypto-enabled digital wallet rival
Santander,F1 official partner,"Payments, Banking & Insurance",1,BBVA,bbva.com,,Spanish global banking rival
Santander,F1 official partner,"Payments, Banking & Insurance",2,CaixaBank,caixabank.com,,Spanish retail banking rival
Santander,F1 official partner,"Payments, Banking & Insurance",3,Banco Sabadell,bancsabadell.com,,Spanish retail/commercial bank
Santander,F1 official partner,"Payments, Banking & Insurance",4,Bankinter,bankinter.com,,Spanish bank rival
Santander,F1 official partner,"Payments, Banking & Insurance",5,HSBC Holdings,hsbc.com,,Global universal bank rival
Santander,F1 official partner,"Payments, Banking & Insurance",6,BNP Paribas,bnpparibas.com,,European universal bank rival
Santander,F1 official partner,"Payments, Banking & Insurance",7,Societe Generale,societegenerale.com,,European universal bank rival
Santander,F1 official partner,"Payments, Banking & Insurance",8,Credit Agricole,credit-agricole.com,,French retail banking rival
Santander,F1 official partner,"Payments, Banking & Insurance",9,ING Group,ing.com,,European digital/retail bank rival
Santander,F1 official partner,"Payments, Banking & Insurance",10,Deutsche Bank,db.com,,German universal bank rival
Santander,F1 official partner,"Payments, Banking & Insurance",11,UniCredit,unicreditgroup.eu,YES,European retail/commercial banking rival; Ferrari partner
Santander,F1 official partner,"Payments, Banking & Insurance",12,Intesa Sanpaolo,intesasanpaolo.com,,Italian retail banking rival
Santander,F1 official partner,"Payments, Banking & Insurance",13,Barclays,barclays.com,YES,UK/global banking rival; Williams partner
Santander,F1 official partner,"Payments, Banking & Insurance",14,Lloyds Banking Group,lloydsbankinggroup.com,,UK retail banking rival
Santander,F1 official partner,"Payments, Banking & Insurance",15,NatWest Group,natwestgroup.com,,UK banking rival
Santander,F1 official partner,"Payments, Banking & Insurance",16,Standard Chartered,sc.com,YES,Emerging-markets banking rival; F1 official partner
Santander,F1 official partner,"Payments, Banking & Insurance",17,Bank of America,bankofamerica.com,,US retail/commercial banking rival
Santander,F1 official partner,"Payments, Banking & Insurance",18,JPMorgan Chase,chase.com,,US global bank rival
Santander,F1 official partner,"Payments, Banking & Insurance",19,Citigroup,citigroup.com,,Global bank rival
Santander,F1 official partner,"Payments, Banking & Insurance",20,Wells Fargo,wellsfargo.com,,US retail bank rival
Santander,F1 official partner,"Payments, Banking & Insurance",21,Itau Unibanco,itau.com.br,,Latin America banking rival (Brazil)
Santander,F1 official partner,"Payments, Banking & Insurance",22,Bradesco,banco.bradesco,,Brazil retail banking rival
Santander,F1 official partner,"Payments, Banking & Insurance",23,Banco do Brasil,bb.com.br,,Brazil retail banking rival
Santander,F1 official partner,"Payments, Banking & Insurance",24,Scotiabank,scotiabank.com,,Americas-focused banking rival
Santander,F1 official partner,"Payments, Banking & Insurance",25,Nu / Nubank,nubank.com.br,YES,Latin America digital bank rival; Mercedes partner
Santander,F1 official partner,"Payments, Banking & Insurance",26,Bank of China,boc.cn,,Global Chinese bank rival
Santander,F1 official partner,"Payments, Banking & Insurance",27,ICBC,icbc.com.cn,,Global Chinese bank rival
Santander,F1 official partner,"Payments, Banking & Insurance",28,Rabobank,rabobank.com,,Dutch cooperative bank rival
Santander,F1 official partner,"Payments, Banking & Insurance",29,KBC Group,kbc.com,,Belgian banking/insurance rival
Santander,F1 official partner,"Payments, Banking & Insurance",30,Erste Group Bank,erstegroup.com,,Central/Eastern Europe banking rival
Standard Chartered,F1 official partner; F1 Academy partner,"Payments, Banking & Insurance",1,HSBC Holdings,hsbc.com,,"Closest global peer: UK-listed, Asia/emerging-markets focused"
Standard Chartered,F1 official partner; F1 Academy partner,"Payments, Banking & Insurance",2,Citigroup,citigroup.com,,Global emerging-markets banking rival
Standard Chartered,F1 official partner; F1 Academy partner,"Payments, Banking & Insurance",3,JPMorgan Chase,chase.com,,Global corporate/investment bank rival
Standard Chartered,F1 official partner; F1 Academy partner,"Payments, Banking & Insurance",4,Barclays,barclays.com,YES,UK international bank rival; Williams partner
Standard Chartered,F1 official partner; F1 Academy partner,"Payments, Banking & Insurance",5,DBS Bank,dbs.com,,Singapore/Asia banking rival
Standard Chartered,F1 official partner; F1 Academy partner,"Payments, Banking & Insurance",6,OCBC Bank,ocbc.com,,Singapore/Asia banking rival
Standard Chartered,F1 official partner; F1 Academy partner,"Payments, Banking & Insurance",7,United Overseas Bank (UOB),uobgroup.com,,Singapore/Asia banking rival
Standard Chartered,F1 official partner; F1 Academy partner,"Payments, Banking & Insurance",8,Bank of China,boc.cn,,China/global banking rival
Standard Chartered,F1 official partner; F1 Academy partner,"Payments, Banking & Insurance",9,ICBC,icbc.com.cn,,China/global banking rival
Standard Chartered,F1 official partner; F1 Academy partner,"Payments, Banking & Insurance",10,ANZ Group,anz.com,,Asia-Pacific banking rival
Standard Chartered,F1 official partner; F1 Academy partner,"Payments, Banking & Insurance",11,Deutsche Bank,db.com,,Global corporate bank rival
Standard Chartered,F1 official partner; F1 Academy partner,"Payments, Banking & Insurance",12,BNP Paribas,bnpparibas.com,,Global corporate bank rival
Standard Chartered,F1 official partner; F1 Academy partner,"Payments, Banking & Insurance",13,Santander,santander.com,YES,Global retail/commercial bank rival; F1 official partner
Standard Chartered,F1 official partner; F1 Academy partner,"Payments, Banking & Insurance",14,Emirates NBD,emiratesnbd.com,,Middle East banking rival
Standard Chartered,F1 official partner; F1 Academy partner,"Payments, Banking & Insurance",15,First Abu Dhabi Bank,bankfab.com,,Middle East banking rival
Standard Chartered,F1 official partner; F1 Academy partner,"Payments, Banking & Insurance",16,Qatar National Bank,qnb.com,,Middle East banking rival
Standard Chartered,F1 official partner; F1 Academy partner,"Payments, Banking & Insurance",17,Absa Group,absa.africa,,Africa banking rival
Standard Chartered,F1 official partner; F1 Academy partner,"Payments, Banking & Insurance",18,Standard Bank Group,standardbank.com,,Africa banking rival
Standard Chartered,F1 official partner; F1 Academy partner,"Payments, Banking & Insurance",19,Nedbank Group,nedbank.co.za,,Africa banking rival
Standard Chartered,F1 official partner; F1 Academy partner,"Payments, Banking & Insurance",20,Mashreq Bank,mashreqbank.com,,Middle East banking rival
Standard Chartered,F1 official partner; F1 Academy partner,"Payments, Banking & Insurance",21,RHB Bank,rhbgroup.com,,Southeast Asia banking rival
Standard Chartered,F1 official partner; F1 Academy partner,"Payments, Banking & Insurance",22,CIMB Group,cimb.com,,Southeast Asia banking rival
Standard Chartered,F1 official partner; F1 Academy partner,"Payments, Banking & Insurance",23,Maybank,maybank.com,,Southeast Asia banking rival
Standard Chartered,F1 official partner; F1 Academy partner,"Payments, Banking & Insurance",24,Bank of Communications,bankcomm.com,,China banking rival
Standard Chartered,F1 official partner; F1 Academy partner,"Payments, Banking & Insurance",25,Wells Fargo,wellsfargo.com,,Global corporate banking rival
Standard Chartered,F1 official partner; F1 Academy partner,"Payments, Banking & Insurance",26,Bank of America,bankofamerica.com,,Global corporate banking rival
Standard Chartered,F1 official partner; F1 Academy partner,"Payments, Banking & Insurance",27,Societe Generale,societegenerale.com,,Global corporate banking rival
Standard Chartered,F1 official partner; F1 Academy partner,"Payments, Banking & Insurance",28,ING Group,ing.com,,Global corporate banking rival
Standard Chartered,F1 official partner; F1 Academy partner,"Payments, Banking & Insurance",29,MUFG Bank,mufg.jp,,Asia/global banking rival
Standard Chartered,F1 official partner; F1 Academy partner,"Payments, Banking & Insurance",30,Rabobank,rabobank.com,,Global trade/commodity finance rival
Stephens,Williams partner,"Payments, Banking & Insurance",1,Raymond James Financial,raymondjames.com,,Independent investment bank/brokerage rival
Stephens,Williams partner,"Payments, Banking & Insurance",2,Piper Sandler Companies,pipersandler.com,,Mid-market investment bank rival
Stephens,Williams partner,"Payments, Banking & Insurance",3,William Blair & Company,williamblair.com,,Independent investment bank rival
Stephens,Williams partner,"Payments, Banking & Insurance",4,Robert W. Baird & Co.,rwbaird.com,,Employee-owned investment bank rival
Stephens,Williams partner,"Payments, Banking & Insurance",5,Stifel Financial Corp,stifel.com,,Mid-market investment bank rival
Stephens,Williams partner,"Payments, Banking & Insurance",6,Jefferies Financial Group,jefferies.com,,Independent full-service investment bank rival
Stephens,Williams partner,"Payments, Banking & Insurance",7,Houlihan Lokey,hl.com,,M&A/restructuring advisory rival
Stephens,Williams partner,"Payments, Banking & Insurance",8,Moelis & Company,moelis.com,,Independent advisory rival
Stephens,Williams partner,"Payments, Banking & Insurance",9,Evercore,evercore.com,,Independent advisory rival
Stephens,Williams partner,"Payments, Banking & Insurance",10,Lazard,lazard.com,,Independent advisory rival
Stephens,Williams partner,"Payments, Banking & Insurance",11,Rothschild & Co,rothschildandco.com,,Independent advisory rival
Stephens,Williams partner,"Payments, Banking & Insurance",12,RBC Capital Markets,rbccm.com,,Mid-market/large-cap investment bank rival
Stephens,Williams partner,"Payments, Banking & Insurance",13,KeyBanc Capital Markets,key.com,,Regional investment bank rival
Stephens,Williams partner,"Payments, Banking & Insurance",14,TD Cowen,tdcowen.com,,Independent investment bank rival
Stephens,Williams partner,"Payments, Banking & Insurance",15,B. Riley Financial,brileyfin.com,,Independent investment bank rival
Stephens,Williams partner,"Payments, Banking & Insurance",16,Oppenheimer Holdings,opco.com,,Independent investment bank/brokerage rival
Stephens,Williams partner,"Payments, Banking & Insurance",17,D.A. Davidson & Co.,dadavidson.com,,Regional investment bank rival
Stephens,Williams partner,"Payments, Banking & Insurance",18,Janney Montgomery Scott,janney.com,,Regional investment bank/wealth management rival
Stephens,Williams partner,"Payments, Banking & Insurance",19,Wedbush Securities,wedbush.com,,Independent investment bank/brokerage rival
Stephens,Williams partner,"Payments, Banking & Insurance",20,Truist Securities,truist.com,,Regional bank capital markets rival
Stephens,Williams partner,"Payments, Banking & Insurance",21,PNC Capital Markets,pnc.com,,Regional bank capital markets rival
Stephens,Williams partner,"Payments, Banking & Insurance",22,"Keefe, Bruyette & Woods (Stifel)",kbw.com,,Financial institutions-focused investment bank rival
Stephens,Williams partner,"Payments, Banking & Insurance",23,Harris Williams (PNC),harriswilliams.com,,Mid-market M&A advisory rival
Stephens,Williams partner,"Payments, Banking & Insurance",24,Hovde Group,hovdegroup.com,,Financial institutions investment bank rival
Stephens,Williams partner,"Payments, Banking & Insurance",25,Cain Brothers (KeyBanc),cainbrothers.com,,Healthcare-focused investment bank rival
Stephens,Williams partner,"Payments, Banking & Insurance",26,Configure Partners,configurepartners.com,,Boutique investment bank rival
Stephens,Williams partner,"Payments, Banking & Insurance",27,Guggenheim Partners,guggenheimpartners.com,,Investment bank/asset management rival
Stephens,Williams partner,"Payments, Banking & Insurance",28,Centerview Partners,centerviewpartners.com,,Independent advisory rival
Stephens,Williams partner,"Payments, Banking & Insurance",29,Perella Weinberg Partners,pwpartners.com,,Independent advisory rival
Stephens,Williams partner,"Payments, Banking & Insurance",30,Peter J. Solomon Company (PJ Solomon),pjsolomon.com,,Boutique advisory rival
UBS,Mercedes partner,"Payments, Banking & Insurance",1,Credit Suisse,credit-suisse.com,,Historic Swiss rival (absorbed by UBS 2023)
UBS,Mercedes partner,"Payments, Banking & Insurance",2,Julius Baer Group,juliusbaer.com,,Swiss private banking rival
UBS,Mercedes partner,"Payments, Banking & Insurance",3,Pictet Group,group.pictet,,Swiss private banking rival
UBS,Mercedes partner,"Payments, Banking & Insurance",4,Deutsche Bank,db.com,,European universal bank/wealth rival
UBS,Mercedes partner,"Payments, Banking & Insurance",5,Goldman Sachs,goldmansachs.com,YES,Global investment/wealth bank rival; McLaren partner
UBS,Mercedes partner,"Payments, Banking & Insurance",6,Morgan Stanley,morganstanley.com,,Global wealth management rival
UBS,Mercedes partner,"Payments, Banking & Insurance",7,JPMorgan Chase,chase.com,,Global bank/wealth management rival
UBS,Mercedes partner,"Payments, Banking & Insurance",8,Bank of America (Merrill),bankofamerica.com,,Global wealth management rival
UBS,Mercedes partner,"Payments, Banking & Insurance",9,Citigroup,citigroup.com,,Global private banking rival
UBS,Mercedes partner,"Payments, Banking & Insurance",10,Barclays,barclays.com,YES,Global investment bank rival; Williams partner
UBS,Mercedes partner,"Payments, Banking & Insurance",11,BNP Paribas,bnpparibas.com,,European wealth/investment bank rival
UBS,Mercedes partner,"Payments, Banking & Insurance",12,HSBC Holdings,hsbc.com,,Global private banking rival
UBS,Mercedes partner,"Payments, Banking & Insurance",13,Societe Generale,societegenerale.com,,European investment bank rival
UBS,Mercedes partner,"Payments, Banking & Insurance",14,Lazard,lazard.com,,Advisory/asset management rival
UBS,Mercedes partner,"Payments, Banking & Insurance",15,Rothschild & Co,rothschildandco.com,,Private banking/advisory rival
UBS,Mercedes partner,"Payments, Banking & Insurance",16,Vontobel,vontobel.com,,Swiss private banking rival
UBS,Mercedes partner,"Payments, Banking & Insurance",17,EFG International,efginternational.com,,Swiss private banking rival
UBS,Mercedes partner,"Payments, Banking & Insurance",18,LGT Group,lgt.com,,Private banking/wealth management rival
UBS,Mercedes partner,"Payments, Banking & Insurance",19,Bank of Singapore (OCBC),bankofsingapore.com,,Asia private banking rival
UBS,Mercedes partner,"Payments, Banking & Insurance",20,Northern Trust Corporation,northerntrust.com,,Wealth management/asset servicing rival
UBS,Mercedes partner,"Payments, Banking & Insurance",21,BNY,bny.com,YES,Wealth management/asset servicing rival; Williams partner
UBS,Mercedes partner,"Payments, Banking & Insurance",22,State Street Corporation,statestreet.com,,Asset management/servicing rival
UBS,Mercedes partner,"Payments, Banking & Insurance",23,Charles Schwab,schwab.com,,Wealth management rival
UBS,Mercedes partner,"Payments, Banking & Insurance",24,RBC Wealth Management,rbcwealthmanagement.com,,Global wealth management rival
UBS,Mercedes partner,"Payments, Banking & Insurance",25,Nomura Holdings,nomura.com,,Asia investment/wealth bank rival
UBS,Mercedes partner,"Payments, Banking & Insurance",26,Mizuho Financial Group,mizuhogroup.com,,Japanese investment bank rival
UBS,Mercedes partner,"Payments, Banking & Insurance",27,Standard Chartered,sc.com,YES,Private banking rival in emerging markets; F1 official partner
UBS,Mercedes partner,"Payments, Banking & Insurance",28,Wells Fargo Advisors,wellsfargoadvisors.com,,US wealth management rival
UBS,Mercedes partner,"Payments, Banking & Insurance",29,UniCredit,unicreditgroup.eu,YES,European private banking arm rival; Ferrari partner
UBS,Mercedes partner,"Payments, Banking & Insurance",30,Santander Private Banking,santander.com,YES,Private banking rival; F1 official partner
UniCredit,Ferrari partner,"Payments, Banking & Insurance",1,Intesa Sanpaolo,intesasanpaolo.com,,Italy's largest retail bank rival
UniCredit,Ferrari partner,"Payments, Banking & Insurance",2,Santander,santander.com,YES,Pan-European retail bank rival; F1 official partner
UniCredit,Ferrari partner,"Payments, Banking & Insurance",3,BNP Paribas,bnpparibas.com,,European universal bank rival
UniCredit,Ferrari partner,"Payments, Banking & Insurance",4,Societe Generale,societegenerale.com,,European universal bank rival
UniCredit,Ferrari partner,"Payments, Banking & Insurance",5,Deutsche Bank,db.com,,German universal bank rival
UniCredit,Ferrari partner,"Payments, Banking & Insurance",6,Commerzbank,commerzbank.com,,German commercial bank rival (UniCredit bid target)
UniCredit,Ferrari partner,"Payments, Banking & Insurance",7,Barclays,barclays.com,YES,European/global bank rival; Williams partner
UniCredit,Ferrari partner,"Payments, Banking & Insurance",8,BBVA,bbva.com,,Spanish global banking rival
UniCredit,Ferrari partner,"Payments, Banking & Insurance",9,CaixaBank,caixabank.com,,Spanish retail banking rival
UniCredit,Ferrari partner,"Payments, Banking & Insurance",10,ING Group,ing.com,,European digital/retail bank rival
UniCredit,Ferrari partner,"Payments, Banking & Insurance",11,Credit Agricole,credit-agricole.com,,French retail banking rival
UniCredit,Ferrari partner,"Payments, Banking & Insurance",12,Banco BPM,bancobpm.it,,Italian retail bank rival (merger target)
UniCredit,Ferrari partner,"Payments, Banking & Insurance",13,Mediobanca,mediobanca.com,,Italian investment bank rival
UniCredit,Ferrari partner,"Payments, Banking & Insurance",14,Erste Group Bank,erstegroup.com,,Central/Eastern Europe banking rival
UniCredit,Ferrari partner,"Payments, Banking & Insurance",15,Raiffeisen Bank International,rbinternational.com,,Central/Eastern Europe banking rival
UniCredit,Ferrari partner,"Payments, Banking & Insurance",16,KBC Group,kbc.com,,Belgian/CEE banking rival
UniCredit,Ferrari partner,"Payments, Banking & Insurance",17,Nordea Bank,nordea.com,,Nordic banking rival
UniCredit,Ferrari partner,"Payments, Banking & Insurance",18,Danske Bank,danskebank.com,,Nordic banking rival
UniCredit,Ferrari partner,"Payments, Banking & Insurance",19,SEB,sebgroup.com,,Nordic banking rival
UniCredit,Ferrari partner,"Payments, Banking & Insurance",20,Swedbank,swedbank.com,,Nordic/Baltic banking rival
UniCredit,Ferrari partner,"Payments, Banking & Insurance",21,DNB Bank,dnb.no,,Nordic banking rival
UniCredit,Ferrari partner,"Payments, Banking & Insurance",22,HSBC Holdings,hsbc.com,,Global universal bank rival
UniCredit,Ferrari partner,"Payments, Banking & Insurance",23,Lloyds Banking Group,lloydsbankinggroup.com,,UK retail banking rival
UniCredit,Ferrari partner,"Payments, Banking & Insurance",24,NatWest Group,natwestgroup.com,,UK retail banking rival
UniCredit,Ferrari partner,"Payments, Banking & Insurance",25,Standard Chartered,sc.com,YES,International banking rival; F1 official partner
UniCredit,Ferrari partner,"Payments, Banking & Insurance",26,Julius Baer Group,juliusbaer.com,,Private banking rival
UniCredit,Ferrari partner,"Payments, Banking & Insurance",27,Rabobank,rabobank.com,,European cooperative bank rival
UniCredit,Ferrari partner,"Payments, Banking & Insurance",28,ABN AMRO,abnamro.com,,Dutch banking rival
UniCredit,Ferrari partner,"Payments, Banking & Insurance",29,Bank of Ireland,bankofireland.com,,Irish retail banking rival
UniCredit,Ferrari partner,"Payments, Banking & Insurance",30,AIB Group,aib.ie,,Irish retail banking rival
Velocity Black (Capital One),Aston Martin partner,"Payments, Banking & Insurance",1,Quintessentially,quintessentially.com,,Global luxury lifestyle concierge rival
Velocity Black (Capital One),Aston Martin partner,"Payments, Banking & Insurance",2,Ten Lifestyle Group,tengroup.com,,Concierge/lifestyle management rival (bank card partnerships)
Velocity Black (Capital One),Aston Martin partner,"Payments, Banking & Insurance",3,John Paul (Accor),johnpaul.com,,Concierge services rival
Velocity Black (Capital One),Aston Martin partner,"Payments, Banking & Insurance",4,Knightsbridge Circle,knightsbridgecircle.com,,Ultra-high-net-worth concierge rival
Velocity Black (Capital One),Aston Martin partner,"Payments, Banking & Insurance",5,American Express Centurion/Platinum Concierge,americanexpress.com,YES,Premium card concierge rival; F1 official partner
Velocity Black (Capital One),Aston Martin partner,"Payments, Banking & Insurance",6,Mastercard Priceless / Luxury Card Concierge,mastercard.com,YES,Premium card lifestyle-benefits rival; McLaren title partner
Velocity Black (Capital One),Aston Martin partner,"Payments, Banking & Insurance",7,Visa Signature Concierge,visa.com,YES,Premium card lifestyle-benefits rival; Racing Bulls partner
Velocity Black (Capital One),Aston Martin partner,"Payments, Banking & Insurance",8,Chase Sapphire Reserve Concierge (JPMorgan Chase),chase.com,,Premium card concierge rival
Velocity Black (Capital One),Aston Martin partner,"Payments, Banking & Insurance",9,Citi Private Pass (Citigroup),citi.com,,Premium card lifestyle-benefits rival
Velocity Black (Capital One),Aston Martin partner,"Payments, Banking & Insurance",10,HSBC Premier Concierge,hsbc.com,,Premium banking concierge rival
Velocity Black (Capital One),Aston Martin partner,"Payments, Banking & Insurance",11,Coutts (NatWest Group),coutts.com,,Private bank lifestyle-services rival
Velocity Black (Capital One),Aston Martin partner,"Payments, Banking & Insurance",12,UBS Private Client Concierge,ubs.com,YES,Private banking lifestyle-benefits rival; Mercedes partner
Velocity Black (Capital One),Aston Martin partner,"Payments, Banking & Insurance",13,Marcus/Apple Card Concierge (Goldman Sachs),goldmansachs.com,YES,Premium card benefits rival; McLaren partner
Velocity Black (Capital One),Aston Martin partner,"Payments, Banking & Insurance",14,Brex Concierge,brex.com,,Corporate card concierge rival
Velocity Black (Capital One),Aston Martin partner,"Payments, Banking & Insurance",15,Ritz-Carlton / Marriott Bonvoy,marriott.com,YES,Luxury loyalty/lifestyle benefits rival; Mercedes partner
Velocity Black (Capital One),Aston Martin partner,"Payments, Banking & Insurance",16,Belmond (LVMH),belmond.com,YES,Luxury travel experiences rival; LVMH is F1 global partner
Velocity Black (Capital One),Aston Martin partner,"Payments, Banking & Insurance",17,Virtuoso Travel Network,virtuoso.com,,Luxury travel advisory network rival
Velocity Black (Capital One),Aston Martin partner,"Payments, Banking & Insurance",18,Luxury Card (Barclays-issued Mastercard),luxurycard.com,YES,Premium metal-card concierge rival; Barclays is Williams partner
Visa,Racing Bulls title partner; Red Bull Racing partner,"Payments, Banking & Insurance",1,Mastercard,mastercard.com,YES,Direct card-network rival; McLaren title partner
Visa,Racing Bulls title partner; Red Bull Racing partner,"Payments, Banking & Insurance",2,American Express,americanexpress.com,YES,Closed-loop network rival; F1 official partner
Visa,Racing Bulls title partner; Red Bull Racing partner,"Payments, Banking & Insurance",3,Discover Financial Services,discover.com,,US card network
Visa,Racing Bulls title partner; Red Bull Racing partner,"Payments, Banking & Insurance",4,Diners Club International,dinersclub.com,,Legacy charge network (Discover-owned)
Visa,Racing Bulls title partner; Red Bull Racing partner,"Payments, Banking & Insurance",5,JCB Co.,global.jcb,,Japanese card network (distinct from roster's JCB Ltd. equipment maker)
Visa,Racing Bulls title partner; Red Bull Racing partner,"Payments, Banking & Insurance",6,UnionPay,unionpay.com,,China's dominant card network
Visa,Racing Bulls title partner; Red Bull Racing partner,"Payments, Banking & Insurance",7,PayPal,paypal.com,,Digital wallet/checkout rival
Visa,Racing Bulls title partner; Red Bull Racing partner,"Payments, Banking & Insurance",8,"Block, Inc. (Cash App)",cash.app,YES,Wallet/P2P rival; Racing Bulls title partner
Visa,Racing Bulls title partner; Red Bull Racing partner,"Payments, Banking & Insurance",9,Stripe,stripe.com,,Payments infrastructure rival
Visa,Racing Bulls title partner; Red Bull Racing partner,"Payments, Banking & Insurance",10,Adyen,adyen.com,,Global payments platform
Visa,Racing Bulls title partner; Red Bull Racing partner,"Payments, Banking & Insurance",11,Fiserv,fiserv.com,,Issuer processing & merchant acquiring
Visa,Racing Bulls title partner; Red Bull Racing partner,"Payments, Banking & Insurance",12,FIS (Worldpay),fisglobal.com,,Merchant acquiring/processing rival
Visa,Racing Bulls title partner; Red Bull Racing partner,"Payments, Banking & Insurance",13,Global Payments Inc.,globalpayments.com,,Acquiring/processing rival
Visa,Racing Bulls title partner; Red Bull Racing partner,"Payments, Banking & Insurance",14,RuPay (NPCI),npci.org.in,,India's domestic card scheme
Visa,Racing Bulls title partner; Red Bull Racing partner,"Payments, Banking & Insurance",15,Interac,interac.ca,,Canada's debit network
Visa,Racing Bulls title partner; Red Bull Racing partner,"Payments, Banking & Insurance",16,Alipay (Ant Group),alipay.com,,China super-app payments rail
Visa,Racing Bulls title partner; Red Bull Racing partner,"Payments, Banking & Insurance",17,WeChat Pay (Tencent),pay.weixin.qq.com,,China mobile payments rail
Visa,Racing Bulls title partner; Red Bull Racing partner,"Payments, Banking & Insurance",18,Klarna,klarna.com,,BNPL/checkout rival
Visa,Racing Bulls title partner; Red Bull Racing partner,"Payments, Banking & Insurance",19,Affirm Holdings,affirm.com,,BNPL rival
Visa,Racing Bulls title partner; Red Bull Racing partner,"Payments, Banking & Insurance",20,Wise,wise.com,,Cross-border payments rival
Visa,Racing Bulls title partner; Red Bull Racing partner,"Payments, Banking & Insurance",21,Revolut,revolut.com,YES,Neobank issuing own scheme aspirations; Audi F1 title partner
Visa,Racing Bulls title partner; Red Bull Racing partner,"Payments, Banking & Insurance",22,Marqeta,marqeta.com,,Card issuing platform
Visa,Racing Bulls title partner; Red Bull Racing partner,"Payments, Banking & Insurance",23,Nexi Group,nexi.it,,European payments/acquiring group
Visa,Racing Bulls title partner; Red Bull Racing partner,"Payments, Banking & Insurance",24,Worldline,worldline.com,,European payments processor
Visa,Racing Bulls title partner; Red Bull Racing partner,"Payments, Banking & Insurance",25,Checkout.com,checkout.com,,Global payment processor
Visa,Racing Bulls title partner; Red Bull Racing partner,"Payments, Banking & Insurance",26,Paysafe,paysafe.com,,Payments/digital wallet group
Visa,Racing Bulls title partner; Red Bull Racing partner,"Payments, Banking & Insurance",27,Braintree (PayPal),braintreepayments.com,,Merchant payments gateway
Visa,Racing Bulls title partner; Red Bull Racing partner,"Payments, Banking & Insurance",28,Venmo (PayPal),venmo.com,,P2P payments rival
Visa,Racing Bulls title partner; Red Bull Racing partner,"Payments, Banking & Insurance",29,Zelle (Early Warning Services),zellepay.com,,US bank-backed P2P network
Visa,Racing Bulls title partner; Red Bull Racing partner,"Payments, Banking & Insurance",30,GoCardless,gocardless.com,,Bank-to-bank/direct debit payments
ZCG,Ferrari partner,"Payments, Banking & Insurance",1,Apollo Global Management,apollo.com,,Credit/alternative asset management rival
ZCG,Ferrari partner,"Payments, Banking & Insurance",2,Ares Management,aresmgmt.com,,Credit-focused alternative asset manager rival
ZCG,Ferrari partner,"Payments, Banking & Insurance",3,Blackstone Inc.,blackstone.com,,Alternative asset management rival
ZCG,Ferrari partner,"Payments, Banking & Insurance",4,KKR & Co.,kkr.com,,Alternative asset management rival
ZCG,Ferrari partner,"Payments, Banking & Insurance",5,Carlyle Group,carlyle.com,YES,Alternative asset management rival; Red Bull Racing partner
ZCG,Ferrari partner,"Payments, Banking & Insurance",6,Oaktree Capital Management,oaktreecapital.com,,Distressed debt/credit specialist rival
ZCG,Ferrari partner,"Payments, Banking & Insurance",7,Fortress Investment Group,fortress.com,,Alternative credit/investment manager rival
ZCG,Ferrari partner,"Payments, Banking & Insurance",8,Cerberus Capital Management,cerberus.com,,Credit/distressed investment rival
ZCG,Ferrari partner,"Payments, Banking & Insurance",9,Angelo Gordon (TPG AG),angelogordon.com,,Alternative credit specialist rival
ZCG,Ferrari partner,"Payments, Banking & Insurance",10,Sixth Street Partners,sixthstreet.com,,Global credit/alternative investment rival
ZCG,Ferrari partner,"Payments, Banking & Insurance",11,HPS Investment Partners,hpspartners.com,,Private credit specialist rival
ZCG,Ferrari partner,"Payments, Banking & Insurance",12,Blue Owl Capital,blueowl.com,,Direct lending/alternative credit rival
ZCG,Ferrari partner,"Payments, Banking & Insurance",13,TPG Inc.,tpg.com,,Alternative asset management rival
ZCG,Ferrari partner,"Payments, Banking & Insurance",14,Brookfield Asset Management,brookfield.com,,Global alternative asset manager rival
ZCG,Ferrari partner,"Payments, Banking & Insurance",15,Bain Capital,baincapital.com,,Private equity/credit rival
ZCG,Ferrari partner,"Payments, Banking & Insurance",16,Warburg Pincus,warburgpincus.com,,Private equity/growth rival
ZCG,Ferrari partner,"Payments, Banking & Insurance",17,Silver Lake,silverlake.com,,Technology-focused private equity rival
ZCG,Ferrari partner,"Payments, Banking & Insurance",18,Vista Equity Partners,vistaequitypartners.com,,Software-focused private equity rival
ZCG,Ferrari partner,"Payments, Banking & Insurance",19,General Atlantic,generalatlantic.com,,Growth equity rival
ZCG,Ferrari partner,"Payments, Banking & Insurance",20,Golden Gate Capital,goldengatecap.com,,US private equity rival
ZCG,Ferrari partner,"Payments, Banking & Insurance",21,Centerbridge Partners,centerbridge.com,,Private equity/credit rival
ZCG,Ferrari partner,"Payments, Banking & Insurance",22,Marathon Asset Management,marathonfund.com,,Credit-focused alternative asset manager rival
ZCG,Ferrari partner,"Payments, Banking & Insurance",23,Elliott Management,elliottmgmt.com,,Multi-strategy hedge fund/credit rival
ZCG,Ferrari partner,"Payments, Banking & Insurance",24,Davidson Kempner,dkp.com,,Multi-strategy investment firm rival
ZCG,Ferrari partner,"Payments, Banking & Insurance",25,Anchorage Capital Group,anchoragecap.com,,Credit/distressed investment rival
ZCG,Ferrari partner,"Payments, Banking & Insurance",26,PIMCO,pimco.com,,Fixed income/alternative credit rival
ZCG,Ferrari partner,"Payments, Banking & Insurance",27,Nuveen,nuveen.com,YES,Asset management/alternatives rival; Williams partner
ZCG,Ferrari partner,"Payments, Banking & Insurance",28,Man Group,man.com,,Alternative investment manager rival
ZCG,Ferrari partner,"Payments, Banking & Insurance",29,Golub Capital,golubcapital.com,,Middle-market private credit rival
ZCG,Ferrari partner,"Payments, Banking & Insurance",30,Antares Capital,antares.com,,Middle-market direct lending rival
AT&T,Red Bull Racing partner,"Telecom, Media, Electronics & Gaming",1,Verizon,verizon.com,,US carrier rival
AT&T,Red Bull Racing partner,"Telecom, Media, Electronics & Gaming",2,T-Mobile US,t-mobile.com,YES,McLaren partner
AT&T,Red Bull Racing partner,"Telecom, Media, Electronics & Gaming",3,Comcast (Xfinity Mobile),xfinity.com,YES,"CNBC parent, McLaren partner"
AT&T,Red Bull Racing partner,"Telecom, Media, Electronics & Gaming",4,Charter Communications (Spectrum Mobile),spectrum.com,,US MVNO
AT&T,Red Bull Racing partner,"Telecom, Media, Electronics & Gaming",5,DISH Wireless / Boost Mobile,boostmobile.com,,US carrier
AT&T,Red Bull Racing partner,"Telecom, Media, Electronics & Gaming",6,UScellular,uscellular.com,,US regional carrier
AT&T,Red Bull Racing partner,"Telecom, Media, Electronics & Gaming",7,Google Fi,fi.google.com,YES,"Alphabet/Google, McLaren partner"
AT&T,Red Bull Racing partner,"Telecom, Media, Electronics & Gaming",8,Mint Mobile (T-Mobile),mintmobile.com,,US MVNO
AT&T,Red Bull Racing partner,"Telecom, Media, Electronics & Gaming",9,Consumer Cellular,consumercellular.com,,US MVNO
AT&T,Red Bull Racing partner,"Telecom, Media, Electronics & Gaming",10,Vodafone,vodafone.com,,Global carrier
AT&T,Red Bull Racing partner,"Telecom, Media, Electronics & Gaming",11,Orange,orange.com,,Global carrier
AT&T,Red Bull Racing partner,"Telecom, Media, Electronics & Gaming",12,Deutsche Telekom,telekom.com,YES,"T-Mobile parent, McLaren partner"
AT&T,Red Bull Racing partner,"Telecom, Media, Electronics & Gaming",13,Telefonica,telefonica.com,,Spain/LatAm carrier
AT&T,Red Bull Racing partner,"Telecom, Media, Electronics & Gaming",14,America Movil,americamovil.com,YES,Cadillac F1 partner; competes via Telcel/AT&T Mexico
AT&T,Red Bull Racing partner,"Telecom, Media, Electronics & Gaming",15,China Mobile,chinamobileltd.com,,Global-scale carrier comparator
AT&T,Red Bull Racing partner,"Telecom, Media, Electronics & Gaming",16,NTT (Docomo),nttdocomo.co.jp,,Japan carrier
AT&T,Red Bull Racing partner,"Telecom, Media, Electronics & Gaming",17,Telstra,telstra.com,,Australia carrier
AT&T,Red Bull Racing partner,"Telecom, Media, Electronics & Gaming",18,BT Group,bt.com,,UK carrier
AT&T,Red Bull Racing partner,"Telecom, Media, Electronics & Gaming",19,Rogers Communications,rogers.com,,Canada carrier
AT&T,Red Bull Racing partner,"Telecom, Media, Electronics & Gaming",20,Bell Canada,bell.ca,,Canada carrier
AT&T,Red Bull Racing partner,"Telecom, Media, Electronics & Gaming",21,TELUS,telus.com,,Canada carrier
AT&T,Red Bull Racing partner,"Telecom, Media, Electronics & Gaming",22,Vodacom,vodacom.com,,Africa carrier
AT&T,Red Bull Racing partner,"Telecom, Media, Electronics & Gaming",23,MTN Group,mtn.com,,Africa/ME carrier
AT&T,Red Bull Racing partner,"Telecom, Media, Electronics & Gaming",24,Bharti Airtel,airtel.in,,India/Africa carrier
AT&T,Red Bull Racing partner,"Telecom, Media, Electronics & Gaming",25,Reliance Jio,jio.com,,India carrier
AT&T,Red Bull Racing partner,"Telecom, Media, Electronics & Gaming",26,Telenor,telenor.com,,Nordic/Asia carrier
AT&T,Red Bull Racing partner,"Telecom, Media, Electronics & Gaming",27,KDDI,kddi.com,,Japan carrier
AT&T,Red Bull Racing partner,"Telecom, Media, Electronics & Gaming",28,SoftBank Corp,softbank.jp,,Japan carrier
AT&T,Red Bull Racing partner,"Telecom, Media, Electronics & Gaming",29,Swisscom,swisscom.ch,,Swiss carrier
AT&T,Red Bull Racing partner,"Telecom, Media, Electronics & Gaming",30,STC,stc.com.sa,YES,Saudi Arabian GP title sponsor
Claro / Telcel (America Movil),Cadillac partner; Alpine partner (Claro),"Telecom, Media, Electronics & Gaming",1,Telefonica (Movistar),telefonica.com,,Pan-LatAm carrier rival
Claro / Telcel (America Movil),Cadillac partner; Alpine partner (Claro),"Telecom, Media, Electronics & Gaming",2,Vivo (Telefonica Brasil),vivo.com.br,,Brazil carrier
Claro / Telcel (America Movil),Cadillac partner; Alpine partner (Claro),"Telecom, Media, Electronics & Gaming",3,TIM Brasil,tim.com.br,,Brazil carrier
Claro / Telcel (America Movil),Cadillac partner; Alpine partner (Claro),"Telecom, Media, Electronics & Gaming",4,Millicom (Tigo),millicom.com,,LatAm/Africa carrier group
Claro / Telcel (America Movil),Cadillac partner; Alpine partner (Claro),"Telecom, Media, Electronics & Gaming",5,Liberty Latin America,lla.com,,LatAm/Caribbean cable & mobile
Claro / Telcel (America Movil),Cadillac partner; Alpine partner (Claro),"Telecom, Media, Electronics & Gaming",6,Entel,entel.cl,,Chile/Peru carrier
Claro / Telcel (America Movil),Cadillac partner; Alpine partner (Claro),"Telecom, Media, Electronics & Gaming",7,Oi,oi.com.br,,Brazil carrier
Claro / Telcel (America Movil),Cadillac partner; Alpine partner (Claro),"Telecom, Media, Electronics & Gaming",8,WOM,wom.cl,,Chile/Colombia carrier
Claro / Telcel (America Movil),Cadillac partner; Alpine partner (Claro),"Telecom, Media, Electronics & Gaming",9,AT&T Mexico,att.com.mx,YES,AT&T is Red Bull Racing partner
Claro / Telcel (America Movil),Cadillac partner; Alpine partner (Claro),"Telecom, Media, Electronics & Gaming",10,Telecom Argentina (Personal),telecom.com.ar,,Argentina carrier
Claro / Telcel (America Movil),Cadillac partner; Alpine partner (Claro),"Telecom, Media, Electronics & Gaming",11,Digicel Group,digicelgroup.com,,Caribbean/LatAm carrier
Claro / Telcel (America Movil),Cadillac partner; Alpine partner (Claro),"Telecom, Media, Electronics & Gaming",12,CANTV,cantv.com.ve,,Venezuela carrier
Claro / Telcel (America Movil),Cadillac partner; Alpine partner (Claro),"Telecom, Media, Electronics & Gaming",13,ETB,etb.com.co,,Colombia carrier
Claro / Telcel (America Movil),Cadillac partner; Alpine partner (Claro),"Telecom, Media, Electronics & Gaming",14,UNE (EPM),une.com.co,,Colombia carrier
Claro / Telcel (America Movil),Cadillac partner; Alpine partner (Claro),"Telecom, Media, Electronics & Gaming",15,Axtel,axtel.com,,Mexico enterprise telecom
Claro / Telcel (America Movil),Cadillac partner; Alpine partner (Claro),"Telecom, Media, Electronics & Gaming",16,Movistar Peru (Telefonica),telefonica.com.pe,,Peru carrier
Claro / Telcel (America Movil),Cadillac partner; Alpine partner (Claro),"Telecom, Media, Electronics & Gaming",17,Tigo Guatemala,tigo.com.gt,,Central America carrier
Claro / Telcel (America Movil),Cadillac partner; Alpine partner (Claro),"Telecom, Media, Electronics & Gaming",18,Personal Paraguay,personal.com.py,,Paraguay carrier
CNBC (Comcast/NBCUniversal),McLaren partner,"Telecom, Media, Electronics & Gaming",1,Bloomberg Television,bloomberg.com,,Business news TV/digital
CNBC (Comcast/NBCUniversal),McLaren partner,"Telecom, Media, Electronics & Gaming",2,Fox Business Network,foxbusiness.com,,Business news TV
CNBC (Comcast/NBCUniversal),McLaren partner,"Telecom, Media, Electronics & Gaming",3,Financial Times,ft.com,YES,Aston Martin partner
CNBC (Comcast/NBCUniversal),McLaren partner,"Telecom, Media, Electronics & Gaming",4,The Wall Street Journal,wsj.com,,Business/financial news
CNBC (Comcast/NBCUniversal),McLaren partner,"Telecom, Media, Electronics & Gaming",5,Yahoo Finance,finance.yahoo.com,,Financial news/data portal
CNBC (Comcast/NBCUniversal),McLaren partner,"Telecom, Media, Electronics & Gaming",6,MarketWatch (Dow Jones),marketwatch.com,,Financial news
CNBC (Comcast/NBCUniversal),McLaren partner,"Telecom, Media, Electronics & Gaming",7,Reuters,reuters.com,,Global news/financial wire
CNBC (Comcast/NBCUniversal),McLaren partner,"Telecom, Media, Electronics & Gaming",8,Sky News Business,news.sky.com,,UK business news
CNBC (Comcast/NBCUniversal),McLaren partner,"Telecom, Media, Electronics & Gaming",9,BBC Business News,bbc.com,,UK/global business news
CNBC (Comcast/NBCUniversal),McLaren partner,"Telecom, Media, Electronics & Gaming",10,CNN Business,cnn.com,,Business news vertical
CNBC (Comcast/NBCUniversal),McLaren partner,"Telecom, Media, Electronics & Gaming",11,MSNBC,msnbc.com,,News network (NBCUniversal sibling)
CNBC (Comcast/NBCUniversal),McLaren partner,"Telecom, Media, Electronics & Gaming",12,TheStreet,thestreet.com,,Financial news/analysis
CNBC (Comcast/NBCUniversal),McLaren partner,"Telecom, Media, Electronics & Gaming",13,Barron's,barrons.com,,Financial news (Dow Jones)
CNBC (Comcast/NBCUniversal),McLaren partner,"Telecom, Media, Electronics & Gaming",14,Forbes,forbes.com,,Business/financial media
CNBC (Comcast/NBCUniversal),McLaren partner,"Telecom, Media, Electronics & Gaming",15,The Economist,economist.com,,Business/global affairs media
CNBC (Comcast/NBCUniversal),McLaren partner,"Telecom, Media, Electronics & Gaming",16,Nikkei (parent of FT),nikkei.com,YES,"FT parent company, Aston Martin sponsor group"
CNBC (Comcast/NBCUniversal),McLaren partner,"Telecom, Media, Electronics & Gaming",17,Business Insider,businessinsider.com,,Business news digital media
CNBC (Comcast/NBCUniversal),McLaren partner,"Telecom, Media, Electronics & Gaming",18,Investing.com,investing.com,,Financial news/data
CNBC (Comcast/NBCUniversal),McLaren partner,"Telecom, Media, Electronics & Gaming",19,Benzinga,benzinga.com,,Financial news/media
CNBC (Comcast/NBCUniversal),McLaren partner,"Telecom, Media, Electronics & Gaming",20,Seeking Alpha,seekingalpha.com,,Investment research/media
Duracell (Berkshire Hathaway),Williams partner,"Telecom, Media, Electronics & Gaming",1,Energizer Holdings,energizerholdings.com,YES,"Owns Armor All, Red Bull Racing partner"
Duracell (Berkshire Hathaway),Williams partner,"Telecom, Media, Electronics & Gaming",2,Panasonic (batteries),panasonic.com,,Consumer battery maker
Duracell (Berkshire Hathaway),Williams partner,"Telecom, Media, Electronics & Gaming",3,Rayovac (Spectrum Brands),rayovac.com,,Consumer battery brand
Duracell (Berkshire Hathaway),Williams partner,"Telecom, Media, Electronics & Gaming",4,Varta,varta-ag.com,,European battery maker
Duracell (Berkshire Hathaway),Williams partner,"Telecom, Media, Electronics & Gaming",5,GP Batteries,gpbatteries.com,,Consumer battery maker
Duracell (Berkshire Hathaway),Williams partner,"Telecom, Media, Electronics & Gaming",6,EBL,eblofficial.com,,Rechargeable battery brand
Duracell (Berkshire Hathaway),Williams partner,"Telecom, Media, Electronics & Gaming",7,Amazon Basics (batteries),amazon.com,YES,"Amazon, F1 global partner"
Duracell (Berkshire Hathaway),Williams partner,"Telecom, Media, Electronics & Gaming",8,Eveready,eveready.com,,Consumer battery brand
Duracell (Berkshire Hathaway),Williams partner,"Telecom, Media, Electronics & Gaming",9,IKEA LADDA,ikea.com,,Private-label rechargeable batteries
Duracell (Berkshire Hathaway),Williams partner,"Telecom, Media, Electronics & Gaming",10,Philips (batteries),philips.com,YES,Red Bull Racing partner; consumer battery line
Duracell (Berkshire Hathaway),Williams partner,"Telecom, Media, Electronics & Gaming",11,Maxell,maxell.com,,Consumer battery maker
EA Sports (Electronic Arts),"Official F1 video game publisher (developer of F1 25 etc.); not listed in roster file, added per assignment as the missing official F1 game","Telecom, Media, Electronics & Gaming",1,2K Sports (Take-Two Interactive),2k.com,,Sports video game publisher
EA Sports (Electronic Arts),"Official F1 video game publisher (developer of F1 25 etc.); not listed in roster file, added per assignment as the missing official F1 game","Telecom, Media, Electronics & Gaming",2,Konami (eFootball),konami.com,,Football/sports game publisher
EA Sports (Electronic Arts),"Official F1 video game publisher (developer of F1 25 etc.); not listed in roster file, added per assignment as the missing official F1 game","Telecom, Media, Electronics & Gaming",3,Ubisoft,ubisoft.com,,Multi-genre video game publisher
EA Sports (Electronic Arts),"Official F1 video game publisher (developer of F1 25 etc.); not listed in roster file, added per assignment as the missing official F1 game","Telecom, Media, Electronics & Gaming",4,Activision Blizzard (Microsoft),activisionblizzard.com,YES,"Microsoft, Mercedes/Alpine partner"
EA Sports (Electronic Arts),"Official F1 video game publisher (developer of F1 25 etc.); not listed in roster file, added per assignment as the missing official F1 game","Telecom, Media, Electronics & Gaming",5,Sega,sega.com,,Video game publisher
EA Sports (Electronic Arts),"Official F1 video game publisher (developer of F1 25 etc.); not listed in roster file, added per assignment as the missing official F1 game","Telecom, Media, Electronics & Gaming",6,Warner Bros. Games,wbgames.com,,Video game publisher
EA Sports (Electronic Arts),"Official F1 video game publisher (developer of F1 25 etc.); not listed in roster file, added per assignment as the missing official F1 game","Telecom, Media, Electronics & Gaming",7,THQ Nordic (Embracer),thqnordic.com,,Video game publisher
EA Sports (Electronic Arts),"Official F1 video game publisher (developer of F1 25 etc.); not listed in roster file, added per assignment as the missing official F1 game","Telecom, Media, Electronics & Gaming",8,Krafton (PUBG),krafton.com,YES,Ferrari partner via PUBG Mobile
EA Sports (Electronic Arts),"Official F1 video game publisher (developer of F1 25 etc.); not listed in roster file, added per assignment as the missing official F1 game","Telecom, Media, Electronics & Gaming",9,Tencent Games,tencent.com,,China gaming giant
EA Sports (Electronic Arts),"Official F1 video game publisher (developer of F1 25 etc.); not listed in roster file, added per assignment as the missing official F1 game","Telecom, Media, Electronics & Gaming",10,NetEase Games,neteasegames.com,,China gaming giant
EA Sports (Electronic Arts),"Official F1 video game publisher (developer of F1 25 etc.); not listed in roster file, added per assignment as the missing official F1 game","Telecom, Media, Electronics & Gaming",11,Epic Games,epicgames.com,,Video game publisher/engine maker
EA Sports (Electronic Arts),"Official F1 video game publisher (developer of F1 25 etc.); not listed in roster file, added per assignment as the missing official F1 game","Telecom, Media, Electronics & Gaming",12,Nintendo,nintendo.com,,Video game publisher/console maker
EA Sports (Electronic Arts),"Official F1 video game publisher (developer of F1 25 etc.); not listed in roster file, added per assignment as the missing official F1 game","Telecom, Media, Electronics & Gaming",13,Sony Interactive Entertainment (PlayStation),playstation.com,,Video game publisher/console maker
EA Sports (Electronic Arts),"Official F1 video game publisher (developer of F1 25 etc.); not listed in roster file, added per assignment as the missing official F1 game","Telecom, Media, Electronics & Gaming",14,Bandai Namco,bandainamcoent.com,,Video game publisher
EA Sports (Electronic Arts),"Official F1 video game publisher (developer of F1 25 etc.); not listed in roster file, added per assignment as the missing official F1 game","Telecom, Media, Electronics & Gaming",15,Square Enix,square-enix.com,,Video game publisher
EA Sports (Electronic Arts),"Official F1 video game publisher (developer of F1 25 etc.); not listed in roster file, added per assignment as the missing official F1 game","Telecom, Media, Electronics & Gaming",16,Take-Two Interactive (Rockstar/2K),take2games.com,,Video game publisher
EA Sports (Electronic Arts),"Official F1 video game publisher (developer of F1 25 etc.); not listed in roster file, added per assignment as the missing official F1 game","Telecom, Media, Electronics & Gaming",17,Polyphony Digital / Sony (Gran Turismo),gran-turismo.com,,Direct racing-sim rival franchise
EA Sports (Electronic Arts),"Official F1 video game publisher (developer of F1 25 etc.); not listed in roster file, added per assignment as the missing official F1 game","Telecom, Media, Electronics & Gaming",18,iRacing,iracing.com,,PC sim-racing platform rival
EA Sports (Electronic Arts),"Official F1 video game publisher (developer of F1 25 etc.); not listed in roster file, added per assignment as the missing official F1 game","Telecom, Media, Electronics & Gaming",19,Kunos Simulazioni (Assetto Corsa),assettocorsa.gg,,Racing sim rival
EA Sports (Electronic Arts),"Official F1 video game publisher (developer of F1 25 etc.); not listed in roster file, added per assignment as the missing official F1 game","Telecom, Media, Electronics & Gaming",20,Motorsport Games (rFactor 2),motorsportgames.com,,Racing sim publisher
EA Sports (Electronic Arts),"Official F1 video game publisher (developer of F1 25 etc.); not listed in roster file, added per assignment as the missing official F1 game","Telecom, Media, Electronics & Gaming",21,Milestone S.r.l. (MotoGP games),milestone.it,,Racing game publisher
EA Sports (Electronic Arts),"Official F1 video game publisher (developer of F1 25 etc.); not listed in roster file, added per assignment as the missing official F1 game","Telecom, Media, Electronics & Gaming",22,"Turn 10 / Playground Games (Forza, Microsoft)",forza.net,YES,"Microsoft, Mercedes/Alpine partner"
Fanatec (Corsair),F1 Sim Racing official sponsor,"Telecom, Media, Electronics & Gaming",1,Thrustmaster (Guillemot),thrustmaster.com,,Sim-racing wheel/pedal maker
Fanatec (Corsair),F1 Sim Racing official sponsor,"Telecom, Media, Electronics & Gaming",2,Logitech G,logitechg.com,,Sim-racing wheel/pedal maker
Fanatec (Corsair),F1 Sim Racing official sponsor,"Telecom, Media, Electronics & Gaming",3,Simucube (Granite Devices),simucube.com,,Direct-drive sim wheel maker
Fanatec (Corsair),F1 Sim Racing official sponsor,"Telecom, Media, Electronics & Gaming",4,Moza Racing,mozaracing.com,,Direct-drive sim wheel/pedal maker
Fanatec (Corsair),F1 Sim Racing official sponsor,"Telecom, Media, Electronics & Gaming",5,Simagic,simagic.com,,Direct-drive sim wheel maker
Fanatec (Corsair),F1 Sim Racing official sponsor,"Telecom, Media, Electronics & Gaming",6,Heusinkveld Engineering,heusinkveld.com,,Sim-racing pedal maker
Fanatec (Corsair),F1 Sim Racing official sponsor,"Telecom, Media, Electronics & Gaming",7,Asetek SimSports,simsports.com,,Direct-drive sim wheel maker
Fanatec (Corsair),F1 Sim Racing official sponsor,"Telecom, Media, Electronics & Gaming",8,Cube Controls,cubecontrols.com,,Sim-racing wheel rim/button-box maker
Fanatec (Corsair),F1 Sim Racing official sponsor,"Telecom, Media, Electronics & Gaming",9,Precision Sim Engineering (PSE),pse-cars.com,,Sim-racing wheel/pedal maker
Fanatec (Corsair),F1 Sim Racing official sponsor,"Telecom, Media, Electronics & Gaming",10,Trak Racer,trakracer.com,YES,Alpine partner; sim-racing rig maker
Fanatec (Corsair),F1 Sim Racing official sponsor,"Telecom, Media, Electronics & Gaming",11,Playseat,playseat.com,,Sim-racing cockpit/rig maker
Fanatec (Corsair),F1 Sim Racing official sponsor,"Telecom, Media, Electronics & Gaming",12,Next Level Racing,nextlevelracing.com,,Sim-racing cockpit/rig maker
Fanatec (Corsair),F1 Sim Racing official sponsor,"Telecom, Media, Electronics & Gaming",13,GT Omega Racing,gtomegaracing.com,,Sim-racing cockpit/rig maker
Fanatec (Corsair),F1 Sim Racing official sponsor,"Telecom, Media, Electronics & Gaming",14,Sparco,sparco-official.com,YES,Red Bull Racing/Williams partner; also makes sim-racing seats
Fever,F1 official provider (F1 Exhibition),"Telecom, Media, Electronics & Gaming",1,Eventbrite,eventbrite.com,,Events discovery/ticketing
Fever,F1 official provider (F1 Exhibition),"Telecom, Media, Electronics & Gaming",2,Ticketmaster (Live Nation),ticketmaster.com,,Events ticketing platform
Fever,F1 official provider (F1 Exhibition),"Telecom, Media, Electronics & Gaming",3,Groupon,groupon.com,,Local deals/experiences platform
Fever,F1 official provider (F1 Exhibition),"Telecom, Media, Electronics & Gaming",4,Time Out,timeout.com,,City events/experiences media
Fever,F1 official provider (F1 Exhibition),"Telecom, Media, Electronics & Gaming",5,AllEvents.in,allevents.in,,Events discovery platform
Fever,F1 official provider (F1 Exhibition),"Telecom, Media, Electronics & Gaming",6,Meetup,meetup.com,,Community events platform
Fever,F1 official provider (F1 Exhibition),"Telecom, Media, Electronics & Gaming",7,DICE,dice.fm,,Live music/events ticketing app
Fever,F1 official provider (F1 Exhibition),"Telecom, Media, Electronics & Gaming",8,Bandsintown,bandsintown.com,,Concert discovery platform
Fever,F1 official provider (F1 Exhibition),"Telecom, Media, Electronics & Gaming",9,SeatGeek,seatgeek.com,,Ticketing/events marketplace
Fever,F1 official provider (F1 Exhibition),"Telecom, Media, Electronics & Gaming",10,Klook,klook.com,,Experiences/travel activities platform
Fever,F1 official provider (F1 Exhibition),"Telecom, Media, Electronics & Gaming",11,GetYourGuide,getyourguide.com,,Tours/experiences platform
Fever,F1 official provider (F1 Exhibition),"Telecom, Media, Electronics & Gaming",12,Viator (TripAdvisor),viator.com,,Tours/experiences platform
Fever,F1 official provider (F1 Exhibition),"Telecom, Media, Electronics & Gaming",13,Atom Tickets,atomtickets.com,,Entertainment ticketing app
Fever,F1 official provider (F1 Exhibition),"Telecom, Media, Electronics & Gaming",14,Resident Advisor,ra.co,,Electronic music events platform
Fever,F1 official provider (F1 Exhibition),"Telecom, Media, Electronics & Gaming",15,Songkick,songkick.com,,Concert discovery platform
Fever,F1 official provider (F1 Exhibition),"Telecom, Media, Electronics & Gaming",16,Peatix,peatix.com,,Events discovery/ticketing
Fever,F1 official provider (F1 Exhibition),"Telecom, Media, Electronics & Gaming",17,TodayTix,todaytix.com,,Theater/live event ticketing
Fever,F1 official provider (F1 Exhibition),"Telecom, Media, Electronics & Gaming",18,viagogo (StubHub Holdings),viagogo.com,YES,Alpine partner
Financial Times (Nikkei),Aston Martin partner,"Telecom, Media, Electronics & Gaming",1,The Wall Street Journal,wsj.com,,Global business newspaper
Financial Times (Nikkei),Aston Martin partner,"Telecom, Media, Electronics & Gaming",2,Bloomberg,bloomberg.com,,Financial news/data
Financial Times (Nikkei),Aston Martin partner,"Telecom, Media, Electronics & Gaming",3,The Economist,economist.com,,Business/global affairs weekly
Financial Times (Nikkei),Aston Martin partner,"Telecom, Media, Electronics & Gaming",4,Reuters,reuters.com,,Global news/financial wire
Financial Times (Nikkei),Aston Martin partner,"Telecom, Media, Electronics & Gaming",5,CNBC,cnbc.com,YES,McLaren partner
Financial Times (Nikkei),Aston Martin partner,"Telecom, Media, Electronics & Gaming",6,Barron's,barrons.com,,Financial weekly (Dow Jones)
Financial Times (Nikkei),Aston Martin partner,"Telecom, Media, Electronics & Gaming",7,Forbes,forbes.com,,Business/financial media
Financial Times (Nikkei),Aston Martin partner,"Telecom, Media, Electronics & Gaming",8,The Times,thetimes.co.uk,,UK national newspaper
Financial Times (Nikkei),Aston Martin partner,"Telecom, Media, Electronics & Gaming",9,The New York Times (business),nytimes.com,,Business/financial coverage
Financial Times (Nikkei),Aston Martin partner,"Telecom, Media, Electronics & Gaming",10,Handelsblatt,handelsblatt.com,,German business newspaper
Financial Times (Nikkei),Aston Martin partner,"Telecom, Media, Electronics & Gaming",11,Les Echos,lesechos.fr,,French business newspaper
Financial Times (Nikkei),Aston Martin partner,"Telecom, Media, Electronics & Gaming",12,South China Morning Post,scmp.com,,Asia business/general news
Financial Times (Nikkei),Aston Martin partner,"Telecom, Media, Electronics & Gaming",13,MarketWatch,marketwatch.com,,Financial news
Financial Times (Nikkei),Aston Martin partner,"Telecom, Media, Electronics & Gaming",14,Business Insider,businessinsider.com,,Business news digital media
Financial Times (Nikkei),Aston Martin partner,"Telecom, Media, Electronics & Gaming",15,Fortune,fortune.com,,Business magazine/media
Financial Times (Nikkei),Aston Martin partner,"Telecom, Media, Electronics & Gaming",16,Axios,axios.com,,News/business media
Financial Times (Nikkei),Aston Martin partner,"Telecom, Media, Electronics & Gaming",17,Politico,politico.com,,Policy/business news
Financial Times (Nikkei),Aston Martin partner,"Telecom, Media, Electronics & Gaming",18,Investor's Business Daily,investors.com,,Financial news
Financial Times (Nikkei),Aston Martin partner,"Telecom, Media, Electronics & Gaming",19,Institutional Investor,institutionalinvestor.com,,Finance industry media
Infobip,Haas partner,"Telecom, Media, Electronics & Gaming",1,Twilio,twilio.com,,Cloud communications/CPaaS platform
Infobip,Haas partner,"Telecom, Media, Electronics & Gaming",2,Sinch,sinch.com,,CPaaS/messaging platform
Infobip,Haas partner,"Telecom, Media, Electronics & Gaming",3,Vonage (Ericsson),vonage.com,,CPaaS platform
Infobip,Haas partner,"Telecom, Media, Electronics & Gaming",4,Bird (MessageBird),bird.com,,CPaaS/marketing platform
Infobip,Haas partner,"Telecom, Media, Electronics & Gaming",5,Plivo,plivo.com,,CPaaS platform
Infobip,Haas partner,"Telecom, Media, Electronics & Gaming",6,Kaleyra (Tata Communications),kaleyra.com,YES,"Owned by Tata Communications, F1 official provider"
Infobip,Haas partner,"Telecom, Media, Electronics & Gaming",7,Bandwidth,bandwidth.com,,Communications platform/carrier
Infobip,Haas partner,"Telecom, Media, Electronics & Gaming",8,Telesign (Proximus),telesign.com,,CPaaS/identity verification
Infobip,Haas partner,"Telecom, Media, Electronics & Gaming",9,Route Mobile (Proximus),routemobile.com,,CPaaS platform
Infobip,Haas partner,"Telecom, Media, Electronics & Gaming",10,Tanla Platforms,tanla.com,,CPaaS platform
Infobip,Haas partner,"Telecom, Media, Electronics & Gaming",11,Gupshup,gupshup.io,,Conversational messaging platform
Infobip,Haas partner,"Telecom, Media, Electronics & Gaming",12,8x8,8x8.com,,Cloud communications platform
Infobip,Haas partner,"Telecom, Media, Electronics & Gaming",13,RingCentral,ringcentral.com,,Cloud communications platform
Infobip,Haas partner,"Telecom, Media, Electronics & Gaming",14,Genesys,genesys.com,YES,Ferrari partner; CX/contact-center overlap
Infobip,Haas partner,"Telecom, Media, Electronics & Gaming",15,CM.com,cm.com,,CPaaS/conversational commerce
Infobip,Haas partner,"Telecom, Media, Electronics & Gaming",16,Netcore Cloud,netcorecloud.com,,Customer engagement/CPaaS
Infobip,Haas partner,"Telecom, Media, Electronics & Gaming",17,Exotel,exotel.com,,CPaaS platform
Infobip,Haas partner,"Telecom, Media, Electronics & Gaming",18,Clickatell,clickatell.com,,Chat commerce/CPaaS
Infobip,Haas partner,"Telecom, Media, Electronics & Gaming",19,AWS End User Messaging (Pinpoint),aws.amazon.com,YES,"Amazon, F1 global partner"
Infobip,Haas partner,"Telecom, Media, Electronics & Gaming",20,Microsoft Azure Communication Services,azure.microsoft.com,YES,"Microsoft, Mercedes/Alpine partner"
Infobip,Haas partner,"Telecom, Media, Electronics & Gaming",21,Mitto,mitto.ch,,CPaaS/messaging platform
JigSpace,Audi F1 partner,"Telecom, Media, Electronics & Gaming",1,Adobe Aero,adobe.com,,AR authoring tool
JigSpace,Audi F1 partner,"Telecom, Media, Electronics & Gaming",2,Matterport,matterport.com,,3D digital twin/spatial capture platform
JigSpace,Audi F1 partner,"Telecom, Media, Electronics & Gaming",3,Unity,unity.com,YES,F1 Academy Mercedes entry sponsor; 3D/AR engine
JigSpace,Audi F1 partner,"Telecom, Media, Electronics & Gaming",4,Unreal Engine (Epic Games),unrealengine.com,,3D/AR engine
JigSpace,Audi F1 partner,"Telecom, Media, Electronics & Gaming",5,Vectary,vectary.com,,3D/AR web-based design tool
JigSpace,Audi F1 partner,"Telecom, Media, Electronics & Gaming",6,Sketchfab,sketchfab.com,,3D content platform
JigSpace,Audi F1 partner,"Telecom, Media, Electronics & Gaming",7,Onshape (PTC),onshape.com,,Cloud CAD/3D visualization
JigSpace,Audi F1 partner,"Telecom, Media, Electronics & Gaming",8,Autodesk (Fusion/3ds Max),autodesk.com,,3D design/visualization software
JigSpace,Audi F1 partner,"Telecom, Media, Electronics & Gaming",9,PTC Vuforia,ptc.com,,Industrial AR platform
JigSpace,Audi F1 partner,"Telecom, Media, Electronics & Gaming",10,Zappar,zappar.com,,AR content platform
JigSpace,Audi F1 partner,"Telecom, Media, Electronics & Gaming",11,8th Wall (Niantic),8thwall.com,,Web AR platform
JigSpace,Audi F1 partner,"Telecom, Media, Electronics & Gaming",12,Gravity Sketch,gravitysketch.com,,3D design/VR tool
JigSpace,Audi F1 partner,"Telecom, Media, Electronics & Gaming",13,Meta Spark (Meta),spark.meta.com,YES,"Meta, Mercedes partner via WhatsApp"
JigSpace,Audi F1 partner,"Telecom, Media, Electronics & Gaming",14,Snap AR (Snap Inc.),ar.snap.com,,AR platform
JigSpace,Audi F1 partner,"Telecom, Media, Electronics & Gaming",15,Scandit,scandit.com,,AR/scanning enterprise software
LEGO Group,McLaren partner; F1 Academy partner (LEGO-liveried car),"Telecom, Media, Electronics & Gaming",1,Mattel (Hot Wheels/Barbie),mattel.com,,Global toy maker
LEGO Group,McLaren partner; F1 Academy partner (LEGO-liveried car),"Telecom, Media, Electronics & Gaming",2,Hasbro (Nerf/Transformers/Playskool),hasbro.com,,Global toy maker
LEGO Group,McLaren partner; F1 Academy partner (LEGO-liveried car),"Telecom, Media, Electronics & Gaming",3,Mega Bloks (Mattel),megabloks.com,,Direct construction-toy rival
LEGO Group,McLaren partner; F1 Academy partner (LEGO-liveried car),"Telecom, Media, Electronics & Gaming",4,Playmobil,playmobil.com,,Construction/figure toy maker
LEGO Group,McLaren partner; F1 Academy partner (LEGO-liveried car),"Telecom, Media, Electronics & Gaming",5,Meccano (Spin Master),meccano.com,,Construction toy brand
LEGO Group,McLaren partner; F1 Academy partner (LEGO-liveried car),"Telecom, Media, Electronics & Gaming",6,K'NEX,knex.com,,Construction toy brand
LEGO Group,McLaren partner; F1 Academy partner (LEGO-liveried car),"Telecom, Media, Electronics & Gaming",7,Bandai,bandai.com,,Model kits/toy maker
LEGO Group,McLaren partner; F1 Academy partner (LEGO-liveried car),"Telecom, Media, Electronics & Gaming",8,Fisher-Price (Mattel),fisher-price.com,,Children's toy brand
LEGO Group,McLaren partner; F1 Academy partner (LEGO-liveried car),"Telecom, Media, Electronics & Gaming",9,VTech,vtech.com,,Electronic learning toys
LEGO Group,McLaren partner; F1 Academy partner (LEGO-liveried car),"Telecom, Media, Electronics & Gaming",10,Spin Master,spinmaster.com,,Global toy maker
LEGO Group,McLaren partner; F1 Academy partner (LEGO-liveried car),"Telecom, Media, Electronics & Gaming",11,COBI,cobi.pl,,Construction brick toy maker
LEGO Group,McLaren partner; F1 Academy partner (LEGO-liveried car),"Telecom, Media, Electronics & Gaming",12,Sluban,sluban.com,,Construction brick toy maker
LEGO Group,McLaren partner; F1 Academy partner (LEGO-liveried car),"Telecom, Media, Electronics & Gaming",13,JAKKS Pacific,jakks.com,,Toy maker
LEGO Group,McLaren partner; F1 Academy partner (LEGO-liveried car),"Telecom, Media, Electronics & Gaming",14,Funko,funko.com,,Collectible figure maker
LEGO Group,McLaren partner; F1 Academy partner (LEGO-liveried car),"Telecom, Media, Electronics & Gaming",15,Ravensburger,ravensburger.com,,Puzzles/games maker
LEGO Group,McLaren partner; F1 Academy partner (LEGO-liveried car),"Telecom, Media, Electronics & Gaming",16,MGA Entertainment,mgae.com,,Toy maker
Matrix Fitness (Johnson Health Tech),Alpine partner,"Telecom, Media, Electronics & Gaming",1,Technogym,technogym.com,YES,Ferrari partner
Matrix Fitness (Johnson Health Tech),Alpine partner,"Telecom, Media, Electronics & Gaming",2,Life Fitness,lifefitness.com,,Commercial fitness equipment maker
Matrix Fitness (Johnson Health Tech),Alpine partner,"Telecom, Media, Electronics & Gaming",3,Precor (Amer Sports),precor.com,,Commercial fitness equipment maker
Matrix Fitness (Johnson Health Tech),Alpine partner,"Telecom, Media, Electronics & Gaming",4,Cybex International,cybexintl.com,,Commercial fitness equipment maker
Matrix Fitness (Johnson Health Tech),Alpine partner,"Telecom, Media, Electronics & Gaming",5,Nautilus Inc.,nautilus.com,,Fitness equipment maker
Matrix Fitness (Johnson Health Tech),Alpine partner,"Telecom, Media, Electronics & Gaming",6,Star Trac,startrac.com,,Commercial fitness equipment maker
Matrix Fitness (Johnson Health Tech),Alpine partner,"Telecom, Media, Electronics & Gaming",7,True Fitness,truefitness.com,,Commercial fitness equipment maker
Matrix Fitness (Johnson Health Tech),Alpine partner,"Telecom, Media, Electronics & Gaming",8,Woodway,woodway.com,,Treadmill manufacturer
Matrix Fitness (Johnson Health Tech),Alpine partner,"Telecom, Media, Electronics & Gaming",9,Concept2,concept2.com,,Rowing/ski erg equipment maker
Matrix Fitness (Johnson Health Tech),Alpine partner,"Telecom, Media, Electronics & Gaming",10,Freemotion Fitness,freemotionfitness.com,,Commercial fitness equipment maker
Matrix Fitness (Johnson Health Tech),Alpine partner,"Telecom, Media, Electronics & Gaming",11,Peloton,onepeloton.com,,Connected fitness equipment
Matrix Fitness (Johnson Health Tech),Alpine partner,"Telecom, Media, Electronics & Gaming",12,NordicTrack (iFIT),nordictrack.com,,Connected home fitness equipment
Matrix Fitness (Johnson Health Tech),Alpine partner,"Telecom, Media, Electronics & Gaming",13,Torque Fitness,torquefitness.com,,Functional training equipment maker
Matrix Fitness (Johnson Health Tech),Alpine partner,"Telecom, Media, Electronics & Gaming",14,Rogue Fitness,roguefitness.com,,Strength/functional fitness equipment maker
Matrix Fitness (Johnson Health Tech),Alpine partner,"Telecom, Media, Electronics & Gaming",15,Keiser Corporation,keiser.com,,Fitness/indoor cycling equipment maker
mophie (ZAGG),Red Bull Racing partner,"Telecom, Media, Electronics & Gaming",1,Anker,anker.com,,Chargers/power banks/mobile accessories
mophie (ZAGG),Red Bull Racing partner,"Telecom, Media, Electronics & Gaming",2,Belkin,belkin.com,,Mobile accessories/chargers
mophie (ZAGG),Red Bull Racing partner,"Telecom, Media, Electronics & Gaming",3,OtterBox,otterbox.com,,Phone cases/chargers
mophie (ZAGG),Red Bull Racing partner,"Telecom, Media, Electronics & Gaming",4,UAG (Urban Armor Gear),urbanarmorgear.com,,Rugged phone cases/accessories
mophie (ZAGG),Red Bull Racing partner,"Telecom, Media, Electronics & Gaming",5,Spigen,spigen.com,,Phone cases/mobile accessories
mophie (ZAGG),Red Bull Racing partner,"Telecom, Media, Electronics & Gaming",6,RAVPower,ravpower.com,,Chargers/power banks
mophie (ZAGG),Red Bull Racing partner,"Telecom, Media, Electronics & Gaming",7,Native Union,nativeunion.com,,Premium mobile accessories/chargers
mophie (ZAGG),Red Bull Racing partner,"Telecom, Media, Electronics & Gaming",8,Nomad,nomadgoods.com,,Premium mobile accessories/chargers
mophie (ZAGG),Red Bull Racing partner,"Telecom, Media, Electronics & Gaming",9,Incase,incase.com,,Mobile/tech accessories
mophie (ZAGG),Red Bull Racing partner,"Telecom, Media, Electronics & Gaming",10,Griffin Technology,griffintechnology.com,,Mobile accessories
mophie (ZAGG),Red Bull Racing partner,"Telecom, Media, Electronics & Gaming",11,Case-Mate,case-mate.com,,Phone cases/accessories
mophie (ZAGG),Red Bull Racing partner,"Telecom, Media, Electronics & Gaming",12,Duracell (Berkshire Hathaway),duracell.com,YES,Williams partner; also makes power banks
mophie (ZAGG),Red Bull Racing partner,"Telecom, Media, Electronics & Gaming",13,Energizer (parent of Armor All),energizer.com,YES,Red Bull Racing partner via Armor All; also power banks
mophie (ZAGG),Red Bull Racing partner,"Telecom, Media, Electronics & Gaming",14,Philips,philips.com,YES,Red Bull Racing partner; consumer electronics accessories
mophie (ZAGG),Red Bull Racing partner,"Telecom, Media, Electronics & Gaming",15,Baseus,baseus.com,,Chargers/mobile accessories
mophie (ZAGG),Red Bull Racing partner,"Telecom, Media, Electronics & Gaming",16,Aukey,aukey.com,,Chargers/mobile accessories
mophie (ZAGG),Red Bull Racing partner,"Telecom, Media, Electronics & Gaming",17,Twelve South,twelvesouth.com,,Premium mobile/laptop accessories
mophie (ZAGG),Red Bull Racing partner,"Telecom, Media, Electronics & Gaming",18,Cygnett,cygnett.com,,Mobile accessories/chargers
Paramount+ (Paramount Skydance),F1 official partner,"Telecom, Media, Electronics & Gaming",1,Netflix,netflix.com,,Global streaming service
Paramount+ (Paramount Skydance),F1 official partner,"Telecom, Media, Electronics & Gaming",2,Disney+,disneyplus.com,,Global streaming service
Paramount+ (Paramount Skydance),F1 official partner,"Telecom, Media, Electronics & Gaming",3,Max (Warner Bros. Discovery),max.com,,Streaming service
Paramount+ (Paramount Skydance),F1 official partner,"Telecom, Media, Electronics & Gaming",4,Amazon Prime Video,primevideo.com,YES,"Amazon, F1 global partner"
Paramount+ (Paramount Skydance),F1 official partner,"Telecom, Media, Electronics & Gaming",5,Apple TV+,tv.apple.com,,Streaming service
Paramount+ (Paramount Skydance),F1 official partner,"Telecom, Media, Electronics & Gaming",6,Hulu (Disney),hulu.com,,US streaming service
Paramount+ (Paramount Skydance),F1 official partner,"Telecom, Media, Electronics & Gaming",7,Peacock (Comcast/NBCUniversal),peacocktv.com,YES,"Comcast owns CNBC, McLaren partner"
Paramount+ (Paramount Skydance),F1 official partner,"Telecom, Media, Electronics & Gaming",8,ESPN+ (Disney),espn.com,,Sports streaming service
Paramount+ (Paramount Skydance),F1 official partner,"Telecom, Media, Electronics & Gaming",9,YouTube Premium (Alphabet),youtube.com,YES,"Alphabet/Google, McLaren partner"
Paramount+ (Paramount Skydance),F1 official partner,"Telecom, Media, Electronics & Gaming",10,Crunchyroll (Sony),crunchyroll.com,,Anime streaming service
Paramount+ (Paramount Skydance),F1 official partner,"Telecom, Media, Electronics & Gaming",11,Starz,starz.com,,Premium streaming service
Paramount+ (Paramount Skydance),F1 official partner,"Telecom, Media, Electronics & Gaming",12,AMC+,amcplus.com,,Streaming service
Paramount+ (Paramount Skydance),F1 official partner,"Telecom, Media, Electronics & Gaming",13,BritBox,britbox.com,,UK content streaming service
Paramount+ (Paramount Skydance),F1 official partner,"Telecom, Media, Electronics & Gaming",14,Tubi (Fox),tubitv.com,,Free ad-supported streaming
Paramount+ (Paramount Skydance),F1 official partner,"Telecom, Media, Electronics & Gaming",15,Roku Channel,roku.com,,Free ad-supported streaming
Paramount+ (Paramount Skydance),F1 official partner,"Telecom, Media, Electronics & Gaming",16,Sling TV,sling.com,,Live TV streaming
Paramount+ (Paramount Skydance),F1 official partner,"Telecom, Media, Electronics & Gaming",17,fuboTV,fubo.tv,,Sports-focused live TV streaming
PUBG Mobile (Krafton),Ferrari partner,"Telecom, Media, Electronics & Gaming",1,Call of Duty Mobile (Activision Blizzard/Microsoft),callofduty.com,YES,Microsoft is Mercedes/Alpine partner
PUBG Mobile (Krafton),Ferrari partner,"Telecom, Media, Electronics & Gaming",2,Fortnite (Epic Games),epicgames.com,,Battle royale rival
PUBG Mobile (Krafton),Ferrari partner,"Telecom, Media, Electronics & Gaming",3,Free Fire (Garena/Sea Ltd),garena.com,,Mobile battle royale rival
PUBG Mobile (Krafton),Ferrari partner,"Telecom, Media, Electronics & Gaming",4,Apex Legends Mobile (EA),ea.com,YES,EA is official F1 game publisher (EA Sports F1)
PUBG Mobile (Krafton),Ferrari partner,"Telecom, Media, Electronics & Gaming",5,Grand Theft Auto Online (Rockstar/Take-Two),rockstargames.com,,Take-Two open-world multiplayer
PUBG Mobile (Krafton),Ferrari partner,"Telecom, Media, Electronics & Gaming",6,Mobile Legends: Bang Bang (Moonton/ByteDance),mobilelegends.com,YES,"ByteDance also owns TikTok, Aston Martin partner"
PUBG Mobile (Krafton),Ferrari partner,"Telecom, Media, Electronics & Gaming",7,Genshin Impact (HoYoverse),hoyoverse.com,,Mobile/cross-platform gacha RPG rival for attention/spend
PUBG Mobile (Krafton),Ferrari partner,"Telecom, Media, Electronics & Gaming",8,Honor of Kings (Tencent),tencent.com,,Top-grossing mobile game rival
PUBG Mobile (Krafton),Ferrari partner,"Telecom, Media, Electronics & Gaming",9,League of Legends: Wild Rift (Riot/Tencent),riotgames.com,,Mobile MOBA rival
PUBG Mobile (Krafton),Ferrari partner,"Telecom, Media, Electronics & Gaming",10,Krafton's Battlegrounds (PC/console PUBG),krafton.com,YES,"Same publisher, sister product"
PUBG Mobile (Krafton),Ferrari partner,"Telecom, Media, Electronics & Gaming",11,Tencent Games (broader publisher),tencent.com,,China gaming giant
PUBG Mobile (Krafton),Ferrari partner,"Telecom, Media, Electronics & Gaming",12,NetEase Games,neteasegames.com,,China gaming giant
PUBG Mobile (Krafton),Ferrari partner,"Telecom, Media, Electronics & Gaming",13,Supercell,supercell.com,,Mobile game publisher
PUBG Mobile (Krafton),Ferrari partner,"Telecom, Media, Electronics & Gaming",14,Niantic,nianticlabs.com,,Mobile AR game publisher
PUBG Mobile (Krafton),Ferrari partner,"Telecom, Media, Electronics & Gaming",15,Roblox Corporation,roblox.com,,Mobile/cross-platform gaming platform
Riedel,Ferrari partner; Racing Bulls partner (comms),"Telecom, Media, Electronics & Gaming",1,Clear-Com (HME),clearcom.com,,Broadcast/event intercom systems
Riedel,Ferrari partner; Racing Bulls partner (comms),"Telecom, Media, Electronics & Gaming",2,RTS (Bosch),rtsintercoms.com,,Broadcast intercom systems
Riedel,Ferrari partner; Racing Bulls partner (comms),"Telecom, Media, Electronics & Gaming",3,Telex (Bosch),telex.com,,Broadcast intercom systems
Riedel,Ferrari partner; Racing Bulls partner (comms),"Telecom, Media, Electronics & Gaming",4,Videndum (Vitec Group),videndum.com,,Broadcast/production technology group
Riedel,Ferrari partner; Racing Bulls partner (comms),"Telecom, Media, Electronics & Gaming",5,TSL Products,tslproducts.com,,Broadcast control/monitoring systems
Riedel,Ferrari partner; Racing Bulls partner (comms),"Telecom, Media, Electronics & Gaming",6,Motorola Solutions,motorolasolutions.com,,Two-way radio/comms systems
Riedel,Ferrari partner; Racing Bulls partner (comms),"Telecom, Media, Electronics & Gaming",7,Hytera Communications,hytera.com,,Two-way radio/comms systems
Riedel,Ferrari partner; Racing Bulls partner (comms),"Telecom, Media, Electronics & Gaming",8,JVCKenwood,jvckenwood.com,,Radio comms/broadcast equipment
Riedel,Ferrari partner; Racing Bulls partner (comms),"Telecom, Media, Electronics & Gaming",9,Axon Digital Design,axon.tv,,Broadcast signal processing equipment
Riedel,Ferrari partner; Racing Bulls partner (comms),"Telecom, Media, Electronics & Gaming",10,EVS Broadcast Equipment,evs.com,,Live broadcast production systems
Riedel,Ferrari partner; Racing Bulls partner (comms),"Telecom, Media, Electronics & Gaming",11,Grass Valley,grassvalley.com,,Broadcast production equipment
Riedel,Ferrari partner; Racing Bulls partner (comms),"Telecom, Media, Electronics & Gaming",12,Ross Video,rossvideo.com,,Broadcast production equipment
Riedel,Ferrari partner; Racing Bulls partner (comms),"Telecom, Media, Electronics & Gaming",13,Zaxcom,zaxcom.com,,Wireless audio/production systems
Riedel,Ferrari partner; Racing Bulls partner (comms),"Telecom, Media, Electronics & Gaming",14,Lectrosonics,lectrosonics.com,,Wireless audio systems
Rokt,Red Bull Racing partner,"Telecom, Media, Electronics & Gaming",1,Criteo,criteo.com,,Commerce media/retargeting platform
Rokt,Red Bull Racing partner,"Telecom, Media, Electronics & Gaming",2,AdRoll,adroll.com,,Ecommerce marketing platform
Rokt,Red Bull Racing partner,"Telecom, Media, Electronics & Gaming",3,Klaviyo,klaviyo.com,,Ecommerce marketing automation
Rokt,Red Bull Racing partner,"Telecom, Media, Electronics & Gaming",4,Cardlytics,cardlytics.com,,Purchase-based ad platform
Rokt,Red Bull Racing partner,"Telecom, Media, Electronics & Gaming",5,Fluent,fluentco.com,,Performance marketing/transaction marketing
Rokt,Red Bull Racing partner,"Telecom, Media, Electronics & Gaming",6,Braze,braze.com,,Customer engagement platform
Rokt,Red Bull Racing partner,"Telecom, Media, Electronics & Gaming",7,Attentive,attentive.com,,Mobile/SMS marketing platform
Rokt,Red Bull Racing partner,"Telecom, Media, Electronics & Gaming",8,PebblePost,pebblepost.com,,Programmatic direct mail/transaction marketing
Rokt,Red Bull Racing partner,"Telecom, Media, Electronics & Gaming",9,Rakuten Advertising,rakutenadvertising.com,,Affiliate/performance marketing network
Rokt,Red Bull Racing partner,"Telecom, Media, Electronics & Gaming",10,Awin,awin.com,,Affiliate marketing network
Rokt,Red Bull Racing partner,"Telecom, Media, Electronics & Gaming",11,Sailthru,sailthru.com,,Retail marketing platform
Rokt,Red Bull Racing partner,"Telecom, Media, Electronics & Gaming",12,Yotpo,yotpo.com,,Ecommerce marketing/loyalty platform
Rokt,Red Bull Racing partner,"Telecom, Media, Electronics & Gaming",13,Bluecore,bluecore.com,,Retail marketing platform
Rokt,Red Bull Racing partner,"Telecom, Media, Electronics & Gaming",14,Wunderkind (BounceX),wunderkind.co,,Performance marketing platform
Rokt,Red Bull Racing partner,"Telecom, Media, Electronics & Gaming",15,Iterable,iterable.com,,Customer engagement platform
Specialized,Audi F1 partner,"Telecom, Media, Electronics & Gaming",1,Trek Bicycle,trekbikes.com,,Premium bicycle maker
Specialized,Audi F1 partner,"Telecom, Media, Electronics & Gaming",2,Giant Bicycles,giant-bicycles.com,,Global bicycle maker
Specialized,Audi F1 partner,"Telecom, Media, Electronics & Gaming",3,Cannondale (Dorel/Pon),cannondale.com,,Premium bicycle maker
Specialized,Audi F1 partner,"Telecom, Media, Electronics & Gaming",4,Cervelo,cervelo.com,,Performance road/tri bike maker
Specialized,Audi F1 partner,"Telecom, Media, Electronics & Gaming",5,Canyon Bicycles,canyon.com,,Direct-to-consumer bicycle maker
Specialized,Audi F1 partner,"Telecom, Media, Electronics & Gaming",6,Scott Sports,scott-sports.com,,Bicycle/sports equipment maker
Specialized,Audi F1 partner,"Telecom, Media, Electronics & Gaming",7,Cube Bikes,cube.eu,,Bicycle maker
Specialized,Audi F1 partner,"Telecom, Media, Electronics & Gaming",8,Bianchi,bianchi.com,,Heritage performance bicycle maker
Specialized,Audi F1 partner,"Telecom, Media, Electronics & Gaming",9,Pinarello,pinarello.com,,Premium road bicycle maker
Specialized,Audi F1 partner,"Telecom, Media, Electronics & Gaming",10,Colnago,colnago.com,,Premium road bicycle maker
Specialized,Audi F1 partner,"Telecom, Media, Electronics & Gaming",11,Santa Cruz Bicycles,santacruzbicycles.com,,Mountain bike maker
Specialized,Audi F1 partner,"Telecom, Media, Electronics & Gaming",12,BMC Switzerland,bmc-switzerland.com,,Premium bicycle maker
Specialized,Audi F1 partner,"Telecom, Media, Electronics & Gaming",13,Orbea,orbea.com,,Bicycle maker
Specialized,Audi F1 partner,"Telecom, Media, Electronics & Gaming",14,Merida,merida-bikes.com,,Global bicycle maker
Specialized,Audi F1 partner,"Telecom, Media, Electronics & Gaming",15,Felt Bicycles,feltbicycles.com,,Performance bicycle maker
Specialized,Audi F1 partner,"Telecom, Media, Electronics & Gaming",16,Liv Cycling (Giant),liv-cycling.com,,Women's-focused bicycle brand
Specialized,Audi F1 partner,"Telecom, Media, Electronics & Gaming",17,Focus Bikes,focus-bikes.com,,Bicycle maker
Specialized,Audi F1 partner,"Telecom, Media, Electronics & Gaming",18,Ridley Bikes,ridley-bikes.com,,Performance bicycle maker
STC (Saudi Telecom Company),Saudi Arabian GP title sponsor (2026 race cancelled but partnership active),"Telecom, Media, Electronics & Gaming",1,e& (Etisalat),eand.com,,UAE-based regional carrier group
STC (Saudi Telecom Company),Saudi Arabian GP title sponsor (2026 race cancelled but partnership active),"Telecom, Media, Electronics & Gaming",2,du (EITC),du.ae,,UAE carrier
STC (Saudi Telecom Company),Saudi Arabian GP title sponsor (2026 race cancelled but partnership active),"Telecom, Media, Electronics & Gaming",3,Ooredoo,ooredoo.com,,Qatar-based regional carrier
STC (Saudi Telecom Company),Saudi Arabian GP title sponsor (2026 race cancelled but partnership active),"Telecom, Media, Electronics & Gaming",4,Zain Group,zain.com,,Kuwait-based regional carrier incl. Zain KSA
STC (Saudi Telecom Company),Saudi Arabian GP title sponsor (2026 race cancelled but partnership active),"Telecom, Media, Electronics & Gaming",5,Mobily (Etihad Etisalat),mobily.com.sa,,Saudi Arabia carrier
STC (Saudi Telecom Company),Saudi Arabian GP title sponsor (2026 race cancelled but partnership active),"Telecom, Media, Electronics & Gaming",6,salam (formerly Bayanat),salam.sa,,Saudi telecom/ICT provider
STC (Saudi Telecom Company),Saudi Arabian GP title sponsor (2026 race cancelled but partnership active),"Telecom, Media, Electronics & Gaming",7,Turkcell,turkcell.com.tr,,Turkey carrier
STC (Saudi Telecom Company),Saudi Arabian GP title sponsor (2026 race cancelled but partnership active),"Telecom, Media, Electronics & Gaming",8,Turk Telekom,turktelekom.com.tr,,Turkey carrier
STC (Saudi Telecom Company),Saudi Arabian GP title sponsor (2026 race cancelled but partnership active),"Telecom, Media, Electronics & Gaming",9,Batelco,batelco.com,,Bahrain carrier
STC (Saudi Telecom Company),Saudi Arabian GP title sponsor (2026 race cancelled but partnership active),"Telecom, Media, Electronics & Gaming",10,Omantel,omantel.om,,Oman carrier
STC (Saudi Telecom Company),Saudi Arabian GP title sponsor (2026 race cancelled but partnership active),"Telecom, Media, Electronics & Gaming",11,Virgin Mobile MEA,virginmobilemea.com,,Regional MVNO
STC (Saudi Telecom Company),Saudi Arabian GP title sponsor (2026 race cancelled but partnership active),"Telecom, Media, Electronics & Gaming",12,Vodafone Qatar,vodafone.qa,,Qatar carrier
STC (Saudi Telecom Company),Saudi Arabian GP title sponsor (2026 race cancelled but partnership active),"Telecom, Media, Electronics & Gaming",13,Vodafone Egypt,vodafone.com.eg,,Egypt carrier
STC (Saudi Telecom Company),Saudi Arabian GP title sponsor (2026 race cancelled but partnership active),"Telecom, Media, Electronics & Gaming",14,Telecom Egypt (WE),te.eg,,Egypt carrier
STC (Saudi Telecom Company),Saudi Arabian GP title sponsor (2026 race cancelled but partnership active),"Telecom, Media, Electronics & Gaming",15,Orange Jordan,orange.jo,,Jordan carrier
STC (Saudi Telecom Company),Saudi Arabian GP title sponsor (2026 race cancelled but partnership active),"Telecom, Media, Electronics & Gaming",16,Zain Jordan,jo.zain.com,,Jordan carrier
STC (Saudi Telecom Company),Saudi Arabian GP title sponsor (2026 race cancelled but partnership active),"Telecom, Media, Electronics & Gaming",17,Umniah,umniah.com,,Jordan carrier
STC (Saudi Telecom Company),Saudi Arabian GP title sponsor (2026 race cancelled but partnership active),"Telecom, Media, Electronics & Gaming",18,MTN Group,mtn.com,,Africa/Middle East carrier
STC (Saudi Telecom Company),Saudi Arabian GP title sponsor (2026 race cancelled but partnership active),"Telecom, Media, Electronics & Gaming",19,Vodacom,vodacom.com,,Africa carrier
STC (Saudi Telecom Company),Saudi Arabian GP title sponsor (2026 race cancelled but partnership active),"Telecom, Media, Electronics & Gaming",20,Safaricom,safaricom.co.ke,,East Africa carrier
STC (Saudi Telecom Company),Saudi Arabian GP title sponsor (2026 race cancelled but partnership active),"Telecom, Media, Electronics & Gaming",21,Deutsche Telekom (T-Mobile parent),telekom.com,YES,McLaren partner
STC (Saudi Telecom Company),Saudi Arabian GP title sponsor (2026 race cancelled but partnership active),"Telecom, Media, Electronics & Gaming",22,AT&T,att.com,YES,Red Bull Racing partner (global-scale carrier comparator)
STC (Saudi Telecom Company),Saudi Arabian GP title sponsor (2026 race cancelled but partnership active),"Telecom, Media, Electronics & Gaming",23,America Movil,americamovil.com,YES,Cadillac F1 partner (global-scale carrier comparator)
T-Mobile (Deutsche Telekom),F1 regional partner; McLaren partner,"Telecom, Media, Electronics & Gaming",1,Verizon,verizon.com,,US wireless carrier
T-Mobile (Deutsche Telekom),F1 regional partner; McLaren partner,"Telecom, Media, Electronics & Gaming",2,AT&T,att.com,YES,US carrier rival; Red Bull Racing partner
T-Mobile (Deutsche Telekom),F1 regional partner; McLaren partner,"Telecom, Media, Electronics & Gaming",3,Vodafone,vodafone.com,,Global carrier
T-Mobile (Deutsche Telekom),F1 regional partner; McLaren partner,"Telecom, Media, Electronics & Gaming",4,Orange,orange.com,,European/African carrier
T-Mobile (Deutsche Telekom),F1 regional partner; McLaren partner,"Telecom, Media, Electronics & Gaming",5,Telefonica (Movistar),telefonica.com,,Spain/LatAm carrier
T-Mobile (Deutsche Telekom),F1 regional partner; McLaren partner,"Telecom, Media, Electronics & Gaming",6,America Movil (Claro/Telcel),americamovil.com,YES,Cadillac F1 partner
T-Mobile (Deutsche Telekom),F1 regional partner; McLaren partner,"Telecom, Media, Electronics & Gaming",7,China Mobile,chinamobileltd.com,,World's largest carrier
T-Mobile (Deutsche Telekom),F1 regional partner; McLaren partner,"Telecom, Media, Electronics & Gaming",8,China Unicom,chinaunicom.com,,China carrier
T-Mobile (Deutsche Telekom),F1 regional partner; McLaren partner,"Telecom, Media, Electronics & Gaming",9,China Telecom,chinatelecom-h.com,,China carrier
T-Mobile (Deutsche Telekom),F1 regional partner; McLaren partner,"Telecom, Media, Electronics & Gaming",10,NTT Docomo,nttdocomo.co.jp,,Japan carrier
T-Mobile (Deutsche Telekom),F1 regional partner; McLaren partner,"Telecom, Media, Electronics & Gaming",11,SoftBank Corp,softbank.jp,,"Japan carrier (SoftBank Group also owns Arm, Aston Martin sponsor)"
T-Mobile (Deutsche Telekom),F1 regional partner; McLaren partner,"Telecom, Media, Electronics & Gaming",12,KDDI (au),kddi.com,,Japan carrier
T-Mobile (Deutsche Telekom),F1 regional partner; McLaren partner,"Telecom, Media, Electronics & Gaming",13,Telstra,telstra.com,,Australia carrier
T-Mobile (Deutsche Telekom),F1 regional partner; McLaren partner,"Telecom, Media, Electronics & Gaming",14,BT Group / EE,bt.com,,UK carrier
T-Mobile (Deutsche Telekom),F1 regional partner; McLaren partner,"Telecom, Media, Electronics & Gaming",15,Telenor,telenor.com,,Nordic/Asia carrier
T-Mobile (Deutsche Telekom),F1 regional partner; McLaren partner,"Telecom, Media, Electronics & Gaming",16,STC (Saudi Telecom),stc.com.sa,YES,Saudi Arabian GP title sponsor
T-Mobile (Deutsche Telekom),F1 regional partner; McLaren partner,"Telecom, Media, Electronics & Gaming",17,e& (Etisalat),eand.com,,UAE-based carrier group
T-Mobile (Deutsche Telekom),F1 regional partner; McLaren partner,"Telecom, Media, Electronics & Gaming",18,du (EITC),du.ae,,UAE carrier
T-Mobile (Deutsche Telekom),F1 regional partner; McLaren partner,"Telecom, Media, Electronics & Gaming",19,MTN Group,mtn.com,,Africa/Middle East carrier
T-Mobile (Deutsche Telekom),F1 regional partner; McLaren partner,"Telecom, Media, Electronics & Gaming",20,Bharti Airtel,airtel.in,,India/Africa carrier
T-Mobile (Deutsche Telekom),F1 regional partner; McLaren partner,"Telecom, Media, Electronics & Gaming",21,Reliance Jio,jio.com,,India carrier
T-Mobile (Deutsche Telekom),F1 regional partner; McLaren partner,"Telecom, Media, Electronics & Gaming",22,Rogers Communications,rogers.com,,Canada carrier
T-Mobile (Deutsche Telekom),F1 regional partner; McLaren partner,"Telecom, Media, Electronics & Gaming",23,Bell Canada,bell.ca,,Canada carrier
T-Mobile (Deutsche Telekom),F1 regional partner; McLaren partner,"Telecom, Media, Electronics & Gaming",24,TELUS,telus.com,,Canada carrier
T-Mobile (Deutsche Telekom),F1 regional partner; McLaren partner,"Telecom, Media, Electronics & Gaming",25,UScellular,uscellular.com,,US regional carrier
T-Mobile (Deutsche Telekom),F1 regional partner; McLaren partner,"Telecom, Media, Electronics & Gaming",26,Comcast (Xfinity Mobile),xfinity.com,YES,"Comcast/NBCUniversal owns CNBC, McLaren partner"
T-Mobile (Deutsche Telekom),F1 regional partner; McLaren partner,"Telecom, Media, Electronics & Gaming",27,Charter Communications (Spectrum Mobile),spectrum.com,,US MVNO carrier
T-Mobile (Deutsche Telekom),F1 regional partner; McLaren partner,"Telecom, Media, Electronics & Gaming",28,Swisscom,swisscom.ch,,Swiss carrier
T-Mobile (Deutsche Telekom),F1 regional partner; McLaren partner,"Telecom, Media, Electronics & Gaming",29,Turkcell,turkcell.com.tr,,Turkey carrier
T-Mobile (Deutsche Telekom),F1 regional partner; McLaren partner,"Telecom, Media, Electronics & Gaming",30,TIM (Telecom Italia),gruppotim.it,,Italy carrier
Tata Communications,F1 official provider (connectivity),"Telecom, Media, Electronics & Gaming",1,Orange Business,orange-business.com,,Global enterprise network services
Tata Communications,F1 official provider (connectivity),"Telecom, Media, Electronics & Gaming",2,BT Global Services,bt.com,,Enterprise connectivity division
Tata Communications,F1 official provider (connectivity),"Telecom, Media, Electronics & Gaming",3,Vodafone Business,vodafone.com,,Global enterprise connectivity
Tata Communications,F1 official provider (connectivity),"Telecom, Media, Electronics & Gaming",4,AT&T Business,business.att.com,YES,Red Bull Racing partner
Tata Communications,F1 official provider (connectivity),"Telecom, Media, Electronics & Gaming",5,Verizon Business,verizon.com,,Global enterprise network services
Tata Communications,F1 official provider (connectivity),"Telecom, Media, Electronics & Gaming",6,NTT Communications,ntt.com,,Global network/data center operator
Tata Communications,F1 official provider (connectivity),"Telecom, Media, Electronics & Gaming",7,Telefonica Business Solutions,telefonica.com,,Enterprise connectivity
Tata Communications,F1 official provider (connectivity),"Telecom, Media, Electronics & Gaming",8,Colt Technology Services,colt.net,,Global enterprise network operator
Tata Communications,F1 official provider (connectivity),"Telecom, Media, Electronics & Gaming",9,GTT Communications,gtt.net,,Global Tier-1 IP network
Tata Communications,F1 official provider (connectivity),"Telecom, Media, Electronics & Gaming",10,Lumen Technologies,lumen.com,,Global network/edge cloud provider
Tata Communications,F1 official provider (connectivity),"Telecom, Media, Electronics & Gaming",11,PCCW Global,pccwglobal.com,,Asia-based global carrier
Tata Communications,F1 official provider (connectivity),"Telecom, Media, Electronics & Gaming",12,Singtel (NCS/Singtel Business),singtel.com,,Asia-Pacific enterprise connectivity
Tata Communications,F1 official provider (connectivity),"Telecom, Media, Electronics & Gaming",13,China Telecom Global,chinatelecomglobal.com,,China's global carrier arm
Tata Communications,F1 official provider (connectivity),"Telecom, Media, Electronics & Gaming",14,Deutsche Telekom Global Carrier,telekom.com,YES,"Parent of T-Mobile, McLaren partner"
Tata Communications,F1 official provider (connectivity),"Telecom, Media, Electronics & Gaming",15,Sparkle (TIM),tisparkle.com,,Telecom Italia's global wholesale carrier
Tata Communications,F1 official provider (connectivity),"Telecom, Media, Electronics & Gaming",16,Zayo Group,zayo.com,,Fiber/network infrastructure
Tata Communications,F1 official provider (connectivity),"Telecom, Media, Electronics & Gaming",17,Epsilon Telecommunications,epsilontel.com,,Global connectivity marketplace
Tata Communications,F1 official provider (connectivity),"Telecom, Media, Electronics & Gaming",18,Console Connect (PCCW),consoleconnect.com,,Software-defined interconnection
Tata Communications,F1 official provider (connectivity),"Telecom, Media, Electronics & Gaming",19,Megaport,megaport.com,,Network-as-a-service
Tata Communications,F1 official provider (connectivity),"Telecom, Media, Electronics & Gaming",20,Cogent Communications,cogentco.com,,Global IP transit provider
Tata Communications,F1 official provider (connectivity),"Telecom, Media, Electronics & Gaming",21,Infobip,infobip.com,YES,Haas partner; adjacent CPaaS/messaging
Tata Communications,F1 official provider (connectivity),"Telecom, Media, Electronics & Gaming",22,Twilio,twilio.com,,Cloud communications platform
Tata Communications,F1 official provider (connectivity),"Telecom, Media, Electronics & Gaming",23,Sinch,sinch.com,,Cloud communications platform
Tata Communications,F1 official provider (connectivity),"Telecom, Media, Electronics & Gaming",24,Reliance Jio (enterprise),jio.com,,India enterprise connectivity
Tata Communications,F1 official provider (connectivity),"Telecom, Media, Electronics & Gaming",25,Bharti Airtel Business,airtel.in,,India/Africa enterprise connectivity
Tata Communications,F1 official provider (connectivity),"Telecom, Media, Electronics & Gaming",26,STC (enterprise/Business),stc.com.sa,YES,Saudi Arabian GP title sponsor
Tata Communications,F1 official provider (connectivity),"Telecom, Media, Electronics & Gaming",27,e& enterprise (Etisalat),eand.com,,UAE enterprise connectivity
Tata Communications,F1 official provider (connectivity),"Telecom, Media, Electronics & Gaming",28,Telstra International,telstrainternational.com,,Asia-Pacific network operator
Tata Communications,F1 official provider (connectivity),"Telecom, Media, Electronics & Gaming",29,Equinix,equinix.com,,Global interconnection/data centers
Technogym,Ferrari partner,"Telecom, Media, Electronics & Gaming",1,Peloton,onepeloton.com,,Connected fitness equipment
Technogym,Ferrari partner,"Telecom, Media, Electronics & Gaming",2,Life Fitness,lifefitness.com,,Commercial fitness equipment maker
Technogym,Ferrari partner,"Telecom, Media, Electronics & Gaming",3,Precor (Amer Sports),precor.com,,Commercial fitness equipment maker
Technogym,Ferrari partner,"Telecom, Media, Electronics & Gaming",4,Matrix Fitness (Johnson Health Tech),matrixfitness.com,YES,Alpine partner
Technogym,Ferrari partner,"Telecom, Media, Electronics & Gaming",5,Cybex International,cybexintl.com,,Commercial fitness equipment maker
Technogym,Ferrari partner,"Telecom, Media, Electronics & Gaming",6,Nautilus Inc.,nautilus.com,,Fitness equipment maker (Bowflex/Schwinn)
Technogym,Ferrari partner,"Telecom, Media, Electronics & Gaming",7,Concept2,concept2.com,,Rowing/ski erg equipment maker
Technogym,Ferrari partner,"Telecom, Media, Electronics & Gaming",8,Star Trac,startrac.com,,Commercial fitness equipment maker
Technogym,Ferrari partner,"Telecom, Media, Electronics & Gaming",9,True Fitness,truefitness.com,,Commercial fitness equipment maker
Technogym,Ferrari partner,"Telecom, Media, Electronics & Gaming",10,Woodway,woodway.com,,Treadmill manufacturer
Technogym,Ferrari partner,"Telecom, Media, Electronics & Gaming",11,NordicTrack (iFIT),nordictrack.com,,Connected home fitness equipment
Technogym,Ferrari partner,"Telecom, Media, Electronics & Gaming",12,Freemotion Fitness,freemotionfitness.com,,Commercial fitness equipment maker
Technogym,Ferrari partner,"Telecom, Media, Electronics & Gaming",13,Torque Fitness,torquefitness.com,,Functional training equipment maker
Technogym,Ferrari partner,"Telecom, Media, Electronics & Gaming",14,Rogue Fitness,roguefitness.com,,Strength/functional fitness equipment maker
Technogym,Ferrari partner,"Telecom, Media, Electronics & Gaming",15,Eleiko,eleiko.com,,Strength training equipment maker
Technogym,Ferrari partner,"Telecom, Media, Electronics & Gaming",16,Keiser Corporation,keiser.com,,Fitness/indoor cycling equipment maker
Technogym,Ferrari partner,"Telecom, Media, Electronics & Gaming",17,Hammer Strength (Life Fitness),hammerstrength.com,,Strength training equipment brand
TikTok (ByteDance),Aston Martin partner,"Telecom, Media, Electronics & Gaming",1,Instagram Reels (Meta),instagram.com,YES,"Meta, Mercedes partner via WhatsApp"
TikTok (ByteDance),Aston Martin partner,"Telecom, Media, Electronics & Gaming",2,YouTube Shorts (Alphabet),youtube.com,YES,"Alphabet/Google, McLaren partner"
TikTok (ByteDance),Aston Martin partner,"Telecom, Media, Electronics & Gaming",3,Snapchat,snapchat.com,,Short-form social/video app
TikTok (ByteDance),Aston Martin partner,"Telecom, Media, Electronics & Gaming",4,Facebook (Meta),facebook.com,YES,"Meta, Mercedes partner"
TikTok (ByteDance),Aston Martin partner,"Telecom, Media, Electronics & Gaming",5,X (formerly Twitter),x.com,,Social/video platform
TikTok (ByteDance),Aston Martin partner,"Telecom, Media, Electronics & Gaming",6,Pinterest,pinterest.com,,Visual social platform
TikTok (ByteDance),Aston Martin partner,"Telecom, Media, Electronics & Gaming",7,Kuaishou (Kwai),kuaishou.com,,Short-video app (China/global)
TikTok (ByteDance),Aston Martin partner,"Telecom, Media, Electronics & Gaming",8,Triller,triller.co,,Short-video app
TikTok (ByteDance),Aston Martin partner,"Telecom, Media, Electronics & Gaming",9,Reddit,reddit.com,,Social/community platform
TikTok (ByteDance),Aston Martin partner,"Telecom, Media, Electronics & Gaming",10,LinkedIn (Microsoft),linkedin.com,YES,"Microsoft, Mercedes/Alpine partner"
TikTok (ByteDance),Aston Martin partner,"Telecom, Media, Electronics & Gaming",11,WeChat Channels (Tencent),weixin.qq.com,,China short-video feature
TikTok (ByteDance),Aston Martin partner,"Telecom, Media, Electronics & Gaming",12,Twitch (Amazon),twitch.tv,YES,"Amazon, F1 global partner"
TikTok (ByteDance),Aston Martin partner,"Telecom, Media, Electronics & Gaming",13,Clapper,clapperapp.com,,Short-video app
TikTok (ByteDance),Aston Martin partner,"Telecom, Media, Electronics & Gaming",14,Douyin (ByteDance),douyin.com,YES,Sister ByteDance product (China market); Aston Martin partner group
Trak Racer,Alpine partner,"Telecom, Media, Electronics & Gaming",1,Next Level Racing,nextlevelracing.com,,Sim-racing cockpit/rig maker
Trak Racer,Alpine partner,"Telecom, Media, Electronics & Gaming",2,Playseat,playseat.com,,Sim-racing cockpit/rig maker
Trak Racer,Alpine partner,"Telecom, Media, Electronics & Gaming",3,GT Omega Racing,gtomegaracing.com,,Sim-racing cockpit/rig maker
Trak Racer,Alpine partner,"Telecom, Media, Electronics & Gaming",4,Sim-Lab,sim-lab.eu,,Sim-racing rig maker
Trak Racer,Alpine partner,"Telecom, Media, Electronics & Gaming",5,RSeat,rseat.eu,,Sim-racing cockpit maker
Trak Racer,Alpine partner,"Telecom, Media, Electronics & Gaming",6,Obutto,obutto.com,,Sim-racing cockpit maker
Trak Racer,Alpine partner,"Telecom, Media, Electronics & Gaming",7,Fanatec (Corsair),fanatec.com,YES,F1 Sim Racing official sponsor; also sells rigs/bundles
Trak Racer,Alpine partner,"Telecom, Media, Electronics & Gaming",8,Sparco,sparco-official.com,YES,Red Bull Racing/Williams partner; sim-racing seats
Trak Racer,Alpine partner,"Telecom, Media, Electronics & Gaming",9,Cube Controls,cubecontrols.com,,Sim-racing seat/wheel maker
Trak Racer,Alpine partner,"Telecom, Media, Electronics & Gaming",10,VirtuSpeed,virtuspeed.co.uk,,Sim-racing simulator systems
viagogo (StubHub Holdings),Alpine partner,"Telecom, Media, Electronics & Gaming",1,StubHub,stubhub.com,YES,"Sister brand under StubHub Holdings, same parent as viagogo"
viagogo (StubHub Holdings),Alpine partner,"Telecom, Media, Electronics & Gaming",2,Ticketmaster (Live Nation),ticketmaster.com,,Primary/secondary ticketing giant
viagogo (StubHub Holdings),Alpine partner,"Telecom, Media, Electronics & Gaming",3,SeatGeek,seatgeek.com,,Ticketing/resale marketplace
viagogo (StubHub Holdings),Alpine partner,"Telecom, Media, Electronics & Gaming",4,Vivid Seats,vividseats.com,,Ticket resale marketplace
viagogo (StubHub Holdings),Alpine partner,"Telecom, Media, Electronics & Gaming",5,TickPick,tickpick.com,,No-fee ticket resale marketplace
viagogo (StubHub Holdings),Alpine partner,"Telecom, Media, Electronics & Gaming",6,Gametime,gametime.co,,Last-minute ticket resale app
viagogo (StubHub Holdings),Alpine partner,"Telecom, Media, Electronics & Gaming",7,TicketSwap,ticketswap.com,,European ticket resale marketplace
viagogo (StubHub Holdings),Alpine partner,"Telecom, Media, Electronics & Gaming",8,Twickets,twickets.live,,Fan-to-fan ticket resale
viagogo (StubHub Holdings),Alpine partner,"Telecom, Media, Electronics & Gaming",9,AXS (AEG),axs.com,,Ticketing platform with resale marketplace
viagogo (StubHub Holdings),Alpine partner,"Telecom, Media, Electronics & Gaming",10,Fever,feverup.com,YES,F1 official provider (F1 Exhibition)
viagogo (StubHub Holdings),Alpine partner,"Telecom, Media, Electronics & Gaming",11,CTS Eventim,eventim.com,,European ticketing/resale platform
WhatsApp (Meta),Mercedes partner,"Telecom, Media, Electronics & Gaming",1,Telegram,telegram.org,,Messaging app rival
WhatsApp (Meta),Mercedes partner,"Telecom, Media, Electronics & Gaming",2,Signal,signal.org,,Encrypted messaging app
WhatsApp (Meta),Mercedes partner,"Telecom, Media, Electronics & Gaming",3,WeChat (Tencent),wechat.com,,China super-app messaging
WhatsApp (Meta),Mercedes partner,"Telecom, Media, Electronics & Gaming",4,LINE,line.me,,Messaging app (Japan/Asia)
WhatsApp (Meta),Mercedes partner,"Telecom, Media, Electronics & Gaming",5,Viber (Rakuten),viber.com,,Messaging app
WhatsApp (Meta),Mercedes partner,"Telecom, Media, Electronics & Gaming",6,iMessage (Apple),apple.com,,Native messaging app
WhatsApp (Meta),Mercedes partner,"Telecom, Media, Electronics & Gaming",7,Facebook Messenger (Meta),messenger.com,YES,Sister Meta product; Mercedes partner
WhatsApp (Meta),Mercedes partner,"Telecom, Media, Electronics & Gaming",8,KakaoTalk,kakaocorp.com,,South Korea messaging app
WhatsApp (Meta),Mercedes partner,"Telecom, Media, Electronics & Gaming",9,Snapchat,snapchat.com,,Messaging/social app
WhatsApp (Meta),Mercedes partner,"Telecom, Media, Electronics & Gaming",10,Discord,discord.com,,Community messaging app
WhatsApp (Meta),Mercedes partner,"Telecom, Media, Electronics & Gaming",11,Google Messages (RCS),messages.google.com,YES,"Alphabet/Google, McLaren partner"
WhatsApp (Meta),Mercedes partner,"Telecom, Media, Electronics & Gaming",12,Zalo,zalo.me,,Vietnam messaging app
WhatsApp (Meta),Mercedes partner,"Telecom, Media, Electronics & Gaming",13,Threema,threema.ch,,Encrypted messaging app
WhatsApp (Meta),Mercedes partner,"Telecom, Media, Electronics & Gaming",14,Microsoft Teams,microsoft.com,YES,"Microsoft, Mercedes/Alpine partner"
WhatsApp (Meta),Mercedes partner,"Telecom, Media, Electronics & Gaming",15,Skype (Microsoft),skype.com,YES,"Microsoft, Mercedes/Alpine partner"
WhatsApp (Meta),Mercedes partner,"Telecom, Media, Electronics & Gaming",16,Slack (Salesforce),slack.com,YES,"Salesforce, F1 global partner"
Atlas Air,Aston Martin partner,"Travel, Logistics & Property",1,Cargolux,cargolux.com,,Dedicated air cargo carrier rival
Atlas Air,Aston Martin partner,"Travel, Logistics & Property",2,Cathay Cargo,cathaycargo.com,,Air cargo carrier rival
Atlas Air,Aston Martin partner,"Travel, Logistics & Property",3,FedEx Express,fedex.com,,Air cargo/express carrier rival
Atlas Air,Aston Martin partner,"Travel, Logistics & Property",4,UPS Airlines,ups.com,,Air cargo/express carrier rival
Atlas Air,Aston Martin partner,"Travel, Logistics & Property",5,Kalitta Air,kalittaair.com,,ACMI/charter air cargo rival
Atlas Air,Aston Martin partner,"Travel, Logistics & Property",6,AirBridgeCargo (Volga-Dnepr),airbridgecargo.com,,Air cargo carrier rival
Atlas Air,Aston Martin partner,"Travel, Logistics & Property",7,Volga-Dnepr Group,volga-dnepr.com,,Heavy/outsize air cargo rival
Atlas Air,Aston Martin partner,"Travel, Logistics & Property",8,Qatar Airways Cargo,qatarairways.com,YES,F1 global partner; air cargo rival
Atlas Air,Aston Martin partner,"Travel, Logistics & Property",9,Emirates SkyCargo,skycargo.com,,Air cargo carrier rival
Atlas Air,Aston Martin partner,"Travel, Logistics & Property",10,Lufthansa Cargo,lufthansa-cargo.com,,Air cargo carrier rival
Atlas Air,Aston Martin partner,"Travel, Logistics & Property",11,Singapore Airlines Cargo,siacargo.com,YES,Singapore GP title; air cargo rival
Atlas Air,Aston Martin partner,"Travel, Logistics & Property",12,Etihad Cargo,etihadcargo.com,YES,Abu Dhabi GP title; air cargo rival
Atlas Air,Aston Martin partner,"Travel, Logistics & Property",13,DHL Aviation,dhl.com,YES,F1 global partner; air cargo/ACMI rival
Atlas Air,Aston Martin partner,"Travel, Logistics & Property",14,Air Transport International (ATSG),atsginc.com,,ACMI air cargo carrier rival
Atlas Air,Aston Martin partner,"Travel, Logistics & Property",15,Amerijet International,amerijet.com,,Air cargo carrier rival
CEVA Logistics (CMA CGM),Ferrari logistics partner,"Travel, Logistics & Property",1,DHL Supply Chain,dhl.com,YES,F1 global partner; 3PL rival
CEVA Logistics (CMA CGM),Ferrari logistics partner,"Travel, Logistics & Property",2,DP World,dpworld.com,YES,McLaren partner; ports/supply chain rival
CEVA Logistics (CMA CGM),Ferrari logistics partner,"Travel, Logistics & Property",3,Kuehne+Nagel,kuehne-nagel.com,,Freight forwarding/3PL rival
CEVA Logistics (CMA CGM),Ferrari logistics partner,"Travel, Logistics & Property",4,DSV,dsv.com,,Global freight forwarder rival
CEVA Logistics (CMA CGM),Ferrari logistics partner,"Travel, Logistics & Property",5,DB Schenker,dbschenker.com,,Freight forwarding/logistics rival
CEVA Logistics (CMA CGM),Ferrari logistics partner,"Travel, Logistics & Property",6,GXO Logistics,gxo.com,,Contract logistics/3PL rival
CEVA Logistics (CMA CGM),Ferrari logistics partner,"Travel, Logistics & Property",7,XPO Logistics,xpo.com,,North American freight/3PL rival
CEVA Logistics (CMA CGM),Ferrari logistics partner,"Travel, Logistics & Property",8,Bollore Logistics,bollore-logistics.com,,Global freight forwarder rival
CEVA Logistics (CMA CGM),Ferrari logistics partner,"Travel, Logistics & Property",9,Agility Logistics,agility.com,,Global logistics/supply chain rival
CEVA Logistics (CMA CGM),Ferrari logistics partner,"Travel, Logistics & Property",10,Nippon Express,nipponexpress.com,,Japanese global logistics rival
CEVA Logistics (CMA CGM),Ferrari logistics partner,"Travel, Logistics & Property",11,Yusen Logistics,yusen-logistics.com,,NYK freight forwarding rival
CEVA Logistics (CMA CGM),Ferrari logistics partner,"Travel, Logistics & Property",12,Expeditors International,expeditors.com,,Global freight forwarding rival
CEVA Logistics (CMA CGM),Ferrari logistics partner,"Travel, Logistics & Property",13,C.H. Robinson,chrobinson.com,,Freight brokerage/3PL rival
CEVA Logistics (CMA CGM),Ferrari logistics partner,"Travel, Logistics & Property",14,GEODIS,geodis.com,,SNCF-owned global logistics rival
CEVA Logistics (CMA CGM),Ferrari logistics partner,"Travel, Logistics & Property",15,Hellmann Worldwide Logistics,hellmann.com,,Global freight forwarder rival
CEVA Logistics (CMA CGM),Ferrari logistics partner,"Travel, Logistics & Property",16,Sinotrans,sinotrans.com,,China state logistics group
CEVA Logistics (CMA CGM),Ferrari logistics partner,"Travel, Logistics & Property",17,Ryder Supply Chain Solutions,ryder.com,,Supply chain/fleet logistics rival
DAMAC Properties,Red Bull Racing partner,"Travel, Logistics & Property",1,Emaar Properties,emaar.com,,Dubai's largest developer
DAMAC Properties,Red Bull Racing partner,"Travel, Logistics & Property",2,Nakheel,nakheel.com,,Dubai master-developer (Palm Jumeirah)
DAMAC Properties,Red Bull Racing partner,"Travel, Logistics & Property",3,Meraas,meraas.com,,Dubai lifestyle real estate developer
DAMAC Properties,Red Bull Racing partner,"Travel, Logistics & Property",4,Aldar Properties,aldar.com,,Abu Dhabi's largest developer
DAMAC Properties,Red Bull Racing partner,"Travel, Logistics & Property",5,Sobha Realty,sobharealty.com,,Dubai luxury real estate developer
DAMAC Properties,Red Bull Racing partner,"Travel, Logistics & Property",6,Dubai Properties,dp.ae,,Dubai master developer
DAMAC Properties,Red Bull Racing partner,"Travel, Logistics & Property",7,Azizi Developments,azizidevelopments.com,,Dubai residential developer
DAMAC Properties,Red Bull Racing partner,"Travel, Logistics & Property",8,Danube Properties,danubeproperties.ae,,Dubai residential developer
DAMAC Properties,Red Bull Racing partner,"Travel, Logistics & Property",9,Deyaar Development,deyaar.ae,,Dubai real estate developer
DAMAC Properties,Red Bull Racing partner,"Travel, Logistics & Property",10,Ellington Properties,ellingtonproperties.ae,,Dubai boutique luxury developer
DAMAC Properties,Red Bull Racing partner,"Travel, Logistics & Property",11,Binghatti Developers,binghatti.com,,Dubai luxury residential developer
DAMAC Properties,Red Bull Racing partner,"Travel, Logistics & Property",12,Select Group,selectgroup.ae,,Dubai luxury real estate developer
DAMAC Properties,Red Bull Racing partner,"Travel, Logistics & Property",13,Omniyat,omniyat.com,,Dubai ultra-luxury developer
DAMAC Properties,Red Bull Racing partner,"Travel, Logistics & Property",14,MAG Property Development,mag.ae,,Dubai real estate developer
DAMAC Properties,Red Bull Racing partner,"Travel, Logistics & Property",15,Wasl Asset Management,wasl.ae,,Dubai government-linked developer
DHL,F1 global partner (official logistics),"Travel, Logistics & Property",1,FedEx,fedex.com,,Global express/courier rival
DHL,F1 global partner (official logistics),"Travel, Logistics & Property",2,UPS,ups.com,,Global express/courier rival
DHL,F1 global partner (official logistics),"Travel, Logistics & Property",3,TNT,tnt.com,,Now part of FedEx Europe network
DHL,F1 global partner (official logistics),"Travel, Logistics & Property",4,DPD,dpd.com,,Geopost/La Poste parcel network
DHL,F1 global partner (official logistics),"Travel, Logistics & Property",5,GXO Logistics,gxo.com,,Contract logistics/3PL
DHL,F1 global partner (official logistics),"Travel, Logistics & Property",6,Kuehne+Nagel,kuehne-nagel.com,,Freight forwarding/3PL
DHL,F1 global partner (official logistics),"Travel, Logistics & Property",7,DSV,dsv.com,,Global freight forwarder
DHL,F1 global partner (official logistics),"Travel, Logistics & Property",8,DB Schenker,dbschenker.com,,Freight forwarding/logistics
DHL,F1 global partner (official logistics),"Travel, Logistics & Property",9,CEVA Logistics,cevalogistics.com,YES,Ferrari logistics partner; 3PL rival
DHL,F1 global partner (official logistics),"Travel, Logistics & Property",10,XPO Logistics,xpo.com,,North American LTL/freight
DHL,F1 global partner (official logistics),"Travel, Logistics & Property",11,Maersk,maersk.com,,Integrated logistics/ocean freight
DHL,F1 global partner (official logistics),"Travel, Logistics & Property",12,CMA CGM Logistics,cma-cgm.com,,Shipping/logistics group (owns CEVA)
DHL,F1 global partner (official logistics),"Travel, Logistics & Property",13,Bollore Logistics,bollore-logistics.com,,Global freight forwarder
DHL,F1 global partner (official logistics),"Travel, Logistics & Property",14,Agility Logistics,agility.com,,Global logistics/supply chain
DHL,F1 global partner (official logistics),"Travel, Logistics & Property",15,Nippon Express,nipponexpress.com,,Japanese global logistics
DHL,F1 global partner (official logistics),"Travel, Logistics & Property",16,Yusen Logistics,yusen-logistics.com,,NYK freight forwarding arm
DHL,F1 global partner (official logistics),"Travel, Logistics & Property",17,SF Express,sf-express.com,,China express/logistics giant
DHL,F1 global partner (official logistics),"Travel, Logistics & Property",18,Aramex,aramex.com,,Middle East express/logistics
DHL,F1 global partner (official logistics),"Travel, Logistics & Property",19,Hellmann Worldwide Logistics,hellmann.com,,Global freight forwarder
DHL,F1 global partner (official logistics),"Travel, Logistics & Property",20,GEODIS,geodis.com,,SNCF-owned global logistics
DHL,F1 global partner (official logistics),"Travel, Logistics & Property",21,J.B. Hunt,jbhunt.com,,North American trucking/logistics
DHL,F1 global partner (official logistics),"Travel, Logistics & Property",22,C.H. Robinson,chrobinson.com,,Freight brokerage/3PL
DHL,F1 global partner (official logistics),"Travel, Logistics & Property",23,Ryder System,ryder.com,,Supply chain/fleet logistics
DHL,F1 global partner (official logistics),"Travel, Logistics & Property",24,Expeditors International,expeditors.com,,Global freight forwarding
DHL,F1 global partner (official logistics),"Travel, Logistics & Property",25,DP World,dpworld.com,YES,McLaren logistics partner; ports & supply chain
DHL,F1 global partner (official logistics),"Travel, Logistics & Property",26,Royal Mail / GLS,royalmailgroup.com,,UK postal/parcel network
DHL,F1 global partner (official logistics),"Travel, Logistics & Property",27,Blue Dart,bluedart.com,,DHL-affiliated South Asia courier
DHL,F1 global partner (official logistics),"Travel, Logistics & Property",28,Sinotrans,sinotrans.com,,China state logistics group
DHL,F1 global partner (official logistics),"Travel, Logistics & Property",29,Old Dominion Freight Line,odfl.com,,US LTL trucking
DP World,McLaren logistics partner,"Travel, Logistics & Property",1,PSA International,singaporepsa.com,,Global port terminal operator rival
DP World,McLaren logistics partner,"Travel, Logistics & Property",2,APM Terminals (Maersk),apmterminals.com,,Global port terminal operator rival
DP World,McLaren logistics partner,"Travel, Logistics & Property",3,Hutchison Ports,hutchisonports.com,,Global port terminal operator rival
DP World,McLaren logistics partner,"Travel, Logistics & Property",4,COSCO Shipping Ports,cosconshipping.com,,Global port terminal operator rival
DP World,McLaren logistics partner,"Travel, Logistics & Property",5,China Merchants Port Holdings,cmport.com.hk,,Global port terminal operator rival
DP World,McLaren logistics partner,"Travel, Logistics & Property",6,Adani Ports,adaniports.com,,India port & logistics operator rival
DP World,McLaren logistics partner,"Travel, Logistics & Property",7,Eurogate,eurogate.de,,European container terminal operator
DP World,McLaren logistics partner,"Travel, Logistics & Property",8,ICTSI,ictsi.com,,Global container terminal operator rival
DP World,McLaren logistics partner,"Travel, Logistics & Property",9,Abu Dhabi Ports,adports.ae,,Regional ports/logistics group rival
DP World,McLaren logistics partner,"Travel, Logistics & Property",10,SSA Marine,ssamarine.com,,North American terminal operator rival
DP World,McLaren logistics partner,"Travel, Logistics & Property",11,Ports America,portsamerica.com,,North American terminal operator rival
DP World,McLaren logistics partner,"Travel, Logistics & Property",12,CEVA Logistics,cevalogistics.com,YES,Ferrari partner; overlapping supply-chain logistics
Etihad Airways,Abu Dhabi GP title sponsor; McLaren official airline partner (from 2026),"Travel, Logistics & Property",1,Qatar Airways,qatarairways.com,YES,F1 global partner; Gulf premium rival
Etihad Airways,Abu Dhabi GP title sponsor; McLaren official airline partner (from 2026),"Travel, Logistics & Property",2,Emirates,emirates.com,,Dubai flagship Gulf carrier
Etihad Airways,Abu Dhabi GP title sponsor; McLaren official airline partner (from 2026),"Travel, Logistics & Property",3,Singapore Airlines,singaporeair.com,YES,Singapore GP title; premium long-haul rival
Etihad Airways,Abu Dhabi GP title sponsor; McLaren official airline partner (from 2026),"Travel, Logistics & Property",4,Gulf Air,gulfair.com,YES,Bahrain GP title; Gulf regional rival
Etihad Airways,Abu Dhabi GP title sponsor; McLaren official airline partner (from 2026),"Travel, Logistics & Property",5,Turkish Airlines,turkishairlines.com,,Global hub carrier
Etihad Airways,Abu Dhabi GP title sponsor; McLaren official airline partner (from 2026),"Travel, Logistics & Property",6,Saudia,saudia.com,,Gulf regional flag carrier
Etihad Airways,Abu Dhabi GP title sponsor; McLaren official airline partner (from 2026),"Travel, Logistics & Property",7,Oman Air,omanair.com,,Gulf regional flag carrier
Etihad Airways,Abu Dhabi GP title sponsor; McLaren official airline partner (from 2026),"Travel, Logistics & Property",8,flydubai,flydubai.com,,Dubai low-cost/hybrid carrier
Etihad Airways,Abu Dhabi GP title sponsor; McLaren official airline partner (from 2026),"Travel, Logistics & Property",9,Cathay Pacific,cathaypacific.com,,Premium Asian long-haul rival
Etihad Airways,Abu Dhabi GP title sponsor; McLaren official airline partner (from 2026),"Travel, Logistics & Property",10,ANA (All Nippon Airways),ana.co.jp,,Premium Japanese carrier
Etihad Airways,Abu Dhabi GP title sponsor; McLaren official airline partner (from 2026),"Travel, Logistics & Property",11,Japan Airlines,jal.com,,Premium Japanese carrier
Etihad Airways,Abu Dhabi GP title sponsor; McLaren official airline partner (from 2026),"Travel, Logistics & Property",12,Lufthansa,lufthansa.com,,European flag carrier
Etihad Airways,Abu Dhabi GP title sponsor; McLaren official airline partner (from 2026),"Travel, Logistics & Property",13,British Airways,britishairways.com,,European flag carrier
Etihad Airways,Abu Dhabi GP title sponsor; McLaren official airline partner (from 2026),"Travel, Logistics & Property",14,Air France,airfrance.com,,European flag carrier
Etihad Airways,Abu Dhabi GP title sponsor; McLaren official airline partner (from 2026),"Travel, Logistics & Property",15,KLM,klm.com,,European flag carrier
Etihad Airways,Abu Dhabi GP title sponsor; McLaren official airline partner (from 2026),"Travel, Logistics & Property",16,Swiss International Air Lines,swiss.com,,European premium carrier
Etihad Airways,Abu Dhabi GP title sponsor; McLaren official airline partner (from 2026),"Travel, Logistics & Property",17,Qantas,qantas.com,,Australian flag carrier
Etihad Airways,Abu Dhabi GP title sponsor; McLaren official airline partner (from 2026),"Travel, Logistics & Property",18,Korean Air,koreanair.com,,Premium Asian long-haul carrier
Etihad Airways,Abu Dhabi GP title sponsor; McLaren official airline partner (from 2026),"Travel, Logistics & Property",19,Kuwait Airways,kuwaitairways.com,,Gulf regional flag carrier
Etihad Airways,Abu Dhabi GP title sponsor; McLaren official airline partner (from 2026),"Travel, Logistics & Property",20,Royal Jordanian,rj.com,,Middle East flag carrier
Etihad Airways,Abu Dhabi GP title sponsor; McLaren official airline partner (from 2026),"Travel, Logistics & Property",21,Virgin Atlantic,virginatlantic.com,,UK long-haul carrier
Etihad Airways,Abu Dhabi GP title sponsor; McLaren official airline partner (from 2026),"Travel, Logistics & Property",22,Delta Air Lines,delta.com,,US global network carrier
Eurodatacar,Alpine partner,"Travel, Logistics & Property",1,LoJack,lojack.com,,Vehicle recovery/anti-theft data rival
Eurodatacar,Alpine partner,"Travel, Logistics & Property",2,CalAmp,calamp.com,,Fleet/vehicle telematics rival
Eurodatacar,Alpine partner,"Travel, Logistics & Property",3,Spireon,spireon.com,,Fleet/vehicle tracking data rival
Eurodatacar,Alpine partner,"Travel, Logistics & Property",4,Verizon Connect,verizonconnect.com,,Fleet telematics rival
Eurodatacar,Alpine partner,"Travel, Logistics & Property",5,Geotab,geotab.com,,Fleet telematics/vehicle data rival
Eurodatacar,Alpine partner,"Travel, Logistics & Property",6,Teletrac Navman,teletracnavman.com,,Fleet telematics rival
Eurodatacar,Alpine partner,"Travel, Logistics & Property",7,Samsara,samsara.com,,Connected fleet/vehicle data rival
Fix Network,Haas partner,"Travel, Logistics & Property",1,Gerber Collision & Glass,gerbercollision.com,,Collision repair franchise network rival
Fix Network,Haas partner,"Travel, Logistics & Property",2,Caliber Collision,caliber.com,,Collision repair network rival
Fix Network,Haas partner,"Travel, Logistics & Property",3,CARSTAR,carstar.com,,Collision repair franchise rival (also Boyd Group)
Fix Network,Haas partner,"Travel, Logistics & Property",4,Crash Champions,crashchampions.com,,Collision repair network rival
Fix Network,Haas partner,"Travel, Logistics & Property",5,ABRA Auto Body & Glass,abraauto.com,,Collision repair network rival
Fix Network,Haas partner,"Travel, Logistics & Property",6,Maaco,maaco.com,,Auto body/paint franchise rival
Fix Network,Haas partner,"Travel, Logistics & Property",7,Christian Brothers Automotive,cbac.com,,Auto repair franchise network rival
Fix Network,Haas partner,"Travel, Logistics & Property",8,Midas,midas.com,,Auto service franchise network rival
Fix Network,Haas partner,"Travel, Logistics & Property",9,Meineke,meineke.com,,Auto service franchise network rival
Flexjet,F1 official provider (private aviation),"Travel, Logistics & Property",1,NetJets,netjets.com,,Largest fractional/private jet operator
Flexjet,F1 official provider (private aviation),"Travel, Logistics & Property",2,VistaJet,vistajet.com,YES,Ferrari partner; on-demand global charter rival
Flexjet,F1 official provider (private aviation),"Travel, Logistics & Property",3,Wheels Up,wheelsup.com,,US membership/charter private aviation
Flexjet,F1 official provider (private aviation),"Travel, Logistics & Property",4,XO,flyxo.com,,On-demand private jet booking
Flexjet,F1 official provider (private aviation),"Travel, Logistics & Property",5,ONEflight,oneflight.com,YES,McLaren partner; private aviation rival
Flexjet,F1 official provider (private aviation),"Travel, Logistics & Property",6,Solairus Aviation,solairus.aero,,Private aircraft management/charter
Flexjet,F1 official provider (private aviation),"Travel, Logistics & Property",7,PlaneSense,planesense.com,,Fractional ownership program
Flexjet,F1 official provider (private aviation),"Travel, Logistics & Property",8,Airshare,airshare.com,,Fractional/jet card operator
Flexjet,F1 official provider (private aviation),"Travel, Logistics & Property",9,Jet Linx,jetlinx.com,,Private jet membership operator
Flexjet,F1 official provider (private aviation),"Travel, Logistics & Property",10,Sentient Jet,sentient.com,,Jet card program
Flexjet,F1 official provider (private aviation),"Travel, Logistics & Property",11,flyExclusive,flyexclusive.com,,Jet card/charter operator
Flexjet,F1 official provider (private aviation),"Travel, Logistics & Property",12,Global Jet Capital,globaljetcapital.com,,Business aviation financing/leasing
Flexjet,F1 official provider (private aviation),"Travel, Logistics & Property",13,Nicholas Air,nicholasair.com,,Fractional/jet card operator
Flexjet,F1 official provider (private aviation),"Travel, Logistics & Property",14,Delta Private Jets,delta.com,,Airline-affiliated charter operator
Flexjet,F1 official provider (private aviation),"Travel, Logistics & Property",15,Clay Lacy Aviation,claylacy.com,,Private aviation management/charter
Flexjet,F1 official provider (private aviation),"Travel, Logistics & Property",16,Luxaviation,luxaviation.com,,European business aviation group
Gulf Air,Bahrain GP title sponsor (2026 race cancelled but partnership active),"Travel, Logistics & Property",1,Qatar Airways,qatarairways.com,YES,F1 global partner; Gulf premium rival
Gulf Air,Bahrain GP title sponsor (2026 race cancelled but partnership active),"Travel, Logistics & Property",2,Etihad Airways,etihad.com,YES,Abu Dhabi GP title; Gulf carrier rival
Gulf Air,Bahrain GP title sponsor (2026 race cancelled but partnership active),"Travel, Logistics & Property",3,Emirates,emirates.com,,Dubai flagship Gulf carrier
Gulf Air,Bahrain GP title sponsor (2026 race cancelled but partnership active),"Travel, Logistics & Property",4,Saudia,saudia.com,,Gulf regional flag carrier
Gulf Air,Bahrain GP title sponsor (2026 race cancelled but partnership active),"Travel, Logistics & Property",5,Oman Air,omanair.com,,Gulf regional flag carrier
Gulf Air,Bahrain GP title sponsor (2026 race cancelled but partnership active),"Travel, Logistics & Property",6,Kuwait Airways,kuwaitairways.com,,Gulf regional flag carrier
Gulf Air,Bahrain GP title sponsor (2026 race cancelled but partnership active),"Travel, Logistics & Property",7,Royal Jordanian,rj.com,,Middle East flag carrier
Gulf Air,Bahrain GP title sponsor (2026 race cancelled but partnership active),"Travel, Logistics & Property",8,Middle East Airlines,mea.com.lb,,Lebanese flag carrier
Gulf Air,Bahrain GP title sponsor (2026 race cancelled but partnership active),"Travel, Logistics & Property",9,flydubai,flydubai.com,,Dubai low-cost/hybrid carrier
Gulf Air,Bahrain GP title sponsor (2026 race cancelled but partnership active),"Travel, Logistics & Property",10,Air Arabia,airarabia.com,,Gulf low-cost carrier
Gulf Air,Bahrain GP title sponsor (2026 race cancelled but partnership active),"Travel, Logistics & Property",11,EgyptAir,egyptair.com,,Regional flag carrier
Gulf Air,Bahrain GP title sponsor (2026 race cancelled but partnership active),"Travel, Logistics & Property",12,Turkish Airlines,turkishairlines.com,,Regional hub carrier
Gulf Air,Bahrain GP title sponsor (2026 race cancelled but partnership active),"Travel, Logistics & Property",13,Singapore Airlines,singaporeair.com,YES,Singapore GP title; premium long-haul rival
Gulf Air,Bahrain GP title sponsor (2026 race cancelled but partnership active),"Travel, Logistics & Property",14,British Airways,britishairways.com,,Long-haul network rival
Gulf Air,Bahrain GP title sponsor (2026 race cancelled but partnership active),"Travel, Logistics & Property",15,Lufthansa,lufthansa.com,,Long-haul network rival
Hahnair,Racing Bulls partner,"Travel, Logistics & Property",1,dohop,dohop.com,,Airline interline/self-connect ticketing rival
Hahnair,Racing Bulls partner,"Travel, Logistics & Property",2,Mundi (Air Black Box),mundi.pt,,Airline ticketing consolidator rival
Hahnair,Racing Bulls partner,"Travel, Logistics & Property",3,Kiwi.com (B2B/Tequila),kiwi.com,,Virtual interlining/ticketing platform rival
Hahnair,Racing Bulls partner,"Travel, Logistics & Property",4,Amadeus,amadeus.com,,GDS/travel distribution technology rival
Hahnair,Racing Bulls partner,"Travel, Logistics & Property",5,Sabre,sabre.com,,GDS/travel distribution technology rival
Hahnair,Racing Bulls partner,"Travel, Logistics & Property",6,Travelport,travelport.com,,GDS/travel distribution technology rival
Hard Rock International,Red Bull Racing partner,"Travel, Logistics & Property",1,MGM Resorts International,mgmresorts.com,YES,Haas partner; casino/resort rival
Hard Rock International,Red Bull Racing partner,"Travel, Logistics & Property",2,Caesars Entertainment,caesars.com,,Casino/resort/entertainment rival
Hard Rock International,Red Bull Racing partner,"Travel, Logistics & Property",3,Wynn Resorts,wynnresorts.com,,Luxury casino/resort rival
Hard Rock International,Red Bull Racing partner,"Travel, Logistics & Property",4,Las Vegas Sands / The Venetian Resort,venetianlasvegas.com,YES,Alpine partner; casino/resort rival
Hard Rock International,Red Bull Racing partner,"Travel, Logistics & Property",5,Boyd Gaming,boydgaming.com,,US regional casino/resort operator
Hard Rock International,Red Bull Racing partner,"Travel, Logistics & Property",6,Penn Entertainment,pennentertainment.com,,US regional casino/entertainment operator
Hard Rock International,Red Bull Racing partner,"Travel, Logistics & Property",7,Station Casinos,stationcasinos.com,,Las Vegas locals casino operator
Hard Rock International,Red Bull Racing partner,"Travel, Logistics & Property",8,Genting Group / Resorts World Las Vegas,rwlasvegas.com,,Casino/resort/entertainment rival
Hard Rock International,Red Bull Racing partner,"Travel, Logistics & Property",9,Atlantis Paradise Island,atlantisbahamas.com,,Resort/casino/entertainment rival
Hard Rock International,Red Bull Racing partner,"Travel, Logistics & Property",10,Sun International,suninternational.com,,Casino/resort group (Africa)
Hard Rock International,Red Bull Racing partner,"Travel, Logistics & Property",11,Melco Resorts,melco-resorts.com,,Macau/Asia casino resort operator
Hard Rock International,Red Bull Racing partner,"Travel, Logistics & Property",12,Galaxy Entertainment,galaxyentertainment.com,,Macau casino resort operator
Hard Rock International,Red Bull Racing partner,"Travel, Logistics & Property",13,Margaritaville Holdings,margaritaville.com,,Hospitality/entertainment brand rival
Hard Rock International,Red Bull Racing partner,"Travel, Logistics & Property",14,House of Blues (Live Nation),houseofblues.com,,Music/entertainment venue brand rival
Hilton,McLaren partner,"Travel, Logistics & Property",1,Marriott Bonvoy,marriott.com,YES,Mercedes partner; hotel loyalty/group rival
Hilton,McLaren partner,"Travel, Logistics & Property",2,World of Hyatt,hyatt.com,YES,Audi F1 partner; hotel loyalty/group rival
Hilton,McLaren partner,"Travel, Logistics & Property",3,IHG Hotels & Resorts,ihg.com,,Global hotel group rival
Hilton,McLaren partner,"Travel, Logistics & Property",4,Wyndham Rewards,wyndhamhotels.com,,Global hotel group rival
Hilton,McLaren partner,"Travel, Logistics & Property",5,Accor Live Limitless (ALL),accor.com,,Global hotel group rival
Hilton,McLaren partner,"Travel, Logistics & Property",6,Choice Hotels,choicehotels.com,,Global hotel group rival
Hilton,McLaren partner,"Travel, Logistics & Property",7,Best Western,bestwestern.com,,Global hotel group rival
Hilton,McLaren partner,"Travel, Logistics & Property",8,Radisson Rewards,radissonhotels.com,,Global hotel group rival
Hilton,McLaren partner,"Travel, Logistics & Property",9,Four Seasons Hotels and Resorts,fourseasons.com,,Luxury hotel group rival
Hilton,McLaren partner,"Travel, Logistics & Property",10,MGM Resorts International,mgmresorts.com,YES,Haas partner; hospitality/loyalty rival
Hilton,McLaren partner,"Travel, Logistics & Property",11,Las Vegas Sands / The Venetian Resort,venetianlasvegas.com,YES,Alpine partner; resort hospitality rival
Hilton,McLaren partner,"Travel, Logistics & Property",12,Hard Rock Hotels,hardrock.com,YES,Red Bull Racing partner; hotel/resort rival
Hilton,McLaren partner,"Travel, Logistics & Property",13,Shangri-La Hotels and Resorts,shangri-la.com,,Luxury hotel group rival
Hilton,McLaren partner,"Travel, Logistics & Property",14,Mandarin Oriental,mandarinoriental.com,,Luxury hotel group rival
Hilton,McLaren partner,"Travel, Logistics & Property",15,Rosewood Hotels,rosewoodhotels.com,,Luxury hotel group rival
Hilton,McLaren partner,"Travel, Logistics & Property",16,Millennium Hotels,millenniumhotels.com,,Global hotel group rival
Iron Mountain,McLaren partner,"Travel, Logistics & Property",1,Access Corp (Access Information Management),accesscorp.com,,Records management rival
Iron Mountain,McLaren partner,"Travel, Logistics & Property",2,Crown Records Management,crownrms.com,,Records management rival
Iron Mountain,McLaren partner,"Travel, Logistics & Property",3,Cintas Document Management,cintas.com,,Records/shredding services rival
Iron Mountain,McLaren partner,"Travel, Logistics & Property",4,Shred-it (Stericycle),shredit.com,,Secure destruction services rival
Iron Mountain,McLaren partner,"Travel, Logistics & Property",5,GRM Information Management,grmdocumentmanagement.com,,Records management rival
Iron Mountain,McLaren partner,"Travel, Logistics & Property",6,Vital Records Control,vitalrecordscontrol.com,,Records management rival
Iron Mountain,McLaren partner,"Travel, Logistics & Property",7,OpenText,opentext.com,,Digital information/records management rival
Iron Mountain,McLaren partner,"Travel, Logistics & Property",8,Digital Realty,digitalrealty.com,,Data center/storage infrastructure adjacent
Iron Mountain,McLaren partner,"Travel, Logistics & Property",9,Equinix,equinix.com,,Data center/storage infrastructure adjacent
Iron Mountain,McLaren partner,"Travel, Logistics & Property",10,DataSpace Europe,dataspace.com,,Records/data storage rival
LVCVA (Las Vegas Convention and Visitors Authority),F1 official partner,"Travel, Logistics & Property",1,Visit Qatar,visitqatar.com,YES,Audi F1 partner; rival F1-host DMO
LVCVA (Las Vegas Convention and Visitors Authority),F1 official partner,"Travel, Logistics & Property",2,Visit Orlando,visitorlando.com,,US destination marketing org
LVCVA (Las Vegas Convention and Visitors Authority),F1 official partner,"Travel, Logistics & Property",3,NYC Tourism + Conventions,nycgo.com,,US destination marketing org
LVCVA (Las Vegas Convention and Visitors Authority),F1 official partner,"Travel, Logistics & Property",4,Visit California,visitcalifornia.com,,State tourism board
LVCVA (Las Vegas Convention and Visitors Authority),F1 official partner,"Travel, Logistics & Property",5,Visit Florida,visitflorida.com,,State tourism board
LVCVA (Las Vegas Convention and Visitors Authority),F1 official partner,"Travel, Logistics & Property",6,Greater Miami CVB,miamiandbeaches.com,,US destination marketing org
LVCVA (Las Vegas Convention and Visitors Authority),F1 official partner,"Travel, Logistics & Property",7,Choose Chicago,choosechicago.com,,US destination marketing org
LVCVA (Las Vegas Convention and Visitors Authority),F1 official partner,"Travel, Logistics & Property",8,Dubai Tourism,visitdubai.com,,Rival mega-event host DMO
LVCVA (Las Vegas Convention and Visitors Authority),F1 official partner,"Travel, Logistics & Property",9,Abu Dhabi Convention & Visitors Bureau,visitabudhabi.ae,,Rival F1-host DMO
LVCVA (Las Vegas Convention and Visitors Authority),F1 official partner,"Travel, Logistics & Property",10,VisitBritain,visitbritain.com,,National tourism board
LVCVA (Las Vegas Convention and Visitors Authority),F1 official partner,"Travel, Logistics & Property",11,Atout France,france.fr,,National tourism board
LVCVA (Las Vegas Convention and Visitors Authority),F1 official partner,"Travel, Logistics & Property",12,Singapore Tourism Board,stb.gov.sg,,Rival F1-host national tourism board
LVCVA (Las Vegas Convention and Visitors Authority),F1 official partner,"Travel, Logistics & Property",13,Discover Puerto Rico,discoverpuertorico.com,,Destination marketing org
LVCVA (Las Vegas Convention and Visitors Authority),F1 official partner,"Travel, Logistics & Property",14,Visit Phoenix,visitphoenix.com,,US destination marketing org
LVCVA (Las Vegas Convention and Visitors Authority),F1 official partner,"Travel, Logistics & Property",15,Destination DC,washington.org,,US destination marketing org
LVCVA (Las Vegas Convention and Visitors Authority),F1 official partner,"Travel, Logistics & Property",16,Discover Los Angeles,discoverlosangeles.com,,US destination marketing org
Marriott Bonvoy (Marriott International),Mercedes partner,"Travel, Logistics & Property",1,Hilton Honors,hilton.com,YES,McLaren partner; hotel loyalty/group rival
Marriott Bonvoy (Marriott International),Mercedes partner,"Travel, Logistics & Property",2,World of Hyatt,hyatt.com,YES,Audi F1 partner; hotel loyalty/group rival
Marriott Bonvoy (Marriott International),Mercedes partner,"Travel, Logistics & Property",3,IHG Hotels & Resorts,ihg.com,,Global hotel group rival
Marriott Bonvoy (Marriott International),Mercedes partner,"Travel, Logistics & Property",4,Wyndham Rewards,wyndhamhotels.com,,Global hotel group rival
Marriott Bonvoy (Marriott International),Mercedes partner,"Travel, Logistics & Property",5,Accor Live Limitless (ALL),accor.com,,Global hotel group rival
Marriott Bonvoy (Marriott International),Mercedes partner,"Travel, Logistics & Property",6,Choice Hotels,choicehotels.com,,Global hotel group rival
Marriott Bonvoy (Marriott International),Mercedes partner,"Travel, Logistics & Property",7,Best Western,bestwestern.com,,Global hotel group rival
Marriott Bonvoy (Marriott International),Mercedes partner,"Travel, Logistics & Property",8,Radisson Rewards,radissonhotels.com,,Global hotel group rival
Marriott Bonvoy (Marriott International),Mercedes partner,"Travel, Logistics & Property",9,Four Seasons Hotels and Resorts,fourseasons.com,,Luxury hotel group rival
Marriott Bonvoy (Marriott International),Mercedes partner,"Travel, Logistics & Property",10,MGM Resorts International,mgmresorts.com,YES,Haas partner; hospitality/loyalty rival
Marriott Bonvoy (Marriott International),Mercedes partner,"Travel, Logistics & Property",11,Las Vegas Sands / The Venetian Resort,venetianlasvegas.com,YES,Alpine partner; resort hospitality rival
Marriott Bonvoy (Marriott International),Mercedes partner,"Travel, Logistics & Property",12,Hard Rock Hotels,hardrock.com,YES,Red Bull Racing partner; hotel/resort rival
Marriott Bonvoy (Marriott International),Mercedes partner,"Travel, Logistics & Property",13,Shangri-La Hotels and Resorts,shangri-la.com,,Luxury hotel group rival
Marriott Bonvoy (Marriott International),Mercedes partner,"Travel, Logistics & Property",14,Mandarin Oriental,mandarinoriental.com,,Luxury hotel group rival
Marriott Bonvoy (Marriott International),Mercedes partner,"Travel, Logistics & Property",15,Rosewood Hotels,rosewoodhotels.com,,Luxury hotel group rival
Marriott Bonvoy (Marriott International),Mercedes partner,"Travel, Logistics & Property",16,Millennium Hotels,millenniumhotels.com,,Global hotel group rival
MGM Rewards (MGM Resorts),Haas partner,"Travel, Logistics & Property",1,Caesars Entertainment,caesars.com,,Casino/resort/entertainment rival
MGM Rewards (MGM Resorts),Haas partner,"Travel, Logistics & Property",2,Wynn Resorts,wynnresorts.com,,Luxury casino/resort rival
MGM Rewards (MGM Resorts),Haas partner,"Travel, Logistics & Property",3,Las Vegas Sands / The Venetian Resort,venetianlasvegas.com,YES,Alpine partner; casino/resort rival
MGM Rewards (MGM Resorts),Haas partner,"Travel, Logistics & Property",4,Hard Rock International,hardrock.com,YES,Red Bull Racing partner; casino/resort rival
MGM Rewards (MGM Resorts),Haas partner,"Travel, Logistics & Property",5,Boyd Gaming,boydgaming.com,,US regional casino/resort operator rival
MGM Rewards (MGM Resorts),Haas partner,"Travel, Logistics & Property",6,Station Casinos,stationcasinos.com,,Las Vegas locals casino rival
MGM Rewards (MGM Resorts),Haas partner,"Travel, Logistics & Property",7,Resorts World Las Vegas (Genting),rwlasvegas.com,,Las Vegas Strip resort rival
MGM Rewards (MGM Resorts),Haas partner,"Travel, Logistics & Property",8,Fontainebleau Las Vegas,fontainebleaulasvegas.com,,Las Vegas Strip resort rival
MGM Rewards (MGM Resorts),Haas partner,"Travel, Logistics & Property",9,Sahara Las Vegas,saharalasvegas.com,,Las Vegas Strip resort rival
MGM Rewards (MGM Resorts),Haas partner,"Travel, Logistics & Property",10,Palms Casino Resort,palms.com,,Las Vegas casino resort rival
MGM Rewards (MGM Resorts),Haas partner,"Travel, Logistics & Property",11,Marriott Bonvoy,marriott.com,YES,Mercedes partner; hospitality loyalty rival
MGM Rewards (MGM Resorts),Haas partner,"Travel, Logistics & Property",12,Hilton Honors,hilton.com,YES,McLaren partner; hospitality loyalty rival
MGM Rewards (MGM Resorts),Haas partner,"Travel, Logistics & Property",13,Melco Resorts,melco-resorts.com,,Casino resort operator rival
MGM Rewards (MGM Resorts),Haas partner,"Travel, Logistics & Property",14,Galaxy Entertainment,galaxyentertainment.com,,Casino resort operator rival
MGM Rewards (MGM Resorts),Haas partner,"Travel, Logistics & Property",15,Sun International,suninternational.com,,Casino/resort group rival
MSC Cruises,F1 global partner; US GP and Sao Paulo GP title; Alpine partner,"Travel, Logistics & Property",1,Royal Caribbean International,royalcaribbean.com,,Largest mainstream cruise rival
MSC Cruises,F1 global partner; US GP and Sao Paulo GP title; Alpine partner,"Travel, Logistics & Property",2,Carnival Cruise Line,carnival.com,,Mass-market cruise rival
MSC Cruises,F1 global partner; US GP and Sao Paulo GP title; Alpine partner,"Travel, Logistics & Property",3,Norwegian Cruise Line,ncl.com,,Contemporary/mainstream cruise rival
MSC Cruises,F1 global partner; US GP and Sao Paulo GP title; Alpine partner,"Travel, Logistics & Property",4,Princess Cruises,princess.com,,Premium mainstream cruise rival
MSC Cruises,F1 global partner; US GP and Sao Paulo GP title; Alpine partner,"Travel, Logistics & Property",5,Celebrity Cruises,celebritycruises.com,,Premium cruise rival
MSC Cruises,F1 global partner; US GP and Sao Paulo GP title; Alpine partner,"Travel, Logistics & Property",6,Holland America Line,hollandamerica.com,,Premium cruise rival
MSC Cruises,F1 global partner; US GP and Sao Paulo GP title; Alpine partner,"Travel, Logistics & Property",7,Disney Cruise Line,disneycruise.disney.go.com,,Family-oriented cruise rival
MSC Cruises,F1 global partner; US GP and Sao Paulo GP title; Alpine partner,"Travel, Logistics & Property",8,Regent Seven Seas Cruises,rssc.com,YES,Aston Martin partner; luxury cruise rival
MSC Cruises,F1 global partner; US GP and Sao Paulo GP title; Alpine partner,"Travel, Logistics & Property",9,Silversea Cruises,silversea.com,,Ultra-luxury cruise rival
MSC Cruises,F1 global partner; US GP and Sao Paulo GP title; Alpine partner,"Travel, Logistics & Property",10,Oceania Cruises,oceaniacruises.com,,Upper-premium cruise rival
MSC Cruises,F1 global partner; US GP and Sao Paulo GP title; Alpine partner,"Travel, Logistics & Property",11,Viking Cruises,viking.com,,Ocean & river premium cruise rival
MSC Cruises,F1 global partner; US GP and Sao Paulo GP title; Alpine partner,"Travel, Logistics & Property",12,Costa Cruises,costacruises.com,,Mass-market European cruise rival
MSC Cruises,F1 global partner; US GP and Sao Paulo GP title; Alpine partner,"Travel, Logistics & Property",13,Cunard,cunard.com,,Heritage luxury cruise rival
MSC Cruises,F1 global partner; US GP and Sao Paulo GP title; Alpine partner,"Travel, Logistics & Property",14,AIDA Cruises,aida.de,,German mass-market cruise rival
MSC Cruises,F1 global partner; US GP and Sao Paulo GP title; Alpine partner,"Travel, Logistics & Property",15,TUI Cruises,tuicruises.com,,German premium cruise rival
MSC Cruises,F1 global partner; US GP and Sao Paulo GP title; Alpine partner,"Travel, Logistics & Property",16,Azamara,azamara.com,,Boutique destination cruise rival
MSC Cruises,F1 global partner; US GP and Sao Paulo GP title; Alpine partner,"Travel, Logistics & Property",17,Crystal Cruises,crystalcruises.com,,Luxury cruise rival
MSC Cruises,F1 global partner; US GP and Sao Paulo GP title; Alpine partner,"Travel, Logistics & Property",18,Windstar Cruises,windstarcruises.com,,Small-ship luxury cruise rival
MSC Cruises,F1 global partner; US GP and Sao Paulo GP title; Alpine partner,"Travel, Logistics & Property",19,Ponant,ponant.com,,French luxury expedition cruise rival
MSC Cruises,F1 global partner; US GP and Sao Paulo GP title; Alpine partner,"Travel, Logistics & Property",20,Star Clippers,starclippers.com,,Sailing cruise niche rival
ONEflight,McLaren partner,"Travel, Logistics & Property",1,NetJets,netjets.com,,Largest fractional/private jet operator
ONEflight,McLaren partner,"Travel, Logistics & Property",2,Flexjet,flexjet.com,YES,F1 official provider; private aviation rival
ONEflight,McLaren partner,"Travel, Logistics & Property",3,VistaJet,vistajet.com,YES,Ferrari partner; global charter rival
ONEflight,McLaren partner,"Travel, Logistics & Property",4,Wheels Up,wheelsup.com,,US membership/charter aviation rival
ONEflight,McLaren partner,"Travel, Logistics & Property",5,XO,flyxo.com,,On-demand private jet booking rival
ONEflight,McLaren partner,"Travel, Logistics & Property",6,Solairus Aviation,solairus.aero,,Private aircraft management/charter rival
ONEflight,McLaren partner,"Travel, Logistics & Property",7,Jet Linx,jetlinx.com,,Private jet membership operator rival
ONEflight,McLaren partner,"Travel, Logistics & Property",8,Sentient Jet,sentient.com,,Jet card program rival
ONEflight,McLaren partner,"Travel, Logistics & Property",9,Air Partner,airpartner.com,,Global private aviation broker rival
ONEflight,McLaren partner,"Travel, Logistics & Property",10,Luxaviation,luxaviation.com,,European business aviation group rival
ONEflight,McLaren partner,"Travel, Logistics & Property",11,Comlux,comlux.com,,VIP charter/aircraft management rival
ONEflight,McLaren partner,"Travel, Logistics & Property",12,GlobeAir,globeair.com,,European on-demand charter rival
ONEflight,McLaren partner,"Travel, Logistics & Property",13,PrivateFly,privatefly.com,,Private jet charter booking platform rival
Qatar Airways,F1 global partner; Australian/Azerbaijan/Qatar GP title; Alpine partner,"Travel, Logistics & Property",1,Etihad Airways,etihad.com,YES,Abu Dhabi GP title/McLaren; Gulf premium rival
Qatar Airways,F1 global partner; Australian/Azerbaijan/Qatar GP title; Alpine partner,"Travel, Logistics & Property",2,Emirates,emirates.com,,Dubai flagship long-haul rival
Qatar Airways,F1 global partner; Australian/Azerbaijan/Qatar GP title; Alpine partner,"Travel, Logistics & Property",3,Singapore Airlines,singaporeair.com,YES,Singapore GP title; premium Asian rival
Qatar Airways,F1 global partner; Australian/Azerbaijan/Qatar GP title; Alpine partner,"Travel, Logistics & Property",4,Turkish Airlines,turkishairlines.com,,Global network hub carrier
Qatar Airways,F1 global partner; Australian/Azerbaijan/Qatar GP title; Alpine partner,"Travel, Logistics & Property",5,Cathay Pacific,cathaypacific.com,,Premium Asian long-haul carrier
Qatar Airways,F1 global partner; Australian/Azerbaijan/Qatar GP title; Alpine partner,"Travel, Logistics & Property",6,Lufthansa,lufthansa.com,,European flag carrier
Qatar Airways,F1 global partner; Australian/Azerbaijan/Qatar GP title; Alpine partner,"Travel, Logistics & Property",7,British Airways,britishairways.com,,European flag carrier
Qatar Airways,F1 global partner; Australian/Azerbaijan/Qatar GP title; Alpine partner,"Travel, Logistics & Property",8,Air France,airfrance.com,,European flag carrier
Qatar Airways,F1 global partner; Australian/Azerbaijan/Qatar GP title; Alpine partner,"Travel, Logistics & Property",9,KLM,klm.com,,European flag carrier
Qatar Airways,F1 global partner; Australian/Azerbaijan/Qatar GP title; Alpine partner,"Travel, Logistics & Property",10,ANA (All Nippon Airways),ana.co.jp,,Premium Japanese carrier
Qatar Airways,F1 global partner; Australian/Azerbaijan/Qatar GP title; Alpine partner,"Travel, Logistics & Property",11,Japan Airlines,jal.com,,Premium Japanese carrier
Qatar Airways,F1 global partner; Australian/Azerbaijan/Qatar GP title; Alpine partner,"Travel, Logistics & Property",12,Korean Air,koreanair.com,,Premium Asian long-haul carrier
Qatar Airways,F1 global partner; Australian/Azerbaijan/Qatar GP title; Alpine partner,"Travel, Logistics & Property",13,Delta Air Lines,delta.com,,US global network carrier
Qatar Airways,F1 global partner; Australian/Azerbaijan/Qatar GP title; Alpine partner,"Travel, Logistics & Property",14,United Airlines,united.com,,US global network carrier
Qatar Airways,F1 global partner; Australian/Azerbaijan/Qatar GP title; Alpine partner,"Travel, Logistics & Property",15,American Airlines,aa.com,,US global network carrier
Qatar Airways,F1 global partner; Australian/Azerbaijan/Qatar GP title; Alpine partner,"Travel, Logistics & Property",16,Qantas,qantas.com,,Australian flag carrier
Qatar Airways,F1 global partner; Australian/Azerbaijan/Qatar GP title; Alpine partner,"Travel, Logistics & Property",17,Saudia,saudia.com,,Gulf regional flag carrier
Qatar Airways,F1 global partner; Australian/Azerbaijan/Qatar GP title; Alpine partner,"Travel, Logistics & Property",18,Gulf Air,gulfair.com,YES,Bahrain GP title; Gulf regional carrier
Qatar Airways,F1 global partner; Australian/Azerbaijan/Qatar GP title; Alpine partner,"Travel, Logistics & Property",19,Oman Air,omanair.com,,Gulf regional carrier
Qatar Airways,F1 global partner; Australian/Azerbaijan/Qatar GP title; Alpine partner,"Travel, Logistics & Property",20,Air India,airindia.com,,Premium South Asian carrier
Qatar Airways,F1 global partner; Australian/Azerbaijan/Qatar GP title; Alpine partner,"Travel, Logistics & Property",21,Swiss International Air Lines,swiss.com,,European premium carrier
Qatar Airways,F1 global partner; Australian/Azerbaijan/Qatar GP title; Alpine partner,"Travel, Logistics & Property",22,Virgin Atlantic,virginatlantic.com,,UK long-haul carrier
Qatar Airways,F1 global partner; Australian/Azerbaijan/Qatar GP title; Alpine partner,"Travel, Logistics & Property",23,China Southern Airlines,csair.com,,Chinese global carrier
Qatar Airways,F1 global partner; Australian/Azerbaijan/Qatar GP title; Alpine partner,"Travel, Logistics & Property",24,China Eastern Airlines,ceair.com,,Chinese global carrier
Qatar Airways,F1 global partner; Australian/Azerbaijan/Qatar GP title; Alpine partner,"Travel, Logistics & Property",25,EVA Air,evaair.com,,Premium Taiwanese carrier
Qatar Airways,F1 global partner; Australian/Azerbaijan/Qatar GP title; Alpine partner,"Travel, Logistics & Property",26,Malaysia Airlines,malaysiaairlines.com,,Regional flag carrier
Qatar Airways,F1 global partner; Australian/Azerbaijan/Qatar GP title; Alpine partner,"Travel, Logistics & Property",27,Thai Airways,thaiairways.com,,Regional flag carrier
Qatar Airways,F1 global partner; Australian/Azerbaijan/Qatar GP title; Alpine partner,"Travel, Logistics & Property",28,Iberia,iberia.com,,European flag carrier
Qatar Airways,F1 global partner; Australian/Azerbaijan/Qatar GP title; Alpine partner,"Travel, Logistics & Property",29,Air Canada,aircanada.com,,North American global carrier
Regent Seven Seas Cruises (Norwegian Cruise Line Holdings),Aston Martin partner,"Travel, Logistics & Property",1,Silversea Cruises,silversea.com,,Ultra-luxury cruise rival
Regent Seven Seas Cruises (Norwegian Cruise Line Holdings),Aston Martin partner,"Travel, Logistics & Property",2,Seabourn,seabourn.com,,Ultra-luxury cruise rival
Regent Seven Seas Cruises (Norwegian Cruise Line Holdings),Aston Martin partner,"Travel, Logistics & Property",3,Crystal Cruises,crystalcruises.com,,Luxury cruise rival
Regent Seven Seas Cruises (Norwegian Cruise Line Holdings),Aston Martin partner,"Travel, Logistics & Property",4,Oceania Cruises,oceaniacruises.com,,Upper-premium sister-brand cruise rival
Regent Seven Seas Cruises (Norwegian Cruise Line Holdings),Aston Martin partner,"Travel, Logistics & Property",5,MSC Cruises / Explora Journeys,msccruises.com,YES,F1 global partner; luxury cruise rival brand
Regent Seven Seas Cruises (Norwegian Cruise Line Holdings),Aston Martin partner,"Travel, Logistics & Property",6,Viking Ocean Cruises,viking.com,,Premium ocean cruise rival
Regent Seven Seas Cruises (Norwegian Cruise Line Holdings),Aston Martin partner,"Travel, Logistics & Property",7,Ponant,ponant.com,,French luxury expedition cruise rival
Regent Seven Seas Cruises (Norwegian Cruise Line Holdings),Aston Martin partner,"Travel, Logistics & Property",8,Windstar Cruises,windstarcruises.com,,Small-ship luxury cruise rival
Regent Seven Seas Cruises (Norwegian Cruise Line Holdings),Aston Martin partner,"Travel, Logistics & Property",9,Azamara,azamara.com,,Boutique destination cruise rival
Regent Seven Seas Cruises (Norwegian Cruise Line Holdings),Aston Martin partner,"Travel, Logistics & Property",10,Cunard,cunard.com,,Heritage luxury cruise rival
Regent Seven Seas Cruises (Norwegian Cruise Line Holdings),Aston Martin partner,"Travel, Logistics & Property",11,Celebrity Cruises,celebritycruises.com,,Premium cruise rival
Singapore Airlines,Singapore GP title sponsor,"Travel, Logistics & Property",1,Qatar Airways,qatarairways.com,YES,F1 global partner; premium long-haul rival
Singapore Airlines,Singapore GP title sponsor,"Travel, Logistics & Property",2,Etihad Airways,etihad.com,YES,Abu Dhabi GP title; premium Gulf rival
Singapore Airlines,Singapore GP title sponsor,"Travel, Logistics & Property",3,Emirates,emirates.com,,Premium long-haul rival
Singapore Airlines,Singapore GP title sponsor,"Travel, Logistics & Property",4,Cathay Pacific,cathaypacific.com,,Premium Asian long-haul rival
Singapore Airlines,Singapore GP title sponsor,"Travel, Logistics & Property",5,ANA (All Nippon Airways),ana.co.jp,,Premium Japanese carrier
Singapore Airlines,Singapore GP title sponsor,"Travel, Logistics & Property",6,Japan Airlines,jal.com,,Premium Japanese carrier
Singapore Airlines,Singapore GP title sponsor,"Travel, Logistics & Property",7,Korean Air,koreanair.com,,Premium Asian long-haul carrier
Singapore Airlines,Singapore GP title sponsor,"Travel, Logistics & Property",8,EVA Air,evaair.com,,Premium Taiwanese carrier
Singapore Airlines,Singapore GP title sponsor,"Travel, Logistics & Property",9,Qantas,qantas.com,,Australian flag carrier
Singapore Airlines,Singapore GP title sponsor,"Travel, Logistics & Property",10,Turkish Airlines,turkishairlines.com,,Global hub carrier
Singapore Airlines,Singapore GP title sponsor,"Travel, Logistics & Property",11,Lufthansa,lufthansa.com,,European flag carrier
Singapore Airlines,Singapore GP title sponsor,"Travel, Logistics & Property",12,British Airways,britishairways.com,,European flag carrier
Singapore Airlines,Singapore GP title sponsor,"Travel, Logistics & Property",13,Air France,airfrance.com,,European flag carrier
Singapore Airlines,Singapore GP title sponsor,"Travel, Logistics & Property",14,KLM,klm.com,,European flag carrier
Singapore Airlines,Singapore GP title sponsor,"Travel, Logistics & Property",15,Thai Airways,thaiairways.com,,Regional flag carrier
Singapore Airlines,Singapore GP title sponsor,"Travel, Logistics & Property",16,Malaysia Airlines,malaysiaairlines.com,,Regional flag carrier
Singapore Airlines,Singapore GP title sponsor,"Travel, Logistics & Property",17,Garuda Indonesia,garuda-indonesia.com,,Regional flag carrier
Singapore Airlines,Singapore GP title sponsor,"Travel, Logistics & Property",18,China Airlines,china-airlines.com,,Taiwanese flag carrier
Singapore Airlines,Singapore GP title sponsor,"Travel, Logistics & Property",19,Vietnam Airlines,vietnamairlines.com,,Regional flag carrier
Singapore Airlines,Singapore GP title sponsor,"Travel, Logistics & Property",20,Virgin Atlantic,virginatlantic.com,,UK long-haul carrier
Singapore Airlines,Singapore GP title sponsor,"Travel, Logistics & Property",21,Delta Air Lines,delta.com,,US global network carrier
Singapore Airlines,Singapore GP title sponsor,"Travel, Logistics & Property",22,United Airlines,united.com,,US global network carrier
Singapore Airlines,Singapore GP title sponsor,"Travel, Logistics & Property",23,Finnair,finnair.com,,Europe-Asia connector carrier
Singapore Airlines,Singapore GP title sponsor,"Travel, Logistics & Property",24,Air New Zealand,airnewzealand.com,,Regional flag carrier
Singapore Airlines,Singapore GP title sponsor,"Travel, Logistics & Property",25,Air India,airindia.com,,Premium South Asian carrier
Student.com,Racing Bulls partner,"Travel, Logistics & Property",1,Yugo,yugo.com,YES,Racing Bulls partner; student housing rival
Student.com,Racing Bulls partner,"Travel, Logistics & Property",2,Uniplaces,uniplaces.com,,Student accommodation booking platform rival
Student.com,Racing Bulls partner,"Travel, Logistics & Property",3,Amber Student,amberstudent.com,,Student accommodation booking platform rival
Student.com,Racing Bulls partner,"Travel, Logistics & Property",4,University Living,universityliving.com,,Student accommodation booking platform rival
Student.com,Racing Bulls partner,"Travel, Logistics & Property",5,Homes for Students,homesforstudents.co.uk,,UK student housing operator rival
Student.com,Racing Bulls partner,"Travel, Logistics & Property",6,Unite Students,unitestudents.com,,UK student housing operator rival
Student.com,Racing Bulls partner,"Travel, Logistics & Property",7,CRM Students,crmstudents.com,,UK student housing operator rival
Student.com,Racing Bulls partner,"Travel, Logistics & Property",8,iQ Student Accommodation,iqstudentaccommodation.com,,UK student housing operator rival
Student.com,Racing Bulls partner,"Travel, Logistics & Property",9,Nestpick,nestpick.com,,Student/relocation housing platform rival
Student.com,Racing Bulls partner,"Travel, Logistics & Property",10,Global Student Accommodation (GSA),gsaaccommodation.com,,Global student housing operator rival
Student.com,Racing Bulls partner,"Travel, Logistics & Property",11,American Campus Communities,americancampus.com,,US student housing operator rival
Student.com,Racing Bulls partner,"Travel, Logistics & Property",12,Greystar Student Housing,greystar.com,,Global student housing developer/operator rival
The Venetian Resort (Apollo),Alpine partner,"Travel, Logistics & Property",1,MGM Resorts International,mgmresorts.com,YES,Haas partner; Las Vegas casino/resort rival
The Venetian Resort (Apollo),Alpine partner,"Travel, Logistics & Property",2,Caesars Entertainment,caesars.com,,Casino/resort/entertainment rival
The Venetian Resort (Apollo),Alpine partner,"Travel, Logistics & Property",3,Wynn Resorts,wynnresorts.com,,Luxury casino/resort rival
The Venetian Resort (Apollo),Alpine partner,"Travel, Logistics & Property",4,Hard Rock International,hardrock.com,YES,Red Bull Racing partner; casino/resort rival
The Venetian Resort (Apollo),Alpine partner,"Travel, Logistics & Property",5,Boyd Gaming,boydgaming.com,,US regional casino/resort operator rival
The Venetian Resort (Apollo),Alpine partner,"Travel, Logistics & Property",6,Station Casinos,stationcasinos.com,,Las Vegas locals casino rival
The Venetian Resort (Apollo),Alpine partner,"Travel, Logistics & Property",7,Resorts World Las Vegas (Genting),rwlasvegas.com,,Las Vegas Strip resort rival
The Venetian Resort (Apollo),Alpine partner,"Travel, Logistics & Property",8,Fontainebleau Las Vegas,fontainebleaulasvegas.com,,Las Vegas Strip resort rival
The Venetian Resort (Apollo),Alpine partner,"Travel, Logistics & Property",9,Sahara Las Vegas,saharalasvegas.com,,Las Vegas Strip resort rival
The Venetian Resort (Apollo),Alpine partner,"Travel, Logistics & Property",10,Palms Casino Resort,palms.com,,Las Vegas casino resort rival
The Venetian Resort (Apollo),Alpine partner,"Travel, Logistics & Property",11,Virgin Hotels Las Vegas,virginhotelslv.com,,Las Vegas casino resort rival
Visit Qatar (Qatar Tourism),Audi F1 partner,"Travel, Logistics & Property",1,LVCVA,lvcva.com,YES,F1 official partner; rival F1-host DMO
Visit Qatar (Qatar Tourism),Audi F1 partner,"Travel, Logistics & Property",2,Dubai Tourism,visitdubai.com,,Rival Gulf destination marketing org
Visit Qatar (Qatar Tourism),Audi F1 partner,"Travel, Logistics & Property",3,Abu Dhabi Convention & Visitors Bureau,visitabudhabi.ae,,Rival F1-host Gulf DMO
Visit Qatar (Qatar Tourism),Audi F1 partner,"Travel, Logistics & Property",4,Saudi Tourism Authority,visitsaudi.com,,Rival Gulf/regional DMO
Visit Qatar (Qatar Tourism),Audi F1 partner,"Travel, Logistics & Property",5,VisitBritain,visitbritain.com,,National tourism board rival
Visit Qatar (Qatar Tourism),Audi F1 partner,"Travel, Logistics & Property",6,Singapore Tourism Board,stb.gov.sg,,Rival F1-host national tourism board
Visit Qatar (Qatar Tourism),Audi F1 partner,"Travel, Logistics & Property",7,Atout France,france.fr,,National tourism board rival
Visit Qatar (Qatar Tourism),Audi F1 partner,"Travel, Logistics & Property",8,Bahrain Tourism,bahrain.travel,,Rival Gulf/F1-host DMO
Visit Qatar (Qatar Tourism),Audi F1 partner,"Travel, Logistics & Property",9,Oman Ministry of Heritage and Tourism,experienceoman.om,,Rival Gulf tourism authority
Visit Qatar (Qatar Tourism),Audi F1 partner,"Travel, Logistics & Property",10,Egypt Tourism Authority,egypt.travel,,Regional tourism authority rival
Visit Qatar (Qatar Tourism),Audi F1 partner,"Travel, Logistics & Property",11,Jordan Tourism Board,visitjordan.com,,Regional tourism authority rival
Visit Qatar (Qatar Tourism),Audi F1 partner,"Travel, Logistics & Property",12,Go Turkiye (Turkey Tourism),goturkiye.com,,National tourism board rival
VistaJet,Ferrari partner,"Travel, Logistics & Property",1,NetJets,netjets.com,,Largest fractional/private jet operator
VistaJet,Ferrari partner,"Travel, Logistics & Property",2,Flexjet,flexjet.com,YES,F1 official provider; fractional jet rival
VistaJet,Ferrari partner,"Travel, Logistics & Property",3,ONEflight,oneflight.com,YES,McLaren partner; private aviation rival
VistaJet,Ferrari partner,"Travel, Logistics & Property",4,Wheels Up,wheelsup.com,,US membership/charter aviation rival
VistaJet,Ferrari partner,"Travel, Logistics & Property",5,XO,flyxo.com,,On-demand private jet booking rival
VistaJet,Ferrari partner,"Travel, Logistics & Property",6,Air Partner,airpartner.com,,Global private aviation broker
VistaJet,Ferrari partner,"Travel, Logistics & Property",7,PrivateFly,privatefly.com,,Private jet charter booking platform
VistaJet,Ferrari partner,"Travel, Logistics & Property",8,Global Jet Capital,globaljetcapital.com,,Business aviation financing/leasing
VistaJet,Ferrari partner,"Travel, Logistics & Property",9,Jet Linx,jetlinx.com,,Private jet membership operator
VistaJet,Ferrari partner,"Travel, Logistics & Property",10,Sentient Jet,sentient.com,,Jet card program rival
VistaJet,Ferrari partner,"Travel, Logistics & Property",11,flyExclusive,flyexclusive.com,,Jet card/charter operator
VistaJet,Ferrari partner,"Travel, Logistics & Property",12,GlobeAir,globeair.com,,European on-demand charter
VistaJet,Ferrari partner,"Travel, Logistics & Property",13,Luxaviation,luxaviation.com,,European business aviation group
VistaJet,Ferrari partner,"Travel, Logistics & Property",14,Comlux,comlux.com,,VIP charter/aircraft management
World of Hyatt (Hyatt Hotels),Audi F1 partner,"Travel, Logistics & Property",1,Marriott Bonvoy,marriott.com,YES,Mercedes partner; hotel loyalty/group rival
World of Hyatt (Hyatt Hotels),Audi F1 partner,"Travel, Logistics & Property",2,Hilton Honors,hilton.com,YES,McLaren partner; hotel loyalty/group rival
World of Hyatt (Hyatt Hotels),Audi F1 partner,"Travel, Logistics & Property",3,IHG Hotels & Resorts,ihg.com,,Global hotel group rival
World of Hyatt (Hyatt Hotels),Audi F1 partner,"Travel, Logistics & Property",4,Wyndham Rewards,wyndhamhotels.com,,Global hotel group rival
World of Hyatt (Hyatt Hotels),Audi F1 partner,"Travel, Logistics & Property",5,Accor Live Limitless (ALL),accor.com,,Global hotel group rival
World of Hyatt (Hyatt Hotels),Audi F1 partner,"Travel, Logistics & Property",6,Choice Hotels,choicehotels.com,,Global hotel group rival
World of Hyatt (Hyatt Hotels),Audi F1 partner,"Travel, Logistics & Property",7,Best Western,bestwestern.com,,Global hotel group rival
World of Hyatt (Hyatt Hotels),Audi F1 partner,"Travel, Logistics & Property",8,Radisson Rewards,radissonhotels.com,,Global hotel group rival
World of Hyatt (Hyatt Hotels),Audi F1 partner,"Travel, Logistics & Property",9,Four Seasons Hotels and Resorts,fourseasons.com,,Luxury hotel group rival
World of Hyatt (Hyatt Hotels),Audi F1 partner,"Travel, Logistics & Property",10,MGM Resorts International,mgmresorts.com,YES,Haas partner; hospitality/loyalty rival
World of Hyatt (Hyatt Hotels),Audi F1 partner,"Travel, Logistics & Property",11,Las Vegas Sands / The Venetian Resort,venetianlasvegas.com,YES,Alpine partner; resort hospitality rival
World of Hyatt (Hyatt Hotels),Audi F1 partner,"Travel, Logistics & Property",12,Hard Rock Hotels,hardrock.com,YES,Red Bull Racing partner; hotel/resort rival
World of Hyatt (Hyatt Hotels),Audi F1 partner,"Travel, Logistics & Property",13,Shangri-La Hotels and Resorts,shangri-la.com,,Luxury hotel group rival
World of Hyatt (Hyatt Hotels),Audi F1 partner,"Travel, Logistics & Property",14,Mandarin Oriental,mandarinoriental.com,,Luxury hotel group rival
World of Hyatt (Hyatt Hotels),Audi F1 partner,"Travel, Logistics & Property",15,Rosewood Hotels,rosewoodhotels.com,,Luxury hotel group rival
Yugo,Racing Bulls partner,"Travel, Logistics & Property",1,Student.com,student.com,YES,Racing Bulls partner; student housing booking rival
Yugo,Racing Bulls partner,"Travel, Logistics & Property",2,Uniplaces,uniplaces.com,,Student accommodation booking platform rival
Yugo,Racing Bulls partner,"Travel, Logistics & Property",3,Amber Student,amberstudent.com,,Student accommodation booking platform rival
Yugo,Racing Bulls partner,"Travel, Logistics & Property",4,University Living,universityliving.com,,Student accommodation booking platform rival
Yugo,Racing Bulls partner,"Travel, Logistics & Property",5,Unite Students,unitestudents.com,,UK student housing operator rival
Yugo,Racing Bulls partner,"Travel, Logistics & Property",6,CRM Students,crmstudents.com,,UK student housing operator rival
Yugo,Racing Bulls partner,"Travel, Logistics & Property",7,iQ Student Accommodation,iqstudentaccommodation.com,,UK student housing operator rival
Yugo,Racing Bulls partner,"Travel, Logistics & Property",8,Nestpick,nestpick.com,,Student/relocation housing platform rival
Yugo,Racing Bulls partner,"Travel, Logistics & Property",9,Global Student Accommodation (GSA),gsaaccommodation.com,,Global student housing operator rival
Yugo,Racing Bulls partner,"Travel, Logistics & Property",10,American Campus Communities,americancampus.com,,US student housing operator rival
Yugo,Racing Bulls partner,"Travel, Logistics & Property",11,Greystar Student Housing,greystar.com,,Global student housing developer/operator rival
Yugo,Racing Bulls partner,"Travel, Logistics & Property",12,Campus Living Villages,clv.com.au,,Student housing operator rival
